candidate_id,run_id,part,codec_scope,section,bytes,evidence
R2-C0,retained-v03-fixed-01,a,raw,checkpoint_challenges,192,research/r2/baseline/outputs/r2-main/proofs/retained-v03-fixed-01/byte-ledger.json
R2-C0,retained-v03-fixed-01,a,raw,checkpoint_identifiers,64,research/r2/baseline/outputs/r2-main/proofs/retained-v03-fixed-01/byte-ledger.json
R2-C0,retained-v03-fixed-01,a,raw,checkpoint_query_indices,260,research/r2/baseline/outputs/r2-main/proofs/retained-v03-fixed-01/byte-ledger.json
R2-C0,retained-v03-fixed-01,a,raw,checkpoint_transcript_state,64,research/r2/baseline/outputs/r2-main/proofs/retained-v03-fixed-01/byte-ledger.json
R2-C0,retained-v03-fixed-01,a,raw,commitment_quotient,64,research/r2/baseline/outputs/r2-main/proofs/retained-v03-fixed-01/byte-ledger.json
R2-C0,retained-v03-fixed-01,a,raw,commitment_random,64,research/r2/baseline/outputs/r2-main/proofs/retained-v03-fixed-01/byte-ledger.json
R2-C0,retained-v03-fixed-01,a,raw,commitment_trace,64,research/r2/baseline/outputs/r2-main/proofs/retained-v03-fixed-01/byte-ledger.json
R2-C0,retained-v03-fixed-01,a,raw,common_header,16,research/r2/baseline/outputs/r2-main/proofs/retained-v03-fixed-01/byte-ledger.json
R2-C0,retained-v03-fixed-01,a,raw,final_polynomial,16,research/r2/baseline/outputs/r2-main/proofs/retained-v03-fixed-01/byte-ledger.json
R2-C0,retained-v03-fixed-01,a,raw,fri_commitments,576,research/r2/baseline/outputs/r2-main/proofs/retained-v03-fixed-01/byte-ledger.json
R2-C0,retained-v03-fixed-01,a,raw,fri_grinding,36,research/r2/baseline/outputs/r2-main/proofs/retained-v03-fixed-01/byte-ledger.json
R2-C0,retained-v03-fixed-01,a,raw,fri_round_0_frontier,7808,research/r2/baseline/outputs/r2-main/proofs/retained-v03-fixed-01/byte-ledger.json
R2-C0,retained-v03-fixed-01,a,raw,fri_round_0_frontier_count,4,research/r2/baseline/outputs/r2-main/proofs/retained-v03-fixed-01/byte-ledger.json
R2-C0,retained-v03-fixed-01,a,raw,fri_round_0_salts,512,research/r2/baseline/outputs/r2-main/proofs/retained-v03-fixed-01/byte-ledger.json
R2-C0,retained-v03-fixed-01,a,raw,fri_round_0_values,256,research/r2/baseline/outputs/r2-main/proofs/retained-v03-fixed-01/byte-ledger.json
R2-C0,retained-v03-fixed-01,a,raw,fri_round_1_frontier,6784,research/r2/baseline/outputs/r2-main/proofs/retained-v03-fixed-01/byte-ledger.json
R2-C0,retained-v03-fixed-01,a,raw,fri_round_1_frontier_count,4,research/r2/baseline/outputs/r2-main/proofs/retained-v03-fixed-01/byte-ledger.json
R2-C0,retained-v03-fixed-01,a,raw,fri_round_1_salts,512,research/r2/baseline/outputs/r2-main/proofs/retained-v03-fixed-01/byte-ledger.json
R2-C0,retained-v03-fixed-01,a,raw,fri_round_1_values,256,research/r2/baseline/outputs/r2-main/proofs/retained-v03-fixed-01/byte-ledger.json
R2-C0,retained-v03-fixed-01,a,raw,fri_round_2_frontier,5760,research/r2/baseline/outputs/r2-main/proofs/retained-v03-fixed-01/byte-ledger.json
R2-C0,retained-v03-fixed-01,a,raw,fri_round_2_frontier_count,4,research/r2/baseline/outputs/r2-main/proofs/retained-v03-fixed-01/byte-ledger.json
R2-C0,retained-v03-fixed-01,a,raw,fri_round_2_salts,512,research/r2/baseline/outputs/r2-main/proofs/retained-v03-fixed-01/byte-ledger.json
R2-C0,retained-v03-fixed-01,a,raw,fri_round_2_values,256,research/r2/baseline/outputs/r2-main/proofs/retained-v03-fixed-01/byte-ledger.json
R2-C0,retained-v03-fixed-01,a,raw,fri_round_3_frontier,4736,research/r2/baseline/outputs/r2-main/proofs/retained-v03-fixed-01/byte-ledger.json
R2-C0,retained-v03-fixed-01,a,raw,fri_round_3_frontier_count,4,research/r2/baseline/outputs/r2-main/proofs/retained-v03-fixed-01/byte-ledger.json
R2-C0,retained-v03-fixed-01,a,raw,fri_round_3_salts,512,research/r2/baseline/outputs/r2-main/proofs/retained-v03-fixed-01/byte-ledger.json
R2-C0,retained-v03-fixed-01,a,raw,fri_round_3_values,256,research/r2/baseline/outputs/r2-main/proofs/retained-v03-fixed-01/byte-ledger.json
R2-C0,retained-v03-fixed-01,a,raw,fri_round_4_frontier,3712,research/r2/baseline/outputs/r2-main/proofs/retained-v03-fixed-01/byte-ledger.json
R2-C0,retained-v03-fixed-01,a,raw,fri_round_4_frontier_count,4,research/r2/baseline/outputs/r2-main/proofs/retained-v03-fixed-01/byte-ledger.json
R2-C0,retained-v03-fixed-01,a,raw,fri_round_4_salts,512,research/r2/baseline/outputs/r2-main/proofs/retained-v03-fixed-01/byte-ledger.json
R2-C0,retained-v03-fixed-01,a,raw,fri_round_4_values,256,research/r2/baseline/outputs/r2-main/proofs/retained-v03-fixed-01/byte-ledger.json
R2-C0,retained-v03-fixed-01,a,raw,fri_round_5_frontier,2688,research/r2/baseline/outputs/r2-main/proofs/retained-v03-fixed-01/byte-ledger.json
R2-C0,retained-v03-fixed-01,a,raw,fri_round_5_frontier_count,4,research/r2/baseline/outputs/r2-main/proofs/retained-v03-fixed-01/byte-ledger.json
R2-C0,retained-v03-fixed-01,a,raw,fri_round_5_salts,512,research/r2/baseline/outputs/r2-main/proofs/retained-v03-fixed-01/byte-ledger.json
R2-C0,retained-v03-fixed-01,a,raw,fri_round_5_values,256,research/r2/baseline/outputs/r2-main/proofs/retained-v03-fixed-01/byte-ledger.json
R2-C0,retained-v03-fixed-01,a,raw,fri_round_6_frontier,1664,research/r2/baseline/outputs/r2-main/proofs/retained-v03-fixed-01/byte-ledger.json
R2-C0,retained-v03-fixed-01,a,raw,fri_round_6_frontier_count,4,research/r2/baseline/outputs/r2-main/proofs/retained-v03-fixed-01/byte-ledger.json
R2-C0,retained-v03-fixed-01,a,raw,fri_round_6_salts,512,research/r2/baseline/outputs/r2-main/proofs/retained-v03-fixed-01/byte-ledger.json
R2-C0,retained-v03-fixed-01,a,raw,fri_round_6_values,256,research/r2/baseline/outputs/r2-main/proofs/retained-v03-fixed-01/byte-ledger.json
R2-C0,retained-v03-fixed-01,a,raw,fri_round_7_frontier,896,research/r2/baseline/outputs/r2-main/proofs/retained-v03-fixed-01/byte-ledger.json
R2-C0,retained-v03-fixed-01,a,raw,fri_round_7_frontier_count,4,research/r2/baseline/outputs/r2-main/proofs/retained-v03-fixed-01/byte-ledger.json
R2-C0,retained-v03-fixed-01,a,raw,fri_round_7_salts,512,research/r2/baseline/outputs/r2-main/proofs/retained-v03-fixed-01/byte-ledger.json
R2-C0,retained-v03-fixed-01,a,raw,fri_round_7_values,256,research/r2/baseline/outputs/r2-main/proofs/retained-v03-fixed-01/byte-ledger.json
R2-C0,retained-v03-fixed-01,a,raw,fri_round_8_frontier,256,research/r2/baseline/outputs/r2-main/proofs/retained-v03-fixed-01/byte-ledger.json
R2-C0,retained-v03-fixed-01,a,raw,fri_round_8_frontier_count,4,research/r2/baseline/outputs/r2-main/proofs/retained-v03-fixed-01/byte-ledger.json
R2-C0,retained-v03-fixed-01,a,raw,fri_round_8_salts,512,research/r2/baseline/outputs/r2-main/proofs/retained-v03-fixed-01/byte-ledger.json
R2-C0,retained-v03-fixed-01,a,raw,fri_round_8_values,256,research/r2/baseline/outputs/r2-main/proofs/retained-v03-fixed-01/byte-ledger.json
R2-C0,retained-v03-fixed-01,a,raw,global_digest,32,research/r2/baseline/outputs/r2-main/proofs/retained-v03-fixed-01/byte-ledger.json
R2-C0,retained-v03-fixed-01,a,raw,half_query_indices,68,research/r2/baseline/outputs/r2-main/proofs/retained-v03-fixed-01/byte-ledger.json
R2-C0,retained-v03-fixed-01,a,raw,hiding_mask_openings,1216,research/r2/baseline/outputs/r2-main/proofs/retained-v03-fixed-01/byte-ledger.json
R2-C0,retained-v03-fixed-01,a,raw,initial_batch_0_frontier,8832,research/r2/baseline/outputs/r2-main/proofs/retained-v03-fixed-01/byte-ledger.json
R2-C0,retained-v03-fixed-01,a,raw,initial_batch_0_frontier_count,4,research/r2/baseline/outputs/r2-main/proofs/retained-v03-fixed-01/byte-ledger.json
R2-C0,retained-v03-fixed-01,a,raw,initial_batch_0_row_masks,256,research/r2/baseline/outputs/r2-main/proofs/retained-v03-fixed-01/byte-ledger.json
R2-C0,retained-v03-fixed-01,a,raw,initial_batch_0_rows,256,research/r2/baseline/outputs/r2-main/proofs/retained-v03-fixed-01/byte-ledger.json
R2-C0,retained-v03-fixed-01,a,raw,initial_batch_0_salts,512,research/r2/baseline/outputs/r2-main/proofs/retained-v03-fixed-01/byte-ledger.json
R2-C0,retained-v03-fixed-01,a,raw,initial_batch_1_frontier,8832,research/r2/baseline/outputs/r2-main/proofs/retained-v03-fixed-01/byte-ledger.json
R2-C0,retained-v03-fixed-01,a,raw,initial_batch_1_frontier_count,4,research/r2/baseline/outputs/r2-main/proofs/retained-v03-fixed-01/byte-ledger.json
R2-C0,retained-v03-fixed-01,a,raw,initial_batch_1_row_masks,256,research/r2/baseline/outputs/r2-main/proofs/retained-v03-fixed-01/byte-ledger.json
R2-C0,retained-v03-fixed-01,a,raw,initial_batch_1_rows,12160,research/r2/baseline/outputs/r2-main/proofs/retained-v03-fixed-01/byte-ledger.json
R2-C0,retained-v03-fixed-01,a,raw,initial_batch_1_salts,512,research/r2/baseline/outputs/r2-main/proofs/retained-v03-fixed-01/byte-ledger.json
R2-C0,retained-v03-fixed-01,a,raw,initial_batch_2_frontier,8832,research/r2/baseline/outputs/r2-main/proofs/retained-v03-fixed-01/byte-ledger.json
R2-C0,retained-v03-fixed-01,a,raw,initial_batch_2_frontier_count,4,research/r2/baseline/outputs/r2-main/proofs/retained-v03-fixed-01/byte-ledger.json
R2-C0,retained-v03-fixed-01,a,raw,initial_batch_2_row_masks,4096,research/r2/baseline/outputs/r2-main/proofs/retained-v03-fixed-01/byte-ledger.json
R2-C0,retained-v03-fixed-01,a,raw,initial_batch_2_rows,4096,research/r2/baseline/outputs/r2-main/proofs/retained-v03-fixed-01/byte-ledger.json
R2-C0,retained-v03-fixed-01,a,raw,initial_batch_2_salts,8192,research/r2/baseline/outputs/r2-main/proofs/retained-v03-fixed-01/byte-ledger.json
R2-C0,retained-v03-fixed-01,a,raw,ood_quotient,1024,research/r2/baseline/outputs/r2-main/proofs/retained-v03-fixed-01/byte-ledger.json
R2-C0,retained-v03-fixed-01,a,raw,ood_random,64,research/r2/baseline/outputs/r2-main/proofs/retained-v03-fixed-01/byte-ledger.json
R2-C0,retained-v03-fixed-01,a,raw,ood_trace_local,3040,research/r2/baseline/outputs/r2-main/proofs/retained-v03-fixed-01/byte-ledger.json
R2-C0,retained-v03-fixed-01,a,raw,ood_trace_next,3040,research/r2/baseline/outputs/r2-main/proofs/retained-v03-fixed-01/byte-ledger.json
R2-C0,retained-v03-fixed-01,a,raw,parameter_identifier,64,research/r2/baseline/outputs/r2-main/proofs/retained-v03-fixed-01/byte-ledger.json
R2-C0,retained-v03-fixed-01,a,raw,public_header_length,2,research/r2/baseline/outputs/r2-main/proofs/retained-v03-fixed-01/byte-ledger.json
R2-C0,retained-v03-fixed-01,a,raw,public_statement_fields,256,research/r2/baseline/outputs/r2-main/proofs/retained-v03-fixed-01/byte-ledger.json
R2-C0,retained-v03-fixed-01,a,raw,query_grinding,4,research/r2/baseline/outputs/r2-main/proofs/retained-v03-fixed-01/byte-ledger.json
R2-C0,retained-v03-fixed-01,a,raw,terminator,4,research/r2/baseline/outputs/r2-main/proofs/retained-v03-fixed-01/byte-ledger.json
R2-C0,retained-v03-fixed-01,a,abi,alignment,26,research/r2/baseline/outputs/r2-main/proofs/retained-v03-fixed-01/byte-ledger.json
R2-C0,retained-v03-fixed-01,a,abi,dynamic_length,32,research/r2/baseline/outputs/r2-main/proofs/retained-v03-fixed-01/byte-ledger.json
R2-C0,retained-v03-fixed-01,a,abi,dynamic_offset,32,research/r2/baseline/outputs/r2-main/proofs/retained-v03-fixed-01/byte-ledger.json
R2-C0,retained-v03-fixed-01,a,abi,proof,108326,research/r2/baseline/outputs/r2-main/proofs/retained-v03-fixed-01/byte-ledger.json
R2-C0,retained-v03-fixed-01,a,abi,proof_identifier,0,research/r2/baseline/outputs/r2-main/proofs/retained-v03-fixed-01/byte-ledger.json
R2-C0,retained-v03-fixed-01,a,abi,selector,4,research/r2/baseline/outputs/r2-main/proofs/retained-v03-fixed-01/byte-ledger.json
R2-C0,retained-v03-fixed-01,a,abi,statement,224,research/r2/baseline/outputs/r2-main/proofs/retained-v03-fixed-01/byte-ledger.json
R2-C0,retained-v03-fixed-01,b,raw,checkpoint_challenges,192,research/r2/baseline/outputs/r2-main/proofs/retained-v03-fixed-01/byte-ledger.json
R2-C0,retained-v03-fixed-01,b,raw,checkpoint_identifiers,64,research/r2/baseline/outputs/r2-main/proofs/retained-v03-fixed-01/byte-ledger.json
R2-C0,retained-v03-fixed-01,b,raw,checkpoint_query_indices,260,research/r2/baseline/outputs/r2-main/proofs/retained-v03-fixed-01/byte-ledger.json
R2-C0,retained-v03-fixed-01,b,raw,checkpoint_transcript_state,64,research/r2/baseline/outputs/r2-main/proofs/retained-v03-fixed-01/byte-ledger.json
R2-C0,retained-v03-fixed-01,b,raw,commitment_quotient,64,research/r2/baseline/outputs/r2-main/proofs/retained-v03-fixed-01/byte-ledger.json
R2-C0,retained-v03-fixed-01,b,raw,commitment_random,64,research/r2/baseline/outputs/r2-main/proofs/retained-v03-fixed-01/byte-ledger.json
R2-C0,retained-v03-fixed-01,b,raw,commitment_trace,64,research/r2/baseline/outputs/r2-main/proofs/retained-v03-fixed-01/byte-ledger.json
R2-C0,retained-v03-fixed-01,b,raw,common_header,16,research/r2/baseline/outputs/r2-main/proofs/retained-v03-fixed-01/byte-ledger.json
R2-C0,retained-v03-fixed-01,b,raw,final_polynomial,16,research/r2/baseline/outputs/r2-main/proofs/retained-v03-fixed-01/byte-ledger.json
R2-C0,retained-v03-fixed-01,b,raw,fri_commitments,576,research/r2/baseline/outputs/r2-main/proofs/retained-v03-fixed-01/byte-ledger.json
R2-C0,retained-v03-fixed-01,b,raw,fri_grinding,36,research/r2/baseline/outputs/r2-main/proofs/retained-v03-fixed-01/byte-ledger.json
R2-C0,retained-v03-fixed-01,b,raw,fri_round_0_frontier,7232,research/r2/baseline/outputs/r2-main/proofs/retained-v03-fixed-01/byte-ledger.json
R2-C0,retained-v03-fixed-01,b,raw,fri_round_0_frontier_count,4,research/r2/baseline/outputs/r2-main/proofs/retained-v03-fixed-01/byte-ledger.json
R2-C0,retained-v03-fixed-01,b,raw,fri_round_0_salts,512,research/r2/baseline/outputs/r2-main/proofs/retained-v03-fixed-01/byte-ledger.json
R2-C0,retained-v03-fixed-01,b,raw,fri_round_0_values,256,research/r2/baseline/outputs/r2-main/proofs/retained-v03-fixed-01/byte-ledger.json
R2-C0,retained-v03-fixed-01,b,raw,fri_round_1_frontier,6208,research/r2/baseline/outputs/r2-main/proofs/retained-v03-fixed-01/byte-ledger.json
R2-C0,retained-v03-fixed-01,b,raw,fri_round_1_frontier_count,4,research/r2/baseline/outputs/r2-main/proofs/retained-v03-fixed-01/byte-ledger.json
R2-C0,retained-v03-fixed-01,b,raw,fri_round_1_salts,512,research/r2/baseline/outputs/r2-main/proofs/retained-v03-fixed-01/byte-ledger.json
R2-C0,retained-v03-fixed-01,b,raw,fri_round_1_values,256,research/r2/baseline/outputs/r2-main/proofs/retained-v03-fixed-01/byte-ledger.json
R2-C0,retained-v03-fixed-01,b,raw,fri_round_2_frontier,5184,research/r2/baseline/outputs/r2-main/proofs/retained-v03-fixed-01/byte-ledger.json
R2-C0,retained-v03-fixed-01,b,raw,fri_round_2_frontier_count,4,research/r2/baseline/outputs/r2-main/proofs/retained-v03-fixed-01/byte-ledger.json
R2-C0,retained-v03-fixed-01,b,raw,fri_round_2_salts,512,research/r2/baseline/outputs/r2-main/proofs/retained-v03-fixed-01/byte-ledger.json
R2-C0,retained-v03-fixed-01,b,raw,fri_round_2_values,256,research/r2/baseline/outputs/r2-main/proofs/retained-v03-fixed-01/byte-ledger.json
R2-C0,retained-v03-fixed-01,b,raw,fri_round_3_frontier,4288,research/r2/baseline/outputs/r2-main/proofs/retained-v03-fixed-01/byte-ledger.json
R2-C0,retained-v03-fixed-01,b,raw,fri_round_3_frontier_count,4,research/r2/baseline/outputs/r2-main/proofs/retained-v03-fixed-01/byte-ledger.json
R2-C0,retained-v03-fixed-01,b,raw,fri_round_3_salts,512,research/r2/baseline/outputs/r2-main/proofs/retained-v03-fixed-01/byte-ledger.json
R2-C0,retained-v03-fixed-01,b,raw,fri_round_3_values,256,research/r2/baseline/outputs/r2-main/proofs/retained-v03-fixed-01/byte-ledger.json
R2-C0,retained-v03-fixed-01,b,raw,fri_round_4_frontier,3328,research/r2/baseline/outputs/r2-main/proofs/retained-v03-fixed-01/byte-ledger.json
R2-C0,retained-v03-fixed-01,b,raw,fri_round_4_frontier_count,4,research/r2/baseline/outputs/r2-main/proofs/retained-v03-fixed-01/byte-ledger.json
R2-C0,retained-v03-fixed-01,b,raw,fri_round_4_salts,512,research/r2/baseline/outputs/r2-main/proofs/retained-v03-fixed-01/byte-ledger.json
R2-C0,retained-v03-fixed-01,b,raw,fri_round_4_values,256,research/r2/baseline/outputs/r2-main/proofs/retained-v03-fixed-01/byte-ledger.json
R2-C0,retained-v03-fixed-01,b,raw,fri_round_5_frontier,2496,research/r2/baseline/outputs/r2-main/proofs/retained-v03-fixed-01/byte-ledger.json
R2-C0,retained-v03-fixed-01,b,raw,fri_round_5_frontier_count,4,research/r2/baseline/outputs/r2-main/proofs/retained-v03-fixed-01/byte-ledger.json
R2-C0,retained-v03-fixed-01,b,raw,fri_round_5_salts,512,research/r2/baseline/outputs/r2-main/proofs/retained-v03-fixed-01/byte-ledger.json
R2-C0,retained-v03-fixed-01,b,raw,fri_round_5_values,256,research/r2/baseline/outputs/r2-main/proofs/retained-v03-fixed-01/byte-ledger.json
R2-C0,retained-v03-fixed-01,b,raw,fri_round_6_frontier,1600,research/r2/baseline/outputs/r2-main/proofs/retained-v03-fixed-01/byte-ledger.json
R2-C0,retained-v03-fixed-01,b,raw,fri_round_6_frontier_count,4,research/r2/baseline/outputs/r2-main/proofs/retained-v03-fixed-01/byte-ledger.json
R2-C0,retained-v03-fixed-01,b,raw,fri_round_6_salts,512,research/r2/baseline/outputs/r2-main/proofs/retained-v03-fixed-01/byte-ledger.json
R2-C0,retained-v03-fixed-01,b,raw,fri_round_6_values,256,research/r2/baseline/outputs/r2-main/proofs/retained-v03-fixed-01/byte-ledger.json
R2-C0,retained-v03-fixed-01,b,raw,fri_round_7_frontier,832,research/r2/baseline/outputs/r2-main/proofs/retained-v03-fixed-01/byte-ledger.json
R2-C0,retained-v03-fixed-01,b,raw,fri_round_7_frontier_count,4,research/r2/baseline/outputs/r2-main/proofs/retained-v03-fixed-01/byte-ledger.json
R2-C0,retained-v03-fixed-01,b,raw,fri_round_7_salts,512,research/r2/baseline/outputs/r2-main/proofs/retained-v03-fixed-01/byte-ledger.json
R2-C0,retained-v03-fixed-01,b,raw,fri_round_7_values,256,research/r2/baseline/outputs/r2-main/proofs/retained-v03-fixed-01/byte-ledger.json
R2-C0,retained-v03-fixed-01,b,raw,fri_round_8_frontier,384,research/r2/baseline/outputs/r2-main/proofs/retained-v03-fixed-01/byte-ledger.json
R2-C0,retained-v03-fixed-01,b,raw,fri_round_8_frontier_count,4,research/r2/baseline/outputs/r2-main/proofs/retained-v03-fixed-01/byte-ledger.json
R2-C0,retained-v03-fixed-01,b,raw,fri_round_8_salts,512,research/r2/baseline/outputs/r2-main/proofs/retained-v03-fixed-01/byte-ledger.json
R2-C0,retained-v03-fixed-01,b,raw,fri_round_8_values,256,research/r2/baseline/outputs/r2-main/proofs/retained-v03-fixed-01/byte-ledger.json
R2-C0,retained-v03-fixed-01,b,raw,global_digest,32,research/r2/baseline/outputs/r2-main/proofs/retained-v03-fixed-01/byte-ledger.json
R2-C0,retained-v03-fixed-01,b,raw,half_query_indices,68,research/r2/baseline/outputs/r2-main/proofs/retained-v03-fixed-01/byte-ledger.json
R2-C0,retained-v03-fixed-01,b,raw,hiding_mask_openings,1216,research/r2/baseline/outputs/r2-main/proofs/retained-v03-fixed-01/byte-ledger.json
R2-C0,retained-v03-fixed-01,b,raw,initial_batch_0_frontier,8256,research/r2/baseline/outputs/r2-main/proofs/retained-v03-fixed-01/byte-ledger.json
R2-C0,retained-v03-fixed-01,b,raw,initial_batch_0_frontier_count,4,research/r2/baseline/outputs/r2-main/proofs/retained-v03-fixed-01/byte-ledger.json
R2-C0,retained-v03-fixed-01,b,raw,initial_batch_0_row_masks,256,research/r2/baseline/outputs/r2-main/proofs/retained-v03-fixed-01/byte-ledger.json
R2-C0,retained-v03-fixed-01,b,raw,initial_batch_0_rows,256,research/r2/baseline/outputs/r2-main/proofs/retained-v03-fixed-01/byte-ledger.json
R2-C0,retained-v03-fixed-01,b,raw,initial_batch_0_salts,512,research/r2/baseline/outputs/r2-main/proofs/retained-v03-fixed-01/byte-ledger.json
R2-C0,retained-v03-fixed-01,b,raw,initial_batch_1_frontier,8256,research/r2/baseline/outputs/r2-main/proofs/retained-v03-fixed-01/byte-ledger.json
R2-C0,retained-v03-fixed-01,b,raw,initial_batch_1_frontier_count,4,research/r2/baseline/outputs/r2-main/proofs/retained-v03-fixed-01/byte-ledger.json
R2-C0,retained-v03-fixed-01,b,raw,initial_batch_1_row_masks,256,research/r2/baseline/outputs/r2-main/proofs/retained-v03-fixed-01/byte-ledger.json
R2-C0,retained-v03-fixed-01,b,raw,initial_batch_1_rows,12160,research/r2/baseline/outputs/r2-main/proofs/retained-v03-fixed-01/byte-ledger.json
R2-C0,retained-v03-fixed-01,b,raw,initial_batch_1_salts,512,research/r2/baseline/outputs/r2-main/proofs/retained-v03-fixed-01/byte-ledger.json
R2-C0,retained-v03-fixed-01,b,raw,initial_batch_2_frontier,8256,research/r2/baseline/outputs/r2-main/proofs/retained-v03-fixed-01/byte-ledger.json
R2-C0,retained-v03-fixed-01,b,raw,initial_batch_2_frontier_count,4,research/r2/baseline/outputs/r2-main/proofs/retained-v03-fixed-01/byte-ledger.json
R2-C0,retained-v03-fixed-01,b,raw,initial_batch_2_row_masks,4096,research/r2/baseline/outputs/r2-main/proofs/retained-v03-fixed-01/byte-ledger.json
R2-C0,retained-v03-fixed-01,b,raw,initial_batch_2_rows,4096,research/r2/baseline/outputs/r2-main/proofs/retained-v03-fixed-01/byte-ledger.json
R2-C0,retained-v03-fixed-01,b,raw,initial_batch_2_salts,8192,research/r2/baseline/outputs/r2-main/proofs/retained-v03-fixed-01/byte-ledger.json
R2-C0,retained-v03-fixed-01,b,raw,ood_quotient,1024,research/r2/baseline/outputs/r2-main/proofs/retained-v03-fixed-01/byte-ledger.json
R2-C0,retained-v03-fixed-01,b,raw,ood_random,64,research/r2/baseline/outputs/r2-main/proofs/retained-v03-fixed-01/byte-ledger.json
R2-C0,retained-v03-fixed-01,b,raw,ood_trace_local,3040,research/r2/baseline/outputs/r2-main/proofs/retained-v03-fixed-01/byte-ledger.json
R2-C0,retained-v03-fixed-01,b,raw,ood_trace_next,3040,research/r2/baseline/outputs/r2-main/proofs/retained-v03-fixed-01/byte-ledger.json
R2-C0,retained-v03-fixed-01,b,raw,parameter_identifier,64,research/r2/baseline/outputs/r2-main/proofs/retained-v03-fixed-01/byte-ledger.json
R2-C0,retained-v03-fixed-01,b,raw,proof_identifier,32,research/r2/baseline/outputs/r2-main/proofs/retained-v03-fixed-01/byte-ledger.json
R2-C0,retained-v03-fixed-01,b,raw,public_header_length,2,research/r2/baseline/outputs/r2-main/proofs/retained-v03-fixed-01/byte-ledger.json
R2-C0,retained-v03-fixed-01,b,raw,public_statement_fields,256,research/r2/baseline/outputs/r2-main/proofs/retained-v03-fixed-01/byte-ledger.json
R2-C0,retained-v03-fixed-01,b,raw,query_grinding,4,research/r2/baseline/outputs/r2-main/proofs/retained-v03-fixed-01/byte-ledger.json
R2-C0,retained-v03-fixed-01,b,raw,terminator,4,research/r2/baseline/outputs/r2-main/proofs/retained-v03-fixed-01/byte-ledger.json
R2-C0,retained-v03-fixed-01,b,abi,alignment,26,research/r2/baseline/outputs/r2-main/proofs/retained-v03-fixed-01/byte-ledger.json
R2-C0,retained-v03-fixed-01,b,abi,dynamic_length,32,research/r2/baseline/outputs/r2-main/proofs/retained-v03-fixed-01/byte-ledger.json
R2-C0,retained-v03-fixed-01,b,abi,dynamic_offset,32,research/r2/baseline/outputs/r2-main/proofs/retained-v03-fixed-01/byte-ledger.json
R2-C0,retained-v03-fixed-01,b,abi,proof,103878,research/r2/baseline/outputs/r2-main/proofs/retained-v03-fixed-01/byte-ledger.json
R2-C0,retained-v03-fixed-01,b,abi,proof_identifier,32,research/r2/baseline/outputs/r2-main/proofs/retained-v03-fixed-01/byte-ledger.json
R2-C0,retained-v03-fixed-01,b,abi,selector,4,research/r2/baseline/outputs/r2-main/proofs/retained-v03-fixed-01/byte-ledger.json
R2-C0,retained-v03-fixed-01,b,abi,statement,224,research/r2/baseline/outputs/r2-main/proofs/retained-v03-fixed-01/byte-ledger.json
R2-C0,fresh-01,a,raw,checkpoint_challenges,192,research/r2/baseline/outputs/r2-main/proofs/fresh-01/byte-ledger.json
R2-C0,fresh-01,a,raw,checkpoint_identifiers,64,research/r2/baseline/outputs/r2-main/proofs/fresh-01/byte-ledger.json
R2-C0,fresh-01,a,raw,checkpoint_query_indices,260,research/r2/baseline/outputs/r2-main/proofs/fresh-01/byte-ledger.json
R2-C0,fresh-01,a,raw,checkpoint_transcript_state,64,research/r2/baseline/outputs/r2-main/proofs/fresh-01/byte-ledger.json
R2-C0,fresh-01,a,raw,commitment_quotient,64,research/r2/baseline/outputs/r2-main/proofs/fresh-01/byte-ledger.json
R2-C0,fresh-01,a,raw,commitment_random,64,research/r2/baseline/outputs/r2-main/proofs/fresh-01/byte-ledger.json
R2-C0,fresh-01,a,raw,commitment_trace,64,research/r2/baseline/outputs/r2-main/proofs/fresh-01/byte-ledger.json
R2-C0,fresh-01,a,raw,common_header,16,research/r2/baseline/outputs/r2-main/proofs/fresh-01/byte-ledger.json
R2-C0,fresh-01,a,raw,final_polynomial,16,research/r2/baseline/outputs/r2-main/proofs/fresh-01/byte-ledger.json
R2-C0,fresh-01,a,raw,fri_commitments,576,research/r2/baseline/outputs/r2-main/proofs/fresh-01/byte-ledger.json
R2-C0,fresh-01,a,raw,fri_grinding,36,research/r2/baseline/outputs/r2-main/proofs/fresh-01/byte-ledger.json
R2-C0,fresh-01,a,raw,fri_round_0_frontier,7424,research/r2/baseline/outputs/r2-main/proofs/fresh-01/byte-ledger.json
R2-C0,fresh-01,a,raw,fri_round_0_frontier_count,4,research/r2/baseline/outputs/r2-main/proofs/fresh-01/byte-ledger.json
R2-C0,fresh-01,a,raw,fri_round_0_salts,512,research/r2/baseline/outputs/r2-main/proofs/fresh-01/byte-ledger.json
R2-C0,fresh-01,a,raw,fri_round_0_values,256,research/r2/baseline/outputs/r2-main/proofs/fresh-01/byte-ledger.json
R2-C0,fresh-01,a,raw,fri_round_1_frontier,6400,research/r2/baseline/outputs/r2-main/proofs/fresh-01/byte-ledger.json
R2-C0,fresh-01,a,raw,fri_round_1_frontier_count,4,research/r2/baseline/outputs/r2-main/proofs/fresh-01/byte-ledger.json
R2-C0,fresh-01,a,raw,fri_round_1_salts,512,research/r2/baseline/outputs/r2-main/proofs/fresh-01/byte-ledger.json
R2-C0,fresh-01,a,raw,fri_round_1_values,256,research/r2/baseline/outputs/r2-main/proofs/fresh-01/byte-ledger.json
R2-C0,fresh-01,a,raw,fri_round_2_frontier,5376,research/r2/baseline/outputs/r2-main/proofs/fresh-01/byte-ledger.json
R2-C0,fresh-01,a,raw,fri_round_2_frontier_count,4,research/r2/baseline/outputs/r2-main/proofs/fresh-01/byte-ledger.json
R2-C0,fresh-01,a,raw,fri_round_2_salts,512,research/r2/baseline/outputs/r2-main/proofs/fresh-01/byte-ledger.json
R2-C0,fresh-01,a,raw,fri_round_2_values,256,research/r2/baseline/outputs/r2-main/proofs/fresh-01/byte-ledger.json
R2-C0,fresh-01,a,raw,fri_round_3_frontier,4352,research/r2/baseline/outputs/r2-main/proofs/fresh-01/byte-ledger.json
R2-C0,fresh-01,a,raw,fri_round_3_frontier_count,4,research/r2/baseline/outputs/r2-main/proofs/fresh-01/byte-ledger.json
R2-C0,fresh-01,a,raw,fri_round_3_salts,512,research/r2/baseline/outputs/r2-main/proofs/fresh-01/byte-ledger.json
R2-C0,fresh-01,a,raw,fri_round_3_values,256,research/r2/baseline/outputs/r2-main/proofs/fresh-01/byte-ledger.json
R2-C0,fresh-01,a,raw,fri_round_4_frontier,3328,research/r2/baseline/outputs/r2-main/proofs/fresh-01/byte-ledger.json
R2-C0,fresh-01,a,raw,fri_round_4_frontier_count,4,research/r2/baseline/outputs/r2-main/proofs/fresh-01/byte-ledger.json
R2-C0,fresh-01,a,raw,fri_round_4_salts,512,research/r2/baseline/outputs/r2-main/proofs/fresh-01/byte-ledger.json
R2-C0,fresh-01,a,raw,fri_round_4_values,256,research/r2/baseline/outputs/r2-main/proofs/fresh-01/byte-ledger.json
R2-C0,fresh-01,a,raw,fri_round_5_frontier,2432,research/r2/baseline/outputs/r2-main/proofs/fresh-01/byte-ledger.json
R2-C0,fresh-01,a,raw,fri_round_5_frontier_count,4,research/r2/baseline/outputs/r2-main/proofs/fresh-01/byte-ledger.json
R2-C0,fresh-01,a,raw,fri_round_5_salts,512,research/r2/baseline/outputs/r2-main/proofs/fresh-01/byte-ledger.json
R2-C0,fresh-01,a,raw,fri_round_5_values,256,research/r2/baseline/outputs/r2-main/proofs/fresh-01/byte-ledger.json
R2-C0,fresh-01,a,raw,fri_round_6_frontier,1600,research/r2/baseline/outputs/r2-main/proofs/fresh-01/byte-ledger.json
R2-C0,fresh-01,a,raw,fri_round_6_frontier_count,4,research/r2/baseline/outputs/r2-main/proofs/fresh-01/byte-ledger.json
R2-C0,fresh-01,a,raw,fri_round_6_salts,512,research/r2/baseline/outputs/r2-main/proofs/fresh-01/byte-ledger.json
R2-C0,fresh-01,a,raw,fri_round_6_values,256,research/r2/baseline/outputs/r2-main/proofs/fresh-01/byte-ledger.json
R2-C0,fresh-01,a,raw,fri_round_7_frontier,832,research/r2/baseline/outputs/r2-main/proofs/fresh-01/byte-ledger.json
R2-C0,fresh-01,a,raw,fri_round_7_frontier_count,4,research/r2/baseline/outputs/r2-main/proofs/fresh-01/byte-ledger.json
R2-C0,fresh-01,a,raw,fri_round_7_salts,512,research/r2/baseline/outputs/r2-main/proofs/fresh-01/byte-ledger.json
R2-C0,fresh-01,a,raw,fri_round_7_values,256,research/r2/baseline/outputs/r2-main/proofs/fresh-01/byte-ledger.json
R2-C0,fresh-01,a,raw,fri_round_8_frontier,256,research/r2/baseline/outputs/r2-main/proofs/fresh-01/byte-ledger.json
R2-C0,fresh-01,a,raw,fri_round_8_frontier_count,4,research/r2/baseline/outputs/r2-main/proofs/fresh-01/byte-ledger.json
R2-C0,fresh-01,a,raw,fri_round_8_salts,512,research/r2/baseline/outputs/r2-main/proofs/fresh-01/byte-ledger.json
R2-C0,fresh-01,a,raw,fri_round_8_values,256,research/r2/baseline/outputs/r2-main/proofs/fresh-01/byte-ledger.json
R2-C0,fresh-01,a,raw,global_digest,32,research/r2/baseline/outputs/r2-main/proofs/fresh-01/byte-ledger.json
R2-C0,fresh-01,a,raw,half_query_indices,68,research/r2/baseline/outputs/r2-main/proofs/fresh-01/byte-ledger.json
R2-C0,fresh-01,a,raw,hiding_mask_openings,1216,research/r2/baseline/outputs/r2-main/proofs/fresh-01/byte-ledger.json
R2-C0,fresh-01,a,raw,initial_batch_0_frontier,8448,research/r2/baseline/outputs/r2-main/proofs/fresh-01/byte-ledger.json
R2-C0,fresh-01,a,raw,initial_batch_0_frontier_count,4,research/r2/baseline/outputs/r2-main/proofs/fresh-01/byte-ledger.json
R2-C0,fresh-01,a,raw,initial_batch_0_row_masks,256,research/r2/baseline/outputs/r2-main/proofs/fresh-01/byte-ledger.json
R2-C0,fresh-01,a,raw,initial_batch_0_rows,256,research/r2/baseline/outputs/r2-main/proofs/fresh-01/byte-ledger.json
R2-C0,fresh-01,a,raw,initial_batch_0_salts,512,research/r2/baseline/outputs/r2-main/proofs/fresh-01/byte-ledger.json
R2-C0,fresh-01,a,raw,initial_batch_1_frontier,8448,research/r2/baseline/outputs/r2-main/proofs/fresh-01/byte-ledger.json
R2-C0,fresh-01,a,raw,initial_batch_1_frontier_count,4,research/r2/baseline/outputs/r2-main/proofs/fresh-01/byte-ledger.json
R2-C0,fresh-01,a,raw,initial_batch_1_row_masks,256,research/r2/baseline/outputs/r2-main/proofs/fresh-01/byte-ledger.json
R2-C0,fresh-01,a,raw,initial_batch_1_rows,12160,research/r2/baseline/outputs/r2-main/proofs/fresh-01/byte-ledger.json
R2-C0,fresh-01,a,raw,initial_batch_1_salts,512,research/r2/baseline/outputs/r2-main/proofs/fresh-01/byte-ledger.json
R2-C0,fresh-01,a,raw,initial_batch_2_frontier,8448,research/r2/baseline/outputs/r2-main/proofs/fresh-01/byte-ledger.json
R2-C0,fresh-01,a,raw,initial_batch_2_frontier_count,4,research/r2/baseline/outputs/r2-main/proofs/fresh-01/byte-ledger.json
R2-C0,fresh-01,a,raw,initial_batch_2_row_masks,4096,research/r2/baseline/outputs/r2-main/proofs/fresh-01/byte-ledger.json
R2-C0,fresh-01,a,raw,initial_batch_2_rows,4096,research/r2/baseline/outputs/r2-main/proofs/fresh-01/byte-ledger.json
R2-C0,fresh-01,a,raw,initial_batch_2_salts,8192,research/r2/baseline/outputs/r2-main/proofs/fresh-01/byte-ledger.json
R2-C0,fresh-01,a,raw,ood_quotient,1024,research/r2/baseline/outputs/r2-main/proofs/fresh-01/byte-ledger.json
R2-C0,fresh-01,a,raw,ood_random,64,research/r2/baseline/outputs/r2-main/proofs/fresh-01/byte-ledger.json
R2-C0,fresh-01,a,raw,ood_trace_local,3040,research/r2/baseline/outputs/r2-main/proofs/fresh-01/byte-ledger.json
R2-C0,fresh-01,a,raw,ood_trace_next,3040,research/r2/baseline/outputs/r2-main/proofs/fresh-01/byte-ledger.json
R2-C0,fresh-01,a,raw,parameter_identifier,64,research/r2/baseline/outputs/r2-main/proofs/fresh-01/byte-ledger.json
R2-C0,fresh-01,a,raw,public_header_length,2,research/r2/baseline/outputs/r2-main/proofs/fresh-01/byte-ledger.json
R2-C0,fresh-01,a,raw,public_statement_fields,256,research/r2/baseline/outputs/r2-main/proofs/fresh-01/byte-ledger.json
R2-C0,fresh-01,a,raw,query_grinding,4,research/r2/baseline/outputs/r2-main/proofs/fresh-01/byte-ledger.json
R2-C0,fresh-01,a,raw,terminator,4,research/r2/baseline/outputs/r2-main/proofs/fresh-01/byte-ledger.json
R2-C0,fresh-01,a,abi,alignment,26,research/r2/baseline/outputs/r2-main/proofs/fresh-01/byte-ledger.json
R2-C0,fresh-01,a,abi,dynamic_length,32,research/r2/baseline/outputs/r2-main/proofs/fresh-01/byte-ledger.json
R2-C0,fresh-01,a,abi,dynamic_offset,32,research/r2/baseline/outputs/r2-main/proofs/fresh-01/byte-ledger.json
R2-C0,fresh-01,a,abi,proof,104870,research/r2/baseline/outputs/r2-main/proofs/fresh-01/byte-ledger.json
R2-C0,fresh-01,a,abi,proof_identifier,0,research/r2/baseline/outputs/r2-main/proofs/fresh-01/byte-ledger.json
R2-C0,fresh-01,a,abi,selector,4,research/r2/baseline/outputs/r2-main/proofs/fresh-01/byte-ledger.json
R2-C0,fresh-01,a,abi,statement,224,research/r2/baseline/outputs/r2-main/proofs/fresh-01/byte-ledger.json
R2-C0,fresh-01,b,raw,checkpoint_challenges,192,research/r2/baseline/outputs/r2-main/proofs/fresh-01/byte-ledger.json
R2-C0,fresh-01,b,raw,checkpoint_identifiers,64,research/r2/baseline/outputs/r2-main/proofs/fresh-01/byte-ledger.json
R2-C0,fresh-01,b,raw,checkpoint_query_indices,260,research/r2/baseline/outputs/r2-main/proofs/fresh-01/byte-ledger.json
R2-C0,fresh-01,b,raw,checkpoint_transcript_state,64,research/r2/baseline/outputs/r2-main/proofs/fresh-01/byte-ledger.json
R2-C0,fresh-01,b,raw,commitment_quotient,64,research/r2/baseline/outputs/r2-main/proofs/fresh-01/byte-ledger.json
R2-C0,fresh-01,b,raw,commitment_random,64,research/r2/baseline/outputs/r2-main/proofs/fresh-01/byte-ledger.json
R2-C0,fresh-01,b,raw,commitment_trace,64,research/r2/baseline/outputs/r2-main/proofs/fresh-01/byte-ledger.json
R2-C0,fresh-01,b,raw,common_header,16,research/r2/baseline/outputs/r2-main/proofs/fresh-01/byte-ledger.json
R2-C0,fresh-01,b,raw,final_polynomial,16,research/r2/baseline/outputs/r2-main/proofs/fresh-01/byte-ledger.json
R2-C0,fresh-01,b,raw,fri_commitments,576,research/r2/baseline/outputs/r2-main/proofs/fresh-01/byte-ledger.json
R2-C0,fresh-01,b,raw,fri_grinding,36,research/r2/baseline/outputs/r2-main/proofs/fresh-01/byte-ledger.json
R2-C0,fresh-01,b,raw,fri_round_0_frontier,7104,research/r2/baseline/outputs/r2-main/proofs/fresh-01/byte-ledger.json
R2-C0,fresh-01,b,raw,fri_round_0_frontier_count,4,research/r2/baseline/outputs/r2-main/proofs/fresh-01/byte-ledger.json
R2-C0,fresh-01,b,raw,fri_round_0_salts,512,research/r2/baseline/outputs/r2-main/proofs/fresh-01/byte-ledger.json
R2-C0,fresh-01,b,raw,fri_round_0_values,256,research/r2/baseline/outputs/r2-main/proofs/fresh-01/byte-ledger.json
R2-C0,fresh-01,b,raw,fri_round_1_frontier,6080,research/r2/baseline/outputs/r2-main/proofs/fresh-01/byte-ledger.json
R2-C0,fresh-01,b,raw,fri_round_1_frontier_count,4,research/r2/baseline/outputs/r2-main/proofs/fresh-01/byte-ledger.json
R2-C0,fresh-01,b,raw,fri_round_1_salts,512,research/r2/baseline/outputs/r2-main/proofs/fresh-01/byte-ledger.json
R2-C0,fresh-01,b,raw,fri_round_1_values,256,research/r2/baseline/outputs/r2-main/proofs/fresh-01/byte-ledger.json
R2-C0,fresh-01,b,raw,fri_round_2_frontier,5056,research/r2/baseline/outputs/r2-main/proofs/fresh-01/byte-ledger.json
R2-C0,fresh-01,b,raw,fri_round_2_frontier_count,4,research/r2/baseline/outputs/r2-main/proofs/fresh-01/byte-ledger.json
R2-C0,fresh-01,b,raw,fri_round_2_salts,512,research/r2/baseline/outputs/r2-main/proofs/fresh-01/byte-ledger.json
R2-C0,fresh-01,b,raw,fri_round_2_values,256,research/r2/baseline/outputs/r2-main/proofs/fresh-01/byte-ledger.json
R2-C0,fresh-01,b,raw,fri_round_3_frontier,4032,research/r2/baseline/outputs/r2-main/proofs/fresh-01/byte-ledger.json
R2-C0,fresh-01,b,raw,fri_round_3_frontier_count,4,research/r2/baseline/outputs/r2-main/proofs/fresh-01/byte-ledger.json
R2-C0,fresh-01,b,raw,fri_round_3_salts,512,research/r2/baseline/outputs/r2-main/proofs/fresh-01/byte-ledger.json
R2-C0,fresh-01,b,raw,fri_round_3_values,256,research/r2/baseline/outputs/r2-main/proofs/fresh-01/byte-ledger.json
R2-C0,fresh-01,b,raw,fri_round_4_frontier,3008,research/r2/baseline/outputs/r2-main/proofs/fresh-01/byte-ledger.json
R2-C0,fresh-01,b,raw,fri_round_4_frontier_count,4,research/r2/baseline/outputs/r2-main/proofs/fresh-01/byte-ledger.json
R2-C0,fresh-01,b,raw,fri_round_4_salts,512,research/r2/baseline/outputs/r2-main/proofs/fresh-01/byte-ledger.json
R2-C0,fresh-01,b,raw,fri_round_4_values,256,research/r2/baseline/outputs/r2-main/proofs/fresh-01/byte-ledger.json
R2-C0,fresh-01,b,raw,fri_round_5_frontier,2112,research/r2/baseline/outputs/r2-main/proofs/fresh-01/byte-ledger.json
R2-C0,fresh-01,b,raw,fri_round_5_frontier_count,4,research/r2/baseline/outputs/r2-main/proofs/fresh-01/byte-ledger.json
R2-C0,fresh-01,b,raw,fri_round_5_salts,512,research/r2/baseline/outputs/r2-main/proofs/fresh-01/byte-ledger.json
R2-C0,fresh-01,b,raw,fri_round_5_values,256,research/r2/baseline/outputs/r2-main/proofs/fresh-01/byte-ledger.json
R2-C0,fresh-01,b,raw,fri_round_6_frontier,1408,research/r2/baseline/outputs/r2-main/proofs/fresh-01/byte-ledger.json
R2-C0,fresh-01,b,raw,fri_round_6_frontier_count,4,research/r2/baseline/outputs/r2-main/proofs/fresh-01/byte-ledger.json
R2-C0,fresh-01,b,raw,fri_round_6_salts,512,research/r2/baseline/outputs/r2-main/proofs/fresh-01/byte-ledger.json
R2-C0,fresh-01,b,raw,fri_round_6_values,256,research/r2/baseline/outputs/r2-main/proofs/fresh-01/byte-ledger.json
R2-C0,fresh-01,b,raw,fri_round_7_frontier,704,research/r2/baseline/outputs/r2-main/proofs/fresh-01/byte-ledger.json
R2-C0,fresh-01,b,raw,fri_round_7_frontier_count,4,research/r2/baseline/outputs/r2-main/proofs/fresh-01/byte-ledger.json
R2-C0,fresh-01,b,raw,fri_round_7_salts,512,research/r2/baseline/outputs/r2-main/proofs/fresh-01/byte-ledger.json
R2-C0,fresh-01,b,raw,fri_round_7_values,256,research/r2/baseline/outputs/r2-main/proofs/fresh-01/byte-ledger.json
R2-C0,fresh-01,b,raw,fri_round_8_frontier,320,research/r2/baseline/outputs/r2-main/proofs/fresh-01/byte-ledger.json
R2-C0,fresh-01,b,raw,fri_round_8_frontier_count,4,research/r2/baseline/outputs/r2-main/proofs/fresh-01/byte-ledger.json
R2-C0,fresh-01,b,raw,fri_round_8_salts,512,research/r2/baseline/outputs/r2-main/proofs/fresh-01/byte-ledger.json
R2-C0,fresh-01,b,raw,fri_round_8_values,256,research/r2/baseline/outputs/r2-main/proofs/fresh-01/byte-ledger.json
R2-C0,fresh-01,b,raw,global_digest,32,research/r2/baseline/outputs/r2-main/proofs/fresh-01/byte-ledger.json
R2-C0,fresh-01,b,raw,half_query_indices,68,research/r2/baseline/outputs/r2-main/proofs/fresh-01/byte-ledger.json
R2-C0,fresh-01,b,raw,hiding_mask_openings,1216,research/r2/baseline/outputs/r2-main/proofs/fresh-01/byte-ledger.json
R2-C0,fresh-01,b,raw,initial_batch_0_frontier,8128,research/r2/baseline/outputs/r2-main/proofs/fresh-01/byte-ledger.json
R2-C0,fresh-01,b,raw,initial_batch_0_frontier_count,4,research/r2/baseline/outputs/r2-main/proofs/fresh-01/byte-ledger.json
R2-C0,fresh-01,b,raw,initial_batch_0_row_masks,256,research/r2/baseline/outputs/r2-main/proofs/fresh-01/byte-ledger.json
R2-C0,fresh-01,b,raw,initial_batch_0_rows,256,research/r2/baseline/outputs/r2-main/proofs/fresh-01/byte-ledger.json
R2-C0,fresh-01,b,raw,initial_batch_0_salts,512,research/r2/baseline/outputs/r2-main/proofs/fresh-01/byte-ledger.json
R2-C0,fresh-01,b,raw,initial_batch_1_frontier,8128,research/r2/baseline/outputs/r2-main/proofs/fresh-01/byte-ledger.json
R2-C0,fresh-01,b,raw,initial_batch_1_frontier_count,4,research/r2/baseline/outputs/r2-main/proofs/fresh-01/byte-ledger.json
R2-C0,fresh-01,b,raw,initial_batch_1_row_masks,256,research/r2/baseline/outputs/r2-main/proofs/fresh-01/byte-ledger.json
R2-C0,fresh-01,b,raw,initial_batch_1_rows,12160,research/r2/baseline/outputs/r2-main/proofs/fresh-01/byte-ledger.json
R2-C0,fresh-01,b,raw,initial_batch_1_salts,512,research/r2/baseline/outputs/r2-main/proofs/fresh-01/byte-ledger.json
R2-C0,fresh-01,b,raw,initial_batch_2_frontier,8128,research/r2/baseline/outputs/r2-main/proofs/fresh-01/byte-ledger.json
R2-C0,fresh-01,b,raw,initial_batch_2_frontier_count,4,research/r2/baseline/outputs/r2-main/proofs/fresh-01/byte-ledger.json
R2-C0,fresh-01,b,raw,initial_batch_2_row_masks,4096,research/r2/baseline/outputs/r2-main/proofs/fresh-01/byte-ledger.json
R2-C0,fresh-01,b,raw,initial_batch_2_rows,4096,research/r2/baseline/outputs/r2-main/proofs/fresh-01/byte-ledger.json
R2-C0,fresh-01,b,raw,initial_batch_2_salts,8192,research/r2/baseline/outputs/r2-main/proofs/fresh-01/byte-ledger.json
R2-C0,fresh-01,b,raw,ood_quotient,1024,research/r2/baseline/outputs/r2-main/proofs/fresh-01/byte-ledger.json
R2-C0,fresh-01,b,raw,ood_random,64,research/r2/baseline/outputs/r2-main/proofs/fresh-01/byte-ledger.json
R2-C0,fresh-01,b,raw,ood_trace_local,3040,research/r2/baseline/outputs/r2-main/proofs/fresh-01/byte-ledger.json
R2-C0,fresh-01,b,raw,ood_trace_next,3040,research/r2/baseline/outputs/r2-main/proofs/fresh-01/byte-ledger.json
R2-C0,fresh-01,b,raw,parameter_identifier,64,research/r2/baseline/outputs/r2-main/proofs/fresh-01/byte-ledger.json
R2-C0,fresh-01,b,raw,proof_identifier,32,research/r2/baseline/outputs/r2-main/proofs/fresh-01/byte-ledger.json
R2-C0,fresh-01,b,raw,public_header_length,2,research/r2/baseline/outputs/r2-main/proofs/fresh-01/byte-ledger.json
R2-C0,fresh-01,b,raw,public_statement_fields,256,research/r2/baseline/outputs/r2-main/proofs/fresh-01/byte-ledger.json
R2-C0,fresh-01,b,raw,query_grinding,4,research/r2/baseline/outputs/r2-main/proofs/fresh-01/byte-ledger.json
R2-C0,fresh-01,b,raw,terminator,4,research/r2/baseline/outputs/r2-main/proofs/fresh-01/byte-ledger.json
R2-C0,fresh-01,b,abi,alignment,26,research/r2/baseline/outputs/r2-main/proofs/fresh-01/byte-ledger.json
R2-C0,fresh-01,b,abi,dynamic_length,32,research/r2/baseline/outputs/r2-main/proofs/fresh-01/byte-ledger.json
R2-C0,fresh-01,b,abi,dynamic_offset,32,research/r2/baseline/outputs/r2-main/proofs/fresh-01/byte-ledger.json
R2-C0,fresh-01,b,abi,proof,101766,research/r2/baseline/outputs/r2-main/proofs/fresh-01/byte-ledger.json
R2-C0,fresh-01,b,abi,proof_identifier,32,research/r2/baseline/outputs/r2-main/proofs/fresh-01/byte-ledger.json
R2-C0,fresh-01,b,abi,selector,4,research/r2/baseline/outputs/r2-main/proofs/fresh-01/byte-ledger.json
R2-C0,fresh-01,b,abi,statement,224,research/r2/baseline/outputs/r2-main/proofs/fresh-01/byte-ledger.json
R2-C0,fresh-02,a,raw,checkpoint_challenges,192,research/r2/baseline/outputs/r2-main/proofs/fresh-02/byte-ledger.json
R2-C0,fresh-02,a,raw,checkpoint_identifiers,64,research/r2/baseline/outputs/r2-main/proofs/fresh-02/byte-ledger.json
R2-C0,fresh-02,a,raw,checkpoint_query_indices,260,research/r2/baseline/outputs/r2-main/proofs/fresh-02/byte-ledger.json
R2-C0,fresh-02,a,raw,checkpoint_transcript_state,64,research/r2/baseline/outputs/r2-main/proofs/fresh-02/byte-ledger.json
R2-C0,fresh-02,a,raw,commitment_quotient,64,research/r2/baseline/outputs/r2-main/proofs/fresh-02/byte-ledger.json
R2-C0,fresh-02,a,raw,commitment_random,64,research/r2/baseline/outputs/r2-main/proofs/fresh-02/byte-ledger.json
R2-C0,fresh-02,a,raw,commitment_trace,64,research/r2/baseline/outputs/r2-main/proofs/fresh-02/byte-ledger.json
R2-C0,fresh-02,a,raw,common_header,16,research/r2/baseline/outputs/r2-main/proofs/fresh-02/byte-ledger.json
R2-C0,fresh-02,a,raw,final_polynomial,16,research/r2/baseline/outputs/r2-main/proofs/fresh-02/byte-ledger.json
R2-C0,fresh-02,a,raw,fri_commitments,576,research/r2/baseline/outputs/r2-main/proofs/fresh-02/byte-ledger.json
R2-C0,fresh-02,a,raw,fri_grinding,36,research/r2/baseline/outputs/r2-main/proofs/fresh-02/byte-ledger.json
R2-C0,fresh-02,a,raw,fri_round_0_frontier,6976,research/r2/baseline/outputs/r2-main/proofs/fresh-02/byte-ledger.json
R2-C0,fresh-02,a,raw,fri_round_0_frontier_count,4,research/r2/baseline/outputs/r2-main/proofs/fresh-02/byte-ledger.json
R2-C0,fresh-02,a,raw,fri_round_0_salts,512,research/r2/baseline/outputs/r2-main/proofs/fresh-02/byte-ledger.json
R2-C0,fresh-02,a,raw,fri_round_0_values,256,research/r2/baseline/outputs/r2-main/proofs/fresh-02/byte-ledger.json
R2-C0,fresh-02,a,raw,fri_round_1_frontier,5952,research/r2/baseline/outputs/r2-main/proofs/fresh-02/byte-ledger.json
R2-C0,fresh-02,a,raw,fri_round_1_frontier_count,4,research/r2/baseline/outputs/r2-main/proofs/fresh-02/byte-ledger.json
R2-C0,fresh-02,a,raw,fri_round_1_salts,512,research/r2/baseline/outputs/r2-main/proofs/fresh-02/byte-ledger.json
R2-C0,fresh-02,a,raw,fri_round_1_values,256,research/r2/baseline/outputs/r2-main/proofs/fresh-02/byte-ledger.json
R2-C0,fresh-02,a,raw,fri_round_2_frontier,4928,research/r2/baseline/outputs/r2-main/proofs/fresh-02/byte-ledger.json
R2-C0,fresh-02,a,raw,fri_round_2_frontier_count,4,research/r2/baseline/outputs/r2-main/proofs/fresh-02/byte-ledger.json
R2-C0,fresh-02,a,raw,fri_round_2_salts,512,research/r2/baseline/outputs/r2-main/proofs/fresh-02/byte-ledger.json
R2-C0,fresh-02,a,raw,fri_round_2_values,256,research/r2/baseline/outputs/r2-main/proofs/fresh-02/byte-ledger.json
R2-C0,fresh-02,a,raw,fri_round_3_frontier,4032,research/r2/baseline/outputs/r2-main/proofs/fresh-02/byte-ledger.json
R2-C0,fresh-02,a,raw,fri_round_3_frontier_count,4,research/r2/baseline/outputs/r2-main/proofs/fresh-02/byte-ledger.json
R2-C0,fresh-02,a,raw,fri_round_3_salts,512,research/r2/baseline/outputs/r2-main/proofs/fresh-02/byte-ledger.json
R2-C0,fresh-02,a,raw,fri_round_3_values,256,research/r2/baseline/outputs/r2-main/proofs/fresh-02/byte-ledger.json
R2-C0,fresh-02,a,raw,fri_round_4_frontier,3072,research/r2/baseline/outputs/r2-main/proofs/fresh-02/byte-ledger.json
R2-C0,fresh-02,a,raw,fri_round_4_frontier_count,4,research/r2/baseline/outputs/r2-main/proofs/fresh-02/byte-ledger.json
R2-C0,fresh-02,a,raw,fri_round_4_salts,512,research/r2/baseline/outputs/r2-main/proofs/fresh-02/byte-ledger.json
R2-C0,fresh-02,a,raw,fri_round_4_values,256,research/r2/baseline/outputs/r2-main/proofs/fresh-02/byte-ledger.json
R2-C0,fresh-02,a,raw,fri_round_5_frontier,2240,research/r2/baseline/outputs/r2-main/proofs/fresh-02/byte-ledger.json
R2-C0,fresh-02,a,raw,fri_round_5_frontier_count,4,research/r2/baseline/outputs/r2-main/proofs/fresh-02/byte-ledger.json
R2-C0,fresh-02,a,raw,fri_round_5_salts,512,research/r2/baseline/outputs/r2-main/proofs/fresh-02/byte-ledger.json
R2-C0,fresh-02,a,raw,fri_round_5_values,256,research/r2/baseline/outputs/r2-main/proofs/fresh-02/byte-ledger.json
R2-C0,fresh-02,a,raw,fri_round_6_frontier,1472,research/r2/baseline/outputs/r2-main/proofs/fresh-02/byte-ledger.json
R2-C0,fresh-02,a,raw,fri_round_6_frontier_count,4,research/r2/baseline/outputs/r2-main/proofs/fresh-02/byte-ledger.json
R2-C0,fresh-02,a,raw,fri_round_6_salts,512,research/r2/baseline/outputs/r2-main/proofs/fresh-02/byte-ledger.json
R2-C0,fresh-02,a,raw,fri_round_6_values,256,research/r2/baseline/outputs/r2-main/proofs/fresh-02/byte-ledger.json
R2-C0,fresh-02,a,raw,fri_round_7_frontier,896,research/r2/baseline/outputs/r2-main/proofs/fresh-02/byte-ledger.json
R2-C0,fresh-02,a,raw,fri_round_7_frontier_count,4,research/r2/baseline/outputs/r2-main/proofs/fresh-02/byte-ledger.json
R2-C0,fresh-02,a,raw,fri_round_7_salts,512,research/r2/baseline/outputs/r2-main/proofs/fresh-02/byte-ledger.json
R2-C0,fresh-02,a,raw,fri_round_7_values,256,research/r2/baseline/outputs/r2-main/proofs/fresh-02/byte-ledger.json
R2-C0,fresh-02,a,raw,fri_round_8_frontier,320,research/r2/baseline/outputs/r2-main/proofs/fresh-02/byte-ledger.json
R2-C0,fresh-02,a,raw,fri_round_8_frontier_count,4,research/r2/baseline/outputs/r2-main/proofs/fresh-02/byte-ledger.json
R2-C0,fresh-02,a,raw,fri_round_8_salts,512,research/r2/baseline/outputs/r2-main/proofs/fresh-02/byte-ledger.json
R2-C0,fresh-02,a,raw,fri_round_8_values,256,research/r2/baseline/outputs/r2-main/proofs/fresh-02/byte-ledger.json
R2-C0,fresh-02,a,raw,global_digest,32,research/r2/baseline/outputs/r2-main/proofs/fresh-02/byte-ledger.json
R2-C0,fresh-02,a,raw,half_query_indices,68,research/r2/baseline/outputs/r2-main/proofs/fresh-02/byte-ledger.json
R2-C0,fresh-02,a,raw,hiding_mask_openings,1216,research/r2/baseline/outputs/r2-main/proofs/fresh-02/byte-ledger.json
R2-C0,fresh-02,a,raw,initial_batch_0_frontier,8000,research/r2/baseline/outputs/r2-main/proofs/fresh-02/byte-ledger.json
R2-C0,fresh-02,a,raw,initial_batch_0_frontier_count,4,research/r2/baseline/outputs/r2-main/proofs/fresh-02/byte-ledger.json
R2-C0,fresh-02,a,raw,initial_batch_0_row_masks,256,research/r2/baseline/outputs/r2-main/proofs/fresh-02/byte-ledger.json
R2-C0,fresh-02,a,raw,initial_batch_0_rows,256,research/r2/baseline/outputs/r2-main/proofs/fresh-02/byte-ledger.json
R2-C0,fresh-02,a,raw,initial_batch_0_salts,512,research/r2/baseline/outputs/r2-main/proofs/fresh-02/byte-ledger.json
R2-C0,fresh-02,a,raw,initial_batch_1_frontier,8000,research/r2/baseline/outputs/r2-main/proofs/fresh-02/byte-ledger.json
R2-C0,fresh-02,a,raw,initial_batch_1_frontier_count,4,research/r2/baseline/outputs/r2-main/proofs/fresh-02/byte-ledger.json
R2-C0,fresh-02,a,raw,initial_batch_1_row_masks,256,research/r2/baseline/outputs/r2-main/proofs/fresh-02/byte-ledger.json
R2-C0,fresh-02,a,raw,initial_batch_1_rows,12160,research/r2/baseline/outputs/r2-main/proofs/fresh-02/byte-ledger.json
R2-C0,fresh-02,a,raw,initial_batch_1_salts,512,research/r2/baseline/outputs/r2-main/proofs/fresh-02/byte-ledger.json
R2-C0,fresh-02,a,raw,initial_batch_2_frontier,8000,research/r2/baseline/outputs/r2-main/proofs/fresh-02/byte-ledger.json
R2-C0,fresh-02,a,raw,initial_batch_2_frontier_count,4,research/r2/baseline/outputs/r2-main/proofs/fresh-02/byte-ledger.json
R2-C0,fresh-02,a,raw,initial_batch_2_row_masks,4096,research/r2/baseline/outputs/r2-main/proofs/fresh-02/byte-ledger.json
R2-C0,fresh-02,a,raw,initial_batch_2_rows,4096,research/r2/baseline/outputs/r2-main/proofs/fresh-02/byte-ledger.json
R2-C0,fresh-02,a,raw,initial_batch_2_salts,8192,research/r2/baseline/outputs/r2-main/proofs/fresh-02/byte-ledger.json
R2-C0,fresh-02,a,raw,ood_quotient,1024,research/r2/baseline/outputs/r2-main/proofs/fresh-02/byte-ledger.json
R2-C0,fresh-02,a,raw,ood_random,64,research/r2/baseline/outputs/r2-main/proofs/fresh-02/byte-ledger.json
R2-C0,fresh-02,a,raw,ood_trace_local,3040,research/r2/baseline/outputs/r2-main/proofs/fresh-02/byte-ledger.json
R2-C0,fresh-02,a,raw,ood_trace_next,3040,research/r2/baseline/outputs/r2-main/proofs/fresh-02/byte-ledger.json
R2-C0,fresh-02,a,raw,parameter_identifier,64,research/r2/baseline/outputs/r2-main/proofs/fresh-02/byte-ledger.json
R2-C0,fresh-02,a,raw,public_header_length,2,research/r2/baseline/outputs/r2-main/proofs/fresh-02/byte-ledger.json
R2-C0,fresh-02,a,raw,public_statement_fields,256,research/r2/baseline/outputs/r2-main/proofs/fresh-02/byte-ledger.json
R2-C0,fresh-02,a,raw,query_grinding,4,research/r2/baseline/outputs/r2-main/proofs/fresh-02/byte-ledger.json
R2-C0,fresh-02,a,raw,terminator,4,research/r2/baseline/outputs/r2-main/proofs/fresh-02/byte-ledger.json
R2-C0,fresh-02,a,abi,alignment,26,research/r2/baseline/outputs/r2-main/proofs/fresh-02/byte-ledger.json
R2-C0,fresh-02,a,abi,dynamic_length,32,research/r2/baseline/outputs/r2-main/proofs/fresh-02/byte-ledger.json
R2-C0,fresh-02,a,abi,dynamic_offset,32,research/r2/baseline/outputs/r2-main/proofs/fresh-02/byte-ledger.json
R2-C0,fresh-02,a,abi,proof,101414,research/r2/baseline/outputs/r2-main/proofs/fresh-02/byte-ledger.json
R2-C0,fresh-02,a,abi,proof_identifier,0,research/r2/baseline/outputs/r2-main/proofs/fresh-02/byte-ledger.json
R2-C0,fresh-02,a,abi,selector,4,research/r2/baseline/outputs/r2-main/proofs/fresh-02/byte-ledger.json
R2-C0,fresh-02,a,abi,statement,224,research/r2/baseline/outputs/r2-main/proofs/fresh-02/byte-ledger.json
R2-C0,fresh-02,b,raw,checkpoint_challenges,192,research/r2/baseline/outputs/r2-main/proofs/fresh-02/byte-ledger.json
R2-C0,fresh-02,b,raw,checkpoint_identifiers,64,research/r2/baseline/outputs/r2-main/proofs/fresh-02/byte-ledger.json
R2-C0,fresh-02,b,raw,checkpoint_query_indices,260,research/r2/baseline/outputs/r2-main/proofs/fresh-02/byte-ledger.json
R2-C0,fresh-02,b,raw,checkpoint_transcript_state,64,research/r2/baseline/outputs/r2-main/proofs/fresh-02/byte-ledger.json
R2-C0,fresh-02,b,raw,commitment_quotient,64,research/r2/baseline/outputs/r2-main/proofs/fresh-02/byte-ledger.json
R2-C0,fresh-02,b,raw,commitment_random,64,research/r2/baseline/outputs/r2-main/proofs/fresh-02/byte-ledger.json
R2-C0,fresh-02,b,raw,commitment_trace,64,research/r2/baseline/outputs/r2-main/proofs/fresh-02/byte-ledger.json
R2-C0,fresh-02,b,raw,common_header,16,research/r2/baseline/outputs/r2-main/proofs/fresh-02/byte-ledger.json
R2-C0,fresh-02,b,raw,final_polynomial,16,research/r2/baseline/outputs/r2-main/proofs/fresh-02/byte-ledger.json
R2-C0,fresh-02,b,raw,fri_commitments,576,research/r2/baseline/outputs/r2-main/proofs/fresh-02/byte-ledger.json
R2-C0,fresh-02,b,raw,fri_grinding,36,research/r2/baseline/outputs/r2-main/proofs/fresh-02/byte-ledger.json
R2-C0,fresh-02,b,raw,fri_round_0_frontier,7104,research/r2/baseline/outputs/r2-main/proofs/fresh-02/byte-ledger.json
R2-C0,fresh-02,b,raw,fri_round_0_frontier_count,4,research/r2/baseline/outputs/r2-main/proofs/fresh-02/byte-ledger.json
R2-C0,fresh-02,b,raw,fri_round_0_salts,512,research/r2/baseline/outputs/r2-main/proofs/fresh-02/byte-ledger.json
R2-C0,fresh-02,b,raw,fri_round_0_values,256,research/r2/baseline/outputs/r2-main/proofs/fresh-02/byte-ledger.json
R2-C0,fresh-02,b,raw,fri_round_1_frontier,6080,research/r2/baseline/outputs/r2-main/proofs/fresh-02/byte-ledger.json
R2-C0,fresh-02,b,raw,fri_round_1_frontier_count,4,research/r2/baseline/outputs/r2-main/proofs/fresh-02/byte-ledger.json
R2-C0,fresh-02,b,raw,fri_round_1_salts,512,research/r2/baseline/outputs/r2-main/proofs/fresh-02/byte-ledger.json
R2-C0,fresh-02,b,raw,fri_round_1_values,256,research/r2/baseline/outputs/r2-main/proofs/fresh-02/byte-ledger.json
R2-C0,fresh-02,b,raw,fri_round_2_frontier,5056,research/r2/baseline/outputs/r2-main/proofs/fresh-02/byte-ledger.json
R2-C0,fresh-02,b,raw,fri_round_2_frontier_count,4,research/r2/baseline/outputs/r2-main/proofs/fresh-02/byte-ledger.json
R2-C0,fresh-02,b,raw,fri_round_2_salts,512,research/r2/baseline/outputs/r2-main/proofs/fresh-02/byte-ledger.json
R2-C0,fresh-02,b,raw,fri_round_2_values,256,research/r2/baseline/outputs/r2-main/proofs/fresh-02/byte-ledger.json
R2-C0,fresh-02,b,raw,fri_round_3_frontier,4032,research/r2/baseline/outputs/r2-main/proofs/fresh-02/byte-ledger.json
R2-C0,fresh-02,b,raw,fri_round_3_frontier_count,4,research/r2/baseline/outputs/r2-main/proofs/fresh-02/byte-ledger.json
R2-C0,fresh-02,b,raw,fri_round_3_salts,512,research/r2/baseline/outputs/r2-main/proofs/fresh-02/byte-ledger.json
R2-C0,fresh-02,b,raw,fri_round_3_values,256,research/r2/baseline/outputs/r2-main/proofs/fresh-02/byte-ledger.json
R2-C0,fresh-02,b,raw,fri_round_4_frontier,3136,research/r2/baseline/outputs/r2-main/proofs/fresh-02/byte-ledger.json
R2-C0,fresh-02,b,raw,fri_round_4_frontier_count,4,research/r2/baseline/outputs/r2-main/proofs/fresh-02/byte-ledger.json
R2-C0,fresh-02,b,raw,fri_round_4_salts,512,research/r2/baseline/outputs/r2-main/proofs/fresh-02/byte-ledger.json
R2-C0,fresh-02,b,raw,fri_round_4_values,256,research/r2/baseline/outputs/r2-main/proofs/fresh-02/byte-ledger.json
R2-C0,fresh-02,b,raw,fri_round_5_frontier,2176,research/r2/baseline/outputs/r2-main/proofs/fresh-02/byte-ledger.json
R2-C0,fresh-02,b,raw,fri_round_5_frontier_count,4,research/r2/baseline/outputs/r2-main/proofs/fresh-02/byte-ledger.json
R2-C0,fresh-02,b,raw,fri_round_5_salts,512,research/r2/baseline/outputs/r2-main/proofs/fresh-02/byte-ledger.json
R2-C0,fresh-02,b,raw,fri_round_5_values,256,research/r2/baseline/outputs/r2-main/proofs/fresh-02/byte-ledger.json
R2-C0,fresh-02,b,raw,fri_round_6_frontier,1216,research/r2/baseline/outputs/r2-main/proofs/fresh-02/byte-ledger.json
R2-C0,fresh-02,b,raw,fri_round_6_frontier_count,4,research/r2/baseline/outputs/r2-main/proofs/fresh-02/byte-ledger.json
R2-C0,fresh-02,b,raw,fri_round_6_salts,512,research/r2/baseline/outputs/r2-main/proofs/fresh-02/byte-ledger.json
R2-C0,fresh-02,b,raw,fri_round_6_values,256,research/r2/baseline/outputs/r2-main/proofs/fresh-02/byte-ledger.json
R2-C0,fresh-02,b,raw,fri_round_7_frontier,768,research/r2/baseline/outputs/r2-main/proofs/fresh-02/byte-ledger.json
R2-C0,fresh-02,b,raw,fri_round_7_frontier_count,4,research/r2/baseline/outputs/r2-main/proofs/fresh-02/byte-ledger.json
R2-C0,fresh-02,b,raw,fri_round_7_salts,512,research/r2/baseline/outputs/r2-main/proofs/fresh-02/byte-ledger.json
R2-C0,fresh-02,b,raw,fri_round_7_values,256,research/r2/baseline/outputs/r2-main/proofs/fresh-02/byte-ledger.json
R2-C0,fresh-02,b,raw,fri_round_8_frontier,320,research/r2/baseline/outputs/r2-main/proofs/fresh-02/byte-ledger.json
R2-C0,fresh-02,b,raw,fri_round_8_frontier_count,4,research/r2/baseline/outputs/r2-main/proofs/fresh-02/byte-ledger.json
R2-C0,fresh-02,b,raw,fri_round_8_salts,512,research/r2/baseline/outputs/r2-main/proofs/fresh-02/byte-ledger.json
R2-C0,fresh-02,b,raw,fri_round_8_values,256,research/r2/baseline/outputs/r2-main/proofs/fresh-02/byte-ledger.json
R2-C0,fresh-02,b,raw,global_digest,32,research/r2/baseline/outputs/r2-main/proofs/fresh-02/byte-ledger.json
R2-C0,fresh-02,b,raw,half_query_indices,68,research/r2/baseline/outputs/r2-main/proofs/fresh-02/byte-ledger.json
R2-C0,fresh-02,b,raw,hiding_mask_openings,1216,research/r2/baseline/outputs/r2-main/proofs/fresh-02/byte-ledger.json
R2-C0,fresh-02,b,raw,initial_batch_0_frontier,8128,research/r2/baseline/outputs/r2-main/proofs/fresh-02/byte-ledger.json
R2-C0,fresh-02,b,raw,initial_batch_0_frontier_count,4,research/r2/baseline/outputs/r2-main/proofs/fresh-02/byte-ledger.json
R2-C0,fresh-02,b,raw,initial_batch_0_row_masks,256,research/r2/baseline/outputs/r2-main/proofs/fresh-02/byte-ledger.json
R2-C0,fresh-02,b,raw,initial_batch_0_rows,256,research/r2/baseline/outputs/r2-main/proofs/fresh-02/byte-ledger.json
R2-C0,fresh-02,b,raw,initial_batch_0_salts,512,research/r2/baseline/outputs/r2-main/proofs/fresh-02/byte-ledger.json
R2-C0,fresh-02,b,raw,initial_batch_1_frontier,8128,research/r2/baseline/outputs/r2-main/proofs/fresh-02/byte-ledger.json
R2-C0,fresh-02,b,raw,initial_batch_1_frontier_count,4,research/r2/baseline/outputs/r2-main/proofs/fresh-02/byte-ledger.json
R2-C0,fresh-02,b,raw,initial_batch_1_row_masks,256,research/r2/baseline/outputs/r2-main/proofs/fresh-02/byte-ledger.json
R2-C0,fresh-02,b,raw,initial_batch_1_rows,12160,research/r2/baseline/outputs/r2-main/proofs/fresh-02/byte-ledger.json
R2-C0,fresh-02,b,raw,initial_batch_1_salts,512,research/r2/baseline/outputs/r2-main/proofs/fresh-02/byte-ledger.json
R2-C0,fresh-02,b,raw,initial_batch_2_frontier,8128,research/r2/baseline/outputs/r2-main/proofs/fresh-02/byte-ledger.json
R2-C0,fresh-02,b,raw,initial_batch_2_frontier_count,4,research/r2/baseline/outputs/r2-main/proofs/fresh-02/byte-ledger.json
R2-C0,fresh-02,b,raw,initial_batch_2_row_masks,4096,research/r2/baseline/outputs/r2-main/proofs/fresh-02/byte-ledger.json
R2-C0,fresh-02,b,raw,initial_batch_2_rows,4096,research/r2/baseline/outputs/r2-main/proofs/fresh-02/byte-ledger.json
R2-C0,fresh-02,b,raw,initial_batch_2_salts,8192,research/r2/baseline/outputs/r2-main/proofs/fresh-02/byte-ledger.json
R2-C0,fresh-02,b,raw,ood_quotient,1024,research/r2/baseline/outputs/r2-main/proofs/fresh-02/byte-ledger.json
R2-C0,fresh-02,b,raw,ood_random,64,research/r2/baseline/outputs/r2-main/proofs/fresh-02/byte-ledger.json
R2-C0,fresh-02,b,raw,ood_trace_local,3040,research/r2/baseline/outputs/r2-main/proofs/fresh-02/byte-ledger.json
R2-C0,fresh-02,b,raw,ood_trace_next,3040,research/r2/baseline/outputs/r2-main/proofs/fresh-02/byte-ledger.json
R2-C0,fresh-02,b,raw,parameter_identifier,64,research/r2/baseline/outputs/r2-main/proofs/fresh-02/byte-ledger.json
R2-C0,fresh-02,b,raw,proof_identifier,32,research/r2/baseline/outputs/r2-main/proofs/fresh-02/byte-ledger.json
R2-C0,fresh-02,b,raw,public_header_length,2,research/r2/baseline/outputs/r2-main/proofs/fresh-02/byte-ledger.json
R2-C0,fresh-02,b,raw,public_statement_fields,256,research/r2/baseline/outputs/r2-main/proofs/fresh-02/byte-ledger.json
R2-C0,fresh-02,b,raw,query_grinding,4,research/r2/baseline/outputs/r2-main/proofs/fresh-02/byte-ledger.json
R2-C0,fresh-02,b,raw,terminator,4,research/r2/baseline/outputs/r2-main/proofs/fresh-02/byte-ledger.json
R2-C0,fresh-02,b,abi,alignment,26,research/r2/baseline/outputs/r2-main/proofs/fresh-02/byte-ledger.json
R2-C0,fresh-02,b,abi,dynamic_length,32,research/r2/baseline/outputs/r2-main/proofs/fresh-02/byte-ledger.json
R2-C0,fresh-02,b,abi,dynamic_offset,32,research/r2/baseline/outputs/r2-main/proofs/fresh-02/byte-ledger.json
R2-C0,fresh-02,b,abi,proof,101830,research/r2/baseline/outputs/r2-main/proofs/fresh-02/byte-ledger.json
R2-C0,fresh-02,b,abi,proof_identifier,32,research/r2/baseline/outputs/r2-main/proofs/fresh-02/byte-ledger.json
R2-C0,fresh-02,b,abi,selector,4,research/r2/baseline/outputs/r2-main/proofs/fresh-02/byte-ledger.json
R2-C0,fresh-02,b,abi,statement,224,research/r2/baseline/outputs/r2-main/proofs/fresh-02/byte-ledger.json
R2-C0,fresh-03,a,raw,checkpoint_challenges,192,research/r2/baseline/outputs/r2-main/proofs/fresh-03/byte-ledger.json
R2-C0,fresh-03,a,raw,checkpoint_identifiers,64,research/r2/baseline/outputs/r2-main/proofs/fresh-03/byte-ledger.json
R2-C0,fresh-03,a,raw,checkpoint_query_indices,260,research/r2/baseline/outputs/r2-main/proofs/fresh-03/byte-ledger.json
R2-C0,fresh-03,a,raw,checkpoint_transcript_state,64,research/r2/baseline/outputs/r2-main/proofs/fresh-03/byte-ledger.json
R2-C0,fresh-03,a,raw,commitment_quotient,64,research/r2/baseline/outputs/r2-main/proofs/fresh-03/byte-ledger.json
R2-C0,fresh-03,a,raw,commitment_random,64,research/r2/baseline/outputs/r2-main/proofs/fresh-03/byte-ledger.json
R2-C0,fresh-03,a,raw,commitment_trace,64,research/r2/baseline/outputs/r2-main/proofs/fresh-03/byte-ledger.json
R2-C0,fresh-03,a,raw,common_header,16,research/r2/baseline/outputs/r2-main/proofs/fresh-03/byte-ledger.json
R2-C0,fresh-03,a,raw,final_polynomial,16,research/r2/baseline/outputs/r2-main/proofs/fresh-03/byte-ledger.json
R2-C0,fresh-03,a,raw,fri_commitments,576,research/r2/baseline/outputs/r2-main/proofs/fresh-03/byte-ledger.json
R2-C0,fresh-03,a,raw,fri_grinding,36,research/r2/baseline/outputs/r2-main/proofs/fresh-03/byte-ledger.json
R2-C0,fresh-03,a,raw,fri_round_0_frontier,7360,research/r2/baseline/outputs/r2-main/proofs/fresh-03/byte-ledger.json
R2-C0,fresh-03,a,raw,fri_round_0_frontier_count,4,research/r2/baseline/outputs/r2-main/proofs/fresh-03/byte-ledger.json
R2-C0,fresh-03,a,raw,fri_round_0_salts,512,research/r2/baseline/outputs/r2-main/proofs/fresh-03/byte-ledger.json
R2-C0,fresh-03,a,raw,fri_round_0_values,256,research/r2/baseline/outputs/r2-main/proofs/fresh-03/byte-ledger.json
R2-C0,fresh-03,a,raw,fri_round_1_frontier,6336,research/r2/baseline/outputs/r2-main/proofs/fresh-03/byte-ledger.json
R2-C0,fresh-03,a,raw,fri_round_1_frontier_count,4,research/r2/baseline/outputs/r2-main/proofs/fresh-03/byte-ledger.json
R2-C0,fresh-03,a,raw,fri_round_1_salts,512,research/r2/baseline/outputs/r2-main/proofs/fresh-03/byte-ledger.json
R2-C0,fresh-03,a,raw,fri_round_1_values,256,research/r2/baseline/outputs/r2-main/proofs/fresh-03/byte-ledger.json
R2-C0,fresh-03,a,raw,fri_round_2_frontier,5312,research/r2/baseline/outputs/r2-main/proofs/fresh-03/byte-ledger.json
R2-C0,fresh-03,a,raw,fri_round_2_frontier_count,4,research/r2/baseline/outputs/r2-main/proofs/fresh-03/byte-ledger.json
R2-C0,fresh-03,a,raw,fri_round_2_salts,512,research/r2/baseline/outputs/r2-main/proofs/fresh-03/byte-ledger.json
R2-C0,fresh-03,a,raw,fri_round_2_values,256,research/r2/baseline/outputs/r2-main/proofs/fresh-03/byte-ledger.json
R2-C0,fresh-03,a,raw,fri_round_3_frontier,4288,research/r2/baseline/outputs/r2-main/proofs/fresh-03/byte-ledger.json
R2-C0,fresh-03,a,raw,fri_round_3_frontier_count,4,research/r2/baseline/outputs/r2-main/proofs/fresh-03/byte-ledger.json
R2-C0,fresh-03,a,raw,fri_round_3_salts,512,research/r2/baseline/outputs/r2-main/proofs/fresh-03/byte-ledger.json
R2-C0,fresh-03,a,raw,fri_round_3_values,256,research/r2/baseline/outputs/r2-main/proofs/fresh-03/byte-ledger.json
R2-C0,fresh-03,a,raw,fri_round_4_frontier,3392,research/r2/baseline/outputs/r2-main/proofs/fresh-03/byte-ledger.json
R2-C0,fresh-03,a,raw,fri_round_4_frontier_count,4,research/r2/baseline/outputs/r2-main/proofs/fresh-03/byte-ledger.json
R2-C0,fresh-03,a,raw,fri_round_4_salts,512,research/r2/baseline/outputs/r2-main/proofs/fresh-03/byte-ledger.json
R2-C0,fresh-03,a,raw,fri_round_4_values,256,research/r2/baseline/outputs/r2-main/proofs/fresh-03/byte-ledger.json
R2-C0,fresh-03,a,raw,fri_round_5_frontier,2432,research/r2/baseline/outputs/r2-main/proofs/fresh-03/byte-ledger.json
R2-C0,fresh-03,a,raw,fri_round_5_frontier_count,4,research/r2/baseline/outputs/r2-main/proofs/fresh-03/byte-ledger.json
R2-C0,fresh-03,a,raw,fri_round_5_salts,512,research/r2/baseline/outputs/r2-main/proofs/fresh-03/byte-ledger.json
R2-C0,fresh-03,a,raw,fri_round_5_values,256,research/r2/baseline/outputs/r2-main/proofs/fresh-03/byte-ledger.json
R2-C0,fresh-03,a,raw,fri_round_6_frontier,1472,research/r2/baseline/outputs/r2-main/proofs/fresh-03/byte-ledger.json
R2-C0,fresh-03,a,raw,fri_round_6_frontier_count,4,research/r2/baseline/outputs/r2-main/proofs/fresh-03/byte-ledger.json
R2-C0,fresh-03,a,raw,fri_round_6_salts,512,research/r2/baseline/outputs/r2-main/proofs/fresh-03/byte-ledger.json
R2-C0,fresh-03,a,raw,fri_round_6_values,256,research/r2/baseline/outputs/r2-main/proofs/fresh-03/byte-ledger.json
R2-C0,fresh-03,a,raw,fri_round_7_frontier,640,research/r2/baseline/outputs/r2-main/proofs/fresh-03/byte-ledger.json
R2-C0,fresh-03,a,raw,fri_round_7_frontier_count,4,research/r2/baseline/outputs/r2-main/proofs/fresh-03/byte-ledger.json
R2-C0,fresh-03,a,raw,fri_round_7_salts,512,research/r2/baseline/outputs/r2-main/proofs/fresh-03/byte-ledger.json
R2-C0,fresh-03,a,raw,fri_round_7_values,256,research/r2/baseline/outputs/r2-main/proofs/fresh-03/byte-ledger.json
R2-C0,fresh-03,a,raw,fri_round_8_frontier,256,research/r2/baseline/outputs/r2-main/proofs/fresh-03/byte-ledger.json
R2-C0,fresh-03,a,raw,fri_round_8_frontier_count,4,research/r2/baseline/outputs/r2-main/proofs/fresh-03/byte-ledger.json
R2-C0,fresh-03,a,raw,fri_round_8_salts,512,research/r2/baseline/outputs/r2-main/proofs/fresh-03/byte-ledger.json
R2-C0,fresh-03,a,raw,fri_round_8_values,256,research/r2/baseline/outputs/r2-main/proofs/fresh-03/byte-ledger.json
R2-C0,fresh-03,a,raw,global_digest,32,research/r2/baseline/outputs/r2-main/proofs/fresh-03/byte-ledger.json
R2-C0,fresh-03,a,raw,half_query_indices,68,research/r2/baseline/outputs/r2-main/proofs/fresh-03/byte-ledger.json
R2-C0,fresh-03,a,raw,hiding_mask_openings,1216,research/r2/baseline/outputs/r2-main/proofs/fresh-03/byte-ledger.json
R2-C0,fresh-03,a,raw,initial_batch_0_frontier,8384,research/r2/baseline/outputs/r2-main/proofs/fresh-03/byte-ledger.json
R2-C0,fresh-03,a,raw,initial_batch_0_frontier_count,4,research/r2/baseline/outputs/r2-main/proofs/fresh-03/byte-ledger.json
R2-C0,fresh-03,a,raw,initial_batch_0_row_masks,256,research/r2/baseline/outputs/r2-main/proofs/fresh-03/byte-ledger.json
R2-C0,fresh-03,a,raw,initial_batch_0_rows,256,research/r2/baseline/outputs/r2-main/proofs/fresh-03/byte-ledger.json
R2-C0,fresh-03,a,raw,initial_batch_0_salts,512,research/r2/baseline/outputs/r2-main/proofs/fresh-03/byte-ledger.json
R2-C0,fresh-03,a,raw,initial_batch_1_frontier,8384,research/r2/baseline/outputs/r2-main/proofs/fresh-03/byte-ledger.json
R2-C0,fresh-03,a,raw,initial_batch_1_frontier_count,4,research/r2/baseline/outputs/r2-main/proofs/fresh-03/byte-ledger.json
R2-C0,fresh-03,a,raw,initial_batch_1_row_masks,256,research/r2/baseline/outputs/r2-main/proofs/fresh-03/byte-ledger.json
R2-C0,fresh-03,a,raw,initial_batch_1_rows,12160,research/r2/baseline/outputs/r2-main/proofs/fresh-03/byte-ledger.json
R2-C0,fresh-03,a,raw,initial_batch_1_salts,512,research/r2/baseline/outputs/r2-main/proofs/fresh-03/byte-ledger.json
R2-C0,fresh-03,a,raw,initial_batch_2_frontier,8384,research/r2/baseline/outputs/r2-main/proofs/fresh-03/byte-ledger.json
R2-C0,fresh-03,a,raw,initial_batch_2_frontier_count,4,research/r2/baseline/outputs/r2-main/proofs/fresh-03/byte-ledger.json
R2-C0,fresh-03,a,raw,initial_batch_2_row_masks,4096,research/r2/baseline/outputs/r2-main/proofs/fresh-03/byte-ledger.json
R2-C0,fresh-03,a,raw,initial_batch_2_rows,4096,research/r2/baseline/outputs/r2-main/proofs/fresh-03/byte-ledger.json
R2-C0,fresh-03,a,raw,initial_batch_2_salts,8192,research/r2/baseline/outputs/r2-main/proofs/fresh-03/byte-ledger.json
R2-C0,fresh-03,a,raw,ood_quotient,1024,research/r2/baseline/outputs/r2-main/proofs/fresh-03/byte-ledger.json
R2-C0,fresh-03,a,raw,ood_random,64,research/r2/baseline/outputs/r2-main/proofs/fresh-03/byte-ledger.json
R2-C0,fresh-03,a,raw,ood_trace_local,3040,research/r2/baseline/outputs/r2-main/proofs/fresh-03/byte-ledger.json
R2-C0,fresh-03,a,raw,ood_trace_next,3040,research/r2/baseline/outputs/r2-main/proofs/fresh-03/byte-ledger.json
R2-C0,fresh-03,a,raw,parameter_identifier,64,research/r2/baseline/outputs/r2-main/proofs/fresh-03/byte-ledger.json
R2-C0,fresh-03,a,raw,public_header_length,2,research/r2/baseline/outputs/r2-main/proofs/fresh-03/byte-ledger.json
R2-C0,fresh-03,a,raw,public_statement_fields,256,research/r2/baseline/outputs/r2-main/proofs/fresh-03/byte-ledger.json
R2-C0,fresh-03,a,raw,query_grinding,4,research/r2/baseline/outputs/r2-main/proofs/fresh-03/byte-ledger.json
R2-C0,fresh-03,a,raw,terminator,4,research/r2/baseline/outputs/r2-main/proofs/fresh-03/byte-ledger.json
R2-C0,fresh-03,a,abi,alignment,26,research/r2/baseline/outputs/r2-main/proofs/fresh-03/byte-ledger.json
R2-C0,fresh-03,a,abi,dynamic_length,32,research/r2/baseline/outputs/r2-main/proofs/fresh-03/byte-ledger.json
R2-C0,fresh-03,a,abi,dynamic_offset,32,research/r2/baseline/outputs/r2-main/proofs/fresh-03/byte-ledger.json
R2-C0,fresh-03,a,abi,proof,104166,research/r2/baseline/outputs/r2-main/proofs/fresh-03/byte-ledger.json
R2-C0,fresh-03,a,abi,proof_identifier,0,research/r2/baseline/outputs/r2-main/proofs/fresh-03/byte-ledger.json
R2-C0,fresh-03,a,abi,selector,4,research/r2/baseline/outputs/r2-main/proofs/fresh-03/byte-ledger.json
R2-C0,fresh-03,a,abi,statement,224,research/r2/baseline/outputs/r2-main/proofs/fresh-03/byte-ledger.json
R2-C0,fresh-03,b,raw,checkpoint_challenges,192,research/r2/baseline/outputs/r2-main/proofs/fresh-03/byte-ledger.json
R2-C0,fresh-03,b,raw,checkpoint_identifiers,64,research/r2/baseline/outputs/r2-main/proofs/fresh-03/byte-ledger.json
R2-C0,fresh-03,b,raw,checkpoint_query_indices,260,research/r2/baseline/outputs/r2-main/proofs/fresh-03/byte-ledger.json
R2-C0,fresh-03,b,raw,checkpoint_transcript_state,64,research/r2/baseline/outputs/r2-main/proofs/fresh-03/byte-ledger.json
R2-C0,fresh-03,b,raw,commitment_quotient,64,research/r2/baseline/outputs/r2-main/proofs/fresh-03/byte-ledger.json
R2-C0,fresh-03,b,raw,commitment_random,64,research/r2/baseline/outputs/r2-main/proofs/fresh-03/byte-ledger.json
R2-C0,fresh-03,b,raw,commitment_trace,64,research/r2/baseline/outputs/r2-main/proofs/fresh-03/byte-ledger.json
R2-C0,fresh-03,b,raw,common_header,16,research/r2/baseline/outputs/r2-main/proofs/fresh-03/byte-ledger.json
R2-C0,fresh-03,b,raw,final_polynomial,16,research/r2/baseline/outputs/r2-main/proofs/fresh-03/byte-ledger.json
R2-C0,fresh-03,b,raw,fri_commitments,576,research/r2/baseline/outputs/r2-main/proofs/fresh-03/byte-ledger.json
R2-C0,fresh-03,b,raw,fri_grinding,36,research/r2/baseline/outputs/r2-main/proofs/fresh-03/byte-ledger.json
R2-C0,fresh-03,b,raw,fri_round_0_frontier,7552,research/r2/baseline/outputs/r2-main/proofs/fresh-03/byte-ledger.json
R2-C0,fresh-03,b,raw,fri_round_0_frontier_count,4,research/r2/baseline/outputs/r2-main/proofs/fresh-03/byte-ledger.json
R2-C0,fresh-03,b,raw,fri_round_0_salts,512,research/r2/baseline/outputs/r2-main/proofs/fresh-03/byte-ledger.json
R2-C0,fresh-03,b,raw,fri_round_0_values,256,research/r2/baseline/outputs/r2-main/proofs/fresh-03/byte-ledger.json
R2-C0,fresh-03,b,raw,fri_round_1_frontier,6528,research/r2/baseline/outputs/r2-main/proofs/fresh-03/byte-ledger.json
R2-C0,fresh-03,b,raw,fri_round_1_frontier_count,4,research/r2/baseline/outputs/r2-main/proofs/fresh-03/byte-ledger.json
R2-C0,fresh-03,b,raw,fri_round_1_salts,512,research/r2/baseline/outputs/r2-main/proofs/fresh-03/byte-ledger.json
R2-C0,fresh-03,b,raw,fri_round_1_values,256,research/r2/baseline/outputs/r2-main/proofs/fresh-03/byte-ledger.json
R2-C0,fresh-03,b,raw,fri_round_2_frontier,5504,research/r2/baseline/outputs/r2-main/proofs/fresh-03/byte-ledger.json
R2-C0,fresh-03,b,raw,fri_round_2_frontier_count,4,research/r2/baseline/outputs/r2-main/proofs/fresh-03/byte-ledger.json
R2-C0,fresh-03,b,raw,fri_round_2_salts,512,research/r2/baseline/outputs/r2-main/proofs/fresh-03/byte-ledger.json
R2-C0,fresh-03,b,raw,fri_round_2_values,256,research/r2/baseline/outputs/r2-main/proofs/fresh-03/byte-ledger.json
R2-C0,fresh-03,b,raw,fri_round_3_frontier,4480,research/r2/baseline/outputs/r2-main/proofs/fresh-03/byte-ledger.json
R2-C0,fresh-03,b,raw,fri_round_3_frontier_count,4,research/r2/baseline/outputs/r2-main/proofs/fresh-03/byte-ledger.json
R2-C0,fresh-03,b,raw,fri_round_3_salts,512,research/r2/baseline/outputs/r2-main/proofs/fresh-03/byte-ledger.json
R2-C0,fresh-03,b,raw,fri_round_3_values,256,research/r2/baseline/outputs/r2-main/proofs/fresh-03/byte-ledger.json
R2-C0,fresh-03,b,raw,fri_round_4_frontier,3456,research/r2/baseline/outputs/r2-main/proofs/fresh-03/byte-ledger.json
R2-C0,fresh-03,b,raw,fri_round_4_frontier_count,4,research/r2/baseline/outputs/r2-main/proofs/fresh-03/byte-ledger.json
R2-C0,fresh-03,b,raw,fri_round_4_salts,512,research/r2/baseline/outputs/r2-main/proofs/fresh-03/byte-ledger.json
R2-C0,fresh-03,b,raw,fri_round_4_values,256,research/r2/baseline/outputs/r2-main/proofs/fresh-03/byte-ledger.json
R2-C0,fresh-03,b,raw,fri_round_5_frontier,2432,research/r2/baseline/outputs/r2-main/proofs/fresh-03/byte-ledger.json
R2-C0,fresh-03,b,raw,fri_round_5_frontier_count,4,research/r2/baseline/outputs/r2-main/proofs/fresh-03/byte-ledger.json
R2-C0,fresh-03,b,raw,fri_round_5_salts,512,research/r2/baseline/outputs/r2-main/proofs/fresh-03/byte-ledger.json
R2-C0,fresh-03,b,raw,fri_round_5_values,256,research/r2/baseline/outputs/r2-main/proofs/fresh-03/byte-ledger.json
R2-C0,fresh-03,b,raw,fri_round_6_frontier,1536,research/r2/baseline/outputs/r2-main/proofs/fresh-03/byte-ledger.json
R2-C0,fresh-03,b,raw,fri_round_6_frontier_count,4,research/r2/baseline/outputs/r2-main/proofs/fresh-03/byte-ledger.json
R2-C0,fresh-03,b,raw,fri_round_6_salts,512,research/r2/baseline/outputs/r2-main/proofs/fresh-03/byte-ledger.json
R2-C0,fresh-03,b,raw,fri_round_6_values,256,research/r2/baseline/outputs/r2-main/proofs/fresh-03/byte-ledger.json
R2-C0,fresh-03,b,raw,fri_round_7_frontier,832,research/r2/baseline/outputs/r2-main/proofs/fresh-03/byte-ledger.json
R2-C0,fresh-03,b,raw,fri_round_7_frontier_count,4,research/r2/baseline/outputs/r2-main/proofs/fresh-03/byte-ledger.json
R2-C0,fresh-03,b,raw,fri_round_7_salts,512,research/r2/baseline/outputs/r2-main/proofs/fresh-03/byte-ledger.json
R2-C0,fresh-03,b,raw,fri_round_7_values,256,research/r2/baseline/outputs/r2-main/proofs/fresh-03/byte-ledger.json
R2-C0,fresh-03,b,raw,fri_round_8_frontier,256,research/r2/baseline/outputs/r2-main/proofs/fresh-03/byte-ledger.json
R2-C0,fresh-03,b,raw,fri_round_8_frontier_count,4,research/r2/baseline/outputs/r2-main/proofs/fresh-03/byte-ledger.json
R2-C0,fresh-03,b,raw,fri_round_8_salts,512,research/r2/baseline/outputs/r2-main/proofs/fresh-03/byte-ledger.json
R2-C0,fresh-03,b,raw,fri_round_8_values,256,research/r2/baseline/outputs/r2-main/proofs/fresh-03/byte-ledger.json
R2-C0,fresh-03,b,raw,global_digest,32,research/r2/baseline/outputs/r2-main/proofs/fresh-03/byte-ledger.json
R2-C0,fresh-03,b,raw,half_query_indices,68,research/r2/baseline/outputs/r2-main/proofs/fresh-03/byte-ledger.json
R2-C0,fresh-03,b,raw,hiding_mask_openings,1216,research/r2/baseline/outputs/r2-main/proofs/fresh-03/byte-ledger.json
R2-C0,fresh-03,b,raw,initial_batch_0_frontier,8576,research/r2/baseline/outputs/r2-main/proofs/fresh-03/byte-ledger.json
R2-C0,fresh-03,b,raw,initial_batch_0_frontier_count,4,research/r2/baseline/outputs/r2-main/proofs/fresh-03/byte-ledger.json
R2-C0,fresh-03,b,raw,initial_batch_0_row_masks,256,research/r2/baseline/outputs/r2-main/proofs/fresh-03/byte-ledger.json
R2-C0,fresh-03,b,raw,initial_batch_0_rows,256,research/r2/baseline/outputs/r2-main/proofs/fresh-03/byte-ledger.json
R2-C0,fresh-03,b,raw,initial_batch_0_salts,512,research/r2/baseline/outputs/r2-main/proofs/fresh-03/byte-ledger.json
R2-C0,fresh-03,b,raw,initial_batch_1_frontier,8576,research/r2/baseline/outputs/r2-main/proofs/fresh-03/byte-ledger.json
R2-C0,fresh-03,b,raw,initial_batch_1_frontier_count,4,research/r2/baseline/outputs/r2-main/proofs/fresh-03/byte-ledger.json
R2-C0,fresh-03,b,raw,initial_batch_1_row_masks,256,research/r2/baseline/outputs/r2-main/proofs/fresh-03/byte-ledger.json
R2-C0,fresh-03,b,raw,initial_batch_1_rows,12160,research/r2/baseline/outputs/r2-main/proofs/fresh-03/byte-ledger.json
R2-C0,fresh-03,b,raw,initial_batch_1_salts,512,research/r2/baseline/outputs/r2-main/proofs/fresh-03/byte-ledger.json
R2-C0,fresh-03,b,raw,initial_batch_2_frontier,8576,research/r2/baseline/outputs/r2-main/proofs/fresh-03/byte-ledger.json
R2-C0,fresh-03,b,raw,initial_batch_2_frontier_count,4,research/r2/baseline/outputs/r2-main/proofs/fresh-03/byte-ledger.json
R2-C0,fresh-03,b,raw,initial_batch_2_row_masks,4096,research/r2/baseline/outputs/r2-main/proofs/fresh-03/byte-ledger.json
R2-C0,fresh-03,b,raw,initial_batch_2_rows,4096,research/r2/baseline/outputs/r2-main/proofs/fresh-03/byte-ledger.json
R2-C0,fresh-03,b,raw,initial_batch_2_salts,8192,research/r2/baseline/outputs/r2-main/proofs/fresh-03/byte-ledger.json
R2-C0,fresh-03,b,raw,ood_quotient,1024,research/r2/baseline/outputs/r2-main/proofs/fresh-03/byte-ledger.json
R2-C0,fresh-03,b,raw,ood_random,64,research/r2/baseline/outputs/r2-main/proofs/fresh-03/byte-ledger.json
R2-C0,fresh-03,b,raw,ood_trace_local,3040,research/r2/baseline/outputs/r2-main/proofs/fresh-03/byte-ledger.json
R2-C0,fresh-03,b,raw,ood_trace_next,3040,research/r2/baseline/outputs/r2-main/proofs/fresh-03/byte-ledger.json
R2-C0,fresh-03,b,raw,parameter_identifier,64,research/r2/baseline/outputs/r2-main/proofs/fresh-03/byte-ledger.json
R2-C0,fresh-03,b,raw,proof_identifier,32,research/r2/baseline/outputs/r2-main/proofs/fresh-03/byte-ledger.json
R2-C0,fresh-03,b,raw,public_header_length,2,research/r2/baseline/outputs/r2-main/proofs/fresh-03/byte-ledger.json
R2-C0,fresh-03,b,raw,public_statement_fields,256,research/r2/baseline/outputs/r2-main/proofs/fresh-03/byte-ledger.json
R2-C0,fresh-03,b,raw,query_grinding,4,research/r2/baseline/outputs/r2-main/proofs/fresh-03/byte-ledger.json
R2-C0,fresh-03,b,raw,terminator,4,research/r2/baseline/outputs/r2-main/proofs/fresh-03/byte-ledger.json
R2-C0,fresh-03,b,abi,alignment,26,research/r2/baseline/outputs/r2-main/proofs/fresh-03/byte-ledger.json
R2-C0,fresh-03,b,abi,dynamic_length,32,research/r2/baseline/outputs/r2-main/proofs/fresh-03/byte-ledger.json
R2-C0,fresh-03,b,abi,dynamic_offset,32,research/r2/baseline/outputs/r2-main/proofs/fresh-03/byte-ledger.json
R2-C0,fresh-03,b,abi,proof,105862,research/r2/baseline/outputs/r2-main/proofs/fresh-03/byte-ledger.json
R2-C0,fresh-03,b,abi,proof_identifier,32,research/r2/baseline/outputs/r2-main/proofs/fresh-03/byte-ledger.json
R2-C0,fresh-03,b,abi,selector,4,research/r2/baseline/outputs/r2-main/proofs/fresh-03/byte-ledger.json
R2-C0,fresh-03,b,abi,statement,224,research/r2/baseline/outputs/r2-main/proofs/fresh-03/byte-ledger.json
R2-C0,fresh-04,a,raw,checkpoint_challenges,192,research/r2/baseline/outputs/r2-main/proofs/fresh-04/byte-ledger.json
R2-C0,fresh-04,a,raw,checkpoint_identifiers,64,research/r2/baseline/outputs/r2-main/proofs/fresh-04/byte-ledger.json
R2-C0,fresh-04,a,raw,checkpoint_query_indices,260,research/r2/baseline/outputs/r2-main/proofs/fresh-04/byte-ledger.json
R2-C0,fresh-04,a,raw,checkpoint_transcript_state,64,research/r2/baseline/outputs/r2-main/proofs/fresh-04/byte-ledger.json
R2-C0,fresh-04,a,raw,commitment_quotient,64,research/r2/baseline/outputs/r2-main/proofs/fresh-04/byte-ledger.json
R2-C0,fresh-04,a,raw,commitment_random,64,research/r2/baseline/outputs/r2-main/proofs/fresh-04/byte-ledger.json
R2-C0,fresh-04,a,raw,commitment_trace,64,research/r2/baseline/outputs/r2-main/proofs/fresh-04/byte-ledger.json
R2-C0,fresh-04,a,raw,common_header,16,research/r2/baseline/outputs/r2-main/proofs/fresh-04/byte-ledger.json
R2-C0,fresh-04,a,raw,final_polynomial,16,research/r2/baseline/outputs/r2-main/proofs/fresh-04/byte-ledger.json
R2-C0,fresh-04,a,raw,fri_commitments,576,research/r2/baseline/outputs/r2-main/proofs/fresh-04/byte-ledger.json
R2-C0,fresh-04,a,raw,fri_grinding,36,research/r2/baseline/outputs/r2-main/proofs/fresh-04/byte-ledger.json
R2-C0,fresh-04,a,raw,fri_round_0_frontier,7424,research/r2/baseline/outputs/r2-main/proofs/fresh-04/byte-ledger.json
R2-C0,fresh-04,a,raw,fri_round_0_frontier_count,4,research/r2/baseline/outputs/r2-main/proofs/fresh-04/byte-ledger.json
R2-C0,fresh-04,a,raw,fri_round_0_salts,512,research/r2/baseline/outputs/r2-main/proofs/fresh-04/byte-ledger.json
R2-C0,fresh-04,a,raw,fri_round_0_values,256,research/r2/baseline/outputs/r2-main/proofs/fresh-04/byte-ledger.json
R2-C0,fresh-04,a,raw,fri_round_1_frontier,6400,research/r2/baseline/outputs/r2-main/proofs/fresh-04/byte-ledger.json
R2-C0,fresh-04,a,raw,fri_round_1_frontier_count,4,research/r2/baseline/outputs/r2-main/proofs/fresh-04/byte-ledger.json
R2-C0,fresh-04,a,raw,fri_round_1_salts,512,research/r2/baseline/outputs/r2-main/proofs/fresh-04/byte-ledger.json
R2-C0,fresh-04,a,raw,fri_round_1_values,256,research/r2/baseline/outputs/r2-main/proofs/fresh-04/byte-ledger.json
R2-C0,fresh-04,a,raw,fri_round_2_frontier,5376,research/r2/baseline/outputs/r2-main/proofs/fresh-04/byte-ledger.json
R2-C0,fresh-04,a,raw,fri_round_2_frontier_count,4,research/r2/baseline/outputs/r2-main/proofs/fresh-04/byte-ledger.json
R2-C0,fresh-04,a,raw,fri_round_2_salts,512,research/r2/baseline/outputs/r2-main/proofs/fresh-04/byte-ledger.json
R2-C0,fresh-04,a,raw,fri_round_2_values,256,research/r2/baseline/outputs/r2-main/proofs/fresh-04/byte-ledger.json
R2-C0,fresh-04,a,raw,fri_round_3_frontier,4352,research/r2/baseline/outputs/r2-main/proofs/fresh-04/byte-ledger.json
R2-C0,fresh-04,a,raw,fri_round_3_frontier_count,4,research/r2/baseline/outputs/r2-main/proofs/fresh-04/byte-ledger.json
R2-C0,fresh-04,a,raw,fri_round_3_salts,512,research/r2/baseline/outputs/r2-main/proofs/fresh-04/byte-ledger.json
R2-C0,fresh-04,a,raw,fri_round_3_values,256,research/r2/baseline/outputs/r2-main/proofs/fresh-04/byte-ledger.json
R2-C0,fresh-04,a,raw,fri_round_4_frontier,3328,research/r2/baseline/outputs/r2-main/proofs/fresh-04/byte-ledger.json
R2-C0,fresh-04,a,raw,fri_round_4_frontier_count,4,research/r2/baseline/outputs/r2-main/proofs/fresh-04/byte-ledger.json
R2-C0,fresh-04,a,raw,fri_round_4_salts,512,research/r2/baseline/outputs/r2-main/proofs/fresh-04/byte-ledger.json
R2-C0,fresh-04,a,raw,fri_round_4_values,256,research/r2/baseline/outputs/r2-main/proofs/fresh-04/byte-ledger.json
R2-C0,fresh-04,a,raw,fri_round_5_frontier,2432,research/r2/baseline/outputs/r2-main/proofs/fresh-04/byte-ledger.json
R2-C0,fresh-04,a,raw,fri_round_5_frontier_count,4,research/r2/baseline/outputs/r2-main/proofs/fresh-04/byte-ledger.json
R2-C0,fresh-04,a,raw,fri_round_5_salts,512,research/r2/baseline/outputs/r2-main/proofs/fresh-04/byte-ledger.json
R2-C0,fresh-04,a,raw,fri_round_5_values,256,research/r2/baseline/outputs/r2-main/proofs/fresh-04/byte-ledger.json
R2-C0,fresh-04,a,raw,fri_round_6_frontier,1600,research/r2/baseline/outputs/r2-main/proofs/fresh-04/byte-ledger.json
R2-C0,fresh-04,a,raw,fri_round_6_frontier_count,4,research/r2/baseline/outputs/r2-main/proofs/fresh-04/byte-ledger.json
R2-C0,fresh-04,a,raw,fri_round_6_salts,512,research/r2/baseline/outputs/r2-main/proofs/fresh-04/byte-ledger.json
R2-C0,fresh-04,a,raw,fri_round_6_values,256,research/r2/baseline/outputs/r2-main/proofs/fresh-04/byte-ledger.json
R2-C0,fresh-04,a,raw,fri_round_7_frontier,832,research/r2/baseline/outputs/r2-main/proofs/fresh-04/byte-ledger.json
R2-C0,fresh-04,a,raw,fri_round_7_frontier_count,4,research/r2/baseline/outputs/r2-main/proofs/fresh-04/byte-ledger.json
R2-C0,fresh-04,a,raw,fri_round_7_salts,512,research/r2/baseline/outputs/r2-main/proofs/fresh-04/byte-ledger.json
R2-C0,fresh-04,a,raw,fri_round_7_values,256,research/r2/baseline/outputs/r2-main/proofs/fresh-04/byte-ledger.json
R2-C0,fresh-04,a,raw,fri_round_8_frontier,384,research/r2/baseline/outputs/r2-main/proofs/fresh-04/byte-ledger.json
R2-C0,fresh-04,a,raw,fri_round_8_frontier_count,4,research/r2/baseline/outputs/r2-main/proofs/fresh-04/byte-ledger.json
R2-C0,fresh-04,a,raw,fri_round_8_salts,512,research/r2/baseline/outputs/r2-main/proofs/fresh-04/byte-ledger.json
R2-C0,fresh-04,a,raw,fri_round_8_values,256,research/r2/baseline/outputs/r2-main/proofs/fresh-04/byte-ledger.json
R2-C0,fresh-04,a,raw,global_digest,32,research/r2/baseline/outputs/r2-main/proofs/fresh-04/byte-ledger.json
R2-C0,fresh-04,a,raw,half_query_indices,68,research/r2/baseline/outputs/r2-main/proofs/fresh-04/byte-ledger.json
R2-C0,fresh-04,a,raw,hiding_mask_openings,1216,research/r2/baseline/outputs/r2-main/proofs/fresh-04/byte-ledger.json
R2-C0,fresh-04,a,raw,initial_batch_0_frontier,8448,research/r2/baseline/outputs/r2-main/proofs/fresh-04/byte-ledger.json
R2-C0,fresh-04,a,raw,initial_batch_0_frontier_count,4,research/r2/baseline/outputs/r2-main/proofs/fresh-04/byte-ledger.json
R2-C0,fresh-04,a,raw,initial_batch_0_row_masks,256,research/r2/baseline/outputs/r2-main/proofs/fresh-04/byte-ledger.json
R2-C0,fresh-04,a,raw,initial_batch_0_rows,256,research/r2/baseline/outputs/r2-main/proofs/fresh-04/byte-ledger.json
R2-C0,fresh-04,a,raw,initial_batch_0_salts,512,research/r2/baseline/outputs/r2-main/proofs/fresh-04/byte-ledger.json
R2-C0,fresh-04,a,raw,initial_batch_1_frontier,8448,research/r2/baseline/outputs/r2-main/proofs/fresh-04/byte-ledger.json
R2-C0,fresh-04,a,raw,initial_batch_1_frontier_count,4,research/r2/baseline/outputs/r2-main/proofs/fresh-04/byte-ledger.json
R2-C0,fresh-04,a,raw,initial_batch_1_row_masks,256,research/r2/baseline/outputs/r2-main/proofs/fresh-04/byte-ledger.json
R2-C0,fresh-04,a,raw,initial_batch_1_rows,12160,research/r2/baseline/outputs/r2-main/proofs/fresh-04/byte-ledger.json
R2-C0,fresh-04,a,raw,initial_batch_1_salts,512,research/r2/baseline/outputs/r2-main/proofs/fresh-04/byte-ledger.json
R2-C0,fresh-04,a,raw,initial_batch_2_frontier,8448,research/r2/baseline/outputs/r2-main/proofs/fresh-04/byte-ledger.json
R2-C0,fresh-04,a,raw,initial_batch_2_frontier_count,4,research/r2/baseline/outputs/r2-main/proofs/fresh-04/byte-ledger.json
R2-C0,fresh-04,a,raw,initial_batch_2_row_masks,4096,research/r2/baseline/outputs/r2-main/proofs/fresh-04/byte-ledger.json
R2-C0,fresh-04,a,raw,initial_batch_2_rows,4096,research/r2/baseline/outputs/r2-main/proofs/fresh-04/byte-ledger.json
R2-C0,fresh-04,a,raw,initial_batch_2_salts,8192,research/r2/baseline/outputs/r2-main/proofs/fresh-04/byte-ledger.json
R2-C0,fresh-04,a,raw,ood_quotient,1024,research/r2/baseline/outputs/r2-main/proofs/fresh-04/byte-ledger.json
R2-C0,fresh-04,a,raw,ood_random,64,research/r2/baseline/outputs/r2-main/proofs/fresh-04/byte-ledger.json
R2-C0,fresh-04,a,raw,ood_trace_local,3040,research/r2/baseline/outputs/r2-main/proofs/fresh-04/byte-ledger.json
R2-C0,fresh-04,a,raw,ood_trace_next,3040,research/r2/baseline/outputs/r2-main/proofs/fresh-04/byte-ledger.json
R2-C0,fresh-04,a,raw,parameter_identifier,64,research/r2/baseline/outputs/r2-main/proofs/fresh-04/byte-ledger.json
R2-C0,fresh-04,a,raw,public_header_length,2,research/r2/baseline/outputs/r2-main/proofs/fresh-04/byte-ledger.json
R2-C0,fresh-04,a,raw,public_statement_fields,256,research/r2/baseline/outputs/r2-main/proofs/fresh-04/byte-ledger.json
R2-C0,fresh-04,a,raw,query_grinding,4,research/r2/baseline/outputs/r2-main/proofs/fresh-04/byte-ledger.json
R2-C0,fresh-04,a,raw,terminator,4,research/r2/baseline/outputs/r2-main/proofs/fresh-04/byte-ledger.json
R2-C0,fresh-04,a,abi,alignment,26,research/r2/baseline/outputs/r2-main/proofs/fresh-04/byte-ledger.json
R2-C0,fresh-04,a,abi,dynamic_length,32,research/r2/baseline/outputs/r2-main/proofs/fresh-04/byte-ledger.json
R2-C0,fresh-04,a,abi,dynamic_offset,32,research/r2/baseline/outputs/r2-main/proofs/fresh-04/byte-ledger.json
R2-C0,fresh-04,a,abi,proof,104998,research/r2/baseline/outputs/r2-main/proofs/fresh-04/byte-ledger.json
R2-C0,fresh-04,a,abi,proof_identifier,0,research/r2/baseline/outputs/r2-main/proofs/fresh-04/byte-ledger.json
R2-C0,fresh-04,a,abi,selector,4,research/r2/baseline/outputs/r2-main/proofs/fresh-04/byte-ledger.json
R2-C0,fresh-04,a,abi,statement,224,research/r2/baseline/outputs/r2-main/proofs/fresh-04/byte-ledger.json
R2-C0,fresh-04,b,raw,checkpoint_challenges,192,research/r2/baseline/outputs/r2-main/proofs/fresh-04/byte-ledger.json
R2-C0,fresh-04,b,raw,checkpoint_identifiers,64,research/r2/baseline/outputs/r2-main/proofs/fresh-04/byte-ledger.json
R2-C0,fresh-04,b,raw,checkpoint_query_indices,260,research/r2/baseline/outputs/r2-main/proofs/fresh-04/byte-ledger.json
R2-C0,fresh-04,b,raw,checkpoint_transcript_state,64,research/r2/baseline/outputs/r2-main/proofs/fresh-04/byte-ledger.json
R2-C0,fresh-04,b,raw,commitment_quotient,64,research/r2/baseline/outputs/r2-main/proofs/fresh-04/byte-ledger.json
R2-C0,fresh-04,b,raw,commitment_random,64,research/r2/baseline/outputs/r2-main/proofs/fresh-04/byte-ledger.json
R2-C0,fresh-04,b,raw,commitment_trace,64,research/r2/baseline/outputs/r2-main/proofs/fresh-04/byte-ledger.json
R2-C0,fresh-04,b,raw,common_header,16,research/r2/baseline/outputs/r2-main/proofs/fresh-04/byte-ledger.json
R2-C0,fresh-04,b,raw,final_polynomial,16,research/r2/baseline/outputs/r2-main/proofs/fresh-04/byte-ledger.json
R2-C0,fresh-04,b,raw,fri_commitments,576,research/r2/baseline/outputs/r2-main/proofs/fresh-04/byte-ledger.json
R2-C0,fresh-04,b,raw,fri_grinding,36,research/r2/baseline/outputs/r2-main/proofs/fresh-04/byte-ledger.json
R2-C0,fresh-04,b,raw,fri_round_0_frontier,7424,research/r2/baseline/outputs/r2-main/proofs/fresh-04/byte-ledger.json
R2-C0,fresh-04,b,raw,fri_round_0_frontier_count,4,research/r2/baseline/outputs/r2-main/proofs/fresh-04/byte-ledger.json
R2-C0,fresh-04,b,raw,fri_round_0_salts,512,research/r2/baseline/outputs/r2-main/proofs/fresh-04/byte-ledger.json
R2-C0,fresh-04,b,raw,fri_round_0_values,256,research/r2/baseline/outputs/r2-main/proofs/fresh-04/byte-ledger.json
R2-C0,fresh-04,b,raw,fri_round_1_frontier,6400,research/r2/baseline/outputs/r2-main/proofs/fresh-04/byte-ledger.json
R2-C0,fresh-04,b,raw,fri_round_1_frontier_count,4,research/r2/baseline/outputs/r2-main/proofs/fresh-04/byte-ledger.json
R2-C0,fresh-04,b,raw,fri_round_1_salts,512,research/r2/baseline/outputs/r2-main/proofs/fresh-04/byte-ledger.json
R2-C0,fresh-04,b,raw,fri_round_1_values,256,research/r2/baseline/outputs/r2-main/proofs/fresh-04/byte-ledger.json
R2-C0,fresh-04,b,raw,fri_round_2_frontier,5376,research/r2/baseline/outputs/r2-main/proofs/fresh-04/byte-ledger.json
R2-C0,fresh-04,b,raw,fri_round_2_frontier_count,4,research/r2/baseline/outputs/r2-main/proofs/fresh-04/byte-ledger.json
R2-C0,fresh-04,b,raw,fri_round_2_salts,512,research/r2/baseline/outputs/r2-main/proofs/fresh-04/byte-ledger.json
R2-C0,fresh-04,b,raw,fri_round_2_values,256,research/r2/baseline/outputs/r2-main/proofs/fresh-04/byte-ledger.json
R2-C0,fresh-04,b,raw,fri_round_3_frontier,4352,research/r2/baseline/outputs/r2-main/proofs/fresh-04/byte-ledger.json
R2-C0,fresh-04,b,raw,fri_round_3_frontier_count,4,research/r2/baseline/outputs/r2-main/proofs/fresh-04/byte-ledger.json
R2-C0,fresh-04,b,raw,fri_round_3_salts,512,research/r2/baseline/outputs/r2-main/proofs/fresh-04/byte-ledger.json
R2-C0,fresh-04,b,raw,fri_round_3_values,256,research/r2/baseline/outputs/r2-main/proofs/fresh-04/byte-ledger.json
R2-C0,fresh-04,b,raw,fri_round_4_frontier,3328,research/r2/baseline/outputs/r2-main/proofs/fresh-04/byte-ledger.json
R2-C0,fresh-04,b,raw,fri_round_4_frontier_count,4,research/r2/baseline/outputs/r2-main/proofs/fresh-04/byte-ledger.json
R2-C0,fresh-04,b,raw,fri_round_4_salts,512,research/r2/baseline/outputs/r2-main/proofs/fresh-04/byte-ledger.json
R2-C0,fresh-04,b,raw,fri_round_4_values,256,research/r2/baseline/outputs/r2-main/proofs/fresh-04/byte-ledger.json
R2-C0,fresh-04,b,raw,fri_round_5_frontier,2432,research/r2/baseline/outputs/r2-main/proofs/fresh-04/byte-ledger.json
R2-C0,fresh-04,b,raw,fri_round_5_frontier_count,4,research/r2/baseline/outputs/r2-main/proofs/fresh-04/byte-ledger.json
R2-C0,fresh-04,b,raw,fri_round_5_salts,512,research/r2/baseline/outputs/r2-main/proofs/fresh-04/byte-ledger.json
R2-C0,fresh-04,b,raw,fri_round_5_values,256,research/r2/baseline/outputs/r2-main/proofs/fresh-04/byte-ledger.json
R2-C0,fresh-04,b,raw,fri_round_6_frontier,1600,research/r2/baseline/outputs/r2-main/proofs/fresh-04/byte-ledger.json
R2-C0,fresh-04,b,raw,fri_round_6_frontier_count,4,research/r2/baseline/outputs/r2-main/proofs/fresh-04/byte-ledger.json
R2-C0,fresh-04,b,raw,fri_round_6_salts,512,research/r2/baseline/outputs/r2-main/proofs/fresh-04/byte-ledger.json
R2-C0,fresh-04,b,raw,fri_round_6_values,256,research/r2/baseline/outputs/r2-main/proofs/fresh-04/byte-ledger.json
R2-C0,fresh-04,b,raw,fri_round_7_frontier,960,research/r2/baseline/outputs/r2-main/proofs/fresh-04/byte-ledger.json
R2-C0,fresh-04,b,raw,fri_round_7_frontier_count,4,research/r2/baseline/outputs/r2-main/proofs/fresh-04/byte-ledger.json
R2-C0,fresh-04,b,raw,fri_round_7_salts,512,research/r2/baseline/outputs/r2-main/proofs/fresh-04/byte-ledger.json
R2-C0,fresh-04,b,raw,fri_round_7_values,256,research/r2/baseline/outputs/r2-main/proofs/fresh-04/byte-ledger.json
R2-C0,fresh-04,b,raw,fri_round_8_frontier,320,research/r2/baseline/outputs/r2-main/proofs/fresh-04/byte-ledger.json
R2-C0,fresh-04,b,raw,fri_round_8_frontier_count,4,research/r2/baseline/outputs/r2-main/proofs/fresh-04/byte-ledger.json
R2-C0,fresh-04,b,raw,fri_round_8_salts,512,research/r2/baseline/outputs/r2-main/proofs/fresh-04/byte-ledger.json
R2-C0,fresh-04,b,raw,fri_round_8_values,256,research/r2/baseline/outputs/r2-main/proofs/fresh-04/byte-ledger.json
R2-C0,fresh-04,b,raw,global_digest,32,research/r2/baseline/outputs/r2-main/proofs/fresh-04/byte-ledger.json
R2-C0,fresh-04,b,raw,half_query_indices,68,research/r2/baseline/outputs/r2-main/proofs/fresh-04/byte-ledger.json
R2-C0,fresh-04,b,raw,hiding_mask_openings,1216,research/r2/baseline/outputs/r2-main/proofs/fresh-04/byte-ledger.json
R2-C0,fresh-04,b,raw,initial_batch_0_frontier,8448,research/r2/baseline/outputs/r2-main/proofs/fresh-04/byte-ledger.json
R2-C0,fresh-04,b,raw,initial_batch_0_frontier_count,4,research/r2/baseline/outputs/r2-main/proofs/fresh-04/byte-ledger.json
R2-C0,fresh-04,b,raw,initial_batch_0_row_masks,256,research/r2/baseline/outputs/r2-main/proofs/fresh-04/byte-ledger.json
R2-C0,fresh-04,b,raw,initial_batch_0_rows,256,research/r2/baseline/outputs/r2-main/proofs/fresh-04/byte-ledger.json
R2-C0,fresh-04,b,raw,initial_batch_0_salts,512,research/r2/baseline/outputs/r2-main/proofs/fresh-04/byte-ledger.json
R2-C0,fresh-04,b,raw,initial_batch_1_frontier,8448,research/r2/baseline/outputs/r2-main/proofs/fresh-04/byte-ledger.json
R2-C0,fresh-04,b,raw,initial_batch_1_frontier_count,4,research/r2/baseline/outputs/r2-main/proofs/fresh-04/byte-ledger.json
R2-C0,fresh-04,b,raw,initial_batch_1_row_masks,256,research/r2/baseline/outputs/r2-main/proofs/fresh-04/byte-ledger.json
R2-C0,fresh-04,b,raw,initial_batch_1_rows,12160,research/r2/baseline/outputs/r2-main/proofs/fresh-04/byte-ledger.json
R2-C0,fresh-04,b,raw,initial_batch_1_salts,512,research/r2/baseline/outputs/r2-main/proofs/fresh-04/byte-ledger.json
R2-C0,fresh-04,b,raw,initial_batch_2_frontier,8448,research/r2/baseline/outputs/r2-main/proofs/fresh-04/byte-ledger.json
R2-C0,fresh-04,b,raw,initial_batch_2_frontier_count,4,research/r2/baseline/outputs/r2-main/proofs/fresh-04/byte-ledger.json
R2-C0,fresh-04,b,raw,initial_batch_2_row_masks,4096,research/r2/baseline/outputs/r2-main/proofs/fresh-04/byte-ledger.json
R2-C0,fresh-04,b,raw,initial_batch_2_rows,4096,research/r2/baseline/outputs/r2-main/proofs/fresh-04/byte-ledger.json
R2-C0,fresh-04,b,raw,initial_batch_2_salts,8192,research/r2/baseline/outputs/r2-main/proofs/fresh-04/byte-ledger.json
R2-C0,fresh-04,b,raw,ood_quotient,1024,research/r2/baseline/outputs/r2-main/proofs/fresh-04/byte-ledger.json
R2-C0,fresh-04,b,raw,ood_random,64,research/r2/baseline/outputs/r2-main/proofs/fresh-04/byte-ledger.json
R2-C0,fresh-04,b,raw,ood_trace_local,3040,research/r2/baseline/outputs/r2-main/proofs/fresh-04/byte-ledger.json
R2-C0,fresh-04,b,raw,ood_trace_next,3040,research/r2/baseline/outputs/r2-main/proofs/fresh-04/byte-ledger.json
R2-C0,fresh-04,b,raw,parameter_identifier,64,research/r2/baseline/outputs/r2-main/proofs/fresh-04/byte-ledger.json
R2-C0,fresh-04,b,raw,proof_identifier,32,research/r2/baseline/outputs/r2-main/proofs/fresh-04/byte-ledger.json
R2-C0,fresh-04,b,raw,public_header_length,2,research/r2/baseline/outputs/r2-main/proofs/fresh-04/byte-ledger.json
R2-C0,fresh-04,b,raw,public_statement_fields,256,research/r2/baseline/outputs/r2-main/proofs/fresh-04/byte-ledger.json
R2-C0,fresh-04,b,raw,query_grinding,4,research/r2/baseline/outputs/r2-main/proofs/fresh-04/byte-ledger.json
R2-C0,fresh-04,b,raw,terminator,4,research/r2/baseline/outputs/r2-main/proofs/fresh-04/byte-ledger.json
R2-C0,fresh-04,b,abi,alignment,26,research/r2/baseline/outputs/r2-main/proofs/fresh-04/byte-ledger.json
R2-C0,fresh-04,b,abi,dynamic_length,32,research/r2/baseline/outputs/r2-main/proofs/fresh-04/byte-ledger.json
R2-C0,fresh-04,b,abi,dynamic_offset,32,research/r2/baseline/outputs/r2-main/proofs/fresh-04/byte-ledger.json
R2-C0,fresh-04,b,abi,proof,105094,research/r2/baseline/outputs/r2-main/proofs/fresh-04/byte-ledger.json
R2-C0,fresh-04,b,abi,proof_identifier,32,research/r2/baseline/outputs/r2-main/proofs/fresh-04/byte-ledger.json
R2-C0,fresh-04,b,abi,selector,4,research/r2/baseline/outputs/r2-main/proofs/fresh-04/byte-ledger.json
R2-C0,fresh-04,b,abi,statement,224,research/r2/baseline/outputs/r2-main/proofs/fresh-04/byte-ledger.json
R2-C0,fresh-05,a,raw,checkpoint_challenges,192,research/r2/baseline/outputs/r2-main/proofs/fresh-05/byte-ledger.json
R2-C0,fresh-05,a,raw,checkpoint_identifiers,64,research/r2/baseline/outputs/r2-main/proofs/fresh-05/byte-ledger.json
R2-C0,fresh-05,a,raw,checkpoint_query_indices,260,research/r2/baseline/outputs/r2-main/proofs/fresh-05/byte-ledger.json
R2-C0,fresh-05,a,raw,checkpoint_transcript_state,64,research/r2/baseline/outputs/r2-main/proofs/fresh-05/byte-ledger.json
R2-C0,fresh-05,a,raw,commitment_quotient,64,research/r2/baseline/outputs/r2-main/proofs/fresh-05/byte-ledger.json
R2-C0,fresh-05,a,raw,commitment_random,64,research/r2/baseline/outputs/r2-main/proofs/fresh-05/byte-ledger.json
R2-C0,fresh-05,a,raw,commitment_trace,64,research/r2/baseline/outputs/r2-main/proofs/fresh-05/byte-ledger.json
R2-C0,fresh-05,a,raw,common_header,16,research/r2/baseline/outputs/r2-main/proofs/fresh-05/byte-ledger.json
R2-C0,fresh-05,a,raw,final_polynomial,16,research/r2/baseline/outputs/r2-main/proofs/fresh-05/byte-ledger.json
R2-C0,fresh-05,a,raw,fri_commitments,576,research/r2/baseline/outputs/r2-main/proofs/fresh-05/byte-ledger.json
R2-C0,fresh-05,a,raw,fri_grinding,36,research/r2/baseline/outputs/r2-main/proofs/fresh-05/byte-ledger.json
R2-C0,fresh-05,a,raw,fri_round_0_frontier,7552,research/r2/baseline/outputs/r2-main/proofs/fresh-05/byte-ledger.json
R2-C0,fresh-05,a,raw,fri_round_0_frontier_count,4,research/r2/baseline/outputs/r2-main/proofs/fresh-05/byte-ledger.json
R2-C0,fresh-05,a,raw,fri_round_0_salts,512,research/r2/baseline/outputs/r2-main/proofs/fresh-05/byte-ledger.json
R2-C0,fresh-05,a,raw,fri_round_0_values,256,research/r2/baseline/outputs/r2-main/proofs/fresh-05/byte-ledger.json
R2-C0,fresh-05,a,raw,fri_round_1_frontier,6528,research/r2/baseline/outputs/r2-main/proofs/fresh-05/byte-ledger.json
R2-C0,fresh-05,a,raw,fri_round_1_frontier_count,4,research/r2/baseline/outputs/r2-main/proofs/fresh-05/byte-ledger.json
R2-C0,fresh-05,a,raw,fri_round_1_salts,512,research/r2/baseline/outputs/r2-main/proofs/fresh-05/byte-ledger.json
R2-C0,fresh-05,a,raw,fri_round_1_values,256,research/r2/baseline/outputs/r2-main/proofs/fresh-05/byte-ledger.json
R2-C0,fresh-05,a,raw,fri_round_2_frontier,5504,research/r2/baseline/outputs/r2-main/proofs/fresh-05/byte-ledger.json
R2-C0,fresh-05,a,raw,fri_round_2_frontier_count,4,research/r2/baseline/outputs/r2-main/proofs/fresh-05/byte-ledger.json
R2-C0,fresh-05,a,raw,fri_round_2_salts,512,research/r2/baseline/outputs/r2-main/proofs/fresh-05/byte-ledger.json
R2-C0,fresh-05,a,raw,fri_round_2_values,256,research/r2/baseline/outputs/r2-main/proofs/fresh-05/byte-ledger.json
R2-C0,fresh-05,a,raw,fri_round_3_frontier,4480,research/r2/baseline/outputs/r2-main/proofs/fresh-05/byte-ledger.json
R2-C0,fresh-05,a,raw,fri_round_3_frontier_count,4,research/r2/baseline/outputs/r2-main/proofs/fresh-05/byte-ledger.json
R2-C0,fresh-05,a,raw,fri_round_3_salts,512,research/r2/baseline/outputs/r2-main/proofs/fresh-05/byte-ledger.json
R2-C0,fresh-05,a,raw,fri_round_3_values,256,research/r2/baseline/outputs/r2-main/proofs/fresh-05/byte-ledger.json
R2-C0,fresh-05,a,raw,fri_round_4_frontier,3456,research/r2/baseline/outputs/r2-main/proofs/fresh-05/byte-ledger.json
R2-C0,fresh-05,a,raw,fri_round_4_frontier_count,4,research/r2/baseline/outputs/r2-main/proofs/fresh-05/byte-ledger.json
R2-C0,fresh-05,a,raw,fri_round_4_salts,512,research/r2/baseline/outputs/r2-main/proofs/fresh-05/byte-ledger.json
R2-C0,fresh-05,a,raw,fri_round_4_values,256,research/r2/baseline/outputs/r2-main/proofs/fresh-05/byte-ledger.json
R2-C0,fresh-05,a,raw,fri_round_5_frontier,2432,research/r2/baseline/outputs/r2-main/proofs/fresh-05/byte-ledger.json
R2-C0,fresh-05,a,raw,fri_round_5_frontier_count,4,research/r2/baseline/outputs/r2-main/proofs/fresh-05/byte-ledger.json
R2-C0,fresh-05,a,raw,fri_round_5_salts,512,research/r2/baseline/outputs/r2-main/proofs/fresh-05/byte-ledger.json
R2-C0,fresh-05,a,raw,fri_round_5_values,256,research/r2/baseline/outputs/r2-main/proofs/fresh-05/byte-ledger.json
R2-C0,fresh-05,a,raw,fri_round_6_frontier,1408,research/r2/baseline/outputs/r2-main/proofs/fresh-05/byte-ledger.json
R2-C0,fresh-05,a,raw,fri_round_6_frontier_count,4,research/r2/baseline/outputs/r2-main/proofs/fresh-05/byte-ledger.json
R2-C0,fresh-05,a,raw,fri_round_6_salts,512,research/r2/baseline/outputs/r2-main/proofs/fresh-05/byte-ledger.json
R2-C0,fresh-05,a,raw,fri_round_6_values,256,research/r2/baseline/outputs/r2-main/proofs/fresh-05/byte-ledger.json
R2-C0,fresh-05,a,raw,fri_round_7_frontier,640,research/r2/baseline/outputs/r2-main/proofs/fresh-05/byte-ledger.json
R2-C0,fresh-05,a,raw,fri_round_7_frontier_count,4,research/r2/baseline/outputs/r2-main/proofs/fresh-05/byte-ledger.json
R2-C0,fresh-05,a,raw,fri_round_7_salts,512,research/r2/baseline/outputs/r2-main/proofs/fresh-05/byte-ledger.json
R2-C0,fresh-05,a,raw,fri_round_7_values,256,research/r2/baseline/outputs/r2-main/proofs/fresh-05/byte-ledger.json
R2-C0,fresh-05,a,raw,fri_round_8_frontier,384,research/r2/baseline/outputs/r2-main/proofs/fresh-05/byte-ledger.json
R2-C0,fresh-05,a,raw,fri_round_8_frontier_count,4,research/r2/baseline/outputs/r2-main/proofs/fresh-05/byte-ledger.json
R2-C0,fresh-05,a,raw,fri_round_8_salts,512,research/r2/baseline/outputs/r2-main/proofs/fresh-05/byte-ledger.json
R2-C0,fresh-05,a,raw,fri_round_8_values,256,research/r2/baseline/outputs/r2-main/proofs/fresh-05/byte-ledger.json
R2-C0,fresh-05,a,raw,global_digest,32,research/r2/baseline/outputs/r2-main/proofs/fresh-05/byte-ledger.json
R2-C0,fresh-05,a,raw,half_query_indices,68,research/r2/baseline/outputs/r2-main/proofs/fresh-05/byte-ledger.json
R2-C0,fresh-05,a,raw,hiding_mask_openings,1216,research/r2/baseline/outputs/r2-main/proofs/fresh-05/byte-ledger.json
R2-C0,fresh-05,a,raw,initial_batch_0_frontier,8576,research/r2/baseline/outputs/r2-main/proofs/fresh-05/byte-ledger.json
R2-C0,fresh-05,a,raw,initial_batch_0_frontier_count,4,research/r2/baseline/outputs/r2-main/proofs/fresh-05/byte-ledger.json
R2-C0,fresh-05,a,raw,initial_batch_0_row_masks,256,research/r2/baseline/outputs/r2-main/proofs/fresh-05/byte-ledger.json
R2-C0,fresh-05,a,raw,initial_batch_0_rows,256,research/r2/baseline/outputs/r2-main/proofs/fresh-05/byte-ledger.json
R2-C0,fresh-05,a,raw,initial_batch_0_salts,512,research/r2/baseline/outputs/r2-main/proofs/fresh-05/byte-ledger.json
R2-C0,fresh-05,a,raw,initial_batch_1_frontier,8576,research/r2/baseline/outputs/r2-main/proofs/fresh-05/byte-ledger.json
R2-C0,fresh-05,a,raw,initial_batch_1_frontier_count,4,research/r2/baseline/outputs/r2-main/proofs/fresh-05/byte-ledger.json
R2-C0,fresh-05,a,raw,initial_batch_1_row_masks,256,research/r2/baseline/outputs/r2-main/proofs/fresh-05/byte-ledger.json
R2-C0,fresh-05,a,raw,initial_batch_1_rows,12160,research/r2/baseline/outputs/r2-main/proofs/fresh-05/byte-ledger.json
R2-C0,fresh-05,a,raw,initial_batch_1_salts,512,research/r2/baseline/outputs/r2-main/proofs/fresh-05/byte-ledger.json
R2-C0,fresh-05,a,raw,initial_batch_2_frontier,8576,research/r2/baseline/outputs/r2-main/proofs/fresh-05/byte-ledger.json
R2-C0,fresh-05,a,raw,initial_batch_2_frontier_count,4,research/r2/baseline/outputs/r2-main/proofs/fresh-05/byte-ledger.json
R2-C0,fresh-05,a,raw,initial_batch_2_row_masks,4096,research/r2/baseline/outputs/r2-main/proofs/fresh-05/byte-ledger.json
R2-C0,fresh-05,a,raw,initial_batch_2_rows,4096,research/r2/baseline/outputs/r2-main/proofs/fresh-05/byte-ledger.json
R2-C0,fresh-05,a,raw,initial_batch_2_salts,8192,research/r2/baseline/outputs/r2-main/proofs/fresh-05/byte-ledger.json
R2-C0,fresh-05,a,raw,ood_quotient,1024,research/r2/baseline/outputs/r2-main/proofs/fresh-05/byte-ledger.json
R2-C0,fresh-05,a,raw,ood_random,64,research/r2/baseline/outputs/r2-main/proofs/fresh-05/byte-ledger.json
R2-C0,fresh-05,a,raw,ood_trace_local,3040,research/r2/baseline/outputs/r2-main/proofs/fresh-05/byte-ledger.json
R2-C0,fresh-05,a,raw,ood_trace_next,3040,research/r2/baseline/outputs/r2-main/proofs/fresh-05/byte-ledger.json
R2-C0,fresh-05,a,raw,parameter_identifier,64,research/r2/baseline/outputs/r2-main/proofs/fresh-05/byte-ledger.json
R2-C0,fresh-05,a,raw,public_header_length,2,research/r2/baseline/outputs/r2-main/proofs/fresh-05/byte-ledger.json
R2-C0,fresh-05,a,raw,public_statement_fields,256,research/r2/baseline/outputs/r2-main/proofs/fresh-05/byte-ledger.json
R2-C0,fresh-05,a,raw,query_grinding,4,research/r2/baseline/outputs/r2-main/proofs/fresh-05/byte-ledger.json
R2-C0,fresh-05,a,raw,terminator,4,research/r2/baseline/outputs/r2-main/proofs/fresh-05/byte-ledger.json
R2-C0,fresh-05,a,abi,alignment,26,research/r2/baseline/outputs/r2-main/proofs/fresh-05/byte-ledger.json
R2-C0,fresh-05,a,abi,dynamic_length,32,research/r2/baseline/outputs/r2-main/proofs/fresh-05/byte-ledger.json
R2-C0,fresh-05,a,abi,dynamic_offset,32,research/r2/baseline/outputs/r2-main/proofs/fresh-05/byte-ledger.json
R2-C0,fresh-05,a,abi,proof,105638,research/r2/baseline/outputs/r2-main/proofs/fresh-05/byte-ledger.json
R2-C0,fresh-05,a,abi,proof_identifier,0,research/r2/baseline/outputs/r2-main/proofs/fresh-05/byte-ledger.json
R2-C0,fresh-05,a,abi,selector,4,research/r2/baseline/outputs/r2-main/proofs/fresh-05/byte-ledger.json
R2-C0,fresh-05,a,abi,statement,224,research/r2/baseline/outputs/r2-main/proofs/fresh-05/byte-ledger.json
R2-C0,fresh-05,b,raw,checkpoint_challenges,192,research/r2/baseline/outputs/r2-main/proofs/fresh-05/byte-ledger.json
R2-C0,fresh-05,b,raw,checkpoint_identifiers,64,research/r2/baseline/outputs/r2-main/proofs/fresh-05/byte-ledger.json
R2-C0,fresh-05,b,raw,checkpoint_query_indices,260,research/r2/baseline/outputs/r2-main/proofs/fresh-05/byte-ledger.json
R2-C0,fresh-05,b,raw,checkpoint_transcript_state,64,research/r2/baseline/outputs/r2-main/proofs/fresh-05/byte-ledger.json
R2-C0,fresh-05,b,raw,commitment_quotient,64,research/r2/baseline/outputs/r2-main/proofs/fresh-05/byte-ledger.json
R2-C0,fresh-05,b,raw,commitment_random,64,research/r2/baseline/outputs/r2-main/proofs/fresh-05/byte-ledger.json
R2-C0,fresh-05,b,raw,commitment_trace,64,research/r2/baseline/outputs/r2-main/proofs/fresh-05/byte-ledger.json
R2-C0,fresh-05,b,raw,common_header,16,research/r2/baseline/outputs/r2-main/proofs/fresh-05/byte-ledger.json
R2-C0,fresh-05,b,raw,final_polynomial,16,research/r2/baseline/outputs/r2-main/proofs/fresh-05/byte-ledger.json
R2-C0,fresh-05,b,raw,fri_commitments,576,research/r2/baseline/outputs/r2-main/proofs/fresh-05/byte-ledger.json
R2-C0,fresh-05,b,raw,fri_grinding,36,research/r2/baseline/outputs/r2-main/proofs/fresh-05/byte-ledger.json
R2-C0,fresh-05,b,raw,fri_round_0_frontier,7488,research/r2/baseline/outputs/r2-main/proofs/fresh-05/byte-ledger.json
R2-C0,fresh-05,b,raw,fri_round_0_frontier_count,4,research/r2/baseline/outputs/r2-main/proofs/fresh-05/byte-ledger.json
R2-C0,fresh-05,b,raw,fri_round_0_salts,512,research/r2/baseline/outputs/r2-main/proofs/fresh-05/byte-ledger.json
R2-C0,fresh-05,b,raw,fri_round_0_values,256,research/r2/baseline/outputs/r2-main/proofs/fresh-05/byte-ledger.json
R2-C0,fresh-05,b,raw,fri_round_1_frontier,6464,research/r2/baseline/outputs/r2-main/proofs/fresh-05/byte-ledger.json
R2-C0,fresh-05,b,raw,fri_round_1_frontier_count,4,research/r2/baseline/outputs/r2-main/proofs/fresh-05/byte-ledger.json
R2-C0,fresh-05,b,raw,fri_round_1_salts,512,research/r2/baseline/outputs/r2-main/proofs/fresh-05/byte-ledger.json
R2-C0,fresh-05,b,raw,fri_round_1_values,256,research/r2/baseline/outputs/r2-main/proofs/fresh-05/byte-ledger.json
R2-C0,fresh-05,b,raw,fri_round_2_frontier,5440,research/r2/baseline/outputs/r2-main/proofs/fresh-05/byte-ledger.json
R2-C0,fresh-05,b,raw,fri_round_2_frontier_count,4,research/r2/baseline/outputs/r2-main/proofs/fresh-05/byte-ledger.json
R2-C0,fresh-05,b,raw,fri_round_2_salts,512,research/r2/baseline/outputs/r2-main/proofs/fresh-05/byte-ledger.json
R2-C0,fresh-05,b,raw,fri_round_2_values,256,research/r2/baseline/outputs/r2-main/proofs/fresh-05/byte-ledger.json
R2-C0,fresh-05,b,raw,fri_round_3_frontier,4416,research/r2/baseline/outputs/r2-main/proofs/fresh-05/byte-ledger.json
R2-C0,fresh-05,b,raw,fri_round_3_frontier_count,4,research/r2/baseline/outputs/r2-main/proofs/fresh-05/byte-ledger.json
R2-C0,fresh-05,b,raw,fri_round_3_salts,512,research/r2/baseline/outputs/r2-main/proofs/fresh-05/byte-ledger.json
R2-C0,fresh-05,b,raw,fri_round_3_values,256,research/r2/baseline/outputs/r2-main/proofs/fresh-05/byte-ledger.json
R2-C0,fresh-05,b,raw,fri_round_4_frontier,3392,research/r2/baseline/outputs/r2-main/proofs/fresh-05/byte-ledger.json
R2-C0,fresh-05,b,raw,fri_round_4_frontier_count,4,research/r2/baseline/outputs/r2-main/proofs/fresh-05/byte-ledger.json
R2-C0,fresh-05,b,raw,fri_round_4_salts,512,research/r2/baseline/outputs/r2-main/proofs/fresh-05/byte-ledger.json
R2-C0,fresh-05,b,raw,fri_round_4_values,256,research/r2/baseline/outputs/r2-main/proofs/fresh-05/byte-ledger.json
R2-C0,fresh-05,b,raw,fri_round_5_frontier,2368,research/r2/baseline/outputs/r2-main/proofs/fresh-05/byte-ledger.json
R2-C0,fresh-05,b,raw,fri_round_5_frontier_count,4,research/r2/baseline/outputs/r2-main/proofs/fresh-05/byte-ledger.json
R2-C0,fresh-05,b,raw,fri_round_5_salts,512,research/r2/baseline/outputs/r2-main/proofs/fresh-05/byte-ledger.json
R2-C0,fresh-05,b,raw,fri_round_5_values,256,research/r2/baseline/outputs/r2-main/proofs/fresh-05/byte-ledger.json
R2-C0,fresh-05,b,raw,fri_round_6_frontier,1600,research/r2/baseline/outputs/r2-main/proofs/fresh-05/byte-ledger.json
R2-C0,fresh-05,b,raw,fri_round_6_frontier_count,4,research/r2/baseline/outputs/r2-main/proofs/fresh-05/byte-ledger.json
R2-C0,fresh-05,b,raw,fri_round_6_salts,512,research/r2/baseline/outputs/r2-main/proofs/fresh-05/byte-ledger.json
R2-C0,fresh-05,b,raw,fri_round_6_values,256,research/r2/baseline/outputs/r2-main/proofs/fresh-05/byte-ledger.json
R2-C0,fresh-05,b,raw,fri_round_7_frontier,832,research/r2/baseline/outputs/r2-main/proofs/fresh-05/byte-ledger.json
R2-C0,fresh-05,b,raw,fri_round_7_frontier_count,4,research/r2/baseline/outputs/r2-main/proofs/fresh-05/byte-ledger.json
R2-C0,fresh-05,b,raw,fri_round_7_salts,512,research/r2/baseline/outputs/r2-main/proofs/fresh-05/byte-ledger.json
R2-C0,fresh-05,b,raw,fri_round_7_values,256,research/r2/baseline/outputs/r2-main/proofs/fresh-05/byte-ledger.json
R2-C0,fresh-05,b,raw,fri_round_8_frontier,256,research/r2/baseline/outputs/r2-main/proofs/fresh-05/byte-ledger.json
R2-C0,fresh-05,b,raw,fri_round_8_frontier_count,4,research/r2/baseline/outputs/r2-main/proofs/fresh-05/byte-ledger.json
R2-C0,fresh-05,b,raw,fri_round_8_salts,512,research/r2/baseline/outputs/r2-main/proofs/fresh-05/byte-ledger.json
R2-C0,fresh-05,b,raw,fri_round_8_values,256,research/r2/baseline/outputs/r2-main/proofs/fresh-05/byte-ledger.json
R2-C0,fresh-05,b,raw,global_digest,32,research/r2/baseline/outputs/r2-main/proofs/fresh-05/byte-ledger.json
R2-C0,fresh-05,b,raw,half_query_indices,68,research/r2/baseline/outputs/r2-main/proofs/fresh-05/byte-ledger.json
R2-C0,fresh-05,b,raw,hiding_mask_openings,1216,research/r2/baseline/outputs/r2-main/proofs/fresh-05/byte-ledger.json
R2-C0,fresh-05,b,raw,initial_batch_0_frontier,8512,research/r2/baseline/outputs/r2-main/proofs/fresh-05/byte-ledger.json
R2-C0,fresh-05,b,raw,initial_batch_0_frontier_count,4,research/r2/baseline/outputs/r2-main/proofs/fresh-05/byte-ledger.json
R2-C0,fresh-05,b,raw,initial_batch_0_row_masks,256,research/r2/baseline/outputs/r2-main/proofs/fresh-05/byte-ledger.json
R2-C0,fresh-05,b,raw,initial_batch_0_rows,256,research/r2/baseline/outputs/r2-main/proofs/fresh-05/byte-ledger.json
R2-C0,fresh-05,b,raw,initial_batch_0_salts,512,research/r2/baseline/outputs/r2-main/proofs/fresh-05/byte-ledger.json
R2-C0,fresh-05,b,raw,initial_batch_1_frontier,8512,research/r2/baseline/outputs/r2-main/proofs/fresh-05/byte-ledger.json
R2-C0,fresh-05,b,raw,initial_batch_1_frontier_count,4,research/r2/baseline/outputs/r2-main/proofs/fresh-05/byte-ledger.json
R2-C0,fresh-05,b,raw,initial_batch_1_row_masks,256,research/r2/baseline/outputs/r2-main/proofs/fresh-05/byte-ledger.json
R2-C0,fresh-05,b,raw,initial_batch_1_rows,12160,research/r2/baseline/outputs/r2-main/proofs/fresh-05/byte-ledger.json
R2-C0,fresh-05,b,raw,initial_batch_1_salts,512,research/r2/baseline/outputs/r2-main/proofs/fresh-05/byte-ledger.json
R2-C0,fresh-05,b,raw,initial_batch_2_frontier,8512,research/r2/baseline/outputs/r2-main/proofs/fresh-05/byte-ledger.json
R2-C0,fresh-05,b,raw,initial_batch_2_frontier_count,4,research/r2/baseline/outputs/r2-main/proofs/fresh-05/byte-ledger.json
R2-C0,fresh-05,b,raw,initial_batch_2_row_masks,4096,research/r2/baseline/outputs/r2-main/proofs/fresh-05/byte-ledger.json
R2-C0,fresh-05,b,raw,initial_batch_2_rows,4096,research/r2/baseline/outputs/r2-main/proofs/fresh-05/byte-ledger.json
R2-C0,fresh-05,b,raw,initial_batch_2_salts,8192,research/r2/baseline/outputs/r2-main/proofs/fresh-05/byte-ledger.json
R2-C0,fresh-05,b,raw,ood_quotient,1024,research/r2/baseline/outputs/r2-main/proofs/fresh-05/byte-ledger.json
R2-C0,fresh-05,b,raw,ood_random,64,research/r2/baseline/outputs/r2-main/proofs/fresh-05/byte-ledger.json
R2-C0,fresh-05,b,raw,ood_trace_local,3040,research/r2/baseline/outputs/r2-main/proofs/fresh-05/byte-ledger.json
R2-C0,fresh-05,b,raw,ood_trace_next,3040,research/r2/baseline/outputs/r2-main/proofs/fresh-05/byte-ledger.json
R2-C0,fresh-05,b,raw,parameter_identifier,64,research/r2/baseline/outputs/r2-main/proofs/fresh-05/byte-ledger.json
R2-C0,fresh-05,b,raw,proof_identifier,32,research/r2/baseline/outputs/r2-main/proofs/fresh-05/byte-ledger.json
R2-C0,fresh-05,b,raw,public_header_length,2,research/r2/baseline/outputs/r2-main/proofs/fresh-05/byte-ledger.json
R2-C0,fresh-05,b,raw,public_statement_fields,256,research/r2/baseline/outputs/r2-main/proofs/fresh-05/byte-ledger.json
R2-C0,fresh-05,b,raw,query_grinding,4,research/r2/baseline/outputs/r2-main/proofs/fresh-05/byte-ledger.json
R2-C0,fresh-05,b,raw,terminator,4,research/r2/baseline/outputs/r2-main/proofs/fresh-05/byte-ledger.json
R2-C0,fresh-05,b,abi,alignment,26,research/r2/baseline/outputs/r2-main/proofs/fresh-05/byte-ledger.json
R2-C0,fresh-05,b,abi,dynamic_length,32,research/r2/baseline/outputs/r2-main/proofs/fresh-05/byte-ledger.json
R2-C0,fresh-05,b,abi,dynamic_offset,32,research/r2/baseline/outputs/r2-main/proofs/fresh-05/byte-ledger.json
R2-C0,fresh-05,b,abi,proof,105350,research/r2/baseline/outputs/r2-main/proofs/fresh-05/byte-ledger.json
R2-C0,fresh-05,b,abi,proof_identifier,32,research/r2/baseline/outputs/r2-main/proofs/fresh-05/byte-ledger.json
R2-C0,fresh-05,b,abi,selector,4,research/r2/baseline/outputs/r2-main/proofs/fresh-05/byte-ledger.json
R2-C0,fresh-05,b,abi,statement,224,research/r2/baseline/outputs/r2-main/proofs/fresh-05/byte-ledger.json
R2-C0,fresh-06,a,raw,checkpoint_challenges,192,research/r2/baseline/outputs/r2-main/proofs/fresh-06/byte-ledger.json
R2-C0,fresh-06,a,raw,checkpoint_identifiers,64,research/r2/baseline/outputs/r2-main/proofs/fresh-06/byte-ledger.json
R2-C0,fresh-06,a,raw,checkpoint_query_indices,260,research/r2/baseline/outputs/r2-main/proofs/fresh-06/byte-ledger.json
R2-C0,fresh-06,a,raw,checkpoint_transcript_state,64,research/r2/baseline/outputs/r2-main/proofs/fresh-06/byte-ledger.json
R2-C0,fresh-06,a,raw,commitment_quotient,64,research/r2/baseline/outputs/r2-main/proofs/fresh-06/byte-ledger.json
R2-C0,fresh-06,a,raw,commitment_random,64,research/r2/baseline/outputs/r2-main/proofs/fresh-06/byte-ledger.json
R2-C0,fresh-06,a,raw,commitment_trace,64,research/r2/baseline/outputs/r2-main/proofs/fresh-06/byte-ledger.json
R2-C0,fresh-06,a,raw,common_header,16,research/r2/baseline/outputs/r2-main/proofs/fresh-06/byte-ledger.json
R2-C0,fresh-06,a,raw,final_polynomial,16,research/r2/baseline/outputs/r2-main/proofs/fresh-06/byte-ledger.json
R2-C0,fresh-06,a,raw,fri_commitments,576,research/r2/baseline/outputs/r2-main/proofs/fresh-06/byte-ledger.json
R2-C0,fresh-06,a,raw,fri_grinding,36,research/r2/baseline/outputs/r2-main/proofs/fresh-06/byte-ledger.json
R2-C0,fresh-06,a,raw,fri_round_0_frontier,7360,research/r2/baseline/outputs/r2-main/proofs/fresh-06/byte-ledger.json
R2-C0,fresh-06,a,raw,fri_round_0_frontier_count,4,research/r2/baseline/outputs/r2-main/proofs/fresh-06/byte-ledger.json
R2-C0,fresh-06,a,raw,fri_round_0_salts,512,research/r2/baseline/outputs/r2-main/proofs/fresh-06/byte-ledger.json
R2-C0,fresh-06,a,raw,fri_round_0_values,256,research/r2/baseline/outputs/r2-main/proofs/fresh-06/byte-ledger.json
R2-C0,fresh-06,a,raw,fri_round_1_frontier,6336,research/r2/baseline/outputs/r2-main/proofs/fresh-06/byte-ledger.json
R2-C0,fresh-06,a,raw,fri_round_1_frontier_count,4,research/r2/baseline/outputs/r2-main/proofs/fresh-06/byte-ledger.json
R2-C0,fresh-06,a,raw,fri_round_1_salts,512,research/r2/baseline/outputs/r2-main/proofs/fresh-06/byte-ledger.json
R2-C0,fresh-06,a,raw,fri_round_1_values,256,research/r2/baseline/outputs/r2-main/proofs/fresh-06/byte-ledger.json
R2-C0,fresh-06,a,raw,fri_round_2_frontier,5312,research/r2/baseline/outputs/r2-main/proofs/fresh-06/byte-ledger.json
R2-C0,fresh-06,a,raw,fri_round_2_frontier_count,4,research/r2/baseline/outputs/r2-main/proofs/fresh-06/byte-ledger.json
R2-C0,fresh-06,a,raw,fri_round_2_salts,512,research/r2/baseline/outputs/r2-main/proofs/fresh-06/byte-ledger.json
R2-C0,fresh-06,a,raw,fri_round_2_values,256,research/r2/baseline/outputs/r2-main/proofs/fresh-06/byte-ledger.json
R2-C0,fresh-06,a,raw,fri_round_3_frontier,4288,research/r2/baseline/outputs/r2-main/proofs/fresh-06/byte-ledger.json
R2-C0,fresh-06,a,raw,fri_round_3_frontier_count,4,research/r2/baseline/outputs/r2-main/proofs/fresh-06/byte-ledger.json
R2-C0,fresh-06,a,raw,fri_round_3_salts,512,research/r2/baseline/outputs/r2-main/proofs/fresh-06/byte-ledger.json
R2-C0,fresh-06,a,raw,fri_round_3_values,256,research/r2/baseline/outputs/r2-main/proofs/fresh-06/byte-ledger.json
R2-C0,fresh-06,a,raw,fri_round_4_frontier,3264,research/r2/baseline/outputs/r2-main/proofs/fresh-06/byte-ledger.json
R2-C0,fresh-06,a,raw,fri_round_4_frontier_count,4,research/r2/baseline/outputs/r2-main/proofs/fresh-06/byte-ledger.json
R2-C0,fresh-06,a,raw,fri_round_4_salts,512,research/r2/baseline/outputs/r2-main/proofs/fresh-06/byte-ledger.json
R2-C0,fresh-06,a,raw,fri_round_4_values,256,research/r2/baseline/outputs/r2-main/proofs/fresh-06/byte-ledger.json
R2-C0,fresh-06,a,raw,fri_round_5_frontier,2240,research/r2/baseline/outputs/r2-main/proofs/fresh-06/byte-ledger.json
R2-C0,fresh-06,a,raw,fri_round_5_frontier_count,4,research/r2/baseline/outputs/r2-main/proofs/fresh-06/byte-ledger.json
R2-C0,fresh-06,a,raw,fri_round_5_salts,512,research/r2/baseline/outputs/r2-main/proofs/fresh-06/byte-ledger.json
R2-C0,fresh-06,a,raw,fri_round_5_values,256,research/r2/baseline/outputs/r2-main/proofs/fresh-06/byte-ledger.json
R2-C0,fresh-06,a,raw,fri_round_6_frontier,1344,research/r2/baseline/outputs/r2-main/proofs/fresh-06/byte-ledger.json
R2-C0,fresh-06,a,raw,fri_round_6_frontier_count,4,research/r2/baseline/outputs/r2-main/proofs/fresh-06/byte-ledger.json
R2-C0,fresh-06,a,raw,fri_round_6_salts,512,research/r2/baseline/outputs/r2-main/proofs/fresh-06/byte-ledger.json
R2-C0,fresh-06,a,raw,fri_round_6_values,256,research/r2/baseline/outputs/r2-main/proofs/fresh-06/byte-ledger.json
R2-C0,fresh-06,a,raw,fri_round_7_frontier,640,research/r2/baseline/outputs/r2-main/proofs/fresh-06/byte-ledger.json
R2-C0,fresh-06,a,raw,fri_round_7_frontier_count,4,research/r2/baseline/outputs/r2-main/proofs/fresh-06/byte-ledger.json
R2-C0,fresh-06,a,raw,fri_round_7_salts,512,research/r2/baseline/outputs/r2-main/proofs/fresh-06/byte-ledger.json
R2-C0,fresh-06,a,raw,fri_round_7_values,256,research/r2/baseline/outputs/r2-main/proofs/fresh-06/byte-ledger.json
R2-C0,fresh-06,a,raw,fri_round_8_frontier,448,research/r2/baseline/outputs/r2-main/proofs/fresh-06/byte-ledger.json
R2-C0,fresh-06,a,raw,fri_round_8_frontier_count,4,research/r2/baseline/outputs/r2-main/proofs/fresh-06/byte-ledger.json
R2-C0,fresh-06,a,raw,fri_round_8_salts,512,research/r2/baseline/outputs/r2-main/proofs/fresh-06/byte-ledger.json
R2-C0,fresh-06,a,raw,fri_round_8_values,256,research/r2/baseline/outputs/r2-main/proofs/fresh-06/byte-ledger.json
R2-C0,fresh-06,a,raw,global_digest,32,research/r2/baseline/outputs/r2-main/proofs/fresh-06/byte-ledger.json
R2-C0,fresh-06,a,raw,half_query_indices,68,research/r2/baseline/outputs/r2-main/proofs/fresh-06/byte-ledger.json
R2-C0,fresh-06,a,raw,hiding_mask_openings,1216,research/r2/baseline/outputs/r2-main/proofs/fresh-06/byte-ledger.json
R2-C0,fresh-06,a,raw,initial_batch_0_frontier,8384,research/r2/baseline/outputs/r2-main/proofs/fresh-06/byte-ledger.json
R2-C0,fresh-06,a,raw,initial_batch_0_frontier_count,4,research/r2/baseline/outputs/r2-main/proofs/fresh-06/byte-ledger.json
R2-C0,fresh-06,a,raw,initial_batch_0_row_masks,256,research/r2/baseline/outputs/r2-main/proofs/fresh-06/byte-ledger.json
R2-C0,fresh-06,a,raw,initial_batch_0_rows,256,research/r2/baseline/outputs/r2-main/proofs/fresh-06/byte-ledger.json
R2-C0,fresh-06,a,raw,initial_batch_0_salts,512,research/r2/baseline/outputs/r2-main/proofs/fresh-06/byte-ledger.json
R2-C0,fresh-06,a,raw,initial_batch_1_frontier,8384,research/r2/baseline/outputs/r2-main/proofs/fresh-06/byte-ledger.json
R2-C0,fresh-06,a,raw,initial_batch_1_frontier_count,4,research/r2/baseline/outputs/r2-main/proofs/fresh-06/byte-ledger.json
R2-C0,fresh-06,a,raw,initial_batch_1_row_masks,256,research/r2/baseline/outputs/r2-main/proofs/fresh-06/byte-ledger.json
R2-C0,fresh-06,a,raw,initial_batch_1_rows,12160,research/r2/baseline/outputs/r2-main/proofs/fresh-06/byte-ledger.json
R2-C0,fresh-06,a,raw,initial_batch_1_salts,512,research/r2/baseline/outputs/r2-main/proofs/fresh-06/byte-ledger.json
R2-C0,fresh-06,a,raw,initial_batch_2_frontier,8384,research/r2/baseline/outputs/r2-main/proofs/fresh-06/byte-ledger.json
R2-C0,fresh-06,a,raw,initial_batch_2_frontier_count,4,research/r2/baseline/outputs/r2-main/proofs/fresh-06/byte-ledger.json
R2-C0,fresh-06,a,raw,initial_batch_2_row_masks,4096,research/r2/baseline/outputs/r2-main/proofs/fresh-06/byte-ledger.json
R2-C0,fresh-06,a,raw,initial_batch_2_rows,4096,research/r2/baseline/outputs/r2-main/proofs/fresh-06/byte-ledger.json
R2-C0,fresh-06,a,raw,initial_batch_2_salts,8192,research/r2/baseline/outputs/r2-main/proofs/fresh-06/byte-ledger.json
R2-C0,fresh-06,a,raw,ood_quotient,1024,research/r2/baseline/outputs/r2-main/proofs/fresh-06/byte-ledger.json
R2-C0,fresh-06,a,raw,ood_random,64,research/r2/baseline/outputs/r2-main/proofs/fresh-06/byte-ledger.json
R2-C0,fresh-06,a,raw,ood_trace_local,3040,research/r2/baseline/outputs/r2-main/proofs/fresh-06/byte-ledger.json
R2-C0,fresh-06,a,raw,ood_trace_next,3040,research/r2/baseline/outputs/r2-main/proofs/fresh-06/byte-ledger.json
R2-C0,fresh-06,a,raw,parameter_identifier,64,research/r2/baseline/outputs/r2-main/proofs/fresh-06/byte-ledger.json
R2-C0,fresh-06,a,raw,public_header_length,2,research/r2/baseline/outputs/r2-main/proofs/fresh-06/byte-ledger.json
R2-C0,fresh-06,a,raw,public_statement_fields,256,research/r2/baseline/outputs/r2-main/proofs/fresh-06/byte-ledger.json
R2-C0,fresh-06,a,raw,query_grinding,4,research/r2/baseline/outputs/r2-main/proofs/fresh-06/byte-ledger.json
R2-C0,fresh-06,a,raw,terminator,4,research/r2/baseline/outputs/r2-main/proofs/fresh-06/byte-ledger.json
R2-C0,fresh-06,a,abi,alignment,26,research/r2/baseline/outputs/r2-main/proofs/fresh-06/byte-ledger.json
R2-C0,fresh-06,a,abi,dynamic_length,32,research/r2/baseline/outputs/r2-main/proofs/fresh-06/byte-ledger.json
R2-C0,fresh-06,a,abi,dynamic_offset,32,research/r2/baseline/outputs/r2-main/proofs/fresh-06/byte-ledger.json
R2-C0,fresh-06,a,abi,proof,103910,research/r2/baseline/outputs/r2-main/proofs/fresh-06/byte-ledger.json
R2-C0,fresh-06,a,abi,proof_identifier,0,research/r2/baseline/outputs/r2-main/proofs/fresh-06/byte-ledger.json
R2-C0,fresh-06,a,abi,selector,4,research/r2/baseline/outputs/r2-main/proofs/fresh-06/byte-ledger.json
R2-C0,fresh-06,a,abi,statement,224,research/r2/baseline/outputs/r2-main/proofs/fresh-06/byte-ledger.json
R2-C0,fresh-06,b,raw,checkpoint_challenges,192,research/r2/baseline/outputs/r2-main/proofs/fresh-06/byte-ledger.json
R2-C0,fresh-06,b,raw,checkpoint_identifiers,64,research/r2/baseline/outputs/r2-main/proofs/fresh-06/byte-ledger.json
R2-C0,fresh-06,b,raw,checkpoint_query_indices,260,research/r2/baseline/outputs/r2-main/proofs/fresh-06/byte-ledger.json
R2-C0,fresh-06,b,raw,checkpoint_transcript_state,64,research/r2/baseline/outputs/r2-main/proofs/fresh-06/byte-ledger.json
R2-C0,fresh-06,b,raw,commitment_quotient,64,research/r2/baseline/outputs/r2-main/proofs/fresh-06/byte-ledger.json
R2-C0,fresh-06,b,raw,commitment_random,64,research/r2/baseline/outputs/r2-main/proofs/fresh-06/byte-ledger.json
R2-C0,fresh-06,b,raw,commitment_trace,64,research/r2/baseline/outputs/r2-main/proofs/fresh-06/byte-ledger.json
R2-C0,fresh-06,b,raw,common_header,16,research/r2/baseline/outputs/r2-main/proofs/fresh-06/byte-ledger.json
R2-C0,fresh-06,b,raw,final_polynomial,16,research/r2/baseline/outputs/r2-main/proofs/fresh-06/byte-ledger.json
R2-C0,fresh-06,b,raw,fri_commitments,576,research/r2/baseline/outputs/r2-main/proofs/fresh-06/byte-ledger.json
R2-C0,fresh-06,b,raw,fri_grinding,36,research/r2/baseline/outputs/r2-main/proofs/fresh-06/byte-ledger.json
R2-C0,fresh-06,b,raw,fri_round_0_frontier,7296,research/r2/baseline/outputs/r2-main/proofs/fresh-06/byte-ledger.json
R2-C0,fresh-06,b,raw,fri_round_0_frontier_count,4,research/r2/baseline/outputs/r2-main/proofs/fresh-06/byte-ledger.json
R2-C0,fresh-06,b,raw,fri_round_0_salts,512,research/r2/baseline/outputs/r2-main/proofs/fresh-06/byte-ledger.json
R2-C0,fresh-06,b,raw,fri_round_0_values,256,research/r2/baseline/outputs/r2-main/proofs/fresh-06/byte-ledger.json
R2-C0,fresh-06,b,raw,fri_round_1_frontier,6400,research/r2/baseline/outputs/r2-main/proofs/fresh-06/byte-ledger.json
R2-C0,fresh-06,b,raw,fri_round_1_frontier_count,4,research/r2/baseline/outputs/r2-main/proofs/fresh-06/byte-ledger.json
R2-C0,fresh-06,b,raw,fri_round_1_salts,512,research/r2/baseline/outputs/r2-main/proofs/fresh-06/byte-ledger.json
R2-C0,fresh-06,b,raw,fri_round_1_values,256,research/r2/baseline/outputs/r2-main/proofs/fresh-06/byte-ledger.json
R2-C0,fresh-06,b,raw,fri_round_2_frontier,5440,research/r2/baseline/outputs/r2-main/proofs/fresh-06/byte-ledger.json
R2-C0,fresh-06,b,raw,fri_round_2_frontier_count,4,research/r2/baseline/outputs/r2-main/proofs/fresh-06/byte-ledger.json
R2-C0,fresh-06,b,raw,fri_round_2_salts,512,research/r2/baseline/outputs/r2-main/proofs/fresh-06/byte-ledger.json
R2-C0,fresh-06,b,raw,fri_round_2_values,256,research/r2/baseline/outputs/r2-main/proofs/fresh-06/byte-ledger.json
R2-C0,fresh-06,b,raw,fri_round_3_frontier,4480,research/r2/baseline/outputs/r2-main/proofs/fresh-06/byte-ledger.json
R2-C0,fresh-06,b,raw,fri_round_3_frontier_count,4,research/r2/baseline/outputs/r2-main/proofs/fresh-06/byte-ledger.json
R2-C0,fresh-06,b,raw,fri_round_3_salts,512,research/r2/baseline/outputs/r2-main/proofs/fresh-06/byte-ledger.json
R2-C0,fresh-06,b,raw,fri_round_3_values,256,research/r2/baseline/outputs/r2-main/proofs/fresh-06/byte-ledger.json
R2-C0,fresh-06,b,raw,fri_round_4_frontier,3520,research/r2/baseline/outputs/r2-main/proofs/fresh-06/byte-ledger.json
R2-C0,fresh-06,b,raw,fri_round_4_frontier_count,4,research/r2/baseline/outputs/r2-main/proofs/fresh-06/byte-ledger.json
R2-C0,fresh-06,b,raw,fri_round_4_salts,512,research/r2/baseline/outputs/r2-main/proofs/fresh-06/byte-ledger.json
R2-C0,fresh-06,b,raw,fri_round_4_values,256,research/r2/baseline/outputs/r2-main/proofs/fresh-06/byte-ledger.json
R2-C0,fresh-06,b,raw,fri_round_5_frontier,2560,research/r2/baseline/outputs/r2-main/proofs/fresh-06/byte-ledger.json
R2-C0,fresh-06,b,raw,fri_round_5_frontier_count,4,research/r2/baseline/outputs/r2-main/proofs/fresh-06/byte-ledger.json
R2-C0,fresh-06,b,raw,fri_round_5_salts,512,research/r2/baseline/outputs/r2-main/proofs/fresh-06/byte-ledger.json
R2-C0,fresh-06,b,raw,fri_round_5_values,256,research/r2/baseline/outputs/r2-main/proofs/fresh-06/byte-ledger.json
R2-C0,fresh-06,b,raw,fri_round_6_frontier,1600,research/r2/baseline/outputs/r2-main/proofs/fresh-06/byte-ledger.json
R2-C0,fresh-06,b,raw,fri_round_6_frontier_count,4,research/r2/baseline/outputs/r2-main/proofs/fresh-06/byte-ledger.json
R2-C0,fresh-06,b,raw,fri_round_6_salts,512,research/r2/baseline/outputs/r2-main/proofs/fresh-06/byte-ledger.json
R2-C0,fresh-06,b,raw,fri_round_6_values,256,research/r2/baseline/outputs/r2-main/proofs/fresh-06/byte-ledger.json
R2-C0,fresh-06,b,raw,fri_round_7_frontier,896,research/r2/baseline/outputs/r2-main/proofs/fresh-06/byte-ledger.json
R2-C0,fresh-06,b,raw,fri_round_7_frontier_count,4,research/r2/baseline/outputs/r2-main/proofs/fresh-06/byte-ledger.json
R2-C0,fresh-06,b,raw,fri_round_7_salts,512,research/r2/baseline/outputs/r2-main/proofs/fresh-06/byte-ledger.json
R2-C0,fresh-06,b,raw,fri_round_7_values,256,research/r2/baseline/outputs/r2-main/proofs/fresh-06/byte-ledger.json
R2-C0,fresh-06,b,raw,fri_round_8_frontier,192,research/r2/baseline/outputs/r2-main/proofs/fresh-06/byte-ledger.json
R2-C0,fresh-06,b,raw,fri_round_8_frontier_count,4,research/r2/baseline/outputs/r2-main/proofs/fresh-06/byte-ledger.json
R2-C0,fresh-06,b,raw,fri_round_8_salts,512,research/r2/baseline/outputs/r2-main/proofs/fresh-06/byte-ledger.json
R2-C0,fresh-06,b,raw,fri_round_8_values,256,research/r2/baseline/outputs/r2-main/proofs/fresh-06/byte-ledger.json
R2-C0,fresh-06,b,raw,global_digest,32,research/r2/baseline/outputs/r2-main/proofs/fresh-06/byte-ledger.json
R2-C0,fresh-06,b,raw,half_query_indices,68,research/r2/baseline/outputs/r2-main/proofs/fresh-06/byte-ledger.json
R2-C0,fresh-06,b,raw,hiding_mask_openings,1216,research/r2/baseline/outputs/r2-main/proofs/fresh-06/byte-ledger.json
R2-C0,fresh-06,b,raw,initial_batch_0_frontier,8320,research/r2/baseline/outputs/r2-main/proofs/fresh-06/byte-ledger.json
R2-C0,fresh-06,b,raw,initial_batch_0_frontier_count,4,research/r2/baseline/outputs/r2-main/proofs/fresh-06/byte-ledger.json
R2-C0,fresh-06,b,raw,initial_batch_0_row_masks,256,research/r2/baseline/outputs/r2-main/proofs/fresh-06/byte-ledger.json
R2-C0,fresh-06,b,raw,initial_batch_0_rows,256,research/r2/baseline/outputs/r2-main/proofs/fresh-06/byte-ledger.json
R2-C0,fresh-06,b,raw,initial_batch_0_salts,512,research/r2/baseline/outputs/r2-main/proofs/fresh-06/byte-ledger.json
R2-C0,fresh-06,b,raw,initial_batch_1_frontier,8320,research/r2/baseline/outputs/r2-main/proofs/fresh-06/byte-ledger.json
R2-C0,fresh-06,b,raw,initial_batch_1_frontier_count,4,research/r2/baseline/outputs/r2-main/proofs/fresh-06/byte-ledger.json
R2-C0,fresh-06,b,raw,initial_batch_1_row_masks,256,research/r2/baseline/outputs/r2-main/proofs/fresh-06/byte-ledger.json
R2-C0,fresh-06,b,raw,initial_batch_1_rows,12160,research/r2/baseline/outputs/r2-main/proofs/fresh-06/byte-ledger.json
R2-C0,fresh-06,b,raw,initial_batch_1_salts,512,research/r2/baseline/outputs/r2-main/proofs/fresh-06/byte-ledger.json
R2-C0,fresh-06,b,raw,initial_batch_2_frontier,8320,research/r2/baseline/outputs/r2-main/proofs/fresh-06/byte-ledger.json
R2-C0,fresh-06,b,raw,initial_batch_2_frontier_count,4,research/r2/baseline/outputs/r2-main/proofs/fresh-06/byte-ledger.json
R2-C0,fresh-06,b,raw,initial_batch_2_row_masks,4096,research/r2/baseline/outputs/r2-main/proofs/fresh-06/byte-ledger.json
R2-C0,fresh-06,b,raw,initial_batch_2_rows,4096,research/r2/baseline/outputs/r2-main/proofs/fresh-06/byte-ledger.json
R2-C0,fresh-06,b,raw,initial_batch_2_salts,8192,research/r2/baseline/outputs/r2-main/proofs/fresh-06/byte-ledger.json
R2-C0,fresh-06,b,raw,ood_quotient,1024,research/r2/baseline/outputs/r2-main/proofs/fresh-06/byte-ledger.json
R2-C0,fresh-06,b,raw,ood_random,64,research/r2/baseline/outputs/r2-main/proofs/fresh-06/byte-ledger.json
R2-C0,fresh-06,b,raw,ood_trace_local,3040,research/r2/baseline/outputs/r2-main/proofs/fresh-06/byte-ledger.json
R2-C0,fresh-06,b,raw,ood_trace_next,3040,research/r2/baseline/outputs/r2-main/proofs/fresh-06/byte-ledger.json
R2-C0,fresh-06,b,raw,parameter_identifier,64,research/r2/baseline/outputs/r2-main/proofs/fresh-06/byte-ledger.json
R2-C0,fresh-06,b,raw,proof_identifier,32,research/r2/baseline/outputs/r2-main/proofs/fresh-06/byte-ledger.json
R2-C0,fresh-06,b,raw,public_header_length,2,research/r2/baseline/outputs/r2-main/proofs/fresh-06/byte-ledger.json
R2-C0,fresh-06,b,raw,public_statement_fields,256,research/r2/baseline/outputs/r2-main/proofs/fresh-06/byte-ledger.json
R2-C0,fresh-06,b,raw,query_grinding,4,research/r2/baseline/outputs/r2-main/proofs/fresh-06/byte-ledger.json
R2-C0,fresh-06,b,raw,terminator,4,research/r2/baseline/outputs/r2-main/proofs/fresh-06/byte-ledger.json
R2-C0,fresh-06,b,abi,alignment,26,research/r2/baseline/outputs/r2-main/proofs/fresh-06/byte-ledger.json
R2-C0,fresh-06,b,abi,dynamic_length,32,research/r2/baseline/outputs/r2-main/proofs/fresh-06/byte-ledger.json
R2-C0,fresh-06,b,abi,dynamic_offset,32,research/r2/baseline/outputs/r2-main/proofs/fresh-06/byte-ledger.json
R2-C0,fresh-06,b,abi,proof,104902,research/r2/baseline/outputs/r2-main/proofs/fresh-06/byte-ledger.json
R2-C0,fresh-06,b,abi,proof_identifier,32,research/r2/baseline/outputs/r2-main/proofs/fresh-06/byte-ledger.json
R2-C0,fresh-06,b,abi,selector,4,research/r2/baseline/outputs/r2-main/proofs/fresh-06/byte-ledger.json
R2-C0,fresh-06,b,abi,statement,224,research/r2/baseline/outputs/r2-main/proofs/fresh-06/byte-ledger.json
R2-C0,fresh-07,a,raw,checkpoint_challenges,192,research/r2/baseline/outputs/r2-main/proofs/fresh-07/byte-ledger.json
R2-C0,fresh-07,a,raw,checkpoint_identifiers,64,research/r2/baseline/outputs/r2-main/proofs/fresh-07/byte-ledger.json
R2-C0,fresh-07,a,raw,checkpoint_query_indices,260,research/r2/baseline/outputs/r2-main/proofs/fresh-07/byte-ledger.json
R2-C0,fresh-07,a,raw,checkpoint_transcript_state,64,research/r2/baseline/outputs/r2-main/proofs/fresh-07/byte-ledger.json
R2-C0,fresh-07,a,raw,commitment_quotient,64,research/r2/baseline/outputs/r2-main/proofs/fresh-07/byte-ledger.json
R2-C0,fresh-07,a,raw,commitment_random,64,research/r2/baseline/outputs/r2-main/proofs/fresh-07/byte-ledger.json
R2-C0,fresh-07,a,raw,commitment_trace,64,research/r2/baseline/outputs/r2-main/proofs/fresh-07/byte-ledger.json
R2-C0,fresh-07,a,raw,common_header,16,research/r2/baseline/outputs/r2-main/proofs/fresh-07/byte-ledger.json
R2-C0,fresh-07,a,raw,final_polynomial,16,research/r2/baseline/outputs/r2-main/proofs/fresh-07/byte-ledger.json
R2-C0,fresh-07,a,raw,fri_commitments,576,research/r2/baseline/outputs/r2-main/proofs/fresh-07/byte-ledger.json
R2-C0,fresh-07,a,raw,fri_grinding,36,research/r2/baseline/outputs/r2-main/proofs/fresh-07/byte-ledger.json
R2-C0,fresh-07,a,raw,fri_round_0_frontier,7232,research/r2/baseline/outputs/r2-main/proofs/fresh-07/byte-ledger.json
R2-C0,fresh-07,a,raw,fri_round_0_frontier_count,4,research/r2/baseline/outputs/r2-main/proofs/fresh-07/byte-ledger.json
R2-C0,fresh-07,a,raw,fri_round_0_salts,512,research/r2/baseline/outputs/r2-main/proofs/fresh-07/byte-ledger.json
R2-C0,fresh-07,a,raw,fri_round_0_values,256,research/r2/baseline/outputs/r2-main/proofs/fresh-07/byte-ledger.json
R2-C0,fresh-07,a,raw,fri_round_1_frontier,6208,research/r2/baseline/outputs/r2-main/proofs/fresh-07/byte-ledger.json
R2-C0,fresh-07,a,raw,fri_round_1_frontier_count,4,research/r2/baseline/outputs/r2-main/proofs/fresh-07/byte-ledger.json
R2-C0,fresh-07,a,raw,fri_round_1_salts,512,research/r2/baseline/outputs/r2-main/proofs/fresh-07/byte-ledger.json
R2-C0,fresh-07,a,raw,fri_round_1_values,256,research/r2/baseline/outputs/r2-main/proofs/fresh-07/byte-ledger.json
R2-C0,fresh-07,a,raw,fri_round_2_frontier,5184,research/r2/baseline/outputs/r2-main/proofs/fresh-07/byte-ledger.json
R2-C0,fresh-07,a,raw,fri_round_2_frontier_count,4,research/r2/baseline/outputs/r2-main/proofs/fresh-07/byte-ledger.json
R2-C0,fresh-07,a,raw,fri_round_2_salts,512,research/r2/baseline/outputs/r2-main/proofs/fresh-07/byte-ledger.json
R2-C0,fresh-07,a,raw,fri_round_2_values,256,research/r2/baseline/outputs/r2-main/proofs/fresh-07/byte-ledger.json
R2-C0,fresh-07,a,raw,fri_round_3_frontier,4160,research/r2/baseline/outputs/r2-main/proofs/fresh-07/byte-ledger.json
R2-C0,fresh-07,a,raw,fri_round_3_frontier_count,4,research/r2/baseline/outputs/r2-main/proofs/fresh-07/byte-ledger.json
R2-C0,fresh-07,a,raw,fri_round_3_salts,512,research/r2/baseline/outputs/r2-main/proofs/fresh-07/byte-ledger.json
R2-C0,fresh-07,a,raw,fri_round_3_values,256,research/r2/baseline/outputs/r2-main/proofs/fresh-07/byte-ledger.json
R2-C0,fresh-07,a,raw,fri_round_4_frontier,3136,research/r2/baseline/outputs/r2-main/proofs/fresh-07/byte-ledger.json
R2-C0,fresh-07,a,raw,fri_round_4_frontier_count,4,research/r2/baseline/outputs/r2-main/proofs/fresh-07/byte-ledger.json
R2-C0,fresh-07,a,raw,fri_round_4_salts,512,research/r2/baseline/outputs/r2-main/proofs/fresh-07/byte-ledger.json
R2-C0,fresh-07,a,raw,fri_round_4_values,256,research/r2/baseline/outputs/r2-main/proofs/fresh-07/byte-ledger.json
R2-C0,fresh-07,a,raw,fri_round_5_frontier,2240,research/r2/baseline/outputs/r2-main/proofs/fresh-07/byte-ledger.json
R2-C0,fresh-07,a,raw,fri_round_5_frontier_count,4,research/r2/baseline/outputs/r2-main/proofs/fresh-07/byte-ledger.json
R2-C0,fresh-07,a,raw,fri_round_5_salts,512,research/r2/baseline/outputs/r2-main/proofs/fresh-07/byte-ledger.json
R2-C0,fresh-07,a,raw,fri_round_5_values,256,research/r2/baseline/outputs/r2-main/proofs/fresh-07/byte-ledger.json
R2-C0,fresh-07,a,raw,fri_round_6_frontier,1536,research/r2/baseline/outputs/r2-main/proofs/fresh-07/byte-ledger.json
R2-C0,fresh-07,a,raw,fri_round_6_frontier_count,4,research/r2/baseline/outputs/r2-main/proofs/fresh-07/byte-ledger.json
R2-C0,fresh-07,a,raw,fri_round_6_salts,512,research/r2/baseline/outputs/r2-main/proofs/fresh-07/byte-ledger.json
R2-C0,fresh-07,a,raw,fri_round_6_values,256,research/r2/baseline/outputs/r2-main/proofs/fresh-07/byte-ledger.json
R2-C0,fresh-07,a,raw,fri_round_7_frontier,832,research/r2/baseline/outputs/r2-main/proofs/fresh-07/byte-ledger.json
R2-C0,fresh-07,a,raw,fri_round_7_frontier_count,4,research/r2/baseline/outputs/r2-main/proofs/fresh-07/byte-ledger.json
R2-C0,fresh-07,a,raw,fri_round_7_salts,512,research/r2/baseline/outputs/r2-main/proofs/fresh-07/byte-ledger.json
R2-C0,fresh-07,a,raw,fri_round_7_values,256,research/r2/baseline/outputs/r2-main/proofs/fresh-07/byte-ledger.json
R2-C0,fresh-07,a,raw,fri_round_8_frontier,320,research/r2/baseline/outputs/r2-main/proofs/fresh-07/byte-ledger.json
R2-C0,fresh-07,a,raw,fri_round_8_frontier_count,4,research/r2/baseline/outputs/r2-main/proofs/fresh-07/byte-ledger.json
R2-C0,fresh-07,a,raw,fri_round_8_salts,512,research/r2/baseline/outputs/r2-main/proofs/fresh-07/byte-ledger.json
R2-C0,fresh-07,a,raw,fri_round_8_values,256,research/r2/baseline/outputs/r2-main/proofs/fresh-07/byte-ledger.json
R2-C0,fresh-07,a,raw,global_digest,32,research/r2/baseline/outputs/r2-main/proofs/fresh-07/byte-ledger.json
R2-C0,fresh-07,a,raw,half_query_indices,68,research/r2/baseline/outputs/r2-main/proofs/fresh-07/byte-ledger.json
R2-C0,fresh-07,a,raw,hiding_mask_openings,1216,research/r2/baseline/outputs/r2-main/proofs/fresh-07/byte-ledger.json
R2-C0,fresh-07,a,raw,initial_batch_0_frontier,8256,research/r2/baseline/outputs/r2-main/proofs/fresh-07/byte-ledger.json
R2-C0,fresh-07,a,raw,initial_batch_0_frontier_count,4,research/r2/baseline/outputs/r2-main/proofs/fresh-07/byte-ledger.json
R2-C0,fresh-07,a,raw,initial_batch_0_row_masks,256,research/r2/baseline/outputs/r2-main/proofs/fresh-07/byte-ledger.json
R2-C0,fresh-07,a,raw,initial_batch_0_rows,256,research/r2/baseline/outputs/r2-main/proofs/fresh-07/byte-ledger.json
R2-C0,fresh-07,a,raw,initial_batch_0_salts,512,research/r2/baseline/outputs/r2-main/proofs/fresh-07/byte-ledger.json
R2-C0,fresh-07,a,raw,initial_batch_1_frontier,8256,research/r2/baseline/outputs/r2-main/proofs/fresh-07/byte-ledger.json
R2-C0,fresh-07,a,raw,initial_batch_1_frontier_count,4,research/r2/baseline/outputs/r2-main/proofs/fresh-07/byte-ledger.json
R2-C0,fresh-07,a,raw,initial_batch_1_row_masks,256,research/r2/baseline/outputs/r2-main/proofs/fresh-07/byte-ledger.json
R2-C0,fresh-07,a,raw,initial_batch_1_rows,12160,research/r2/baseline/outputs/r2-main/proofs/fresh-07/byte-ledger.json
R2-C0,fresh-07,a,raw,initial_batch_1_salts,512,research/r2/baseline/outputs/r2-main/proofs/fresh-07/byte-ledger.json
R2-C0,fresh-07,a,raw,initial_batch_2_frontier,8256,research/r2/baseline/outputs/r2-main/proofs/fresh-07/byte-ledger.json
R2-C0,fresh-07,a,raw,initial_batch_2_frontier_count,4,research/r2/baseline/outputs/r2-main/proofs/fresh-07/byte-ledger.json
R2-C0,fresh-07,a,raw,initial_batch_2_row_masks,4096,research/r2/baseline/outputs/r2-main/proofs/fresh-07/byte-ledger.json
R2-C0,fresh-07,a,raw,initial_batch_2_rows,4096,research/r2/baseline/outputs/r2-main/proofs/fresh-07/byte-ledger.json
R2-C0,fresh-07,a,raw,initial_batch_2_salts,8192,research/r2/baseline/outputs/r2-main/proofs/fresh-07/byte-ledger.json
R2-C0,fresh-07,a,raw,ood_quotient,1024,research/r2/baseline/outputs/r2-main/proofs/fresh-07/byte-ledger.json
R2-C0,fresh-07,a,raw,ood_random,64,research/r2/baseline/outputs/r2-main/proofs/fresh-07/byte-ledger.json
R2-C0,fresh-07,a,raw,ood_trace_local,3040,research/r2/baseline/outputs/r2-main/proofs/fresh-07/byte-ledger.json
R2-C0,fresh-07,a,raw,ood_trace_next,3040,research/r2/baseline/outputs/r2-main/proofs/fresh-07/byte-ledger.json
R2-C0,fresh-07,a,raw,parameter_identifier,64,research/r2/baseline/outputs/r2-main/proofs/fresh-07/byte-ledger.json
R2-C0,fresh-07,a,raw,public_header_length,2,research/r2/baseline/outputs/r2-main/proofs/fresh-07/byte-ledger.json
R2-C0,fresh-07,a,raw,public_statement_fields,256,research/r2/baseline/outputs/r2-main/proofs/fresh-07/byte-ledger.json
R2-C0,fresh-07,a,raw,query_grinding,4,research/r2/baseline/outputs/r2-main/proofs/fresh-07/byte-ledger.json
R2-C0,fresh-07,a,raw,terminator,4,research/r2/baseline/outputs/r2-main/proofs/fresh-07/byte-ledger.json
R2-C0,fresh-07,a,abi,alignment,26,research/r2/baseline/outputs/r2-main/proofs/fresh-07/byte-ledger.json
R2-C0,fresh-07,a,abi,dynamic_length,32,research/r2/baseline/outputs/r2-main/proofs/fresh-07/byte-ledger.json
R2-C0,fresh-07,a,abi,dynamic_offset,32,research/r2/baseline/outputs/r2-main/proofs/fresh-07/byte-ledger.json
R2-C0,fresh-07,a,abi,proof,103142,research/r2/baseline/outputs/r2-main/proofs/fresh-07/byte-ledger.json
R2-C0,fresh-07,a,abi,proof_identifier,0,research/r2/baseline/outputs/r2-main/proofs/fresh-07/byte-ledger.json
R2-C0,fresh-07,a,abi,selector,4,research/r2/baseline/outputs/r2-main/proofs/fresh-07/byte-ledger.json
R2-C0,fresh-07,a,abi,statement,224,research/r2/baseline/outputs/r2-main/proofs/fresh-07/byte-ledger.json
R2-C0,fresh-07,b,raw,checkpoint_challenges,192,research/r2/baseline/outputs/r2-main/proofs/fresh-07/byte-ledger.json
R2-C0,fresh-07,b,raw,checkpoint_identifiers,64,research/r2/baseline/outputs/r2-main/proofs/fresh-07/byte-ledger.json
R2-C0,fresh-07,b,raw,checkpoint_query_indices,260,research/r2/baseline/outputs/r2-main/proofs/fresh-07/byte-ledger.json
R2-C0,fresh-07,b,raw,checkpoint_transcript_state,64,research/r2/baseline/outputs/r2-main/proofs/fresh-07/byte-ledger.json
R2-C0,fresh-07,b,raw,commitment_quotient,64,research/r2/baseline/outputs/r2-main/proofs/fresh-07/byte-ledger.json
R2-C0,fresh-07,b,raw,commitment_random,64,research/r2/baseline/outputs/r2-main/proofs/fresh-07/byte-ledger.json
R2-C0,fresh-07,b,raw,commitment_trace,64,research/r2/baseline/outputs/r2-main/proofs/fresh-07/byte-ledger.json
R2-C0,fresh-07,b,raw,common_header,16,research/r2/baseline/outputs/r2-main/proofs/fresh-07/byte-ledger.json
R2-C0,fresh-07,b,raw,final_polynomial,16,research/r2/baseline/outputs/r2-main/proofs/fresh-07/byte-ledger.json
R2-C0,fresh-07,b,raw,fri_commitments,576,research/r2/baseline/outputs/r2-main/proofs/fresh-07/byte-ledger.json
R2-C0,fresh-07,b,raw,fri_grinding,36,research/r2/baseline/outputs/r2-main/proofs/fresh-07/byte-ledger.json
R2-C0,fresh-07,b,raw,fri_round_0_frontier,7744,research/r2/baseline/outputs/r2-main/proofs/fresh-07/byte-ledger.json
R2-C0,fresh-07,b,raw,fri_round_0_frontier_count,4,research/r2/baseline/outputs/r2-main/proofs/fresh-07/byte-ledger.json
R2-C0,fresh-07,b,raw,fri_round_0_salts,512,research/r2/baseline/outputs/r2-main/proofs/fresh-07/byte-ledger.json
R2-C0,fresh-07,b,raw,fri_round_0_values,256,research/r2/baseline/outputs/r2-main/proofs/fresh-07/byte-ledger.json
R2-C0,fresh-07,b,raw,fri_round_1_frontier,6720,research/r2/baseline/outputs/r2-main/proofs/fresh-07/byte-ledger.json
R2-C0,fresh-07,b,raw,fri_round_1_frontier_count,4,research/r2/baseline/outputs/r2-main/proofs/fresh-07/byte-ledger.json
R2-C0,fresh-07,b,raw,fri_round_1_salts,512,research/r2/baseline/outputs/r2-main/proofs/fresh-07/byte-ledger.json
R2-C0,fresh-07,b,raw,fri_round_1_values,256,research/r2/baseline/outputs/r2-main/proofs/fresh-07/byte-ledger.json
R2-C0,fresh-07,b,raw,fri_round_2_frontier,5696,research/r2/baseline/outputs/r2-main/proofs/fresh-07/byte-ledger.json
R2-C0,fresh-07,b,raw,fri_round_2_frontier_count,4,research/r2/baseline/outputs/r2-main/proofs/fresh-07/byte-ledger.json
R2-C0,fresh-07,b,raw,fri_round_2_salts,512,research/r2/baseline/outputs/r2-main/proofs/fresh-07/byte-ledger.json
R2-C0,fresh-07,b,raw,fri_round_2_values,256,research/r2/baseline/outputs/r2-main/proofs/fresh-07/byte-ledger.json
R2-C0,fresh-07,b,raw,fri_round_3_frontier,4672,research/r2/baseline/outputs/r2-main/proofs/fresh-07/byte-ledger.json
R2-C0,fresh-07,b,raw,fri_round_3_frontier_count,4,research/r2/baseline/outputs/r2-main/proofs/fresh-07/byte-ledger.json
R2-C0,fresh-07,b,raw,fri_round_3_salts,512,research/r2/baseline/outputs/r2-main/proofs/fresh-07/byte-ledger.json
R2-C0,fresh-07,b,raw,fri_round_3_values,256,research/r2/baseline/outputs/r2-main/proofs/fresh-07/byte-ledger.json
R2-C0,fresh-07,b,raw,fri_round_4_frontier,3648,research/r2/baseline/outputs/r2-main/proofs/fresh-07/byte-ledger.json
R2-C0,fresh-07,b,raw,fri_round_4_frontier_count,4,research/r2/baseline/outputs/r2-main/proofs/fresh-07/byte-ledger.json
R2-C0,fresh-07,b,raw,fri_round_4_salts,512,research/r2/baseline/outputs/r2-main/proofs/fresh-07/byte-ledger.json
R2-C0,fresh-07,b,raw,fri_round_4_values,256,research/r2/baseline/outputs/r2-main/proofs/fresh-07/byte-ledger.json
R2-C0,fresh-07,b,raw,fri_round_5_frontier,2624,research/r2/baseline/outputs/r2-main/proofs/fresh-07/byte-ledger.json
R2-C0,fresh-07,b,raw,fri_round_5_frontier_count,4,research/r2/baseline/outputs/r2-main/proofs/fresh-07/byte-ledger.json
R2-C0,fresh-07,b,raw,fri_round_5_salts,512,research/r2/baseline/outputs/r2-main/proofs/fresh-07/byte-ledger.json
R2-C0,fresh-07,b,raw,fri_round_5_values,256,research/r2/baseline/outputs/r2-main/proofs/fresh-07/byte-ledger.json
R2-C0,fresh-07,b,raw,fri_round_6_frontier,1600,research/r2/baseline/outputs/r2-main/proofs/fresh-07/byte-ledger.json
R2-C0,fresh-07,b,raw,fri_round_6_frontier_count,4,research/r2/baseline/outputs/r2-main/proofs/fresh-07/byte-ledger.json
R2-C0,fresh-07,b,raw,fri_round_6_salts,512,research/r2/baseline/outputs/r2-main/proofs/fresh-07/byte-ledger.json
R2-C0,fresh-07,b,raw,fri_round_6_values,256,research/r2/baseline/outputs/r2-main/proofs/fresh-07/byte-ledger.json
R2-C0,fresh-07,b,raw,fri_round_7_frontier,704,research/r2/baseline/outputs/r2-main/proofs/fresh-07/byte-ledger.json
R2-C0,fresh-07,b,raw,fri_round_7_frontier_count,4,research/r2/baseline/outputs/r2-main/proofs/fresh-07/byte-ledger.json
R2-C0,fresh-07,b,raw,fri_round_7_salts,512,research/r2/baseline/outputs/r2-main/proofs/fresh-07/byte-ledger.json
R2-C0,fresh-07,b,raw,fri_round_7_values,256,research/r2/baseline/outputs/r2-main/proofs/fresh-07/byte-ledger.json
R2-C0,fresh-07,b,raw,fri_round_8_frontier,384,research/r2/baseline/outputs/r2-main/proofs/fresh-07/byte-ledger.json
R2-C0,fresh-07,b,raw,fri_round_8_frontier_count,4,research/r2/baseline/outputs/r2-main/proofs/fresh-07/byte-ledger.json
R2-C0,fresh-07,b,raw,fri_round_8_salts,512,research/r2/baseline/outputs/r2-main/proofs/fresh-07/byte-ledger.json
R2-C0,fresh-07,b,raw,fri_round_8_values,256,research/r2/baseline/outputs/r2-main/proofs/fresh-07/byte-ledger.json
R2-C0,fresh-07,b,raw,global_digest,32,research/r2/baseline/outputs/r2-main/proofs/fresh-07/byte-ledger.json
R2-C0,fresh-07,b,raw,half_query_indices,68,research/r2/baseline/outputs/r2-main/proofs/fresh-07/byte-ledger.json
R2-C0,fresh-07,b,raw,hiding_mask_openings,1216,research/r2/baseline/outputs/r2-main/proofs/fresh-07/byte-ledger.json
R2-C0,fresh-07,b,raw,initial_batch_0_frontier,8768,research/r2/baseline/outputs/r2-main/proofs/fresh-07/byte-ledger.json
R2-C0,fresh-07,b,raw,initial_batch_0_frontier_count,4,research/r2/baseline/outputs/r2-main/proofs/fresh-07/byte-ledger.json
R2-C0,fresh-07,b,raw,initial_batch_0_row_masks,256,research/r2/baseline/outputs/r2-main/proofs/fresh-07/byte-ledger.json
R2-C0,fresh-07,b,raw,initial_batch_0_rows,256,research/r2/baseline/outputs/r2-main/proofs/fresh-07/byte-ledger.json
R2-C0,fresh-07,b,raw,initial_batch_0_salts,512,research/r2/baseline/outputs/r2-main/proofs/fresh-07/byte-ledger.json
R2-C0,fresh-07,b,raw,initial_batch_1_frontier,8768,research/r2/baseline/outputs/r2-main/proofs/fresh-07/byte-ledger.json
R2-C0,fresh-07,b,raw,initial_batch_1_frontier_count,4,research/r2/baseline/outputs/r2-main/proofs/fresh-07/byte-ledger.json
R2-C0,fresh-07,b,raw,initial_batch_1_row_masks,256,research/r2/baseline/outputs/r2-main/proofs/fresh-07/byte-ledger.json
R2-C0,fresh-07,b,raw,initial_batch_1_rows,12160,research/r2/baseline/outputs/r2-main/proofs/fresh-07/byte-ledger.json
R2-C0,fresh-07,b,raw,initial_batch_1_salts,512,research/r2/baseline/outputs/r2-main/proofs/fresh-07/byte-ledger.json
R2-C0,fresh-07,b,raw,initial_batch_2_frontier,8768,research/r2/baseline/outputs/r2-main/proofs/fresh-07/byte-ledger.json
R2-C0,fresh-07,b,raw,initial_batch_2_frontier_count,4,research/r2/baseline/outputs/r2-main/proofs/fresh-07/byte-ledger.json
R2-C0,fresh-07,b,raw,initial_batch_2_row_masks,4096,research/r2/baseline/outputs/r2-main/proofs/fresh-07/byte-ledger.json
R2-C0,fresh-07,b,raw,initial_batch_2_rows,4096,research/r2/baseline/outputs/r2-main/proofs/fresh-07/byte-ledger.json
R2-C0,fresh-07,b,raw,initial_batch_2_salts,8192,research/r2/baseline/outputs/r2-main/proofs/fresh-07/byte-ledger.json
R2-C0,fresh-07,b,raw,ood_quotient,1024,research/r2/baseline/outputs/r2-main/proofs/fresh-07/byte-ledger.json
R2-C0,fresh-07,b,raw,ood_random,64,research/r2/baseline/outputs/r2-main/proofs/fresh-07/byte-ledger.json
R2-C0,fresh-07,b,raw,ood_trace_local,3040,research/r2/baseline/outputs/r2-main/proofs/fresh-07/byte-ledger.json
R2-C0,fresh-07,b,raw,ood_trace_next,3040,research/r2/baseline/outputs/r2-main/proofs/fresh-07/byte-ledger.json
R2-C0,fresh-07,b,raw,parameter_identifier,64,research/r2/baseline/outputs/r2-main/proofs/fresh-07/byte-ledger.json
R2-C0,fresh-07,b,raw,proof_identifier,32,research/r2/baseline/outputs/r2-main/proofs/fresh-07/byte-ledger.json
R2-C0,fresh-07,b,raw,public_header_length,2,research/r2/baseline/outputs/r2-main/proofs/fresh-07/byte-ledger.json
R2-C0,fresh-07,b,raw,public_statement_fields,256,research/r2/baseline/outputs/r2-main/proofs/fresh-07/byte-ledger.json
R2-C0,fresh-07,b,raw,query_grinding,4,research/r2/baseline/outputs/r2-main/proofs/fresh-07/byte-ledger.json
R2-C0,fresh-07,b,raw,terminator,4,research/r2/baseline/outputs/r2-main/proofs/fresh-07/byte-ledger.json
R2-C0,fresh-07,b,abi,alignment,26,research/r2/baseline/outputs/r2-main/proofs/fresh-07/byte-ledger.json
R2-C0,fresh-07,b,abi,dynamic_length,32,research/r2/baseline/outputs/r2-main/proofs/fresh-07/byte-ledger.json
R2-C0,fresh-07,b,abi,dynamic_offset,32,research/r2/baseline/outputs/r2-main/proofs/fresh-07/byte-ledger.json
R2-C0,fresh-07,b,abi,proof,107654,research/r2/baseline/outputs/r2-main/proofs/fresh-07/byte-ledger.json
R2-C0,fresh-07,b,abi,proof_identifier,32,research/r2/baseline/outputs/r2-main/proofs/fresh-07/byte-ledger.json
R2-C0,fresh-07,b,abi,selector,4,research/r2/baseline/outputs/r2-main/proofs/fresh-07/byte-ledger.json
R2-C0,fresh-07,b,abi,statement,224,research/r2/baseline/outputs/r2-main/proofs/fresh-07/byte-ledger.json
R2-C0,fresh-08,a,raw,checkpoint_challenges,192,research/r2/baseline/outputs/r2-main/proofs/fresh-08/byte-ledger.json
R2-C0,fresh-08,a,raw,checkpoint_identifiers,64,research/r2/baseline/outputs/r2-main/proofs/fresh-08/byte-ledger.json
R2-C0,fresh-08,a,raw,checkpoint_query_indices,260,research/r2/baseline/outputs/r2-main/proofs/fresh-08/byte-ledger.json
R2-C0,fresh-08,a,raw,checkpoint_transcript_state,64,research/r2/baseline/outputs/r2-main/proofs/fresh-08/byte-ledger.json
R2-C0,fresh-08,a,raw,commitment_quotient,64,research/r2/baseline/outputs/r2-main/proofs/fresh-08/byte-ledger.json
R2-C0,fresh-08,a,raw,commitment_random,64,research/r2/baseline/outputs/r2-main/proofs/fresh-08/byte-ledger.json
R2-C0,fresh-08,a,raw,commitment_trace,64,research/r2/baseline/outputs/r2-main/proofs/fresh-08/byte-ledger.json
R2-C0,fresh-08,a,raw,common_header,16,research/r2/baseline/outputs/r2-main/proofs/fresh-08/byte-ledger.json
R2-C0,fresh-08,a,raw,final_polynomial,16,research/r2/baseline/outputs/r2-main/proofs/fresh-08/byte-ledger.json
R2-C0,fresh-08,a,raw,fri_commitments,576,research/r2/baseline/outputs/r2-main/proofs/fresh-08/byte-ledger.json
R2-C0,fresh-08,a,raw,fri_grinding,36,research/r2/baseline/outputs/r2-main/proofs/fresh-08/byte-ledger.json
R2-C0,fresh-08,a,raw,fri_round_0_frontier,6912,research/r2/baseline/outputs/r2-main/proofs/fresh-08/byte-ledger.json
R2-C0,fresh-08,a,raw,fri_round_0_frontier_count,4,research/r2/baseline/outputs/r2-main/proofs/fresh-08/byte-ledger.json
R2-C0,fresh-08,a,raw,fri_round_0_salts,512,research/r2/baseline/outputs/r2-main/proofs/fresh-08/byte-ledger.json
R2-C0,fresh-08,a,raw,fri_round_0_values,256,research/r2/baseline/outputs/r2-main/proofs/fresh-08/byte-ledger.json
R2-C0,fresh-08,a,raw,fri_round_1_frontier,5888,research/r2/baseline/outputs/r2-main/proofs/fresh-08/byte-ledger.json
R2-C0,fresh-08,a,raw,fri_round_1_frontier_count,4,research/r2/baseline/outputs/r2-main/proofs/fresh-08/byte-ledger.json
R2-C0,fresh-08,a,raw,fri_round_1_salts,512,research/r2/baseline/outputs/r2-main/proofs/fresh-08/byte-ledger.json
R2-C0,fresh-08,a,raw,fri_round_1_values,256,research/r2/baseline/outputs/r2-main/proofs/fresh-08/byte-ledger.json
R2-C0,fresh-08,a,raw,fri_round_2_frontier,4864,research/r2/baseline/outputs/r2-main/proofs/fresh-08/byte-ledger.json
R2-C0,fresh-08,a,raw,fri_round_2_frontier_count,4,research/r2/baseline/outputs/r2-main/proofs/fresh-08/byte-ledger.json
R2-C0,fresh-08,a,raw,fri_round_2_salts,512,research/r2/baseline/outputs/r2-main/proofs/fresh-08/byte-ledger.json
R2-C0,fresh-08,a,raw,fri_round_2_values,256,research/r2/baseline/outputs/r2-main/proofs/fresh-08/byte-ledger.json
R2-C0,fresh-08,a,raw,fri_round_3_frontier,3840,research/r2/baseline/outputs/r2-main/proofs/fresh-08/byte-ledger.json
R2-C0,fresh-08,a,raw,fri_round_3_frontier_count,4,research/r2/baseline/outputs/r2-main/proofs/fresh-08/byte-ledger.json
R2-C0,fresh-08,a,raw,fri_round_3_salts,512,research/r2/baseline/outputs/r2-main/proofs/fresh-08/byte-ledger.json
R2-C0,fresh-08,a,raw,fri_round_3_values,256,research/r2/baseline/outputs/r2-main/proofs/fresh-08/byte-ledger.json
R2-C0,fresh-08,a,raw,fri_round_4_frontier,2944,research/r2/baseline/outputs/r2-main/proofs/fresh-08/byte-ledger.json
R2-C0,fresh-08,a,raw,fri_round_4_frontier_count,4,research/r2/baseline/outputs/r2-main/proofs/fresh-08/byte-ledger.json
R2-C0,fresh-08,a,raw,fri_round_4_salts,512,research/r2/baseline/outputs/r2-main/proofs/fresh-08/byte-ledger.json
R2-C0,fresh-08,a,raw,fri_round_4_values,256,research/r2/baseline/outputs/r2-main/proofs/fresh-08/byte-ledger.json
R2-C0,fresh-08,a,raw,fri_round_5_frontier,1984,research/r2/baseline/outputs/r2-main/proofs/fresh-08/byte-ledger.json
R2-C0,fresh-08,a,raw,fri_round_5_frontier_count,4,research/r2/baseline/outputs/r2-main/proofs/fresh-08/byte-ledger.json
R2-C0,fresh-08,a,raw,fri_round_5_salts,512,research/r2/baseline/outputs/r2-main/proofs/fresh-08/byte-ledger.json
R2-C0,fresh-08,a,raw,fri_round_5_values,256,research/r2/baseline/outputs/r2-main/proofs/fresh-08/byte-ledger.json
R2-C0,fresh-08,a,raw,fri_round_6_frontier,1280,research/r2/baseline/outputs/r2-main/proofs/fresh-08/byte-ledger.json
R2-C0,fresh-08,a,raw,fri_round_6_frontier_count,4,research/r2/baseline/outputs/r2-main/proofs/fresh-08/byte-ledger.json
R2-C0,fresh-08,a,raw,fri_round_6_salts,512,research/r2/baseline/outputs/r2-main/proofs/fresh-08/byte-ledger.json
R2-C0,fresh-08,a,raw,fri_round_6_values,256,research/r2/baseline/outputs/r2-main/proofs/fresh-08/byte-ledger.json
R2-C0,fresh-08,a,raw,fri_round_7_frontier,704,research/r2/baseline/outputs/r2-main/proofs/fresh-08/byte-ledger.json
R2-C0,fresh-08,a,raw,fri_round_7_frontier_count,4,research/r2/baseline/outputs/r2-main/proofs/fresh-08/byte-ledger.json
R2-C0,fresh-08,a,raw,fri_round_7_salts,512,research/r2/baseline/outputs/r2-main/proofs/fresh-08/byte-ledger.json
R2-C0,fresh-08,a,raw,fri_round_7_values,256,research/r2/baseline/outputs/r2-main/proofs/fresh-08/byte-ledger.json
R2-C0,fresh-08,a,raw,fri_round_8_frontier,384,research/r2/baseline/outputs/r2-main/proofs/fresh-08/byte-ledger.json
R2-C0,fresh-08,a,raw,fri_round_8_frontier_count,4,research/r2/baseline/outputs/r2-main/proofs/fresh-08/byte-ledger.json
R2-C0,fresh-08,a,raw,fri_round_8_salts,512,research/r2/baseline/outputs/r2-main/proofs/fresh-08/byte-ledger.json
R2-C0,fresh-08,a,raw,fri_round_8_values,256,research/r2/baseline/outputs/r2-main/proofs/fresh-08/byte-ledger.json
R2-C0,fresh-08,a,raw,global_digest,32,research/r2/baseline/outputs/r2-main/proofs/fresh-08/byte-ledger.json
R2-C0,fresh-08,a,raw,half_query_indices,68,research/r2/baseline/outputs/r2-main/proofs/fresh-08/byte-ledger.json
R2-C0,fresh-08,a,raw,hiding_mask_openings,1216,research/r2/baseline/outputs/r2-main/proofs/fresh-08/byte-ledger.json
R2-C0,fresh-08,a,raw,initial_batch_0_frontier,7936,research/r2/baseline/outputs/r2-main/proofs/fresh-08/byte-ledger.json
R2-C0,fresh-08,a,raw,initial_batch_0_frontier_count,4,research/r2/baseline/outputs/r2-main/proofs/fresh-08/byte-ledger.json
R2-C0,fresh-08,a,raw,initial_batch_0_row_masks,256,research/r2/baseline/outputs/r2-main/proofs/fresh-08/byte-ledger.json
R2-C0,fresh-08,a,raw,initial_batch_0_rows,256,research/r2/baseline/outputs/r2-main/proofs/fresh-08/byte-ledger.json
R2-C0,fresh-08,a,raw,initial_batch_0_salts,512,research/r2/baseline/outputs/r2-main/proofs/fresh-08/byte-ledger.json
R2-C0,fresh-08,a,raw,initial_batch_1_frontier,7936,research/r2/baseline/outputs/r2-main/proofs/fresh-08/byte-ledger.json
R2-C0,fresh-08,a,raw,initial_batch_1_frontier_count,4,research/r2/baseline/outputs/r2-main/proofs/fresh-08/byte-ledger.json
R2-C0,fresh-08,a,raw,initial_batch_1_row_masks,256,research/r2/baseline/outputs/r2-main/proofs/fresh-08/byte-ledger.json
R2-C0,fresh-08,a,raw,initial_batch_1_rows,12160,research/r2/baseline/outputs/r2-main/proofs/fresh-08/byte-ledger.json
R2-C0,fresh-08,a,raw,initial_batch_1_salts,512,research/r2/baseline/outputs/r2-main/proofs/fresh-08/byte-ledger.json
R2-C0,fresh-08,a,raw,initial_batch_2_frontier,7936,research/r2/baseline/outputs/r2-main/proofs/fresh-08/byte-ledger.json
R2-C0,fresh-08,a,raw,initial_batch_2_frontier_count,4,research/r2/baseline/outputs/r2-main/proofs/fresh-08/byte-ledger.json
R2-C0,fresh-08,a,raw,initial_batch_2_row_masks,4096,research/r2/baseline/outputs/r2-main/proofs/fresh-08/byte-ledger.json
R2-C0,fresh-08,a,raw,initial_batch_2_rows,4096,research/r2/baseline/outputs/r2-main/proofs/fresh-08/byte-ledger.json
R2-C0,fresh-08,a,raw,initial_batch_2_salts,8192,research/r2/baseline/outputs/r2-main/proofs/fresh-08/byte-ledger.json
R2-C0,fresh-08,a,raw,ood_quotient,1024,research/r2/baseline/outputs/r2-main/proofs/fresh-08/byte-ledger.json
R2-C0,fresh-08,a,raw,ood_random,64,research/r2/baseline/outputs/r2-main/proofs/fresh-08/byte-ledger.json
R2-C0,fresh-08,a,raw,ood_trace_local,3040,research/r2/baseline/outputs/r2-main/proofs/fresh-08/byte-ledger.json
R2-C0,fresh-08,a,raw,ood_trace_next,3040,research/r2/baseline/outputs/r2-main/proofs/fresh-08/byte-ledger.json
R2-C0,fresh-08,a,raw,parameter_identifier,64,research/r2/baseline/outputs/r2-main/proofs/fresh-08/byte-ledger.json
R2-C0,fresh-08,a,raw,public_header_length,2,research/r2/baseline/outputs/r2-main/proofs/fresh-08/byte-ledger.json
R2-C0,fresh-08,a,raw,public_statement_fields,256,research/r2/baseline/outputs/r2-main/proofs/fresh-08/byte-ledger.json
R2-C0,fresh-08,a,raw,query_grinding,4,research/r2/baseline/outputs/r2-main/proofs/fresh-08/byte-ledger.json
R2-C0,fresh-08,a,raw,terminator,4,research/r2/baseline/outputs/r2-main/proofs/fresh-08/byte-ledger.json
R2-C0,fresh-08,a,abi,alignment,26,research/r2/baseline/outputs/r2-main/proofs/fresh-08/byte-ledger.json
R2-C0,fresh-08,a,abi,dynamic_length,32,research/r2/baseline/outputs/r2-main/proofs/fresh-08/byte-ledger.json
R2-C0,fresh-08,a,abi,dynamic_offset,32,research/r2/baseline/outputs/r2-main/proofs/fresh-08/byte-ledger.json
R2-C0,fresh-08,a,abi,proof,100134,research/r2/baseline/outputs/r2-main/proofs/fresh-08/byte-ledger.json
R2-C0,fresh-08,a,abi,proof_identifier,0,research/r2/baseline/outputs/r2-main/proofs/fresh-08/byte-ledger.json
R2-C0,fresh-08,a,abi,selector,4,research/r2/baseline/outputs/r2-main/proofs/fresh-08/byte-ledger.json
R2-C0,fresh-08,a,abi,statement,224,research/r2/baseline/outputs/r2-main/proofs/fresh-08/byte-ledger.json
R2-C0,fresh-08,b,raw,checkpoint_challenges,192,research/r2/baseline/outputs/r2-main/proofs/fresh-08/byte-ledger.json
R2-C0,fresh-08,b,raw,checkpoint_identifiers,64,research/r2/baseline/outputs/r2-main/proofs/fresh-08/byte-ledger.json
R2-C0,fresh-08,b,raw,checkpoint_query_indices,260,research/r2/baseline/outputs/r2-main/proofs/fresh-08/byte-ledger.json
R2-C0,fresh-08,b,raw,checkpoint_transcript_state,64,research/r2/baseline/outputs/r2-main/proofs/fresh-08/byte-ledger.json
R2-C0,fresh-08,b,raw,commitment_quotient,64,research/r2/baseline/outputs/r2-main/proofs/fresh-08/byte-ledger.json
R2-C0,fresh-08,b,raw,commitment_random,64,research/r2/baseline/outputs/r2-main/proofs/fresh-08/byte-ledger.json
R2-C0,fresh-08,b,raw,commitment_trace,64,research/r2/baseline/outputs/r2-main/proofs/fresh-08/byte-ledger.json
R2-C0,fresh-08,b,raw,common_header,16,research/r2/baseline/outputs/r2-main/proofs/fresh-08/byte-ledger.json
R2-C0,fresh-08,b,raw,final_polynomial,16,research/r2/baseline/outputs/r2-main/proofs/fresh-08/byte-ledger.json
R2-C0,fresh-08,b,raw,fri_commitments,576,research/r2/baseline/outputs/r2-main/proofs/fresh-08/byte-ledger.json
R2-C0,fresh-08,b,raw,fri_grinding,36,research/r2/baseline/outputs/r2-main/proofs/fresh-08/byte-ledger.json
R2-C0,fresh-08,b,raw,fri_round_0_frontier,6784,research/r2/baseline/outputs/r2-main/proofs/fresh-08/byte-ledger.json
R2-C0,fresh-08,b,raw,fri_round_0_frontier_count,4,research/r2/baseline/outputs/r2-main/proofs/fresh-08/byte-ledger.json
R2-C0,fresh-08,b,raw,fri_round_0_salts,512,research/r2/baseline/outputs/r2-main/proofs/fresh-08/byte-ledger.json
R2-C0,fresh-08,b,raw,fri_round_0_values,256,research/r2/baseline/outputs/r2-main/proofs/fresh-08/byte-ledger.json
R2-C0,fresh-08,b,raw,fri_round_1_frontier,5760,research/r2/baseline/outputs/r2-main/proofs/fresh-08/byte-ledger.json
R2-C0,fresh-08,b,raw,fri_round_1_frontier_count,4,research/r2/baseline/outputs/r2-main/proofs/fresh-08/byte-ledger.json
R2-C0,fresh-08,b,raw,fri_round_1_salts,512,research/r2/baseline/outputs/r2-main/proofs/fresh-08/byte-ledger.json
R2-C0,fresh-08,b,raw,fri_round_1_values,256,research/r2/baseline/outputs/r2-main/proofs/fresh-08/byte-ledger.json
R2-C0,fresh-08,b,raw,fri_round_2_frontier,4736,research/r2/baseline/outputs/r2-main/proofs/fresh-08/byte-ledger.json
R2-C0,fresh-08,b,raw,fri_round_2_frontier_count,4,research/r2/baseline/outputs/r2-main/proofs/fresh-08/byte-ledger.json
R2-C0,fresh-08,b,raw,fri_round_2_salts,512,research/r2/baseline/outputs/r2-main/proofs/fresh-08/byte-ledger.json
R2-C0,fresh-08,b,raw,fri_round_2_values,256,research/r2/baseline/outputs/r2-main/proofs/fresh-08/byte-ledger.json
R2-C0,fresh-08,b,raw,fri_round_3_frontier,3712,research/r2/baseline/outputs/r2-main/proofs/fresh-08/byte-ledger.json
R2-C0,fresh-08,b,raw,fri_round_3_frontier_count,4,research/r2/baseline/outputs/r2-main/proofs/fresh-08/byte-ledger.json
R2-C0,fresh-08,b,raw,fri_round_3_salts,512,research/r2/baseline/outputs/r2-main/proofs/fresh-08/byte-ledger.json
R2-C0,fresh-08,b,raw,fri_round_3_values,256,research/r2/baseline/outputs/r2-main/proofs/fresh-08/byte-ledger.json
R2-C0,fresh-08,b,raw,fri_round_4_frontier,2816,research/r2/baseline/outputs/r2-main/proofs/fresh-08/byte-ledger.json
R2-C0,fresh-08,b,raw,fri_round_4_frontier_count,4,research/r2/baseline/outputs/r2-main/proofs/fresh-08/byte-ledger.json
R2-C0,fresh-08,b,raw,fri_round_4_salts,512,research/r2/baseline/outputs/r2-main/proofs/fresh-08/byte-ledger.json
R2-C0,fresh-08,b,raw,fri_round_4_values,256,research/r2/baseline/outputs/r2-main/proofs/fresh-08/byte-ledger.json
R2-C0,fresh-08,b,raw,fri_round_5_frontier,1984,research/r2/baseline/outputs/r2-main/proofs/fresh-08/byte-ledger.json
R2-C0,fresh-08,b,raw,fri_round_5_frontier_count,4,research/r2/baseline/outputs/r2-main/proofs/fresh-08/byte-ledger.json
R2-C0,fresh-08,b,raw,fri_round_5_salts,512,research/r2/baseline/outputs/r2-main/proofs/fresh-08/byte-ledger.json
R2-C0,fresh-08,b,raw,fri_round_5_values,256,research/r2/baseline/outputs/r2-main/proofs/fresh-08/byte-ledger.json
R2-C0,fresh-08,b,raw,fri_round_6_frontier,1088,research/r2/baseline/outputs/r2-main/proofs/fresh-08/byte-ledger.json
R2-C0,fresh-08,b,raw,fri_round_6_frontier_count,4,research/r2/baseline/outputs/r2-main/proofs/fresh-08/byte-ledger.json
R2-C0,fresh-08,b,raw,fri_round_6_salts,512,research/r2/baseline/outputs/r2-main/proofs/fresh-08/byte-ledger.json
R2-C0,fresh-08,b,raw,fri_round_6_values,256,research/r2/baseline/outputs/r2-main/proofs/fresh-08/byte-ledger.json
R2-C0,fresh-08,b,raw,fri_round_7_frontier,448,research/r2/baseline/outputs/r2-main/proofs/fresh-08/byte-ledger.json
R2-C0,fresh-08,b,raw,fri_round_7_frontier_count,4,research/r2/baseline/outputs/r2-main/proofs/fresh-08/byte-ledger.json
R2-C0,fresh-08,b,raw,fri_round_7_salts,512,research/r2/baseline/outputs/r2-main/proofs/fresh-08/byte-ledger.json
R2-C0,fresh-08,b,raw,fri_round_7_values,256,research/r2/baseline/outputs/r2-main/proofs/fresh-08/byte-ledger.json
R2-C0,fresh-08,b,raw,fri_round_8_frontier,320,research/r2/baseline/outputs/r2-main/proofs/fresh-08/byte-ledger.json
R2-C0,fresh-08,b,raw,fri_round_8_frontier_count,4,research/r2/baseline/outputs/r2-main/proofs/fresh-08/byte-ledger.json
R2-C0,fresh-08,b,raw,fri_round_8_salts,512,research/r2/baseline/outputs/r2-main/proofs/fresh-08/byte-ledger.json
R2-C0,fresh-08,b,raw,fri_round_8_values,256,research/r2/baseline/outputs/r2-main/proofs/fresh-08/byte-ledger.json
R2-C0,fresh-08,b,raw,global_digest,32,research/r2/baseline/outputs/r2-main/proofs/fresh-08/byte-ledger.json
R2-C0,fresh-08,b,raw,half_query_indices,68,research/r2/baseline/outputs/r2-main/proofs/fresh-08/byte-ledger.json
R2-C0,fresh-08,b,raw,hiding_mask_openings,1216,research/r2/baseline/outputs/r2-main/proofs/fresh-08/byte-ledger.json
R2-C0,fresh-08,b,raw,initial_batch_0_frontier,7808,research/r2/baseline/outputs/r2-main/proofs/fresh-08/byte-ledger.json
R2-C0,fresh-08,b,raw,initial_batch_0_frontier_count,4,research/r2/baseline/outputs/r2-main/proofs/fresh-08/byte-ledger.json
R2-C0,fresh-08,b,raw,initial_batch_0_row_masks,256,research/r2/baseline/outputs/r2-main/proofs/fresh-08/byte-ledger.json
R2-C0,fresh-08,b,raw,initial_batch_0_rows,256,research/r2/baseline/outputs/r2-main/proofs/fresh-08/byte-ledger.json
R2-C0,fresh-08,b,raw,initial_batch_0_salts,512,research/r2/baseline/outputs/r2-main/proofs/fresh-08/byte-ledger.json
R2-C0,fresh-08,b,raw,initial_batch_1_frontier,7808,research/r2/baseline/outputs/r2-main/proofs/fresh-08/byte-ledger.json
R2-C0,fresh-08,b,raw,initial_batch_1_frontier_count,4,research/r2/baseline/outputs/r2-main/proofs/fresh-08/byte-ledger.json
R2-C0,fresh-08,b,raw,initial_batch_1_row_masks,256,research/r2/baseline/outputs/r2-main/proofs/fresh-08/byte-ledger.json
R2-C0,fresh-08,b,raw,initial_batch_1_rows,12160,research/r2/baseline/outputs/r2-main/proofs/fresh-08/byte-ledger.json
R2-C0,fresh-08,b,raw,initial_batch_1_salts,512,research/r2/baseline/outputs/r2-main/proofs/fresh-08/byte-ledger.json
R2-C0,fresh-08,b,raw,initial_batch_2_frontier,7808,research/r2/baseline/outputs/r2-main/proofs/fresh-08/byte-ledger.json
R2-C0,fresh-08,b,raw,initial_batch_2_frontier_count,4,research/r2/baseline/outputs/r2-main/proofs/fresh-08/byte-ledger.json
R2-C0,fresh-08,b,raw,initial_batch_2_row_masks,4096,research/r2/baseline/outputs/r2-main/proofs/fresh-08/byte-ledger.json
R2-C0,fresh-08,b,raw,initial_batch_2_rows,4096,research/r2/baseline/outputs/r2-main/proofs/fresh-08/byte-ledger.json
R2-C0,fresh-08,b,raw,initial_batch_2_salts,8192,research/r2/baseline/outputs/r2-main/proofs/fresh-08/byte-ledger.json
R2-C0,fresh-08,b,raw,ood_quotient,1024,research/r2/baseline/outputs/r2-main/proofs/fresh-08/byte-ledger.json
R2-C0,fresh-08,b,raw,ood_random,64,research/r2/baseline/outputs/r2-main/proofs/fresh-08/byte-ledger.json
R2-C0,fresh-08,b,raw,ood_trace_local,3040,research/r2/baseline/outputs/r2-main/proofs/fresh-08/byte-ledger.json
R2-C0,fresh-08,b,raw,ood_trace_next,3040,research/r2/baseline/outputs/r2-main/proofs/fresh-08/byte-ledger.json
R2-C0,fresh-08,b,raw,parameter_identifier,64,research/r2/baseline/outputs/r2-main/proofs/fresh-08/byte-ledger.json
R2-C0,fresh-08,b,raw,proof_identifier,32,research/r2/baseline/outputs/r2-main/proofs/fresh-08/byte-ledger.json
R2-C0,fresh-08,b,raw,public_header_length,2,research/r2/baseline/outputs/r2-main/proofs/fresh-08/byte-ledger.json
R2-C0,fresh-08,b,raw,public_statement_fields,256,research/r2/baseline/outputs/r2-main/proofs/fresh-08/byte-ledger.json
R2-C0,fresh-08,b,raw,query_grinding,4,research/r2/baseline/outputs/r2-main/proofs/fresh-08/byte-ledger.json
R2-C0,fresh-08,b,raw,terminator,4,research/r2/baseline/outputs/r2-main/proofs/fresh-08/byte-ledger.json
R2-C0,fresh-08,b,abi,alignment,26,research/r2/baseline/outputs/r2-main/proofs/fresh-08/byte-ledger.json
R2-C0,fresh-08,b,abi,dynamic_length,32,research/r2/baseline/outputs/r2-main/proofs/fresh-08/byte-ledger.json
R2-C0,fresh-08,b,abi,dynamic_offset,32,research/r2/baseline/outputs/r2-main/proofs/fresh-08/byte-ledger.json
R2-C0,fresh-08,b,abi,proof,98630,research/r2/baseline/outputs/r2-main/proofs/fresh-08/byte-ledger.json
R2-C0,fresh-08,b,abi,proof_identifier,32,research/r2/baseline/outputs/r2-main/proofs/fresh-08/byte-ledger.json
R2-C0,fresh-08,b,abi,selector,4,research/r2/baseline/outputs/r2-main/proofs/fresh-08/byte-ledger.json
R2-C0,fresh-08,b,abi,statement,224,research/r2/baseline/outputs/r2-main/proofs/fresh-08/byte-ledger.json
R2-C0,fresh-09,a,raw,checkpoint_challenges,192,research/r2/baseline/outputs/r2-main/proofs/fresh-09/byte-ledger.json
R2-C0,fresh-09,a,raw,checkpoint_identifiers,64,research/r2/baseline/outputs/r2-main/proofs/fresh-09/byte-ledger.json
R2-C0,fresh-09,a,raw,checkpoint_query_indices,260,research/r2/baseline/outputs/r2-main/proofs/fresh-09/byte-ledger.json
R2-C0,fresh-09,a,raw,checkpoint_transcript_state,64,research/r2/baseline/outputs/r2-main/proofs/fresh-09/byte-ledger.json
R2-C0,fresh-09,a,raw,commitment_quotient,64,research/r2/baseline/outputs/r2-main/proofs/fresh-09/byte-ledger.json
R2-C0,fresh-09,a,raw,commitment_random,64,research/r2/baseline/outputs/r2-main/proofs/fresh-09/byte-ledger.json
R2-C0,fresh-09,a,raw,commitment_trace,64,research/r2/baseline/outputs/r2-main/proofs/fresh-09/byte-ledger.json
R2-C0,fresh-09,a,raw,common_header,16,research/r2/baseline/outputs/r2-main/proofs/fresh-09/byte-ledger.json
R2-C0,fresh-09,a,raw,final_polynomial,16,research/r2/baseline/outputs/r2-main/proofs/fresh-09/byte-ledger.json
R2-C0,fresh-09,a,raw,fri_commitments,576,research/r2/baseline/outputs/r2-main/proofs/fresh-09/byte-ledger.json
R2-C0,fresh-09,a,raw,fri_grinding,36,research/r2/baseline/outputs/r2-main/proofs/fresh-09/byte-ledger.json
R2-C0,fresh-09,a,raw,fri_round_0_frontier,7616,research/r2/baseline/outputs/r2-main/proofs/fresh-09/byte-ledger.json
R2-C0,fresh-09,a,raw,fri_round_0_frontier_count,4,research/r2/baseline/outputs/r2-main/proofs/fresh-09/byte-ledger.json
R2-C0,fresh-09,a,raw,fri_round_0_salts,512,research/r2/baseline/outputs/r2-main/proofs/fresh-09/byte-ledger.json
R2-C0,fresh-09,a,raw,fri_round_0_values,256,research/r2/baseline/outputs/r2-main/proofs/fresh-09/byte-ledger.json
R2-C0,fresh-09,a,raw,fri_round_1_frontier,6592,research/r2/baseline/outputs/r2-main/proofs/fresh-09/byte-ledger.json
R2-C0,fresh-09,a,raw,fri_round_1_frontier_count,4,research/r2/baseline/outputs/r2-main/proofs/fresh-09/byte-ledger.json
R2-C0,fresh-09,a,raw,fri_round_1_salts,512,research/r2/baseline/outputs/r2-main/proofs/fresh-09/byte-ledger.json
R2-C0,fresh-09,a,raw,fri_round_1_values,256,research/r2/baseline/outputs/r2-main/proofs/fresh-09/byte-ledger.json
R2-C0,fresh-09,a,raw,fri_round_2_frontier,5568,research/r2/baseline/outputs/r2-main/proofs/fresh-09/byte-ledger.json
R2-C0,fresh-09,a,raw,fri_round_2_frontier_count,4,research/r2/baseline/outputs/r2-main/proofs/fresh-09/byte-ledger.json
R2-C0,fresh-09,a,raw,fri_round_2_salts,512,research/r2/baseline/outputs/r2-main/proofs/fresh-09/byte-ledger.json
R2-C0,fresh-09,a,raw,fri_round_2_values,256,research/r2/baseline/outputs/r2-main/proofs/fresh-09/byte-ledger.json
R2-C0,fresh-09,a,raw,fri_round_3_frontier,4544,research/r2/baseline/outputs/r2-main/proofs/fresh-09/byte-ledger.json
R2-C0,fresh-09,a,raw,fri_round_3_frontier_count,4,research/r2/baseline/outputs/r2-main/proofs/fresh-09/byte-ledger.json
R2-C0,fresh-09,a,raw,fri_round_3_salts,512,research/r2/baseline/outputs/r2-main/proofs/fresh-09/byte-ledger.json
R2-C0,fresh-09,a,raw,fri_round_3_values,256,research/r2/baseline/outputs/r2-main/proofs/fresh-09/byte-ledger.json
R2-C0,fresh-09,a,raw,fri_round_4_frontier,3520,research/r2/baseline/outputs/r2-main/proofs/fresh-09/byte-ledger.json
R2-C0,fresh-09,a,raw,fri_round_4_frontier_count,4,research/r2/baseline/outputs/r2-main/proofs/fresh-09/byte-ledger.json
R2-C0,fresh-09,a,raw,fri_round_4_salts,512,research/r2/baseline/outputs/r2-main/proofs/fresh-09/byte-ledger.json
R2-C0,fresh-09,a,raw,fri_round_4_values,256,research/r2/baseline/outputs/r2-main/proofs/fresh-09/byte-ledger.json
R2-C0,fresh-09,a,raw,fri_round_5_frontier,2496,research/r2/baseline/outputs/r2-main/proofs/fresh-09/byte-ledger.json
R2-C0,fresh-09,a,raw,fri_round_5_frontier_count,4,research/r2/baseline/outputs/r2-main/proofs/fresh-09/byte-ledger.json
R2-C0,fresh-09,a,raw,fri_round_5_salts,512,research/r2/baseline/outputs/r2-main/proofs/fresh-09/byte-ledger.json
R2-C0,fresh-09,a,raw,fri_round_5_values,256,research/r2/baseline/outputs/r2-main/proofs/fresh-09/byte-ledger.json
R2-C0,fresh-09,a,raw,fri_round_6_frontier,1600,research/r2/baseline/outputs/r2-main/proofs/fresh-09/byte-ledger.json
R2-C0,fresh-09,a,raw,fri_round_6_frontier_count,4,research/r2/baseline/outputs/r2-main/proofs/fresh-09/byte-ledger.json
R2-C0,fresh-09,a,raw,fri_round_6_salts,512,research/r2/baseline/outputs/r2-main/proofs/fresh-09/byte-ledger.json
R2-C0,fresh-09,a,raw,fri_round_6_values,256,research/r2/baseline/outputs/r2-main/proofs/fresh-09/byte-ledger.json
R2-C0,fresh-09,a,raw,fri_round_7_frontier,896,research/r2/baseline/outputs/r2-main/proofs/fresh-09/byte-ledger.json
R2-C0,fresh-09,a,raw,fri_round_7_frontier_count,4,research/r2/baseline/outputs/r2-main/proofs/fresh-09/byte-ledger.json
R2-C0,fresh-09,a,raw,fri_round_7_salts,512,research/r2/baseline/outputs/r2-main/proofs/fresh-09/byte-ledger.json
R2-C0,fresh-09,a,raw,fri_round_7_values,256,research/r2/baseline/outputs/r2-main/proofs/fresh-09/byte-ledger.json
R2-C0,fresh-09,a,raw,fri_round_8_frontier,320,research/r2/baseline/outputs/r2-main/proofs/fresh-09/byte-ledger.json
R2-C0,fresh-09,a,raw,fri_round_8_frontier_count,4,research/r2/baseline/outputs/r2-main/proofs/fresh-09/byte-ledger.json
R2-C0,fresh-09,a,raw,fri_round_8_salts,512,research/r2/baseline/outputs/r2-main/proofs/fresh-09/byte-ledger.json
R2-C0,fresh-09,a,raw,fri_round_8_values,256,research/r2/baseline/outputs/r2-main/proofs/fresh-09/byte-ledger.json
R2-C0,fresh-09,a,raw,global_digest,32,research/r2/baseline/outputs/r2-main/proofs/fresh-09/byte-ledger.json
R2-C0,fresh-09,a,raw,half_query_indices,68,research/r2/baseline/outputs/r2-main/proofs/fresh-09/byte-ledger.json
R2-C0,fresh-09,a,raw,hiding_mask_openings,1216,research/r2/baseline/outputs/r2-main/proofs/fresh-09/byte-ledger.json
R2-C0,fresh-09,a,raw,initial_batch_0_frontier,8640,research/r2/baseline/outputs/r2-main/proofs/fresh-09/byte-ledger.json
R2-C0,fresh-09,a,raw,initial_batch_0_frontier_count,4,research/r2/baseline/outputs/r2-main/proofs/fresh-09/byte-ledger.json
R2-C0,fresh-09,a,raw,initial_batch_0_row_masks,256,research/r2/baseline/outputs/r2-main/proofs/fresh-09/byte-ledger.json
R2-C0,fresh-09,a,raw,initial_batch_0_rows,256,research/r2/baseline/outputs/r2-main/proofs/fresh-09/byte-ledger.json
R2-C0,fresh-09,a,raw,initial_batch_0_salts,512,research/r2/baseline/outputs/r2-main/proofs/fresh-09/byte-ledger.json
R2-C0,fresh-09,a,raw,initial_batch_1_frontier,8640,research/r2/baseline/outputs/r2-main/proofs/fresh-09/byte-ledger.json
R2-C0,fresh-09,a,raw,initial_batch_1_frontier_count,4,research/r2/baseline/outputs/r2-main/proofs/fresh-09/byte-ledger.json
R2-C0,fresh-09,a,raw,initial_batch_1_row_masks,256,research/r2/baseline/outputs/r2-main/proofs/fresh-09/byte-ledger.json
R2-C0,fresh-09,a,raw,initial_batch_1_rows,12160,research/r2/baseline/outputs/r2-main/proofs/fresh-09/byte-ledger.json
R2-C0,fresh-09,a,raw,initial_batch_1_salts,512,research/r2/baseline/outputs/r2-main/proofs/fresh-09/byte-ledger.json
R2-C0,fresh-09,a,raw,initial_batch_2_frontier,8640,research/r2/baseline/outputs/r2-main/proofs/fresh-09/byte-ledger.json
R2-C0,fresh-09,a,raw,initial_batch_2_frontier_count,4,research/r2/baseline/outputs/r2-main/proofs/fresh-09/byte-ledger.json
R2-C0,fresh-09,a,raw,initial_batch_2_row_masks,4096,research/r2/baseline/outputs/r2-main/proofs/fresh-09/byte-ledger.json
R2-C0,fresh-09,a,raw,initial_batch_2_rows,4096,research/r2/baseline/outputs/r2-main/proofs/fresh-09/byte-ledger.json
R2-C0,fresh-09,a,raw,initial_batch_2_salts,8192,research/r2/baseline/outputs/r2-main/proofs/fresh-09/byte-ledger.json
R2-C0,fresh-09,a,raw,ood_quotient,1024,research/r2/baseline/outputs/r2-main/proofs/fresh-09/byte-ledger.json
R2-C0,fresh-09,a,raw,ood_random,64,research/r2/baseline/outputs/r2-main/proofs/fresh-09/byte-ledger.json
R2-C0,fresh-09,a,raw,ood_trace_local,3040,research/r2/baseline/outputs/r2-main/proofs/fresh-09/byte-ledger.json
R2-C0,fresh-09,a,raw,ood_trace_next,3040,research/r2/baseline/outputs/r2-main/proofs/fresh-09/byte-ledger.json
R2-C0,fresh-09,a,raw,parameter_identifier,64,research/r2/baseline/outputs/r2-main/proofs/fresh-09/byte-ledger.json
R2-C0,fresh-09,a,raw,public_header_length,2,research/r2/baseline/outputs/r2-main/proofs/fresh-09/byte-ledger.json
R2-C0,fresh-09,a,raw,public_statement_fields,256,research/r2/baseline/outputs/r2-main/proofs/fresh-09/byte-ledger.json
R2-C0,fresh-09,a,raw,query_grinding,4,research/r2/baseline/outputs/r2-main/proofs/fresh-09/byte-ledger.json
R2-C0,fresh-09,a,raw,terminator,4,research/r2/baseline/outputs/r2-main/proofs/fresh-09/byte-ledger.json
R2-C0,fresh-09,a,abi,alignment,26,research/r2/baseline/outputs/r2-main/proofs/fresh-09/byte-ledger.json
R2-C0,fresh-09,a,abi,dynamic_length,32,research/r2/baseline/outputs/r2-main/proofs/fresh-09/byte-ledger.json
R2-C0,fresh-09,a,abi,dynamic_offset,32,research/r2/baseline/outputs/r2-main/proofs/fresh-09/byte-ledger.json
R2-C0,fresh-09,a,abi,proof,106598,research/r2/baseline/outputs/r2-main/proofs/fresh-09/byte-ledger.json
R2-C0,fresh-09,a,abi,proof_identifier,0,research/r2/baseline/outputs/r2-main/proofs/fresh-09/byte-ledger.json
R2-C0,fresh-09,a,abi,selector,4,research/r2/baseline/outputs/r2-main/proofs/fresh-09/byte-ledger.json
R2-C0,fresh-09,a,abi,statement,224,research/r2/baseline/outputs/r2-main/proofs/fresh-09/byte-ledger.json
R2-C0,fresh-09,b,raw,checkpoint_challenges,192,research/r2/baseline/outputs/r2-main/proofs/fresh-09/byte-ledger.json
R2-C0,fresh-09,b,raw,checkpoint_identifiers,64,research/r2/baseline/outputs/r2-main/proofs/fresh-09/byte-ledger.json
R2-C0,fresh-09,b,raw,checkpoint_query_indices,260,research/r2/baseline/outputs/r2-main/proofs/fresh-09/byte-ledger.json
R2-C0,fresh-09,b,raw,checkpoint_transcript_state,64,research/r2/baseline/outputs/r2-main/proofs/fresh-09/byte-ledger.json
R2-C0,fresh-09,b,raw,commitment_quotient,64,research/r2/baseline/outputs/r2-main/proofs/fresh-09/byte-ledger.json
R2-C0,fresh-09,b,raw,commitment_random,64,research/r2/baseline/outputs/r2-main/proofs/fresh-09/byte-ledger.json
R2-C0,fresh-09,b,raw,commitment_trace,64,research/r2/baseline/outputs/r2-main/proofs/fresh-09/byte-ledger.json
R2-C0,fresh-09,b,raw,common_header,16,research/r2/baseline/outputs/r2-main/proofs/fresh-09/byte-ledger.json
R2-C0,fresh-09,b,raw,final_polynomial,16,research/r2/baseline/outputs/r2-main/proofs/fresh-09/byte-ledger.json
R2-C0,fresh-09,b,raw,fri_commitments,576,research/r2/baseline/outputs/r2-main/proofs/fresh-09/byte-ledger.json
R2-C0,fresh-09,b,raw,fri_grinding,36,research/r2/baseline/outputs/r2-main/proofs/fresh-09/byte-ledger.json
R2-C0,fresh-09,b,raw,fri_round_0_frontier,7424,research/r2/baseline/outputs/r2-main/proofs/fresh-09/byte-ledger.json
R2-C0,fresh-09,b,raw,fri_round_0_frontier_count,4,research/r2/baseline/outputs/r2-main/proofs/fresh-09/byte-ledger.json
R2-C0,fresh-09,b,raw,fri_round_0_salts,512,research/r2/baseline/outputs/r2-main/proofs/fresh-09/byte-ledger.json
R2-C0,fresh-09,b,raw,fri_round_0_values,256,research/r2/baseline/outputs/r2-main/proofs/fresh-09/byte-ledger.json
R2-C0,fresh-09,b,raw,fri_round_1_frontier,6400,research/r2/baseline/outputs/r2-main/proofs/fresh-09/byte-ledger.json
R2-C0,fresh-09,b,raw,fri_round_1_frontier_count,4,research/r2/baseline/outputs/r2-main/proofs/fresh-09/byte-ledger.json
R2-C0,fresh-09,b,raw,fri_round_1_salts,512,research/r2/baseline/outputs/r2-main/proofs/fresh-09/byte-ledger.json
R2-C0,fresh-09,b,raw,fri_round_1_values,256,research/r2/baseline/outputs/r2-main/proofs/fresh-09/byte-ledger.json
R2-C0,fresh-09,b,raw,fri_round_2_frontier,5376,research/r2/baseline/outputs/r2-main/proofs/fresh-09/byte-ledger.json
R2-C0,fresh-09,b,raw,fri_round_2_frontier_count,4,research/r2/baseline/outputs/r2-main/proofs/fresh-09/byte-ledger.json
R2-C0,fresh-09,b,raw,fri_round_2_salts,512,research/r2/baseline/outputs/r2-main/proofs/fresh-09/byte-ledger.json
R2-C0,fresh-09,b,raw,fri_round_2_values,256,research/r2/baseline/outputs/r2-main/proofs/fresh-09/byte-ledger.json
R2-C0,fresh-09,b,raw,fri_round_3_frontier,4352,research/r2/baseline/outputs/r2-main/proofs/fresh-09/byte-ledger.json
R2-C0,fresh-09,b,raw,fri_round_3_frontier_count,4,research/r2/baseline/outputs/r2-main/proofs/fresh-09/byte-ledger.json
R2-C0,fresh-09,b,raw,fri_round_3_salts,512,research/r2/baseline/outputs/r2-main/proofs/fresh-09/byte-ledger.json
R2-C0,fresh-09,b,raw,fri_round_3_values,256,research/r2/baseline/outputs/r2-main/proofs/fresh-09/byte-ledger.json
R2-C0,fresh-09,b,raw,fri_round_4_frontier,3328,research/r2/baseline/outputs/r2-main/proofs/fresh-09/byte-ledger.json
R2-C0,fresh-09,b,raw,fri_round_4_frontier_count,4,research/r2/baseline/outputs/r2-main/proofs/fresh-09/byte-ledger.json
R2-C0,fresh-09,b,raw,fri_round_4_salts,512,research/r2/baseline/outputs/r2-main/proofs/fresh-09/byte-ledger.json
R2-C0,fresh-09,b,raw,fri_round_4_values,256,research/r2/baseline/outputs/r2-main/proofs/fresh-09/byte-ledger.json
R2-C0,fresh-09,b,raw,fri_round_5_frontier,2304,research/r2/baseline/outputs/r2-main/proofs/fresh-09/byte-ledger.json
R2-C0,fresh-09,b,raw,fri_round_5_frontier_count,4,research/r2/baseline/outputs/r2-main/proofs/fresh-09/byte-ledger.json
R2-C0,fresh-09,b,raw,fri_round_5_salts,512,research/r2/baseline/outputs/r2-main/proofs/fresh-09/byte-ledger.json
R2-C0,fresh-09,b,raw,fri_round_5_values,256,research/r2/baseline/outputs/r2-main/proofs/fresh-09/byte-ledger.json
R2-C0,fresh-09,b,raw,fri_round_6_frontier,1408,research/r2/baseline/outputs/r2-main/proofs/fresh-09/byte-ledger.json
R2-C0,fresh-09,b,raw,fri_round_6_frontier_count,4,research/r2/baseline/outputs/r2-main/proofs/fresh-09/byte-ledger.json
R2-C0,fresh-09,b,raw,fri_round_6_salts,512,research/r2/baseline/outputs/r2-main/proofs/fresh-09/byte-ledger.json
R2-C0,fresh-09,b,raw,fri_round_6_values,256,research/r2/baseline/outputs/r2-main/proofs/fresh-09/byte-ledger.json
R2-C0,fresh-09,b,raw,fri_round_7_frontier,960,research/r2/baseline/outputs/r2-main/proofs/fresh-09/byte-ledger.json
R2-C0,fresh-09,b,raw,fri_round_7_frontier_count,4,research/r2/baseline/outputs/r2-main/proofs/fresh-09/byte-ledger.json
R2-C0,fresh-09,b,raw,fri_round_7_salts,512,research/r2/baseline/outputs/r2-main/proofs/fresh-09/byte-ledger.json
R2-C0,fresh-09,b,raw,fri_round_7_values,256,research/r2/baseline/outputs/r2-main/proofs/fresh-09/byte-ledger.json
R2-C0,fresh-09,b,raw,fri_round_8_frontier,384,research/r2/baseline/outputs/r2-main/proofs/fresh-09/byte-ledger.json
R2-C0,fresh-09,b,raw,fri_round_8_frontier_count,4,research/r2/baseline/outputs/r2-main/proofs/fresh-09/byte-ledger.json
R2-C0,fresh-09,b,raw,fri_round_8_salts,512,research/r2/baseline/outputs/r2-main/proofs/fresh-09/byte-ledger.json
R2-C0,fresh-09,b,raw,fri_round_8_values,256,research/r2/baseline/outputs/r2-main/proofs/fresh-09/byte-ledger.json
R2-C0,fresh-09,b,raw,global_digest,32,research/r2/baseline/outputs/r2-main/proofs/fresh-09/byte-ledger.json
R2-C0,fresh-09,b,raw,half_query_indices,68,research/r2/baseline/outputs/r2-main/proofs/fresh-09/byte-ledger.json
R2-C0,fresh-09,b,raw,hiding_mask_openings,1216,research/r2/baseline/outputs/r2-main/proofs/fresh-09/byte-ledger.json
R2-C0,fresh-09,b,raw,initial_batch_0_frontier,8448,research/r2/baseline/outputs/r2-main/proofs/fresh-09/byte-ledger.json
R2-C0,fresh-09,b,raw,initial_batch_0_frontier_count,4,research/r2/baseline/outputs/r2-main/proofs/fresh-09/byte-ledger.json
R2-C0,fresh-09,b,raw,initial_batch_0_row_masks,256,research/r2/baseline/outputs/r2-main/proofs/fresh-09/byte-ledger.json
R2-C0,fresh-09,b,raw,initial_batch_0_rows,256,research/r2/baseline/outputs/r2-main/proofs/fresh-09/byte-ledger.json
R2-C0,fresh-09,b,raw,initial_batch_0_salts,512,research/r2/baseline/outputs/r2-main/proofs/fresh-09/byte-ledger.json
R2-C0,fresh-09,b,raw,initial_batch_1_frontier,8448,research/r2/baseline/outputs/r2-main/proofs/fresh-09/byte-ledger.json
R2-C0,fresh-09,b,raw,initial_batch_1_frontier_count,4,research/r2/baseline/outputs/r2-main/proofs/fresh-09/byte-ledger.json
R2-C0,fresh-09,b,raw,initial_batch_1_row_masks,256,research/r2/baseline/outputs/r2-main/proofs/fresh-09/byte-ledger.json
R2-C0,fresh-09,b,raw,initial_batch_1_rows,12160,research/r2/baseline/outputs/r2-main/proofs/fresh-09/byte-ledger.json
R2-C0,fresh-09,b,raw,initial_batch_1_salts,512,research/r2/baseline/outputs/r2-main/proofs/fresh-09/byte-ledger.json
R2-C0,fresh-09,b,raw,initial_batch_2_frontier,8448,research/r2/baseline/outputs/r2-main/proofs/fresh-09/byte-ledger.json
R2-C0,fresh-09,b,raw,initial_batch_2_frontier_count,4,research/r2/baseline/outputs/r2-main/proofs/fresh-09/byte-ledger.json
R2-C0,fresh-09,b,raw,initial_batch_2_row_masks,4096,research/r2/baseline/outputs/r2-main/proofs/fresh-09/byte-ledger.json
R2-C0,fresh-09,b,raw,initial_batch_2_rows,4096,research/r2/baseline/outputs/r2-main/proofs/fresh-09/byte-ledger.json
R2-C0,fresh-09,b,raw,initial_batch_2_salts,8192,research/r2/baseline/outputs/r2-main/proofs/fresh-09/byte-ledger.json
R2-C0,fresh-09,b,raw,ood_quotient,1024,research/r2/baseline/outputs/r2-main/proofs/fresh-09/byte-ledger.json
R2-C0,fresh-09,b,raw,ood_random,64,research/r2/baseline/outputs/r2-main/proofs/fresh-09/byte-ledger.json
R2-C0,fresh-09,b,raw,ood_trace_local,3040,research/r2/baseline/outputs/r2-main/proofs/fresh-09/byte-ledger.json
R2-C0,fresh-09,b,raw,ood_trace_next,3040,research/r2/baseline/outputs/r2-main/proofs/fresh-09/byte-ledger.json
R2-C0,fresh-09,b,raw,parameter_identifier,64,research/r2/baseline/outputs/r2-main/proofs/fresh-09/byte-ledger.json
R2-C0,fresh-09,b,raw,proof_identifier,32,research/r2/baseline/outputs/r2-main/proofs/fresh-09/byte-ledger.json
R2-C0,fresh-09,b,raw,public_header_length,2,research/r2/baseline/outputs/r2-main/proofs/fresh-09/byte-ledger.json
R2-C0,fresh-09,b,raw,public_statement_fields,256,research/r2/baseline/outputs/r2-main/proofs/fresh-09/byte-ledger.json
R2-C0,fresh-09,b,raw,query_grinding,4,research/r2/baseline/outputs/r2-main/proofs/fresh-09/byte-ledger.json
R2-C0,fresh-09,b,raw,terminator,4,research/r2/baseline/outputs/r2-main/proofs/fresh-09/byte-ledger.json
R2-C0,fresh-09,b,abi,alignment,26,research/r2/baseline/outputs/r2-main/proofs/fresh-09/byte-ledger.json
R2-C0,fresh-09,b,abi,dynamic_length,32,research/r2/baseline/outputs/r2-main/proofs/fresh-09/byte-ledger.json
R2-C0,fresh-09,b,abi,dynamic_offset,32,research/r2/baseline/outputs/r2-main/proofs/fresh-09/byte-ledger.json
R2-C0,fresh-09,b,abi,proof,104838,research/r2/baseline/outputs/r2-main/proofs/fresh-09/byte-ledger.json
R2-C0,fresh-09,b,abi,proof_identifier,32,research/r2/baseline/outputs/r2-main/proofs/fresh-09/byte-ledger.json
R2-C0,fresh-09,b,abi,selector,4,research/r2/baseline/outputs/r2-main/proofs/fresh-09/byte-ledger.json
R2-C0,fresh-09,b,abi,statement,224,research/r2/baseline/outputs/r2-main/proofs/fresh-09/byte-ledger.json
R2-C0,fresh-10,a,raw,checkpoint_challenges,192,research/r2/baseline/outputs/r2-main/proofs/fresh-10/byte-ledger.json
R2-C0,fresh-10,a,raw,checkpoint_identifiers,64,research/r2/baseline/outputs/r2-main/proofs/fresh-10/byte-ledger.json
R2-C0,fresh-10,a,raw,checkpoint_query_indices,260,research/r2/baseline/outputs/r2-main/proofs/fresh-10/byte-ledger.json
R2-C0,fresh-10,a,raw,checkpoint_transcript_state,64,research/r2/baseline/outputs/r2-main/proofs/fresh-10/byte-ledger.json
R2-C0,fresh-10,a,raw,commitment_quotient,64,research/r2/baseline/outputs/r2-main/proofs/fresh-10/byte-ledger.json
R2-C0,fresh-10,a,raw,commitment_random,64,research/r2/baseline/outputs/r2-main/proofs/fresh-10/byte-ledger.json
R2-C0,fresh-10,a,raw,commitment_trace,64,research/r2/baseline/outputs/r2-main/proofs/fresh-10/byte-ledger.json
R2-C0,fresh-10,a,raw,common_header,16,research/r2/baseline/outputs/r2-main/proofs/fresh-10/byte-ledger.json
R2-C0,fresh-10,a,raw,final_polynomial,16,research/r2/baseline/outputs/r2-main/proofs/fresh-10/byte-ledger.json
R2-C0,fresh-10,a,raw,fri_commitments,576,research/r2/baseline/outputs/r2-main/proofs/fresh-10/byte-ledger.json
R2-C0,fresh-10,a,raw,fri_grinding,36,research/r2/baseline/outputs/r2-main/proofs/fresh-10/byte-ledger.json
R2-C0,fresh-10,a,raw,fri_round_0_frontier,7360,research/r2/baseline/outputs/r2-main/proofs/fresh-10/byte-ledger.json
R2-C0,fresh-10,a,raw,fri_round_0_frontier_count,4,research/r2/baseline/outputs/r2-main/proofs/fresh-10/byte-ledger.json
R2-C0,fresh-10,a,raw,fri_round_0_salts,512,research/r2/baseline/outputs/r2-main/proofs/fresh-10/byte-ledger.json
R2-C0,fresh-10,a,raw,fri_round_0_values,256,research/r2/baseline/outputs/r2-main/proofs/fresh-10/byte-ledger.json
R2-C0,fresh-10,a,raw,fri_round_1_frontier,6336,research/r2/baseline/outputs/r2-main/proofs/fresh-10/byte-ledger.json
R2-C0,fresh-10,a,raw,fri_round_1_frontier_count,4,research/r2/baseline/outputs/r2-main/proofs/fresh-10/byte-ledger.json
R2-C0,fresh-10,a,raw,fri_round_1_salts,512,research/r2/baseline/outputs/r2-main/proofs/fresh-10/byte-ledger.json
R2-C0,fresh-10,a,raw,fri_round_1_values,256,research/r2/baseline/outputs/r2-main/proofs/fresh-10/byte-ledger.json
R2-C0,fresh-10,a,raw,fri_round_2_frontier,5312,research/r2/baseline/outputs/r2-main/proofs/fresh-10/byte-ledger.json
R2-C0,fresh-10,a,raw,fri_round_2_frontier_count,4,research/r2/baseline/outputs/r2-main/proofs/fresh-10/byte-ledger.json
R2-C0,fresh-10,a,raw,fri_round_2_salts,512,research/r2/baseline/outputs/r2-main/proofs/fresh-10/byte-ledger.json
R2-C0,fresh-10,a,raw,fri_round_2_values,256,research/r2/baseline/outputs/r2-main/proofs/fresh-10/byte-ledger.json
R2-C0,fresh-10,a,raw,fri_round_3_frontier,4288,research/r2/baseline/outputs/r2-main/proofs/fresh-10/byte-ledger.json
R2-C0,fresh-10,a,raw,fri_round_3_frontier_count,4,research/r2/baseline/outputs/r2-main/proofs/fresh-10/byte-ledger.json
R2-C0,fresh-10,a,raw,fri_round_3_salts,512,research/r2/baseline/outputs/r2-main/proofs/fresh-10/byte-ledger.json
R2-C0,fresh-10,a,raw,fri_round_3_values,256,research/r2/baseline/outputs/r2-main/proofs/fresh-10/byte-ledger.json
R2-C0,fresh-10,a,raw,fri_round_4_frontier,3264,research/r2/baseline/outputs/r2-main/proofs/fresh-10/byte-ledger.json
R2-C0,fresh-10,a,raw,fri_round_4_frontier_count,4,research/r2/baseline/outputs/r2-main/proofs/fresh-10/byte-ledger.json
R2-C0,fresh-10,a,raw,fri_round_4_salts,512,research/r2/baseline/outputs/r2-main/proofs/fresh-10/byte-ledger.json
R2-C0,fresh-10,a,raw,fri_round_4_values,256,research/r2/baseline/outputs/r2-main/proofs/fresh-10/byte-ledger.json
R2-C0,fresh-10,a,raw,fri_round_5_frontier,2240,research/r2/baseline/outputs/r2-main/proofs/fresh-10/byte-ledger.json
R2-C0,fresh-10,a,raw,fri_round_5_frontier_count,4,research/r2/baseline/outputs/r2-main/proofs/fresh-10/byte-ledger.json
R2-C0,fresh-10,a,raw,fri_round_5_salts,512,research/r2/baseline/outputs/r2-main/proofs/fresh-10/byte-ledger.json
R2-C0,fresh-10,a,raw,fri_round_5_values,256,research/r2/baseline/outputs/r2-main/proofs/fresh-10/byte-ledger.json
R2-C0,fresh-10,a,raw,fri_round_6_frontier,1472,research/r2/baseline/outputs/r2-main/proofs/fresh-10/byte-ledger.json
R2-C0,fresh-10,a,raw,fri_round_6_frontier_count,4,research/r2/baseline/outputs/r2-main/proofs/fresh-10/byte-ledger.json
R2-C0,fresh-10,a,raw,fri_round_6_salts,512,research/r2/baseline/outputs/r2-main/proofs/fresh-10/byte-ledger.json
R2-C0,fresh-10,a,raw,fri_round_6_values,256,research/r2/baseline/outputs/r2-main/proofs/fresh-10/byte-ledger.json
R2-C0,fresh-10,a,raw,fri_round_7_frontier,832,research/r2/baseline/outputs/r2-main/proofs/fresh-10/byte-ledger.json
R2-C0,fresh-10,a,raw,fri_round_7_frontier_count,4,research/r2/baseline/outputs/r2-main/proofs/fresh-10/byte-ledger.json
R2-C0,fresh-10,a,raw,fri_round_7_salts,512,research/r2/baseline/outputs/r2-main/proofs/fresh-10/byte-ledger.json
R2-C0,fresh-10,a,raw,fri_round_7_values,256,research/r2/baseline/outputs/r2-main/proofs/fresh-10/byte-ledger.json
R2-C0,fresh-10,a,raw,fri_round_8_frontier,448,research/r2/baseline/outputs/r2-main/proofs/fresh-10/byte-ledger.json
R2-C0,fresh-10,a,raw,fri_round_8_frontier_count,4,research/r2/baseline/outputs/r2-main/proofs/fresh-10/byte-ledger.json
R2-C0,fresh-10,a,raw,fri_round_8_salts,512,research/r2/baseline/outputs/r2-main/proofs/fresh-10/byte-ledger.json
R2-C0,fresh-10,a,raw,fri_round_8_values,256,research/r2/baseline/outputs/r2-main/proofs/fresh-10/byte-ledger.json
R2-C0,fresh-10,a,raw,global_digest,32,research/r2/baseline/outputs/r2-main/proofs/fresh-10/byte-ledger.json
R2-C0,fresh-10,a,raw,half_query_indices,68,research/r2/baseline/outputs/r2-main/proofs/fresh-10/byte-ledger.json
R2-C0,fresh-10,a,raw,hiding_mask_openings,1216,research/r2/baseline/outputs/r2-main/proofs/fresh-10/byte-ledger.json
R2-C0,fresh-10,a,raw,initial_batch_0_frontier,8384,research/r2/baseline/outputs/r2-main/proofs/fresh-10/byte-ledger.json
R2-C0,fresh-10,a,raw,initial_batch_0_frontier_count,4,research/r2/baseline/outputs/r2-main/proofs/fresh-10/byte-ledger.json
R2-C0,fresh-10,a,raw,initial_batch_0_row_masks,256,research/r2/baseline/outputs/r2-main/proofs/fresh-10/byte-ledger.json
R2-C0,fresh-10,a,raw,initial_batch_0_rows,256,research/r2/baseline/outputs/r2-main/proofs/fresh-10/byte-ledger.json
R2-C0,fresh-10,a,raw,initial_batch_0_salts,512,research/r2/baseline/outputs/r2-main/proofs/fresh-10/byte-ledger.json
R2-C0,fresh-10,a,raw,initial_batch_1_frontier,8384,research/r2/baseline/outputs/r2-main/proofs/fresh-10/byte-ledger.json
R2-C0,fresh-10,a,raw,initial_batch_1_frontier_count,4,research/r2/baseline/outputs/r2-main/proofs/fresh-10/byte-ledger.json
R2-C0,fresh-10,a,raw,initial_batch_1_row_masks,256,research/r2/baseline/outputs/r2-main/proofs/fresh-10/byte-ledger.json
R2-C0,fresh-10,a,raw,initial_batch_1_rows,12160,research/r2/baseline/outputs/r2-main/proofs/fresh-10/byte-ledger.json
R2-C0,fresh-10,a,raw,initial_batch_1_salts,512,research/r2/baseline/outputs/r2-main/proofs/fresh-10/byte-ledger.json
R2-C0,fresh-10,a,raw,initial_batch_2_frontier,8384,research/r2/baseline/outputs/r2-main/proofs/fresh-10/byte-ledger.json
R2-C0,fresh-10,a,raw,initial_batch_2_frontier_count,4,research/r2/baseline/outputs/r2-main/proofs/fresh-10/byte-ledger.json
R2-C0,fresh-10,a,raw,initial_batch_2_row_masks,4096,research/r2/baseline/outputs/r2-main/proofs/fresh-10/byte-ledger.json
R2-C0,fresh-10,a,raw,initial_batch_2_rows,4096,research/r2/baseline/outputs/r2-main/proofs/fresh-10/byte-ledger.json
R2-C0,fresh-10,a,raw,initial_batch_2_salts,8192,research/r2/baseline/outputs/r2-main/proofs/fresh-10/byte-ledger.json
R2-C0,fresh-10,a,raw,ood_quotient,1024,research/r2/baseline/outputs/r2-main/proofs/fresh-10/byte-ledger.json
R2-C0,fresh-10,a,raw,ood_random,64,research/r2/baseline/outputs/r2-main/proofs/fresh-10/byte-ledger.json
R2-C0,fresh-10,a,raw,ood_trace_local,3040,research/r2/baseline/outputs/r2-main/proofs/fresh-10/byte-ledger.json
R2-C0,fresh-10,a,raw,ood_trace_next,3040,research/r2/baseline/outputs/r2-main/proofs/fresh-10/byte-ledger.json
R2-C0,fresh-10,a,raw,parameter_identifier,64,research/r2/baseline/outputs/r2-main/proofs/fresh-10/byte-ledger.json
R2-C0,fresh-10,a,raw,public_header_length,2,research/r2/baseline/outputs/r2-main/proofs/fresh-10/byte-ledger.json
R2-C0,fresh-10,a,raw,public_statement_fields,256,research/r2/baseline/outputs/r2-main/proofs/fresh-10/byte-ledger.json
R2-C0,fresh-10,a,raw,query_grinding,4,research/r2/baseline/outputs/r2-main/proofs/fresh-10/byte-ledger.json
R2-C0,fresh-10,a,raw,terminator,4,research/r2/baseline/outputs/r2-main/proofs/fresh-10/byte-ledger.json
R2-C0,fresh-10,a,abi,alignment,26,research/r2/baseline/outputs/r2-main/proofs/fresh-10/byte-ledger.json
R2-C0,fresh-10,a,abi,dynamic_length,32,research/r2/baseline/outputs/r2-main/proofs/fresh-10/byte-ledger.json
R2-C0,fresh-10,a,abi,dynamic_offset,32,research/r2/baseline/outputs/r2-main/proofs/fresh-10/byte-ledger.json
R2-C0,fresh-10,a,abi,proof,104230,research/r2/baseline/outputs/r2-main/proofs/fresh-10/byte-ledger.json
R2-C0,fresh-10,a,abi,proof_identifier,0,research/r2/baseline/outputs/r2-main/proofs/fresh-10/byte-ledger.json
R2-C0,fresh-10,a,abi,selector,4,research/r2/baseline/outputs/r2-main/proofs/fresh-10/byte-ledger.json
R2-C0,fresh-10,a,abi,statement,224,research/r2/baseline/outputs/r2-main/proofs/fresh-10/byte-ledger.json
R2-C0,fresh-10,b,raw,checkpoint_challenges,192,research/r2/baseline/outputs/r2-main/proofs/fresh-10/byte-ledger.json
R2-C0,fresh-10,b,raw,checkpoint_identifiers,64,research/r2/baseline/outputs/r2-main/proofs/fresh-10/byte-ledger.json
R2-C0,fresh-10,b,raw,checkpoint_query_indices,260,research/r2/baseline/outputs/r2-main/proofs/fresh-10/byte-ledger.json
R2-C0,fresh-10,b,raw,checkpoint_transcript_state,64,research/r2/baseline/outputs/r2-main/proofs/fresh-10/byte-ledger.json
R2-C0,fresh-10,b,raw,commitment_quotient,64,research/r2/baseline/outputs/r2-main/proofs/fresh-10/byte-ledger.json
R2-C0,fresh-10,b,raw,commitment_random,64,research/r2/baseline/outputs/r2-main/proofs/fresh-10/byte-ledger.json
R2-C0,fresh-10,b,raw,commitment_trace,64,research/r2/baseline/outputs/r2-main/proofs/fresh-10/byte-ledger.json
R2-C0,fresh-10,b,raw,common_header,16,research/r2/baseline/outputs/r2-main/proofs/fresh-10/byte-ledger.json
R2-C0,fresh-10,b,raw,final_polynomial,16,research/r2/baseline/outputs/r2-main/proofs/fresh-10/byte-ledger.json
R2-C0,fresh-10,b,raw,fri_commitments,576,research/r2/baseline/outputs/r2-main/proofs/fresh-10/byte-ledger.json
R2-C0,fresh-10,b,raw,fri_grinding,36,research/r2/baseline/outputs/r2-main/proofs/fresh-10/byte-ledger.json
R2-C0,fresh-10,b,raw,fri_round_0_frontier,7616,research/r2/baseline/outputs/r2-main/proofs/fresh-10/byte-ledger.json
R2-C0,fresh-10,b,raw,fri_round_0_frontier_count,4,research/r2/baseline/outputs/r2-main/proofs/fresh-10/byte-ledger.json
R2-C0,fresh-10,b,raw,fri_round_0_salts,512,research/r2/baseline/outputs/r2-main/proofs/fresh-10/byte-ledger.json
R2-C0,fresh-10,b,raw,fri_round_0_values,256,research/r2/baseline/outputs/r2-main/proofs/fresh-10/byte-ledger.json
R2-C0,fresh-10,b,raw,fri_round_1_frontier,6592,research/r2/baseline/outputs/r2-main/proofs/fresh-10/byte-ledger.json
R2-C0,fresh-10,b,raw,fri_round_1_frontier_count,4,research/r2/baseline/outputs/r2-main/proofs/fresh-10/byte-ledger.json
R2-C0,fresh-10,b,raw,fri_round_1_salts,512,research/r2/baseline/outputs/r2-main/proofs/fresh-10/byte-ledger.json
R2-C0,fresh-10,b,raw,fri_round_1_values,256,research/r2/baseline/outputs/r2-main/proofs/fresh-10/byte-ledger.json
R2-C0,fresh-10,b,raw,fri_round_2_frontier,5568,research/r2/baseline/outputs/r2-main/proofs/fresh-10/byte-ledger.json
R2-C0,fresh-10,b,raw,fri_round_2_frontier_count,4,research/r2/baseline/outputs/r2-main/proofs/fresh-10/byte-ledger.json
R2-C0,fresh-10,b,raw,fri_round_2_salts,512,research/r2/baseline/outputs/r2-main/proofs/fresh-10/byte-ledger.json
R2-C0,fresh-10,b,raw,fri_round_2_values,256,research/r2/baseline/outputs/r2-main/proofs/fresh-10/byte-ledger.json
R2-C0,fresh-10,b,raw,fri_round_3_frontier,4544,research/r2/baseline/outputs/r2-main/proofs/fresh-10/byte-ledger.json
R2-C0,fresh-10,b,raw,fri_round_3_frontier_count,4,research/r2/baseline/outputs/r2-main/proofs/fresh-10/byte-ledger.json
R2-C0,fresh-10,b,raw,fri_round_3_salts,512,research/r2/baseline/outputs/r2-main/proofs/fresh-10/byte-ledger.json
R2-C0,fresh-10,b,raw,fri_round_3_values,256,research/r2/baseline/outputs/r2-main/proofs/fresh-10/byte-ledger.json
R2-C0,fresh-10,b,raw,fri_round_4_frontier,3520,research/r2/baseline/outputs/r2-main/proofs/fresh-10/byte-ledger.json
R2-C0,fresh-10,b,raw,fri_round_4_frontier_count,4,research/r2/baseline/outputs/r2-main/proofs/fresh-10/byte-ledger.json
R2-C0,fresh-10,b,raw,fri_round_4_salts,512,research/r2/baseline/outputs/r2-main/proofs/fresh-10/byte-ledger.json
R2-C0,fresh-10,b,raw,fri_round_4_values,256,research/r2/baseline/outputs/r2-main/proofs/fresh-10/byte-ledger.json
R2-C0,fresh-10,b,raw,fri_round_5_frontier,2496,research/r2/baseline/outputs/r2-main/proofs/fresh-10/byte-ledger.json
R2-C0,fresh-10,b,raw,fri_round_5_frontier_count,4,research/r2/baseline/outputs/r2-main/proofs/fresh-10/byte-ledger.json
R2-C0,fresh-10,b,raw,fri_round_5_salts,512,research/r2/baseline/outputs/r2-main/proofs/fresh-10/byte-ledger.json
R2-C0,fresh-10,b,raw,fri_round_5_values,256,research/r2/baseline/outputs/r2-main/proofs/fresh-10/byte-ledger.json
R2-C0,fresh-10,b,raw,fri_round_6_frontier,1472,research/r2/baseline/outputs/r2-main/proofs/fresh-10/byte-ledger.json
R2-C0,fresh-10,b,raw,fri_round_6_frontier_count,4,research/r2/baseline/outputs/r2-main/proofs/fresh-10/byte-ledger.json
R2-C0,fresh-10,b,raw,fri_round_6_salts,512,research/r2/baseline/outputs/r2-main/proofs/fresh-10/byte-ledger.json
R2-C0,fresh-10,b,raw,fri_round_6_values,256,research/r2/baseline/outputs/r2-main/proofs/fresh-10/byte-ledger.json
R2-C0,fresh-10,b,raw,fri_round_7_frontier,576,research/r2/baseline/outputs/r2-main/proofs/fresh-10/byte-ledger.json
R2-C0,fresh-10,b,raw,fri_round_7_frontier_count,4,research/r2/baseline/outputs/r2-main/proofs/fresh-10/byte-ledger.json
R2-C0,fresh-10,b,raw,fri_round_7_salts,512,research/r2/baseline/outputs/r2-main/proofs/fresh-10/byte-ledger.json
R2-C0,fresh-10,b,raw,fri_round_7_values,256,research/r2/baseline/outputs/r2-main/proofs/fresh-10/byte-ledger.json
R2-C0,fresh-10,b,raw,fri_round_8_frontier,256,research/r2/baseline/outputs/r2-main/proofs/fresh-10/byte-ledger.json
R2-C0,fresh-10,b,raw,fri_round_8_frontier_count,4,research/r2/baseline/outputs/r2-main/proofs/fresh-10/byte-ledger.json
R2-C0,fresh-10,b,raw,fri_round_8_salts,512,research/r2/baseline/outputs/r2-main/proofs/fresh-10/byte-ledger.json
R2-C0,fresh-10,b,raw,fri_round_8_values,256,research/r2/baseline/outputs/r2-main/proofs/fresh-10/byte-ledger.json
R2-C0,fresh-10,b,raw,global_digest,32,research/r2/baseline/outputs/r2-main/proofs/fresh-10/byte-ledger.json
R2-C0,fresh-10,b,raw,half_query_indices,68,research/r2/baseline/outputs/r2-main/proofs/fresh-10/byte-ledger.json
R2-C0,fresh-10,b,raw,hiding_mask_openings,1216,research/r2/baseline/outputs/r2-main/proofs/fresh-10/byte-ledger.json
R2-C0,fresh-10,b,raw,initial_batch_0_frontier,8640,research/r2/baseline/outputs/r2-main/proofs/fresh-10/byte-ledger.json
R2-C0,fresh-10,b,raw,initial_batch_0_frontier_count,4,research/r2/baseline/outputs/r2-main/proofs/fresh-10/byte-ledger.json
R2-C0,fresh-10,b,raw,initial_batch_0_row_masks,256,research/r2/baseline/outputs/r2-main/proofs/fresh-10/byte-ledger.json
R2-C0,fresh-10,b,raw,initial_batch_0_rows,256,research/r2/baseline/outputs/r2-main/proofs/fresh-10/byte-ledger.json
R2-C0,fresh-10,b,raw,initial_batch_0_salts,512,research/r2/baseline/outputs/r2-main/proofs/fresh-10/byte-ledger.json
R2-C0,fresh-10,b,raw,initial_batch_1_frontier,8640,research/r2/baseline/outputs/r2-main/proofs/fresh-10/byte-ledger.json
R2-C0,fresh-10,b,raw,initial_batch_1_frontier_count,4,research/r2/baseline/outputs/r2-main/proofs/fresh-10/byte-ledger.json
R2-C0,fresh-10,b,raw,initial_batch_1_row_masks,256,research/r2/baseline/outputs/r2-main/proofs/fresh-10/byte-ledger.json
R2-C0,fresh-10,b,raw,initial_batch_1_rows,12160,research/r2/baseline/outputs/r2-main/proofs/fresh-10/byte-ledger.json
R2-C0,fresh-10,b,raw,initial_batch_1_salts,512,research/r2/baseline/outputs/r2-main/proofs/fresh-10/byte-ledger.json
R2-C0,fresh-10,b,raw,initial_batch_2_frontier,8640,research/r2/baseline/outputs/r2-main/proofs/fresh-10/byte-ledger.json
R2-C0,fresh-10,b,raw,initial_batch_2_frontier_count,4,research/r2/baseline/outputs/r2-main/proofs/fresh-10/byte-ledger.json
R2-C0,fresh-10,b,raw,initial_batch_2_row_masks,4096,research/r2/baseline/outputs/r2-main/proofs/fresh-10/byte-ledger.json
R2-C0,fresh-10,b,raw,initial_batch_2_rows,4096,research/r2/baseline/outputs/r2-main/proofs/fresh-10/byte-ledger.json
R2-C0,fresh-10,b,raw,initial_batch_2_salts,8192,research/r2/baseline/outputs/r2-main/proofs/fresh-10/byte-ledger.json
R2-C0,fresh-10,b,raw,ood_quotient,1024,research/r2/baseline/outputs/r2-main/proofs/fresh-10/byte-ledger.json
R2-C0,fresh-10,b,raw,ood_random,64,research/r2/baseline/outputs/r2-main/proofs/fresh-10/byte-ledger.json
R2-C0,fresh-10,b,raw,ood_trace_local,3040,research/r2/baseline/outputs/r2-main/proofs/fresh-10/byte-ledger.json
R2-C0,fresh-10,b,raw,ood_trace_next,3040,research/r2/baseline/outputs/r2-main/proofs/fresh-10/byte-ledger.json
R2-C0,fresh-10,b,raw,parameter_identifier,64,research/r2/baseline/outputs/r2-main/proofs/fresh-10/byte-ledger.json
R2-C0,fresh-10,b,raw,proof_identifier,32,research/r2/baseline/outputs/r2-main/proofs/fresh-10/byte-ledger.json
R2-C0,fresh-10,b,raw,public_header_length,2,research/r2/baseline/outputs/r2-main/proofs/fresh-10/byte-ledger.json
R2-C0,fresh-10,b,raw,public_statement_fields,256,research/r2/baseline/outputs/r2-main/proofs/fresh-10/byte-ledger.json
R2-C0,fresh-10,b,raw,query_grinding,4,research/r2/baseline/outputs/r2-main/proofs/fresh-10/byte-ledger.json
R2-C0,fresh-10,b,raw,terminator,4,research/r2/baseline/outputs/r2-main/proofs/fresh-10/byte-ledger.json
R2-C0,fresh-10,b,abi,alignment,26,research/r2/baseline/outputs/r2-main/proofs/fresh-10/byte-ledger.json
R2-C0,fresh-10,b,abi,dynamic_length,32,research/r2/baseline/outputs/r2-main/proofs/fresh-10/byte-ledger.json
R2-C0,fresh-10,b,abi,dynamic_offset,32,research/r2/baseline/outputs/r2-main/proofs/fresh-10/byte-ledger.json
R2-C0,fresh-10,b,abi,proof,106118,research/r2/baseline/outputs/r2-main/proofs/fresh-10/byte-ledger.json
R2-C0,fresh-10,b,abi,proof_identifier,32,research/r2/baseline/outputs/r2-main/proofs/fresh-10/byte-ledger.json
R2-C0,fresh-10,b,abi,selector,4,research/r2/baseline/outputs/r2-main/proofs/fresh-10/byte-ledger.json
R2-C0,fresh-10,b,abi,statement,224,research/r2/baseline/outputs/r2-main/proofs/fresh-10/byte-ledger.json
R2-C1,C1-decomposed,complete,postcard,proof.postcard/commitments/trace,78,research/r2/air/outputs/C1-decomposed/byte-ledger.json
R2-C1,C1-decomposed,complete,postcard,proof.postcard/commitments/quotient,79,research/r2/air/outputs/C1-decomposed/byte-ledger.json
R2-C1,C1-decomposed,complete,postcard,proof.postcard/commitments/random,78,research/r2/air/outputs/C1-decomposed/byte-ledger.json
R2-C1,C1-decomposed,complete,postcard,proof.postcard/out-of-domain-openings/trace-local,1313,research/r2/air/outputs/C1-decomposed/byte-ledger.json
R2-C1,C1-decomposed,complete,postcard,proof.postcard/out-of-domain-openings/trace-next,1314,research/r2/air/outputs/C1-decomposed/byte-ledger.json
R2-C1,C1-decomposed,complete,postcard,proof.postcard/out-of-domain-openings/preprocessed-local,1,research/r2/air/outputs/C1-decomposed/byte-ledger.json
R2-C1,C1-decomposed,complete,postcard,proof.postcard/out-of-domain-openings/preprocessed-next,1,research/r2/air/outputs/C1-decomposed/byte-ledger.json
R2-C1,C1-decomposed,complete,postcard,proof.postcard/out-of-domain-openings/quotient-chunks,521,research/r2/air/outputs/C1-decomposed/byte-ledger.json
R2-C1,C1-decomposed,complete,postcard,proof.postcard/out-of-domain-openings/random,66,research/r2/air/outputs/C1-decomposed/byte-ledger.json
R2-C1,C1-decomposed,complete,postcard,proof.postcard/PCS/hiding-random-codewords,729,research/r2/air/outputs/C1-decomposed/byte-ledger.json
R2-C1,C1-decomposed,complete,postcard,proof.postcard/PCS/FRI/commitments,1076,research/r2/air/outputs/C1-decomposed/byte-ledger.json
R2-C1,C1-decomposed,complete,postcard,proof.postcard/PCS/FRI/commit-PoW,57,research/r2/air/outputs/C1-decomposed/byte-ledger.json
R2-C1,C1-decomposed,complete,postcard,proof.postcard/PCS/FRI/input-openings/batch-0/row-openings,1089,research/r2/air/outputs/C1-decomposed/byte-ledger.json
R2-C1,C1-decomposed,complete,postcard,proof.postcard/PCS/FRI/input-openings/batch-0/hiding-salts,1089,research/r2/air/outputs/C1-decomposed/byte-ledger.json
R2-C1,C1-decomposed,complete,postcard,proof.postcard/PCS/FRI/input-openings/batch-0/shared-pruned-frontier,29554,research/r2/air/outputs/C1-decomposed/byte-ledger.json
R2-C1,C1-decomposed,complete,postcard,proof.postcard/PCS/FRI/input-openings/batch-1/row-openings,11073,research/r2/air/outputs/C1-decomposed/byte-ledger.json
R2-C1,C1-decomposed,complete,postcard,proof.postcard/PCS/FRI/input-openings/batch-1/hiding-salts,1089,research/r2/air/outputs/C1-decomposed/byte-ledger.json
R2-C1,C1-decomposed,complete,postcard,proof.postcard/PCS/FRI/input-openings/batch-1/shared-pruned-frontier,29517,research/r2/air/outputs/C1-decomposed/byte-ledger.json
R2-C1,C1-decomposed,complete,postcard,proof.postcard/PCS/FRI/input-openings/batch-2/row-openings,8481,research/r2/air/outputs/C1-decomposed/byte-ledger.json
R2-C1,C1-decomposed,complete,postcard,proof.postcard/PCS/FRI/input-openings/batch-2/hiding-salts,8481,research/r2/air/outputs/C1-decomposed/byte-ledger.json
R2-C1,C1-decomposed,complete,postcard,proof.postcard/PCS/FRI/input-openings/batch-2/shared-pruned-frontier,29480,research/r2/air/outputs/C1-decomposed/byte-ledger.json
R2-C1,C1-decomposed,complete,postcard,proof.postcard/PCS/FRI/input-openings/length/option-prefix,1,research/r2/air/outputs/C1-decomposed/byte-ledger.json
R2-C1,C1-decomposed,complete,postcard,proof.postcard/PCS/FRI/FRI-round-openings/round-0/log-arity,1,research/r2/air/outputs/C1-decomposed/byte-ledger.json
R2-C1,C1-decomposed,complete,postcard,proof.postcard/PCS/FRI/FRI-round-openings/round-0/sibling-values,545,research/r2/air/outputs/C1-decomposed/byte-ledger.json
R2-C1,C1-decomposed,complete,postcard,proof.postcard/PCS/FRI/FRI-round-openings/round-0/hiding-salts,1089,research/r2/air/outputs/C1-decomposed/byte-ledger.json
R2-C1,C1-decomposed,complete,postcard,proof.postcard/PCS/FRI/FRI-round-openings/round-0/shared-pruned-frontier,27104,research/r2/air/outputs/C1-decomposed/byte-ledger.json
R2-C1,C1-decomposed,complete,postcard,proof.postcard/PCS/FRI/FRI-round-openings/round-1/log-arity,1,research/r2/air/outputs/C1-decomposed/byte-ledger.json
R2-C1,C1-decomposed,complete,postcard,proof.postcard/PCS/FRI/FRI-round-openings/round-1/sibling-values,545,research/r2/air/outputs/C1-decomposed/byte-ledger.json
R2-C1,C1-decomposed,complete,postcard,proof.postcard/PCS/FRI/FRI-round-openings/round-1/hiding-salts,1089,research/r2/air/outputs/C1-decomposed/byte-ledger.json
R2-C1,C1-decomposed,complete,postcard,proof.postcard/PCS/FRI/FRI-round-openings/round-1/shared-pruned-frontier,24668,research/r2/air/outputs/C1-decomposed/byte-ledger.json
R2-C1,C1-decomposed,complete,postcard,proof.postcard/PCS/FRI/FRI-round-openings/round-2/log-arity,1,research/r2/air/outputs/C1-decomposed/byte-ledger.json
R2-C1,C1-decomposed,complete,postcard,proof.postcard/PCS/FRI/FRI-round-openings/round-2/sibling-values,545,research/r2/air/outputs/C1-decomposed/byte-ledger.json
R2-C1,C1-decomposed,complete,postcard,proof.postcard/PCS/FRI/FRI-round-openings/round-2/hiding-salts,1089,research/r2/air/outputs/C1-decomposed/byte-ledger.json
R2-C1,C1-decomposed,complete,postcard,proof.postcard/PCS/FRI/FRI-round-openings/round-2/shared-pruned-frontier,22256,research/r2/air/outputs/C1-decomposed/byte-ledger.json
R2-C1,C1-decomposed,complete,postcard,proof.postcard/PCS/FRI/FRI-round-openings/round-3/log-arity,1,research/r2/air/outputs/C1-decomposed/byte-ledger.json
R2-C1,C1-decomposed,complete,postcard,proof.postcard/PCS/FRI/FRI-round-openings/round-3/sibling-values,545,research/r2/air/outputs/C1-decomposed/byte-ledger.json
R2-C1,C1-decomposed,complete,postcard,proof.postcard/PCS/FRI/FRI-round-openings/round-3/hiding-salts,1089,research/r2/air/outputs/C1-decomposed/byte-ledger.json
R2-C1,C1-decomposed,complete,postcard,proof.postcard/PCS/FRI/FRI-round-openings/round-3/shared-pruned-frontier,19846,research/r2/air/outputs/C1-decomposed/byte-ledger.json
R2-C1,C1-decomposed,complete,postcard,proof.postcard/PCS/FRI/FRI-round-openings/round-4/log-arity,1,research/r2/air/outputs/C1-decomposed/byte-ledger.json
R2-C1,C1-decomposed,complete,postcard,proof.postcard/PCS/FRI/FRI-round-openings/round-4/sibling-values,545,research/r2/air/outputs/C1-decomposed/byte-ledger.json
R2-C1,C1-decomposed,complete,postcard,proof.postcard/PCS/FRI/FRI-round-openings/round-4/hiding-salts,1089,research/r2/air/outputs/C1-decomposed/byte-ledger.json
R2-C1,C1-decomposed,complete,postcard,proof.postcard/PCS/FRI/FRI-round-openings/round-4/shared-pruned-frontier,17427,research/r2/air/outputs/C1-decomposed/byte-ledger.json
R2-C1,C1-decomposed,complete,postcard,proof.postcard/PCS/FRI/FRI-round-openings/round-5/log-arity,1,research/r2/air/outputs/C1-decomposed/byte-ledger.json
R2-C1,C1-decomposed,complete,postcard,proof.postcard/PCS/FRI/FRI-round-openings/round-5/sibling-values,545,research/r2/air/outputs/C1-decomposed/byte-ledger.json
R2-C1,C1-decomposed,complete,postcard,proof.postcard/PCS/FRI/FRI-round-openings/round-5/hiding-salts,1089,research/r2/air/outputs/C1-decomposed/byte-ledger.json
R2-C1,C1-decomposed,complete,postcard,proof.postcard/PCS/FRI/FRI-round-openings/round-5/shared-pruned-frontier,14955,research/r2/air/outputs/C1-decomposed/byte-ledger.json
R2-C1,C1-decomposed,complete,postcard,proof.postcard/PCS/FRI/FRI-round-openings/round-6/log-arity,1,research/r2/air/outputs/C1-decomposed/byte-ledger.json
R2-C1,C1-decomposed,complete,postcard,proof.postcard/PCS/FRI/FRI-round-openings/round-6/sibling-values,545,research/r2/air/outputs/C1-decomposed/byte-ledger.json
R2-C1,C1-decomposed,complete,postcard,proof.postcard/PCS/FRI/FRI-round-openings/round-6/hiding-salts,1089,research/r2/air/outputs/C1-decomposed/byte-ledger.json
R2-C1,C1-decomposed,complete,postcard,proof.postcard/PCS/FRI/FRI-round-openings/round-6/shared-pruned-frontier,12539,research/r2/air/outputs/C1-decomposed/byte-ledger.json
R2-C1,C1-decomposed,complete,postcard,proof.postcard/PCS/FRI/FRI-round-openings/round-7/log-arity,1,research/r2/air/outputs/C1-decomposed/byte-ledger.json
R2-C1,C1-decomposed,complete,postcard,proof.postcard/PCS/FRI/FRI-round-openings/round-7/sibling-values,545,research/r2/air/outputs/C1-decomposed/byte-ledger.json
R2-C1,C1-decomposed,complete,postcard,proof.postcard/PCS/FRI/FRI-round-openings/round-7/hiding-salts,1089,research/r2/air/outputs/C1-decomposed/byte-ledger.json
R2-C1,C1-decomposed,complete,postcard,proof.postcard/PCS/FRI/FRI-round-openings/round-7/shared-pruned-frontier,10104,research/r2/air/outputs/C1-decomposed/byte-ledger.json
R2-C1,C1-decomposed,complete,postcard,proof.postcard/PCS/FRI/FRI-round-openings/round-8/log-arity,1,research/r2/air/outputs/C1-decomposed/byte-ledger.json
R2-C1,C1-decomposed,complete,postcard,proof.postcard/PCS/FRI/FRI-round-openings/round-8/sibling-values,545,research/r2/air/outputs/C1-decomposed/byte-ledger.json
R2-C1,C1-decomposed,complete,postcard,proof.postcard/PCS/FRI/FRI-round-openings/round-8/hiding-salts,1089,research/r2/air/outputs/C1-decomposed/byte-ledger.json
R2-C1,C1-decomposed,complete,postcard,proof.postcard/PCS/FRI/FRI-round-openings/round-8/shared-pruned-frontier,7808,research/r2/air/outputs/C1-decomposed/byte-ledger.json
R2-C1,C1-decomposed,complete,postcard,proof.postcard/PCS/FRI/FRI-round-openings/round-9/log-arity,1,research/r2/air/outputs/C1-decomposed/byte-ledger.json
R2-C1,C1-decomposed,complete,postcard,proof.postcard/PCS/FRI/FRI-round-openings/round-9/sibling-values,545,research/r2/air/outputs/C1-decomposed/byte-ledger.json
R2-C1,C1-decomposed,complete,postcard,proof.postcard/PCS/FRI/FRI-round-openings/round-9/hiding-salts,1089,research/r2/air/outputs/C1-decomposed/byte-ledger.json
R2-C1,C1-decomposed,complete,postcard,proof.postcard/PCS/FRI/FRI-round-openings/round-9/shared-pruned-frontier,5623,research/r2/air/outputs/C1-decomposed/byte-ledger.json
R2-C1,C1-decomposed,complete,postcard,proof.postcard/PCS/FRI/FRI-round-openings/round-10/log-arity,1,research/r2/air/outputs/C1-decomposed/byte-ledger.json
R2-C1,C1-decomposed,complete,postcard,proof.postcard/PCS/FRI/FRI-round-openings/round-10/sibling-values,545,research/r2/air/outputs/C1-decomposed/byte-ledger.json
R2-C1,C1-decomposed,complete,postcard,proof.postcard/PCS/FRI/FRI-round-openings/round-10/hiding-salts,1089,research/r2/air/outputs/C1-decomposed/byte-ledger.json
R2-C1,C1-decomposed,complete,postcard,proof.postcard/PCS/FRI/FRI-round-openings/round-10/shared-pruned-frontier,3492,research/r2/air/outputs/C1-decomposed/byte-ledger.json
R2-C1,C1-decomposed,complete,postcard,proof.postcard/PCS/FRI/FRI-round-openings/round-11/log-arity,1,research/r2/air/outputs/C1-decomposed/byte-ledger.json
R2-C1,C1-decomposed,complete,postcard,proof.postcard/PCS/FRI/FRI-round-openings/round-11/sibling-values,545,research/r2/air/outputs/C1-decomposed/byte-ledger.json
R2-C1,C1-decomposed,complete,postcard,proof.postcard/PCS/FRI/FRI-round-openings/round-11/hiding-salts,1089,research/r2/air/outputs/C1-decomposed/byte-ledger.json
R2-C1,C1-decomposed,complete,postcard,proof.postcard/PCS/FRI/FRI-round-openings/round-11/shared-pruned-frontier,1898,research/r2/air/outputs/C1-decomposed/byte-ledger.json
R2-C1,C1-decomposed,complete,postcard,proof.postcard/PCS/FRI/FRI-round-openings/round-12/log-arity,1,research/r2/air/outputs/C1-decomposed/byte-ledger.json
R2-C1,C1-decomposed,complete,postcard,proof.postcard/PCS/FRI/FRI-round-openings/round-12/sibling-values,545,research/r2/air/outputs/C1-decomposed/byte-ledger.json
R2-C1,C1-decomposed,complete,postcard,proof.postcard/PCS/FRI/FRI-round-openings/round-12/hiding-salts,1089,research/r2/air/outputs/C1-decomposed/byte-ledger.json
R2-C1,C1-decomposed,complete,postcard,proof.postcard/PCS/FRI/FRI-round-openings/round-12/shared-pruned-frontier,916,research/r2/air/outputs/C1-decomposed/byte-ledger.json
R2-C1,C1-decomposed,complete,postcard,proof.postcard/PCS/FRI/FRI-round-openings/round-13/log-arity,1,research/r2/air/outputs/C1-decomposed/byte-ledger.json
R2-C1,C1-decomposed,complete,postcard,proof.postcard/PCS/FRI/FRI-round-openings/round-13/sibling-values,545,research/r2/air/outputs/C1-decomposed/byte-ledger.json
R2-C1,C1-decomposed,complete,postcard,proof.postcard/PCS/FRI/FRI-round-openings/round-13/hiding-salts,1089,research/r2/air/outputs/C1-decomposed/byte-ledger.json
R2-C1,C1-decomposed,complete,postcard,proof.postcard/PCS/FRI/FRI-round-openings/round-13/shared-pruned-frontier,78,research/r2/air/outputs/C1-decomposed/byte-ledger.json
R2-C1,C1-decomposed,complete,postcard,proof.postcard/PCS/FRI/FRI-round-openings/length/option-prefix,1,research/r2/air/outputs/C1-decomposed/byte-ledger.json
R2-C1,C1-decomposed,complete,postcard,proof.postcard/PCS/FRI/final-polynomial,17,research/r2/air/outputs/C1-decomposed/byte-ledger.json
R2-C1,C1-decomposed,complete,postcard,proof.postcard/PCS/FRI/query-PoW,4,research/r2/air/outputs/C1-decomposed/byte-ledger.json
R2-C1,C1-decomposed,complete,postcard,proof.postcard/degree-bits,1,research/r2/air/outputs/C1-decomposed/byte-ledger.json
R2-C2,C2-horizontal-02,complete,postcard,proof.postcard/commitments/trace,77,research/r2/air/outputs/C2-horizontal-02/byte-ledger.json
R2-C2,C2-horizontal-02,complete,postcard,proof.postcard/commitments/quotient,77,research/r2/air/outputs/C2-horizontal-02/byte-ledger.json
R2-C2,C2-horizontal-02,complete,postcard,proof.postcard/commitments/random,78,research/r2/air/outputs/C2-horizontal-02/byte-ledger.json
R2-C2,C2-horizontal-02,complete,postcard,proof.postcard/out-of-domain-openings/trace-local,5314,research/r2/air/outputs/C2-horizontal-02/byte-ledger.json
R2-C2,C2-horizontal-02,complete,postcard,proof.postcard/out-of-domain-openings/trace-next,5315,research/r2/air/outputs/C2-horizontal-02/byte-ledger.json
R2-C2,C2-horizontal-02,complete,postcard,proof.postcard/out-of-domain-openings/preprocessed-local,1,research/r2/air/outputs/C2-horizontal-02/byte-ledger.json
R2-C2,C2-horizontal-02,complete,postcard,proof.postcard/out-of-domain-openings/preprocessed-next,1,research/r2/air/outputs/C2-horizontal-02/byte-ledger.json
R2-C2,C2-horizontal-02,complete,postcard,proof.postcard/out-of-domain-openings/quotient-chunks,1041,research/r2/air/outputs/C2-horizontal-02/byte-ledger.json
R2-C2,C2-horizontal-02,complete,postcard,proof.postcard/out-of-domain-openings/random,66,research/r2/air/outputs/C2-horizontal-02/byte-ledger.json
R2-C2,C2-horizontal-02,complete,postcard,proof.postcard/PCS/hiding-random-codewords,1257,research/r2/air/outputs/C2-horizontal-02/byte-ledger.json
R2-C2,C2-horizontal-02,complete,postcard,proof.postcard/PCS/FRI/commitments,540,research/r2/air/outputs/C2-horizontal-02/byte-ledger.json
R2-C2,C2-horizontal-02,complete,postcard,proof.postcard/PCS/FRI/commit-PoW,29,research/r2/air/outputs/C2-horizontal-02/byte-ledger.json
R2-C2,C2-horizontal-02,complete,postcard,proof.postcard/PCS/FRI/input-openings/batch-0/row-openings,1089,research/r2/air/outputs/C2-horizontal-02/byte-ledger.json
R2-C2,C2-horizontal-02,complete,postcard,proof.postcard/PCS/FRI/input-openings/batch-0/hiding-salts,1089,research/r2/air/outputs/C2-horizontal-02/byte-ledger.json
R2-C2,C2-horizontal-02,complete,postcard,proof.postcard/PCS/FRI/input-openings/batch-0/shared-pruned-frontier,12219,research/r2/air/outputs/C2-horizontal-02/byte-ledger.json
R2-C2,C2-horizontal-02,complete,postcard,proof.postcard/PCS/FRI/input-openings/batch-1/row-openings,43105,research/r2/air/outputs/C2-horizontal-02/byte-ledger.json
R2-C2,C2-horizontal-02,complete,postcard,proof.postcard/PCS/FRI/input-openings/batch-1/hiding-salts,1089,research/r2/air/outputs/C2-horizontal-02/byte-ledger.json
R2-C2,C2-horizontal-02,complete,postcard,proof.postcard/PCS/FRI/input-openings/batch-1/shared-pruned-frontier,12223,research/r2/air/outputs/C2-horizontal-02/byte-ledger.json
R2-C2,C2-horizontal-02,complete,postcard,proof.postcard/PCS/FRI/input-openings/batch-2/row-openings,16929,research/r2/air/outputs/C2-horizontal-02/byte-ledger.json
R2-C2,C2-horizontal-02,complete,postcard,proof.postcard/PCS/FRI/input-openings/batch-2/hiding-salts,16929,research/r2/air/outputs/C2-horizontal-02/byte-ledger.json
R2-C2,C2-horizontal-02,complete,postcard,proof.postcard/PCS/FRI/input-openings/batch-2/shared-pruned-frontier,12245,research/r2/air/outputs/C2-horizontal-02/byte-ledger.json
R2-C2,C2-horizontal-02,complete,postcard,proof.postcard/PCS/FRI/input-openings/length/option-prefix,1,research/r2/air/outputs/C2-horizontal-02/byte-ledger.json
R2-C2,C2-horizontal-02,complete,postcard,proof.postcard/PCS/FRI/FRI-round-openings/round-0/log-arity,1,research/r2/air/outputs/C2-horizontal-02/byte-ledger.json
R2-C2,C2-horizontal-02,complete,postcard,proof.postcard/PCS/FRI/FRI-round-openings/round-0/sibling-values,545,research/r2/air/outputs/C2-horizontal-02/byte-ledger.json
R2-C2,C2-horizontal-02,complete,postcard,proof.postcard/PCS/FRI/FRI-round-openings/round-0/hiding-salts,1089,research/r2/air/outputs/C2-horizontal-02/byte-ledger.json
R2-C2,C2-horizontal-02,complete,postcard,proof.postcard/PCS/FRI/FRI-round-openings/round-0/shared-pruned-frontier,9870,research/r2/air/outputs/C2-horizontal-02/byte-ledger.json
R2-C2,C2-horizontal-02,complete,postcard,proof.postcard/PCS/FRI/FRI-round-openings/round-1/log-arity,1,research/r2/air/outputs/C2-horizontal-02/byte-ledger.json
R2-C2,C2-horizontal-02,complete,postcard,proof.postcard/PCS/FRI/FRI-round-openings/round-1/sibling-values,545,research/r2/air/outputs/C2-horizontal-02/byte-ledger.json
R2-C2,C2-horizontal-02,complete,postcard,proof.postcard/PCS/FRI/FRI-round-openings/round-1/hiding-salts,1089,research/r2/air/outputs/C2-horizontal-02/byte-ledger.json
R2-C2,C2-horizontal-02,complete,postcard,proof.postcard/PCS/FRI/FRI-round-openings/round-1/shared-pruned-frontier,7788,research/r2/air/outputs/C2-horizontal-02/byte-ledger.json
R2-C2,C2-horizontal-02,complete,postcard,proof.postcard/PCS/FRI/FRI-round-openings/round-2/log-arity,1,research/r2/air/outputs/C2-horizontal-02/byte-ledger.json
R2-C2,C2-horizontal-02,complete,postcard,proof.postcard/PCS/FRI/FRI-round-openings/round-2/sibling-values,545,research/r2/air/outputs/C2-horizontal-02/byte-ledger.json
R2-C2,C2-horizontal-02,complete,postcard,proof.postcard/PCS/FRI/FRI-round-openings/round-2/hiding-salts,1089,research/r2/air/outputs/C2-horizontal-02/byte-ledger.json
R2-C2,C2-horizontal-02,complete,postcard,proof.postcard/PCS/FRI/FRI-round-openings/round-2/shared-pruned-frontier,5601,research/r2/air/outputs/C2-horizontal-02/byte-ledger.json
R2-C2,C2-horizontal-02,complete,postcard,proof.postcard/PCS/FRI/FRI-round-openings/round-3/log-arity,1,research/r2/air/outputs/C2-horizontal-02/byte-ledger.json
R2-C2,C2-horizontal-02,complete,postcard,proof.postcard/PCS/FRI/FRI-round-openings/round-3/sibling-values,545,research/r2/air/outputs/C2-horizontal-02/byte-ledger.json
R2-C2,C2-horizontal-02,complete,postcard,proof.postcard/PCS/FRI/FRI-round-openings/round-3/hiding-salts,1089,research/r2/air/outputs/C2-horizontal-02/byte-ledger.json
R2-C2,C2-horizontal-02,complete,postcard,proof.postcard/PCS/FRI/FRI-round-openings/round-3/shared-pruned-frontier,3731,research/r2/air/outputs/C2-horizontal-02/byte-ledger.json
R2-C2,C2-horizontal-02,complete,postcard,proof.postcard/PCS/FRI/FRI-round-openings/round-4/log-arity,1,research/r2/air/outputs/C2-horizontal-02/byte-ledger.json
R2-C2,C2-horizontal-02,complete,postcard,proof.postcard/PCS/FRI/FRI-round-openings/round-4/sibling-values,545,research/r2/air/outputs/C2-horizontal-02/byte-ledger.json
R2-C2,C2-horizontal-02,complete,postcard,proof.postcard/PCS/FRI/FRI-round-openings/round-4/hiding-salts,1089,research/r2/air/outputs/C2-horizontal-02/byte-ledger.json
R2-C2,C2-horizontal-02,complete,postcard,proof.postcard/PCS/FRI/FRI-round-openings/round-4/shared-pruned-frontier,1828,research/r2/air/outputs/C2-horizontal-02/byte-ledger.json
R2-C2,C2-horizontal-02,complete,postcard,proof.postcard/PCS/FRI/FRI-round-openings/round-5/log-arity,1,research/r2/air/outputs/C2-horizontal-02/byte-ledger.json
R2-C2,C2-horizontal-02,complete,postcard,proof.postcard/PCS/FRI/FRI-round-openings/round-5/sibling-values,545,research/r2/air/outputs/C2-horizontal-02/byte-ledger.json
R2-C2,C2-horizontal-02,complete,postcard,proof.postcard/PCS/FRI/FRI-round-openings/round-5/hiding-salts,1089,research/r2/air/outputs/C2-horizontal-02/byte-ledger.json
R2-C2,C2-horizontal-02,complete,postcard,proof.postcard/PCS/FRI/FRI-round-openings/round-5/shared-pruned-frontier,613,research/r2/air/outputs/C2-horizontal-02/byte-ledger.json
R2-C2,C2-horizontal-02,complete,postcard,proof.postcard/PCS/FRI/FRI-round-openings/round-6/log-arity,1,research/r2/air/outputs/C2-horizontal-02/byte-ledger.json
R2-C2,C2-horizontal-02,complete,postcard,proof.postcard/PCS/FRI/FRI-round-openings/round-6/sibling-values,545,research/r2/air/outputs/C2-horizontal-02/byte-ledger.json
R2-C2,C2-horizontal-02,complete,postcard,proof.postcard/PCS/FRI/FRI-round-openings/round-6/hiding-salts,1089,research/r2/air/outputs/C2-horizontal-02/byte-ledger.json
R2-C2,C2-horizontal-02,complete,postcard,proof.postcard/PCS/FRI/FRI-round-openings/round-6/shared-pruned-frontier,78,research/r2/air/outputs/C2-horizontal-02/byte-ledger.json
R2-C2,C2-horizontal-02,complete,postcard,proof.postcard/PCS/FRI/FRI-round-openings/length/option-prefix,1,research/r2/air/outputs/C2-horizontal-02/byte-ledger.json
R2-C2,C2-horizontal-02,complete,postcard,proof.postcard/PCS/FRI/final-polynomial,17,research/r2/air/outputs/C2-horizontal-02/byte-ledger.json
R2-C2,C2-horizontal-02,complete,postcard,proof.postcard/PCS/FRI/query-PoW,4,research/r2/air/outputs/C2-horizontal-02/byte-ledger.json
R2-C2,C2-horizontal-02,complete,postcard,proof.postcard/degree-bits,1,research/r2/air/outputs/C2-horizontal-02/byte-ledger.json
R2-C3,C3-decomposed,complete,postcard,proof.postcard/commitments/trace,76,research/r2/air/outputs/C3-decomposed/byte-ledger.json
R2-C3,C3-decomposed,complete,postcard,proof.postcard/commitments/quotient,78,research/r2/air/outputs/C3-decomposed/byte-ledger.json
R2-C3,C3-decomposed,complete,postcard,proof.postcard/commitments/random,80,research/r2/air/outputs/C3-decomposed/byte-ledger.json
R2-C3,C3-decomposed,complete,postcard,proof.postcard/out-of-domain-openings/trace-local,2274,research/r2/air/outputs/C3-decomposed/byte-ledger.json
R2-C3,C3-decomposed,complete,postcard,proof.postcard/out-of-domain-openings/trace-next,2275,research/r2/air/outputs/C3-decomposed/byte-ledger.json
R2-C3,C3-decomposed,complete,postcard,proof.postcard/out-of-domain-openings/preprocessed-local,1,research/r2/air/outputs/C3-decomposed/byte-ledger.json
R2-C3,C3-decomposed,complete,postcard,proof.postcard/out-of-domain-openings/preprocessed-next,1,research/r2/air/outputs/C3-decomposed/byte-ledger.json
R2-C3,C3-decomposed,complete,postcard,proof.postcard/out-of-domain-openings/quotient-chunks,521,research/r2/air/outputs/C3-decomposed/byte-ledger.json
R2-C3,C3-decomposed,complete,postcard,proof.postcard/out-of-domain-openings/random,66,research/r2/air/outputs/C3-decomposed/byte-ledger.json
R2-C3,C3-decomposed,complete,postcard,proof.postcard/PCS/hiding-random-codewords,729,research/r2/air/outputs/C3-decomposed/byte-ledger.json
R2-C3,C3-decomposed,complete,postcard,proof.postcard/PCS/FRI/commitments,1002,research/r2/air/outputs/C3-decomposed/byte-ledger.json
R2-C3,C3-decomposed,complete,postcard,proof.postcard/PCS/FRI/commit-PoW,53,research/r2/air/outputs/C3-decomposed/byte-ledger.json
R2-C3,C3-decomposed,complete,postcard,proof.postcard/PCS/FRI/input-openings/batch-0/row-openings,1089,research/r2/air/outputs/C3-decomposed/byte-ledger.json
R2-C3,C3-decomposed,complete,postcard,proof.postcard/PCS/FRI/input-openings/batch-0/hiding-salts,1089,research/r2/air/outputs/C3-decomposed/byte-ledger.json
R2-C3,C3-decomposed,complete,postcard,proof.postcard/PCS/FRI/input-openings/batch-0/shared-pruned-frontier,26890,research/r2/air/outputs/C3-decomposed/byte-ledger.json
R2-C3,C3-decomposed,complete,postcard,proof.postcard/PCS/FRI/input-openings/batch-1/row-openings,18785,research/r2/air/outputs/C3-decomposed/byte-ledger.json
R2-C3,C3-decomposed,complete,postcard,proof.postcard/PCS/FRI/input-openings/batch-1/hiding-salts,1089,research/r2/air/outputs/C3-decomposed/byte-ledger.json
R2-C3,C3-decomposed,complete,postcard,proof.postcard/PCS/FRI/input-openings/batch-1/shared-pruned-frontier,26921,research/r2/air/outputs/C3-decomposed/byte-ledger.json
R2-C3,C3-decomposed,complete,postcard,proof.postcard/PCS/FRI/input-openings/batch-2/row-openings,8481,research/r2/air/outputs/C3-decomposed/byte-ledger.json
R2-C3,C3-decomposed,complete,postcard,proof.postcard/PCS/FRI/input-openings/batch-2/hiding-salts,8481,research/r2/air/outputs/C3-decomposed/byte-ledger.json
R2-C3,C3-decomposed,complete,postcard,proof.postcard/PCS/FRI/input-openings/batch-2/shared-pruned-frontier,26845,research/r2/air/outputs/C3-decomposed/byte-ledger.json
R2-C3,C3-decomposed,complete,postcard,proof.postcard/PCS/FRI/input-openings/length/option-prefix,1,research/r2/air/outputs/C3-decomposed/byte-ledger.json
R2-C3,C3-decomposed,complete,postcard,proof.postcard/PCS/FRI/FRI-round-openings/round-0/log-arity,1,research/r2/air/outputs/C3-decomposed/byte-ledger.json
R2-C3,C3-decomposed,complete,postcard,proof.postcard/PCS/FRI/FRI-round-openings/round-0/sibling-values,545,research/r2/air/outputs/C3-decomposed/byte-ledger.json
R2-C3,C3-decomposed,complete,postcard,proof.postcard/PCS/FRI/FRI-round-openings/round-0/hiding-salts,1089,research/r2/air/outputs/C3-decomposed/byte-ledger.json
R2-C3,C3-decomposed,complete,postcard,proof.postcard/PCS/FRI/FRI-round-openings/round-0/shared-pruned-frontier,24465,research/r2/air/outputs/C3-decomposed/byte-ledger.json
R2-C3,C3-decomposed,complete,postcard,proof.postcard/PCS/FRI/FRI-round-openings/round-1/log-arity,1,research/r2/air/outputs/C3-decomposed/byte-ledger.json
R2-C3,C3-decomposed,complete,postcard,proof.postcard/PCS/FRI/FRI-round-openings/round-1/sibling-values,545,research/r2/air/outputs/C3-decomposed/byte-ledger.json
R2-C3,C3-decomposed,complete,postcard,proof.postcard/PCS/FRI/FRI-round-openings/round-1/hiding-salts,1089,research/r2/air/outputs/C3-decomposed/byte-ledger.json
R2-C3,C3-decomposed,complete,postcard,proof.postcard/PCS/FRI/FRI-round-openings/round-1/shared-pruned-frontier,22047,research/r2/air/outputs/C3-decomposed/byte-ledger.json
R2-C3,C3-decomposed,complete,postcard,proof.postcard/PCS/FRI/FRI-round-openings/round-2/log-arity,1,research/r2/air/outputs/C3-decomposed/byte-ledger.json
R2-C3,C3-decomposed,complete,postcard,proof.postcard/PCS/FRI/FRI-round-openings/round-2/sibling-values,545,research/r2/air/outputs/C3-decomposed/byte-ledger.json
R2-C3,C3-decomposed,complete,postcard,proof.postcard/PCS/FRI/FRI-round-openings/round-2/hiding-salts,1089,research/r2/air/outputs/C3-decomposed/byte-ledger.json
R2-C3,C3-decomposed,complete,postcard,proof.postcard/PCS/FRI/FRI-round-openings/round-2/shared-pruned-frontier,19608,research/r2/air/outputs/C3-decomposed/byte-ledger.json
R2-C3,C3-decomposed,complete,postcard,proof.postcard/PCS/FRI/FRI-round-openings/round-3/log-arity,1,research/r2/air/outputs/C3-decomposed/byte-ledger.json
R2-C3,C3-decomposed,complete,postcard,proof.postcard/PCS/FRI/FRI-round-openings/round-3/sibling-values,545,research/r2/air/outputs/C3-decomposed/byte-ledger.json
R2-C3,C3-decomposed,complete,postcard,proof.postcard/PCS/FRI/FRI-round-openings/round-3/hiding-salts,1089,research/r2/air/outputs/C3-decomposed/byte-ledger.json
R2-C3,C3-decomposed,complete,postcard,proof.postcard/PCS/FRI/FRI-round-openings/round-3/shared-pruned-frontier,17215,research/r2/air/outputs/C3-decomposed/byte-ledger.json
R2-C3,C3-decomposed,complete,postcard,proof.postcard/PCS/FRI/FRI-round-openings/round-4/log-arity,1,research/r2/air/outputs/C3-decomposed/byte-ledger.json
R2-C3,C3-decomposed,complete,postcard,proof.postcard/PCS/FRI/FRI-round-openings/round-4/sibling-values,545,research/r2/air/outputs/C3-decomposed/byte-ledger.json
R2-C3,C3-decomposed,complete,postcard,proof.postcard/PCS/FRI/FRI-round-openings/round-4/hiding-salts,1089,research/r2/air/outputs/C3-decomposed/byte-ledger.json
R2-C3,C3-decomposed,complete,postcard,proof.postcard/PCS/FRI/FRI-round-openings/round-4/shared-pruned-frontier,14730,research/r2/air/outputs/C3-decomposed/byte-ledger.json
R2-C3,C3-decomposed,complete,postcard,proof.postcard/PCS/FRI/FRI-round-openings/round-5/log-arity,1,research/r2/air/outputs/C3-decomposed/byte-ledger.json
R2-C3,C3-decomposed,complete,postcard,proof.postcard/PCS/FRI/FRI-round-openings/round-5/sibling-values,545,research/r2/air/outputs/C3-decomposed/byte-ledger.json
R2-C3,C3-decomposed,complete,postcard,proof.postcard/PCS/FRI/FRI-round-openings/round-5/hiding-salts,1089,research/r2/air/outputs/C3-decomposed/byte-ledger.json
R2-C3,C3-decomposed,complete,postcard,proof.postcard/PCS/FRI/FRI-round-openings/round-5/shared-pruned-frontier,12308,research/r2/air/outputs/C3-decomposed/byte-ledger.json
R2-C3,C3-decomposed,complete,postcard,proof.postcard/PCS/FRI/FRI-round-openings/round-6/log-arity,1,research/r2/air/outputs/C3-decomposed/byte-ledger.json
R2-C3,C3-decomposed,complete,postcard,proof.postcard/PCS/FRI/FRI-round-openings/round-6/sibling-values,545,research/r2/air/outputs/C3-decomposed/byte-ledger.json
R2-C3,C3-decomposed,complete,postcard,proof.postcard/PCS/FRI/FRI-round-openings/round-6/hiding-salts,1089,research/r2/air/outputs/C3-decomposed/byte-ledger.json
R2-C3,C3-decomposed,complete,postcard,proof.postcard/PCS/FRI/FRI-round-openings/round-6/shared-pruned-frontier,9889,research/r2/air/outputs/C3-decomposed/byte-ledger.json
R2-C3,C3-decomposed,complete,postcard,proof.postcard/PCS/FRI/FRI-round-openings/round-7/log-arity,1,research/r2/air/outputs/C3-decomposed/byte-ledger.json
R2-C3,C3-decomposed,complete,postcard,proof.postcard/PCS/FRI/FRI-round-openings/round-7/sibling-values,545,research/r2/air/outputs/C3-decomposed/byte-ledger.json
R2-C3,C3-decomposed,complete,postcard,proof.postcard/PCS/FRI/FRI-round-openings/round-7/hiding-salts,1089,research/r2/air/outputs/C3-decomposed/byte-ledger.json
R2-C3,C3-decomposed,complete,postcard,proof.postcard/PCS/FRI/FRI-round-openings/round-7/shared-pruned-frontier,7594,research/r2/air/outputs/C3-decomposed/byte-ledger.json
R2-C3,C3-decomposed,complete,postcard,proof.postcard/PCS/FRI/FRI-round-openings/round-8/log-arity,1,research/r2/air/outputs/C3-decomposed/byte-ledger.json
R2-C3,C3-decomposed,complete,postcard,proof.postcard/PCS/FRI/FRI-round-openings/round-8/sibling-values,545,research/r2/air/outputs/C3-decomposed/byte-ledger.json
R2-C3,C3-decomposed,complete,postcard,proof.postcard/PCS/FRI/FRI-round-openings/round-8/hiding-salts,1089,research/r2/air/outputs/C3-decomposed/byte-ledger.json
R2-C3,C3-decomposed,complete,postcard,proof.postcard/PCS/FRI/FRI-round-openings/round-8/shared-pruned-frontier,5384,research/r2/air/outputs/C3-decomposed/byte-ledger.json
R2-C3,C3-decomposed,complete,postcard,proof.postcard/PCS/FRI/FRI-round-openings/round-9/log-arity,1,research/r2/air/outputs/C3-decomposed/byte-ledger.json
R2-C3,C3-decomposed,complete,postcard,proof.postcard/PCS/FRI/FRI-round-openings/round-9/sibling-values,545,research/r2/air/outputs/C3-decomposed/byte-ledger.json
R2-C3,C3-decomposed,complete,postcard,proof.postcard/PCS/FRI/FRI-round-openings/round-9/hiding-salts,1089,research/r2/air/outputs/C3-decomposed/byte-ledger.json
R2-C3,C3-decomposed,complete,postcard,proof.postcard/PCS/FRI/FRI-round-openings/round-9/shared-pruned-frontier,3261,research/r2/air/outputs/C3-decomposed/byte-ledger.json
R2-C3,C3-decomposed,complete,postcard,proof.postcard/PCS/FRI/FRI-round-openings/round-10/log-arity,1,research/r2/air/outputs/C3-decomposed/byte-ledger.json
R2-C3,C3-decomposed,complete,postcard,proof.postcard/PCS/FRI/FRI-round-openings/round-10/sibling-values,545,research/r2/air/outputs/C3-decomposed/byte-ledger.json
R2-C3,C3-decomposed,complete,postcard,proof.postcard/PCS/FRI/FRI-round-openings/round-10/hiding-salts,1089,research/r2/air/outputs/C3-decomposed/byte-ledger.json
R2-C3,C3-decomposed,complete,postcard,proof.postcard/PCS/FRI/FRI-round-openings/round-10/shared-pruned-frontier,1980,research/r2/air/outputs/C3-decomposed/byte-ledger.json
R2-C3,C3-decomposed,complete,postcard,proof.postcard/PCS/FRI/FRI-round-openings/round-11/log-arity,1,research/r2/air/outputs/C3-decomposed/byte-ledger.json
R2-C3,C3-decomposed,complete,postcard,proof.postcard/PCS/FRI/FRI-round-openings/round-11/sibling-values,545,research/r2/air/outputs/C3-decomposed/byte-ledger.json
R2-C3,C3-decomposed,complete,postcard,proof.postcard/PCS/FRI/FRI-round-openings/round-11/hiding-salts,1089,research/r2/air/outputs/C3-decomposed/byte-ledger.json
R2-C3,C3-decomposed,complete,postcard,proof.postcard/PCS/FRI/FRI-round-openings/round-11/shared-pruned-frontier,843,research/r2/air/outputs/C3-decomposed/byte-ledger.json
R2-C3,C3-decomposed,complete,postcard,proof.postcard/PCS/FRI/FRI-round-openings/round-12/log-arity,1,research/r2/air/outputs/C3-decomposed/byte-ledger.json
R2-C3,C3-decomposed,complete,postcard,proof.postcard/PCS/FRI/FRI-round-openings/round-12/sibling-values,545,research/r2/air/outputs/C3-decomposed/byte-ledger.json
R2-C3,C3-decomposed,complete,postcard,proof.postcard/PCS/FRI/FRI-round-openings/round-12/hiding-salts,1089,research/r2/air/outputs/C3-decomposed/byte-ledger.json
R2-C3,C3-decomposed,complete,postcard,proof.postcard/PCS/FRI/FRI-round-openings/round-12/shared-pruned-frontier,155,research/r2/air/outputs/C3-decomposed/byte-ledger.json
R2-C3,C3-decomposed,complete,postcard,proof.postcard/PCS/FRI/FRI-round-openings/length/option-prefix,1,research/r2/air/outputs/C3-decomposed/byte-ledger.json
R2-C3,C3-decomposed,complete,postcard,proof.postcard/PCS/FRI/final-polynomial,17,research/r2/air/outputs/C3-decomposed/byte-ledger.json
R2-C3,C3-decomposed,complete,postcard,proof.postcard/PCS/FRI/query-PoW,4,research/r2/air/outputs/C3-decomposed/byte-ledger.json
R2-C3,C3-decomposed,complete,postcard,proof.postcard/degree-bits,1,research/r2/air/outputs/C3-decomposed/byte-ledger.json
