regime,transaction,kind,component,gas,receipt_success,evidence
capped-create,0x7c9945014eef04cc48b43cc3b0979c9b3f6aa9bcbb75f5cd56857f2a497563c0,exclusive_receipt_component,air_evaluation,4021,True,research/r2/baseline/outputs/r2-main/local/retained-attempt-02/deployment-results.json
capped-create,0x7c9945014eef04cc48b43cc3b0979c9b3f6aa9bcbb75f5cd56857f2a497563c0,exclusive_receipt_component,alpha_opening_aggregates,0,True,research/r2/baseline/outputs/r2-main/local/retained-attempt-02/deployment-results.json
capped-create,0x7c9945014eef04cc48b43cc3b0979c9b3f6aa9bcbb75f5cd56857f2a497563c0,exclusive_receipt_component,checkpoint_storage_deletion,0,True,research/r2/baseline/outputs/r2-main/local/retained-attempt-02/deployment-results.json
capped-create,0x7c9945014eef04cc48b43cc3b0979c9b3f6aa9bcbb75f5cd56857f2a497563c0,exclusive_receipt_component,compiler_shared_or_unmapped,0,True,research/r2/baseline/outputs/r2-main/local/retained-attempt-02/deployment-results.json
capped-create,0x7c9945014eef04cc48b43cc3b0979c9b3f6aa9bcbb75f5cd56857f2a497563c0,exclusive_receipt_component,constructor_hashing,0,True,research/r2/baseline/outputs/r2-main/local/retained-attempt-02/deployment-results.json
capped-create,0x7c9945014eef04cc48b43cc3b0979c9b3f6aa9bcbb75f5cd56857f2a497563c0,exclusive_receipt_component,constructor_storage,0,True,research/r2/baseline/outputs/r2-main/local/retained-attempt-02/deployment-results.json
capped-create,0x7c9945014eef04cc48b43cc3b0979c9b3f6aa9bcbb75f5cd56857f2a497563c0,exclusive_receipt_component,fri_arithmetic,0,True,research/r2/baseline/outputs/r2-main/local/retained-attempt-02/deployment-results.json
capped-create,0x7c9945014eef04cc48b43cc3b0979c9b3f6aa9bcbb75f5cd56857f2a497563c0,exclusive_receipt_component,inverse_calculations,0,True,research/r2/baseline/outputs/r2-main/local/retained-attempt-02/deployment-results.json
capped-create,0x7c9945014eef04cc48b43cc3b0979c9b3f6aa9bcbb75f5cd56857f2a497563c0,exclusive_receipt_component,mmcs_hashing_paths,0,True,research/r2/baseline/outputs/r2-main/local/retained-attempt-02/deployment-results.json
capped-create,0x7c9945014eef04cc48b43cc3b0979c9b3f6aa9bcbb75f5cd56857f2a497563c0,exclusive_receipt_component,nullifier_write,0,True,research/r2/baseline/outputs/r2-main/local/retained-attempt-02/deployment-results.json
capped-create,0x7c9945014eef04cc48b43cc3b0979c9b3f6aa9bcbb75f5cd56857f2a497563c0,exclusive_receipt_component,ood_quotient,0,True,research/r2/baseline/outputs/r2-main/local/retained-attempt-02/deployment-results.json
capped-create,0x7c9945014eef04cc48b43cc3b0979c9b3f6aa9bcbb75f5cd56857f2a497563c0,exclusive_receipt_component,other_state,0,True,research/r2/baseline/outputs/r2-main/local/retained-attempt-02/deployment-results.json
capped-create,0x7c9945014eef04cc48b43cc3b0979c9b3f6aa9bcbb75f5cd56857f2a497563c0,exclusive_receipt_component,parse_canonicality,0,True,research/r2/baseline/outputs/r2-main/local/retained-attempt-02/deployment-results.json
capped-create,0x7c9945014eef04cc48b43cc3b0979c9b3f6aa9bcbb75f5cd56857f2a497563c0,exclusive_receipt_component,payout_calls,0,True,research/r2/baseline/outputs/r2-main/local/retained-attempt-02/deployment-results.json
capped-create,0x7c9945014eef04cc48b43cc3b0979c9b3f6aa9bcbb75f5cd56857f2a497563c0,exclusive_receipt_component,public_statement,0,True,research/r2/baseline/outputs/r2-main/local/retained-attempt-02/deployment-results.json
capped-create,0x7c9945014eef04cc48b43cc3b0979c9b3f6aa9bcbb75f5cd56857f2a497563c0,exclusive_receipt_component,row_reductions,0,True,research/r2/baseline/outputs/r2-main/local/retained-attempt-02/deployment-results.json
capped-create,0x7c9945014eef04cc48b43cc3b0979c9b3f6aa9bcbb75f5cd56857f2a497563c0,exclusive_receipt_component,transcript_challenges,0,True,research/r2/baseline/outputs/r2-main/local/retained-attempt-02/deployment-results.json
capped-create,0x7c9945014eef04cc48b43cc3b0979c9b3f6aa9bcbb75f5cd56857f2a497563c0,exclusive_receipt_component,standard_intrinsic,336920,True,research/r2/baseline/outputs/r2-main/local/retained-attempt-02/deployment-results.json
capped-create,0x7c9945014eef04cc48b43cc3b0979c9b3f6aa9bcbb75f5cd56857f2a497563c0,exclusive_receipt_component,code_deposit,3565400,True,research/r2/baseline/outputs/r2-main/local/retained-attempt-02/deployment-results.json
capped-create,0x7c9945014eef04cc48b43cc3b0979c9b3f6aa9bcbb75f5cd56857f2a497563c0,exclusive_receipt_component,reconciliation_residual,0,True,research/r2/baseline/outputs/r2-main/local/retained-attempt-02/deployment-results.json
capped-create,0x7c9945014eef04cc48b43cc3b0979c9b3f6aa9bcbb75f5cd56857f2a497563c0,total_not_additive,receipt_gas,3906341,True,research/r2/baseline/outputs/r2-main/local/retained-attempt-02/deployment-results.json
capped-create,0xfdaef51d28fda2f7ef8a47486fb94c218099cca759d2136da1782d37a79f5e35,exclusive_receipt_component,air_evaluation,0,True,research/r2/baseline/outputs/r2-main/local/retained-attempt-02/deployment-results.json
capped-create,0xfdaef51d28fda2f7ef8a47486fb94c218099cca759d2136da1782d37a79f5e35,exclusive_receipt_component,alpha_opening_aggregates,0,True,research/r2/baseline/outputs/r2-main/local/retained-attempt-02/deployment-results.json
capped-create,0xfdaef51d28fda2f7ef8a47486fb94c218099cca759d2136da1782d37a79f5e35,exclusive_receipt_component,checkpoint_storage_deletion,0,True,research/r2/baseline/outputs/r2-main/local/retained-attempt-02/deployment-results.json
capped-create,0xfdaef51d28fda2f7ef8a47486fb94c218099cca759d2136da1782d37a79f5e35,exclusive_receipt_component,compiler_shared_or_unmapped,2821,True,research/r2/baseline/outputs/r2-main/local/retained-attempt-02/deployment-results.json
capped-create,0xfdaef51d28fda2f7ef8a47486fb94c218099cca759d2136da1782d37a79f5e35,exclusive_receipt_component,constructor_hashing,0,True,research/r2/baseline/outputs/r2-main/local/retained-attempt-02/deployment-results.json
capped-create,0xfdaef51d28fda2f7ef8a47486fb94c218099cca759d2136da1782d37a79f5e35,exclusive_receipt_component,constructor_storage,0,True,research/r2/baseline/outputs/r2-main/local/retained-attempt-02/deployment-results.json
capped-create,0xfdaef51d28fda2f7ef8a47486fb94c218099cca759d2136da1782d37a79f5e35,exclusive_receipt_component,fri_arithmetic,0,True,research/r2/baseline/outputs/r2-main/local/retained-attempt-02/deployment-results.json
capped-create,0xfdaef51d28fda2f7ef8a47486fb94c218099cca759d2136da1782d37a79f5e35,exclusive_receipt_component,inverse_calculations,0,True,research/r2/baseline/outputs/r2-main/local/retained-attempt-02/deployment-results.json
capped-create,0xfdaef51d28fda2f7ef8a47486fb94c218099cca759d2136da1782d37a79f5e35,exclusive_receipt_component,mmcs_hashing_paths,0,True,research/r2/baseline/outputs/r2-main/local/retained-attempt-02/deployment-results.json
capped-create,0xfdaef51d28fda2f7ef8a47486fb94c218099cca759d2136da1782d37a79f5e35,exclusive_receipt_component,nullifier_write,0,True,research/r2/baseline/outputs/r2-main/local/retained-attempt-02/deployment-results.json
capped-create,0xfdaef51d28fda2f7ef8a47486fb94c218099cca759d2136da1782d37a79f5e35,exclusive_receipt_component,ood_quotient,0,True,research/r2/baseline/outputs/r2-main/local/retained-attempt-02/deployment-results.json
capped-create,0xfdaef51d28fda2f7ef8a47486fb94c218099cca759d2136da1782d37a79f5e35,exclusive_receipt_component,other_state,0,True,research/r2/baseline/outputs/r2-main/local/retained-attempt-02/deployment-results.json
capped-create,0xfdaef51d28fda2f7ef8a47486fb94c218099cca759d2136da1782d37a79f5e35,exclusive_receipt_component,parse_canonicality,0,True,research/r2/baseline/outputs/r2-main/local/retained-attempt-02/deployment-results.json
capped-create,0xfdaef51d28fda2f7ef8a47486fb94c218099cca759d2136da1782d37a79f5e35,exclusive_receipt_component,payout_calls,0,True,research/r2/baseline/outputs/r2-main/local/retained-attempt-02/deployment-results.json
capped-create,0xfdaef51d28fda2f7ef8a47486fb94c218099cca759d2136da1782d37a79f5e35,exclusive_receipt_component,public_statement,0,True,research/r2/baseline/outputs/r2-main/local/retained-attempt-02/deployment-results.json
capped-create,0xfdaef51d28fda2f7ef8a47486fb94c218099cca759d2136da1782d37a79f5e35,exclusive_receipt_component,row_reductions,0,True,research/r2/baseline/outputs/r2-main/local/retained-attempt-02/deployment-results.json
capped-create,0xfdaef51d28fda2f7ef8a47486fb94c218099cca759d2136da1782d37a79f5e35,exclusive_receipt_component,transcript_challenges,0,True,research/r2/baseline/outputs/r2-main/local/retained-attempt-02/deployment-results.json
capped-create,0xfdaef51d28fda2f7ef8a47486fb94c218099cca759d2136da1782d37a79f5e35,exclusive_receipt_component,standard_intrinsic,258706,True,research/r2/baseline/outputs/r2-main/local/retained-attempt-02/deployment-results.json
capped-create,0xfdaef51d28fda2f7ef8a47486fb94c218099cca759d2136da1782d37a79f5e35,exclusive_receipt_component,code_deposit,2597800,True,research/r2/baseline/outputs/r2-main/local/retained-attempt-02/deployment-results.json
capped-create,0xfdaef51d28fda2f7ef8a47486fb94c218099cca759d2136da1782d37a79f5e35,exclusive_receipt_component,reconciliation_residual,0,True,research/r2/baseline/outputs/r2-main/local/retained-attempt-02/deployment-results.json
capped-create,0xfdaef51d28fda2f7ef8a47486fb94c218099cca759d2136da1782d37a79f5e35,total_not_additive,receipt_gas,2859327,True,research/r2/baseline/outputs/r2-main/local/retained-attempt-02/deployment-results.json
capped-create,0x4c1c3f3e266784055b535eaf4a0663928c833830db7a658797aef1e3614945f9,exclusive_receipt_component,air_evaluation,0,True,research/r2/baseline/outputs/r2-main/local/retained-attempt-02/deployment-results.json
capped-create,0x4c1c3f3e266784055b535eaf4a0663928c833830db7a658797aef1e3614945f9,exclusive_receipt_component,alpha_opening_aggregates,0,True,research/r2/baseline/outputs/r2-main/local/retained-attempt-02/deployment-results.json
capped-create,0x4c1c3f3e266784055b535eaf4a0663928c833830db7a658797aef1e3614945f9,exclusive_receipt_component,checkpoint_storage_deletion,0,True,research/r2/baseline/outputs/r2-main/local/retained-attempt-02/deployment-results.json
capped-create,0x4c1c3f3e266784055b535eaf4a0663928c833830db7a658797aef1e3614945f9,exclusive_receipt_component,compiler_shared_or_unmapped,3666,True,research/r2/baseline/outputs/r2-main/local/retained-attempt-02/deployment-results.json
capped-create,0x4c1c3f3e266784055b535eaf4a0663928c833830db7a658797aef1e3614945f9,exclusive_receipt_component,constructor_hashing,0,True,research/r2/baseline/outputs/r2-main/local/retained-attempt-02/deployment-results.json
capped-create,0x4c1c3f3e266784055b535eaf4a0663928c833830db7a658797aef1e3614945f9,exclusive_receipt_component,constructor_storage,0,True,research/r2/baseline/outputs/r2-main/local/retained-attempt-02/deployment-results.json
capped-create,0x4c1c3f3e266784055b535eaf4a0663928c833830db7a658797aef1e3614945f9,exclusive_receipt_component,fri_arithmetic,0,True,research/r2/baseline/outputs/r2-main/local/retained-attempt-02/deployment-results.json
capped-create,0x4c1c3f3e266784055b535eaf4a0663928c833830db7a658797aef1e3614945f9,exclusive_receipt_component,inverse_calculations,0,True,research/r2/baseline/outputs/r2-main/local/retained-attempt-02/deployment-results.json
capped-create,0x4c1c3f3e266784055b535eaf4a0663928c833830db7a658797aef1e3614945f9,exclusive_receipt_component,mmcs_hashing_paths,0,True,research/r2/baseline/outputs/r2-main/local/retained-attempt-02/deployment-results.json
capped-create,0x4c1c3f3e266784055b535eaf4a0663928c833830db7a658797aef1e3614945f9,exclusive_receipt_component,nullifier_write,0,True,research/r2/baseline/outputs/r2-main/local/retained-attempt-02/deployment-results.json
capped-create,0x4c1c3f3e266784055b535eaf4a0663928c833830db7a658797aef1e3614945f9,exclusive_receipt_component,ood_quotient,0,True,research/r2/baseline/outputs/r2-main/local/retained-attempt-02/deployment-results.json
capped-create,0x4c1c3f3e266784055b535eaf4a0663928c833830db7a658797aef1e3614945f9,exclusive_receipt_component,other_state,0,True,research/r2/baseline/outputs/r2-main/local/retained-attempt-02/deployment-results.json
capped-create,0x4c1c3f3e266784055b535eaf4a0663928c833830db7a658797aef1e3614945f9,exclusive_receipt_component,parse_canonicality,0,True,research/r2/baseline/outputs/r2-main/local/retained-attempt-02/deployment-results.json
capped-create,0x4c1c3f3e266784055b535eaf4a0663928c833830db7a658797aef1e3614945f9,exclusive_receipt_component,payout_calls,0,True,research/r2/baseline/outputs/r2-main/local/retained-attempt-02/deployment-results.json
capped-create,0x4c1c3f3e266784055b535eaf4a0663928c833830db7a658797aef1e3614945f9,exclusive_receipt_component,public_statement,0,True,research/r2/baseline/outputs/r2-main/local/retained-attempt-02/deployment-results.json
capped-create,0x4c1c3f3e266784055b535eaf4a0663928c833830db7a658797aef1e3614945f9,exclusive_receipt_component,row_reductions,0,True,research/r2/baseline/outputs/r2-main/local/retained-attempt-02/deployment-results.json
capped-create,0x4c1c3f3e266784055b535eaf4a0663928c833830db7a658797aef1e3614945f9,exclusive_receipt_component,transcript_challenges,0,True,research/r2/baseline/outputs/r2-main/local/retained-attempt-02/deployment-results.json
capped-create,0x4c1c3f3e266784055b535eaf4a0663928c833830db7a658797aef1e3614945f9,exclusive_receipt_component,standard_intrinsic,266074,True,research/r2/baseline/outputs/r2-main/local/retained-attempt-02/deployment-results.json
capped-create,0x4c1c3f3e266784055b535eaf4a0663928c833830db7a658797aef1e3614945f9,exclusive_receipt_component,code_deposit,2624400,True,research/r2/baseline/outputs/r2-main/local/retained-attempt-02/deployment-results.json
capped-create,0x4c1c3f3e266784055b535eaf4a0663928c833830db7a658797aef1e3614945f9,exclusive_receipt_component,reconciliation_residual,0,True,research/r2/baseline/outputs/r2-main/local/retained-attempt-02/deployment-results.json
capped-create,0x4c1c3f3e266784055b535eaf4a0663928c833830db7a658797aef1e3614945f9,total_not_additive,receipt_gas,2894140,True,research/r2/baseline/outputs/r2-main/local/retained-attempt-02/deployment-results.json
capped-create,0x1c70e37c3f7aa4796934442deb489542f39fc425a5a746df355be3d9e00cda0b,exclusive_receipt_component,air_evaluation,0,False,research/r2/baseline/outputs/r2-main/local/retained-attempt-02/deployment-results.json
capped-create,0x1c70e37c3f7aa4796934442deb489542f39fc425a5a746df355be3d9e00cda0b,exclusive_receipt_component,alpha_opening_aggregates,0,False,research/r2/baseline/outputs/r2-main/local/retained-attempt-02/deployment-results.json
capped-create,0x1c70e37c3f7aa4796934442deb489542f39fc425a5a746df355be3d9e00cda0b,exclusive_receipt_component,checkpoint_storage_deletion,0,False,research/r2/baseline/outputs/r2-main/local/retained-attempt-02/deployment-results.json
capped-create,0x1c70e37c3f7aa4796934442deb489542f39fc425a5a746df355be3d9e00cda0b,exclusive_receipt_component,compiler_shared_or_unmapped,493,False,research/r2/baseline/outputs/r2-main/local/retained-attempt-02/deployment-results.json
capped-create,0x1c70e37c3f7aa4796934442deb489542f39fc425a5a746df355be3d9e00cda0b,exclusive_receipt_component,constructor_hashing,14656806,False,research/r2/baseline/outputs/r2-main/local/retained-attempt-02/deployment-results.json
capped-create,0x1c70e37c3f7aa4796934442deb489542f39fc425a5a746df355be3d9e00cda0b,exclusive_receipt_component,constructor_storage,1867439,False,research/r2/baseline/outputs/r2-main/local/retained-attempt-02/deployment-results.json
capped-create,0x1c70e37c3f7aa4796934442deb489542f39fc425a5a746df355be3d9e00cda0b,exclusive_receipt_component,fri_arithmetic,0,False,research/r2/baseline/outputs/r2-main/local/retained-attempt-02/deployment-results.json
capped-create,0x1c70e37c3f7aa4796934442deb489542f39fc425a5a746df355be3d9e00cda0b,exclusive_receipt_component,inverse_calculations,0,False,research/r2/baseline/outputs/r2-main/local/retained-attempt-02/deployment-results.json
capped-create,0x1c70e37c3f7aa4796934442deb489542f39fc425a5a746df355be3d9e00cda0b,exclusive_receipt_component,mmcs_hashing_paths,0,False,research/r2/baseline/outputs/r2-main/local/retained-attempt-02/deployment-results.json
capped-create,0x1c70e37c3f7aa4796934442deb489542f39fc425a5a746df355be3d9e00cda0b,exclusive_receipt_component,nullifier_write,0,False,research/r2/baseline/outputs/r2-main/local/retained-attempt-02/deployment-results.json
capped-create,0x1c70e37c3f7aa4796934442deb489542f39fc425a5a746df355be3d9e00cda0b,exclusive_receipt_component,ood_quotient,0,False,research/r2/baseline/outputs/r2-main/local/retained-attempt-02/deployment-results.json
capped-create,0x1c70e37c3f7aa4796934442deb489542f39fc425a5a746df355be3d9e00cda0b,exclusive_receipt_component,other_state,0,False,research/r2/baseline/outputs/r2-main/local/retained-attempt-02/deployment-results.json
capped-create,0x1c70e37c3f7aa4796934442deb489542f39fc425a5a746df355be3d9e00cda0b,exclusive_receipt_component,parse_canonicality,0,False,research/r2/baseline/outputs/r2-main/local/retained-attempt-02/deployment-results.json
capped-create,0x1c70e37c3f7aa4796934442deb489542f39fc425a5a746df355be3d9e00cda0b,exclusive_receipt_component,payout_calls,0,False,research/r2/baseline/outputs/r2-main/local/retained-attempt-02/deployment-results.json
capped-create,0x1c70e37c3f7aa4796934442deb489542f39fc425a5a746df355be3d9e00cda0b,exclusive_receipt_component,public_statement,0,False,research/r2/baseline/outputs/r2-main/local/retained-attempt-02/deployment-results.json
capped-create,0x1c70e37c3f7aa4796934442deb489542f39fc425a5a746df355be3d9e00cda0b,exclusive_receipt_component,row_reductions,0,False,research/r2/baseline/outputs/r2-main/local/retained-attempt-02/deployment-results.json
capped-create,0x1c70e37c3f7aa4796934442deb489542f39fc425a5a746df355be3d9e00cda0b,exclusive_receipt_component,transcript_challenges,0,False,research/r2/baseline/outputs/r2-main/local/retained-attempt-02/deployment-results.json
capped-create,0x1c70e37c3f7aa4796934442deb489542f39fc425a5a746df355be3d9e00cda0b,exclusive_receipt_component,standard_intrinsic,252478,False,research/r2/baseline/outputs/r2-main/local/retained-attempt-02/deployment-results.json
capped-create,0x1c70e37c3f7aa4796934442deb489542f39fc425a5a746df355be3d9e00cda0b,exclusive_receipt_component,code_deposit,0,False,research/r2/baseline/outputs/r2-main/local/retained-attempt-02/deployment-results.json
capped-create,0x1c70e37c3f7aa4796934442deb489542f39fc425a5a746df355be3d9e00cda0b,exclusive_receipt_component,reconciliation_residual,0,False,research/r2/baseline/outputs/r2-main/local/retained-attempt-02/deployment-results.json
capped-create,0x1c70e37c3f7aa4796934442deb489542f39fc425a5a746df355be3d9e00cda0b,total_not_additive,receipt_gas,16777216,False,research/r2/baseline/outputs/r2-main/local/retained-attempt-02/deployment-results.json
capped,0xaada746017b64f0f04005e44cd6f66b3babc9324791aed5f30a67d12f888bedb,exclusive_receipt_component,air_evaluation,2829504,False,research/r2/baseline/outputs/r2-main/local/retained-attempt-02/transaction-results.json
capped,0xaada746017b64f0f04005e44cd6f66b3babc9324791aed5f30a67d12f888bedb,exclusive_receipt_component,alpha_opening_aggregates,1407191,False,research/r2/baseline/outputs/r2-main/local/retained-attempt-02/transaction-results.json
capped,0xaada746017b64f0f04005e44cd6f66b3babc9324791aed5f30a67d12f888bedb,exclusive_receipt_component,checkpoint_storage_deletion,0,False,research/r2/baseline/outputs/r2-main/local/retained-attempt-02/transaction-results.json
capped,0xaada746017b64f0f04005e44cd6f66b3babc9324791aed5f30a67d12f888bedb,exclusive_receipt_component,compiler_shared_or_unmapped,2707,False,research/r2/baseline/outputs/r2-main/local/retained-attempt-02/transaction-results.json
capped,0xaada746017b64f0f04005e44cd6f66b3babc9324791aed5f30a67d12f888bedb,exclusive_receipt_component,constructor_hashing,0,False,research/r2/baseline/outputs/r2-main/local/retained-attempt-02/transaction-results.json
capped,0xaada746017b64f0f04005e44cd6f66b3babc9324791aed5f30a67d12f888bedb,exclusive_receipt_component,constructor_storage,0,False,research/r2/baseline/outputs/r2-main/local/retained-attempt-02/transaction-results.json
capped,0xaada746017b64f0f04005e44cd6f66b3babc9324791aed5f30a67d12f888bedb,exclusive_receipt_component,fri_arithmetic,125494,False,research/r2/baseline/outputs/r2-main/local/retained-attempt-02/transaction-results.json
capped,0xaada746017b64f0f04005e44cd6f66b3babc9324791aed5f30a67d12f888bedb,exclusive_receipt_component,inverse_calculations,1457115,False,research/r2/baseline/outputs/r2-main/local/retained-attempt-02/transaction-results.json
capped,0xaada746017b64f0f04005e44cd6f66b3babc9324791aed5f30a67d12f888bedb,exclusive_receipt_component,mmcs_hashing_paths,2743721,False,research/r2/baseline/outputs/r2-main/local/retained-attempt-02/transaction-results.json
capped,0xaada746017b64f0f04005e44cd6f66b3babc9324791aed5f30a67d12f888bedb,exclusive_receipt_component,nullifier_write,0,False,research/r2/baseline/outputs/r2-main/local/retained-attempt-02/transaction-results.json
capped,0xaada746017b64f0f04005e44cd6f66b3babc9324791aed5f30a67d12f888bedb,exclusive_receipt_component,ood_quotient,14331,False,research/r2/baseline/outputs/r2-main/local/retained-attempt-02/transaction-results.json
capped,0xaada746017b64f0f04005e44cd6f66b3babc9324791aed5f30a67d12f888bedb,exclusive_receipt_component,other_state,63314,False,research/r2/baseline/outputs/r2-main/local/retained-attempt-02/transaction-results.json
capped,0xaada746017b64f0f04005e44cd6f66b3babc9324791aed5f30a67d12f888bedb,exclusive_receipt_component,parse_canonicality,1069951,False,research/r2/baseline/outputs/r2-main/local/retained-attempt-02/transaction-results.json
capped,0xaada746017b64f0f04005e44cd6f66b3babc9324791aed5f30a67d12f888bedb,exclusive_receipt_component,payout_calls,0,False,research/r2/baseline/outputs/r2-main/local/retained-attempt-02/transaction-results.json
capped,0xaada746017b64f0f04005e44cd6f66b3babc9324791aed5f30a67d12f888bedb,exclusive_receipt_component,public_statement,792581,False,research/r2/baseline/outputs/r2-main/local/retained-attempt-02/transaction-results.json
capped,0xaada746017b64f0f04005e44cd6f66b3babc9324791aed5f30a67d12f888bedb,exclusive_receipt_component,row_reductions,2494596,False,research/r2/baseline/outputs/r2-main/local/retained-attempt-02/transaction-results.json
capped,0xaada746017b64f0f04005e44cd6f66b3babc9324791aed5f30a67d12f888bedb,exclusive_receipt_component,transcript_challenges,1674895,False,research/r2/baseline/outputs/r2-main/local/retained-attempt-02/transaction-results.json
capped,0xaada746017b64f0f04005e44cd6f66b3babc9324791aed5f30a67d12f888bedb,exclusive_receipt_component,standard_intrinsic,1749728,False,research/r2/baseline/outputs/r2-main/local/retained-attempt-02/transaction-results.json
capped,0xaada746017b64f0f04005e44cd6f66b3babc9324791aed5f30a67d12f888bedb,exclusive_receipt_component,code_deposit,0,False,research/r2/baseline/outputs/r2-main/local/retained-attempt-02/transaction-results.json
capped,0xaada746017b64f0f04005e44cd6f66b3babc9324791aed5f30a67d12f888bedb,exclusive_receipt_component,reconciliation_residual,0,False,research/r2/baseline/outputs/r2-main/local/retained-attempt-02/transaction-results.json
capped,0xaada746017b64f0f04005e44cd6f66b3babc9324791aed5f30a67d12f888bedb,total_not_additive,receipt_gas,16425128,False,research/r2/baseline/outputs/r2-main/local/retained-attempt-02/transaction-results.json
high_gas_measurement_control,0xafc486467538d9b38e38771683bf674908151b034bfb3ff39140c2652c86a3cc,exclusive_receipt_component,air_evaluation,2829504,True,research/r2/baseline/outputs/r2-main/local/retained-attempt-02/transaction-results.json
high_gas_measurement_control,0xafc486467538d9b38e38771683bf674908151b034bfb3ff39140c2652c86a3cc,exclusive_receipt_component,alpha_opening_aggregates,1441000,True,research/r2/baseline/outputs/r2-main/local/retained-attempt-02/transaction-results.json
high_gas_measurement_control,0xafc486467538d9b38e38771683bf674908151b034bfb3ff39140c2652c86a3cc,exclusive_receipt_component,checkpoint_storage_deletion,0,True,research/r2/baseline/outputs/r2-main/local/retained-attempt-02/transaction-results.json
high_gas_measurement_control,0xafc486467538d9b38e38771683bf674908151b034bfb3ff39140c2652c86a3cc,exclusive_receipt_component,compiler_shared_or_unmapped,2707,True,research/r2/baseline/outputs/r2-main/local/retained-attempt-02/transaction-results.json
high_gas_measurement_control,0xafc486467538d9b38e38771683bf674908151b034bfb3ff39140c2652c86a3cc,exclusive_receipt_component,constructor_hashing,0,True,research/r2/baseline/outputs/r2-main/local/retained-attempt-02/transaction-results.json
high_gas_measurement_control,0xafc486467538d9b38e38771683bf674908151b034bfb3ff39140c2652c86a3cc,exclusive_receipt_component,constructor_storage,0,True,research/r2/baseline/outputs/r2-main/local/retained-attempt-02/transaction-results.json
high_gas_measurement_control,0xafc486467538d9b38e38771683bf674908151b034bfb3ff39140c2652c86a3cc,exclusive_receipt_component,fri_arithmetic,127723,True,research/r2/baseline/outputs/r2-main/local/retained-attempt-02/transaction-results.json
high_gas_measurement_control,0xafc486467538d9b38e38771683bf674908151b034bfb3ff39140c2652c86a3cc,exclusive_receipt_component,inverse_calculations,1485448,True,research/r2/baseline/outputs/r2-main/local/retained-attempt-02/transaction-results.json
high_gas_measurement_control,0xafc486467538d9b38e38771683bf674908151b034bfb3ff39140c2652c86a3cc,exclusive_receipt_component,mmcs_hashing_paths,2807125,True,research/r2/baseline/outputs/r2-main/local/retained-attempt-02/transaction-results.json
high_gas_measurement_control,0xafc486467538d9b38e38771683bf674908151b034bfb3ff39140c2652c86a3cc,exclusive_receipt_component,nullifier_write,0,True,research/r2/baseline/outputs/r2-main/local/retained-attempt-02/transaction-results.json
high_gas_measurement_control,0xafc486467538d9b38e38771683bf674908151b034bfb3ff39140c2652c86a3cc,exclusive_receipt_component,ood_quotient,14331,True,research/r2/baseline/outputs/r2-main/local/retained-attempt-02/transaction-results.json
high_gas_measurement_control,0xafc486467538d9b38e38771683bf674908151b034bfb3ff39140c2652c86a3cc,exclusive_receipt_component,other_state,258366,True,research/r2/baseline/outputs/r2-main/local/retained-attempt-02/transaction-results.json
high_gas_measurement_control,0xafc486467538d9b38e38771683bf674908151b034bfb3ff39140c2652c86a3cc,exclusive_receipt_component,parse_canonicality,1085785,True,research/r2/baseline/outputs/r2-main/local/retained-attempt-02/transaction-results.json
high_gas_measurement_control,0xafc486467538d9b38e38771683bf674908151b034bfb3ff39140c2652c86a3cc,exclusive_receipt_component,payout_calls,0,True,research/r2/baseline/outputs/r2-main/local/retained-attempt-02/transaction-results.json
high_gas_measurement_control,0xafc486467538d9b38e38771683bf674908151b034bfb3ff39140c2652c86a3cc,exclusive_receipt_component,public_statement,792581,True,research/r2/baseline/outputs/r2-main/local/retained-attempt-02/transaction-results.json
high_gas_measurement_control,0xafc486467538d9b38e38771683bf674908151b034bfb3ff39140c2652c86a3cc,exclusive_receipt_component,row_reductions,2494730,True,research/r2/baseline/outputs/r2-main/local/retained-attempt-02/transaction-results.json
high_gas_measurement_control,0xafc486467538d9b38e38771683bf674908151b034bfb3ff39140c2652c86a3cc,exclusive_receipt_component,transcript_challenges,1674895,True,research/r2/baseline/outputs/r2-main/local/retained-attempt-02/transaction-results.json
high_gas_measurement_control,0xafc486467538d9b38e38771683bf674908151b034bfb3ff39140c2652c86a3cc,exclusive_receipt_component,standard_intrinsic,1749728,True,research/r2/baseline/outputs/r2-main/local/retained-attempt-02/transaction-results.json
high_gas_measurement_control,0xafc486467538d9b38e38771683bf674908151b034bfb3ff39140c2652c86a3cc,exclusive_receipt_component,code_deposit,0,True,research/r2/baseline/outputs/r2-main/local/retained-attempt-02/transaction-results.json
high_gas_measurement_control,0xafc486467538d9b38e38771683bf674908151b034bfb3ff39140c2652c86a3cc,exclusive_receipt_component,reconciliation_residual,-2800,True,research/r2/baseline/outputs/r2-main/local/retained-attempt-02/transaction-results.json
high_gas_measurement_control,0xafc486467538d9b38e38771683bf674908151b034bfb3ff39140c2652c86a3cc,total_not_additive,receipt_gas,16761123,True,research/r2/baseline/outputs/r2-main/local/retained-attempt-02/transaction-results.json
high_gas_measurement_control,0x18c2a6fcb36d67a2ffba9fa1a23f14593a9e40826337e28a688d62b8cb967e0d,exclusive_receipt_component,air_evaluation,2595001,True,research/r2/baseline/outputs/r2-main/local/retained-attempt-02/transaction-results.json
high_gas_measurement_control,0x18c2a6fcb36d67a2ffba9fa1a23f14593a9e40826337e28a688d62b8cb967e0d,exclusive_receipt_component,alpha_opening_aggregates,818023,True,research/r2/baseline/outputs/r2-main/local/retained-attempt-02/transaction-results.json
high_gas_measurement_control,0x18c2a6fcb36d67a2ffba9fa1a23f14593a9e40826337e28a688d62b8cb967e0d,exclusive_receipt_component,checkpoint_storage_deletion,26205,True,research/r2/baseline/outputs/r2-main/local/retained-attempt-02/transaction-results.json
high_gas_measurement_control,0x18c2a6fcb36d67a2ffba9fa1a23f14593a9e40826337e28a688d62b8cb967e0d,exclusive_receipt_component,compiler_shared_or_unmapped,2795,True,research/r2/baseline/outputs/r2-main/local/retained-attempt-02/transaction-results.json
high_gas_measurement_control,0x18c2a6fcb36d67a2ffba9fa1a23f14593a9e40826337e28a688d62b8cb967e0d,exclusive_receipt_component,constructor_hashing,0,True,research/r2/baseline/outputs/r2-main/local/retained-attempt-02/transaction-results.json
high_gas_measurement_control,0x18c2a6fcb36d67a2ffba9fa1a23f14593a9e40826337e28a688d62b8cb967e0d,exclusive_receipt_component,constructor_storage,0,True,research/r2/baseline/outputs/r2-main/local/retained-attempt-02/transaction-results.json
high_gas_measurement_control,0x18c2a6fcb36d67a2ffba9fa1a23f14593a9e40826337e28a688d62b8cb967e0d,exclusive_receipt_component,fri_arithmetic,129971,True,research/r2/baseline/outputs/r2-main/local/retained-attempt-02/transaction-results.json
high_gas_measurement_control,0x18c2a6fcb36d67a2ffba9fa1a23f14593a9e40826337e28a688d62b8cb967e0d,exclusive_receipt_component,inverse_calculations,1253927,True,research/r2/baseline/outputs/r2-main/local/retained-attempt-02/transaction-results.json
high_gas_measurement_control,0x18c2a6fcb36d67a2ffba9fa1a23f14593a9e40826337e28a688d62b8cb967e0d,exclusive_receipt_component,mmcs_hashing_paths,2823220,True,research/r2/baseline/outputs/r2-main/local/retained-attempt-02/transaction-results.json
high_gas_measurement_control,0x18c2a6fcb36d67a2ffba9fa1a23f14593a9e40826337e28a688d62b8cb967e0d,exclusive_receipt_component,nullifier_write,0,True,research/r2/baseline/outputs/r2-main/local/retained-attempt-02/transaction-results.json
high_gas_measurement_control,0x18c2a6fcb36d67a2ffba9fa1a23f14593a9e40826337e28a688d62b8cb967e0d,exclusive_receipt_component,ood_quotient,173184,True,research/r2/baseline/outputs/r2-main/local/retained-attempt-02/transaction-results.json
high_gas_measurement_control,0x18c2a6fcb36d67a2ffba9fa1a23f14593a9e40826337e28a688d62b8cb967e0d,exclusive_receipt_component,other_state,81358,True,research/r2/baseline/outputs/r2-main/local/retained-attempt-02/transaction-results.json
high_gas_measurement_control,0x18c2a6fcb36d67a2ffba9fa1a23f14593a9e40826337e28a688d62b8cb967e0d,exclusive_receipt_component,parse_canonicality,1104235,True,research/r2/baseline/outputs/r2-main/local/retained-attempt-02/transaction-results.json
high_gas_measurement_control,0x18c2a6fcb36d67a2ffba9fa1a23f14593a9e40826337e28a688d62b8cb967e0d,exclusive_receipt_component,payout_calls,36992,True,research/r2/baseline/outputs/r2-main/local/retained-attempt-02/transaction-results.json
high_gas_measurement_control,0x18c2a6fcb36d67a2ffba9fa1a23f14593a9e40826337e28a688d62b8cb967e0d,exclusive_receipt_component,public_statement,792581,True,research/r2/baseline/outputs/r2-main/local/retained-attempt-02/transaction-results.json
high_gas_measurement_control,0x18c2a6fcb36d67a2ffba9fa1a23f14593a9e40826337e28a688d62b8cb967e0d,exclusive_receipt_component,row_reductions,2494596,True,research/r2/baseline/outputs/r2-main/local/retained-attempt-02/transaction-results.json
high_gas_measurement_control,0x18c2a6fcb36d67a2ffba9fa1a23f14593a9e40826337e28a688d62b8cb967e0d,exclusive_receipt_component,transcript_challenges,0,True,research/r2/baseline/outputs/r2-main/local/retained-attempt-02/transaction-results.json
high_gas_measurement_control,0x18c2a6fcb36d67a2ffba9fa1a23f14593a9e40826337e28a688d62b8cb967e0d,exclusive_receipt_component,standard_intrinsic,1678964,True,research/r2/baseline/outputs/r2-main/local/retained-attempt-02/transaction-results.json
high_gas_measurement_control,0x18c2a6fcb36d67a2ffba9fa1a23f14593a9e40826337e28a688d62b8cb967e0d,exclusive_receipt_component,code_deposit,0,True,research/r2/baseline/outputs/r2-main/local/retained-attempt-02/transaction-results.json
high_gas_measurement_control,0x18c2a6fcb36d67a2ffba9fa1a23f14593a9e40826337e28a688d62b8cb967e0d,exclusive_receipt_component,reconciliation_residual,-46000,True,research/r2/baseline/outputs/r2-main/local/retained-attempt-02/transaction-results.json
high_gas_measurement_control,0x18c2a6fcb36d67a2ffba9fa1a23f14593a9e40826337e28a688d62b8cb967e0d,total_not_additive,receipt_gas,13965052,True,research/r2/baseline/outputs/r2-main/local/retained-attempt-02/transaction-results.json
hash-resume-costs-06,0x986507cf7ceaf2951a7d5634a81100a86cbe0c8ab65e239488dd2793160b4ed4,exclusive_receipt_component,unattributed_receipt_total_no_opcode_claim,16765511,false,research/r2/hash/outputs/resume-costs-06/results.json
hash-resume-costs-06,0x986507cf7ceaf2951a7d5634a81100a86cbe0c8ab65e239488dd2793160b4ed4,total_not_additive,receipt_total,16765511,false,research/r2/hash/outputs/resume-costs-06/results.json
hash-resume-costs-06,0x3b5bd8f99d92719105284cc21c39c0c2a56315eb545260e07d5b2cfd74dc7f63,exclusive_receipt_component,unattributed_receipt_total_no_opcode_claim,16768033,false,research/r2/hash/outputs/resume-costs-06/results.json
hash-resume-costs-06,0x3b5bd8f99d92719105284cc21c39c0c2a56315eb545260e07d5b2cfd74dc7f63,total_not_additive,receipt_total,16768033,false,research/r2/hash/outputs/resume-costs-06/results.json
hash-resume-costs-06,0x77e8e238206e46b4f62c3d854b87c8b361478a79b2efe6b3a7ec743819a8a0e8,exclusive_receipt_component,unattributed_receipt_total_no_opcode_claim,16759109,false,research/r2/hash/outputs/resume-costs-06/results.json
hash-resume-costs-06,0x77e8e238206e46b4f62c3d854b87c8b361478a79b2efe6b3a7ec743819a8a0e8,total_not_additive,receipt_total,16759109,false,research/r2/hash/outputs/resume-costs-06/results.json
hash-resume-costs-06,0xfcc9b908b5ce48c9203f424a37206f9d91a8d2a7ad3bada91d96bc3d6ef9260f,exclusive_receipt_component,unattributed_receipt_total_no_opcode_claim,11831940,true,research/r2/hash/outputs/resume-costs-06/results.json
hash-resume-costs-06,0xfcc9b908b5ce48c9203f424a37206f9d91a8d2a7ad3bada91d96bc3d6ef9260f,total_not_additive,receipt_total,11831940,true,research/r2/hash/outputs/resume-costs-06/results.json
hash-resume-costs-06,0xe6918293bf3d6f1cd06eb9cde90bcab8a0b9fc3284155410d419d1edde6016a6,exclusive_receipt_component,unattributed_receipt_total_no_opcode_claim,7594038,true,research/r2/hash/outputs/resume-costs-06/results.json
hash-resume-costs-06,0xe6918293bf3d6f1cd06eb9cde90bcab8a0b9fc3284155410d419d1edde6016a6,total_not_additive,receipt_total,7594038,true,research/r2/hash/outputs/resume-costs-06/results.json
hash-resume-costs-06,0x2a8efb3b299d934547cd5975b5bb0354c67d6b15d37560eeb590e743a7ad1d8f,exclusive_receipt_component,unattributed_receipt_total_no_opcode_claim,7562416,true,research/r2/hash/outputs/resume-costs-06/results.json
hash-resume-costs-06,0x2a8efb3b299d934547cd5975b5bb0354c67d6b15d37560eeb590e743a7ad1d8f,total_not_additive,receipt_total,7562416,true,research/r2/hash/outputs/resume-costs-06/results.json
hash-resume-costs-06,0xc683a05e219d34926795dcddea99cef824cca37a28917a4e792f0801b8402faf,exclusive_receipt_component,unattributed_receipt_total_no_opcode_claim,11149416,true,research/r2/hash/outputs/resume-costs-06/results.json
hash-resume-costs-06,0xc683a05e219d34926795dcddea99cef824cca37a28917a4e792f0801b8402faf,total_not_additive,receipt_total,11149416,true,research/r2/hash/outputs/resume-costs-06/results.json
hash-resume-costs-06,0xb0ee9c1e3e60a1808d8a7b3f52134c964f6d7aa4fca3a64bf092cf8d9e5af703,exclusive_receipt_component,unattributed_receipt_total_no_opcode_claim,7069418,true,research/r2/hash/outputs/resume-costs-06/results.json
hash-resume-costs-06,0xb0ee9c1e3e60a1808d8a7b3f52134c964f6d7aa4fca3a64bf092cf8d9e5af703,total_not_additive,receipt_total,7069418,true,research/r2/hash/outputs/resume-costs-06/results.json
hash-resume-costs-06,0xb3d582f91b2210cc8dc18bfd6ff75847afc091241aa4a2ffe35af3f993182b87,exclusive_receipt_component,unattributed_receipt_total_no_opcode_claim,7037796,true,research/r2/hash/outputs/resume-costs-06/results.json
hash-resume-costs-06,0xb3d582f91b2210cc8dc18bfd6ff75847afc091241aa4a2ffe35af3f993182b87,total_not_additive,receipt_total,7037796,true,research/r2/hash/outputs/resume-costs-06/results.json
hash-resume-costs-06,0xcef6a2ac53ceca6c36c85ceb4896aaa6d28cfad55f4037d4000cd2c2522ec01b,exclusive_receipt_component,unattributed_receipt_total_no_opcode_claim,146339062,true,research/r2/hash/outputs/resume-costs-06/results.json
hash-resume-costs-06,0xcef6a2ac53ceca6c36c85ceb4896aaa6d28cfad55f4037d4000cd2c2522ec01b,total_not_additive,receipt_total,146339062,true,research/r2/hash/outputs/resume-costs-06/results.json
hash-resume-costs-06,0xaa8c149ddae8f45bd8c5f08fb5dc7a363d8d9fd04a27f21e718ec5619622b65e,exclusive_receipt_component,unattributed_receipt_total_no_opcode_claim,128493247,true,research/r2/hash/outputs/resume-costs-06/results.json
hash-resume-costs-06,0xaa8c149ddae8f45bd8c5f08fb5dc7a363d8d9fd04a27f21e718ec5619622b65e,total_not_additive,receipt_total,128493247,true,research/r2/hash/outputs/resume-costs-06/results.json
hash-resume-costs-06,0x3427b30d9cec2d077e5ed717d3dcfbc20232f0b9cc304f770a991f2b940c6d12,exclusive_receipt_component,unattributed_receipt_total_no_opcode_claim,128460258,true,research/r2/hash/outputs/resume-costs-06/results.json
hash-resume-costs-06,0x3427b30d9cec2d077e5ed717d3dcfbc20232f0b9cc304f770a991f2b940c6d12,total_not_additive,receipt_total,128460258,true,research/r2/hash/outputs/resume-costs-06/results.json
hash-resume-costs-06,0x6e6265f1ceaec14885b79542aad4684d94abefbbd81c1fcb9213c5e56279aa37,exclusive_receipt_component,unattributed_receipt_total_no_opcode_claim,19224274,true,research/r2/hash/outputs/resume-costs-06/results.json
hash-resume-costs-06,0x6e6265f1ceaec14885b79542aad4684d94abefbbd81c1fcb9213c5e56279aa37,total_not_additive,receipt_total,19224274,true,research/r2/hash/outputs/resume-costs-06/results.json
hash-resume-costs-06,0x515e3905540cc8257e695f5cf3afe1265e54e2d725565e2f6d8976a435aac2f2,exclusive_receipt_component,unattributed_receipt_total_no_opcode_claim,15287747,true,research/r2/hash/outputs/resume-costs-06/results.json
hash-resume-costs-06,0x515e3905540cc8257e695f5cf3afe1265e54e2d725565e2f6d8976a435aac2f2,total_not_additive,receipt_total,15287747,true,research/r2/hash/outputs/resume-costs-06/results.json
hash-resume-costs-06,0x51526c049dc6723fb6589a95311ae92c39c4a5de487f8f8c528b4f4df82490f3,exclusive_receipt_component,unattributed_receipt_total_no_opcode_claim,15254734,true,research/r2/hash/outputs/resume-costs-06/results.json
hash-resume-costs-06,0x51526c049dc6723fb6589a95311ae92c39c4a5de487f8f8c528b4f4df82490f3,total_not_additive,receipt_total,15254734,true,research/r2/hash/outputs/resume-costs-06/results.json
hash-resume-costs-06,0xab6a82f59be7aa73a0f0ea7adf5a37ca4ad8db4acc235dcafccb07fb484bed05,exclusive_receipt_component,unattributed_receipt_total_no_opcode_claim,59300293,true,research/r2/hash/outputs/resume-costs-06/results.json
hash-resume-costs-06,0xab6a82f59be7aa73a0f0ea7adf5a37ca4ad8db4acc235dcafccb07fb484bed05,total_not_additive,receipt_total,59300293,true,research/r2/hash/outputs/resume-costs-06/results.json
hash-resume-costs-06,0x7749ea9a9e4b2e5b48e638c97545d78edc6abf4a981268fb8030d7023f914865,exclusive_receipt_component,unattributed_receipt_total_no_opcode_claim,44105738,true,research/r2/hash/outputs/resume-costs-06/results.json
hash-resume-costs-06,0x7749ea9a9e4b2e5b48e638c97545d78edc6abf4a981268fb8030d7023f914865,total_not_additive,receipt_total,44105738,true,research/r2/hash/outputs/resume-costs-06/results.json
hash-resume-costs-06,0x0eb806567bc929870ec2d75d60aa0d06f39cdf825effdd14032d8303b3b84e2a,exclusive_receipt_component,unattributed_receipt_total_no_opcode_claim,44074116,true,research/r2/hash/outputs/resume-costs-06/results.json
hash-resume-costs-06,0x0eb806567bc929870ec2d75d60aa0d06f39cdf825effdd14032d8303b3b84e2a,total_not_additive,receipt_total,44074116,true,research/r2/hash/outputs/resume-costs-06/results.json
hash-resume-costs-06,0x8e6734fd660340ccb4d4a2a85222df6b5a5add29a96e8493c231d61e6dd5e868,exclusive_receipt_component,unattributed_receipt_total_no_opcode_claim,11831940,true,research/r2/hash/outputs/resume-costs-06/results.json
hash-resume-costs-06,0x8e6734fd660340ccb4d4a2a85222df6b5a5add29a96e8493c231d61e6dd5e868,total_not_additive,receipt_total,11831940,true,research/r2/hash/outputs/resume-costs-06/results.json
hash-resume-costs-06,0xd58c19cc43197c49038e9b4b17a93642b3dd3aad6dd7b387620b837ce6804104,exclusive_receipt_component,unattributed_receipt_total_no_opcode_claim,7594026,true,research/r2/hash/outputs/resume-costs-06/results.json
hash-resume-costs-06,0xd58c19cc43197c49038e9b4b17a93642b3dd3aad6dd7b387620b837ce6804104,total_not_additive,receipt_total,7594026,true,research/r2/hash/outputs/resume-costs-06/results.json
hash-resume-costs-06,0xc5e5256bab6423b2b46f495a5bc0cf4d72158431f8b12dccdb5aaf9c6a79d12b,exclusive_receipt_component,unattributed_receipt_total_no_opcode_claim,7562416,true,research/r2/hash/outputs/resume-costs-06/results.json
hash-resume-costs-06,0xc5e5256bab6423b2b46f495a5bc0cf4d72158431f8b12dccdb5aaf9c6a79d12b,total_not_additive,receipt_total,7562416,true,research/r2/hash/outputs/resume-costs-06/results.json
hash-resume-costs-06,0x5690e11ea8db5432c42ccf1dcab71e293606e28abe9a9f166d2747e33d0ec0c2,exclusive_receipt_component,unattributed_receipt_total_no_opcode_claim,11149428,true,research/r2/hash/outputs/resume-costs-06/results.json
hash-resume-costs-06,0x5690e11ea8db5432c42ccf1dcab71e293606e28abe9a9f166d2747e33d0ec0c2,total_not_additive,receipt_total,11149428,true,research/r2/hash/outputs/resume-costs-06/results.json
hash-resume-costs-06,0xc2a0107a3a321f07a1ec87060f80194b2d8f9c5ec33ef32dbb604250fe9d372f,exclusive_receipt_component,unattributed_receipt_total_no_opcode_claim,7069418,true,research/r2/hash/outputs/resume-costs-06/results.json
hash-resume-costs-06,0xc2a0107a3a321f07a1ec87060f80194b2d8f9c5ec33ef32dbb604250fe9d372f,total_not_additive,receipt_total,7069418,true,research/r2/hash/outputs/resume-costs-06/results.json
hash-resume-costs-06,0x8a0fcafc1e45b8e5ae16a78c46700879c0477d389539ad2a2d8b26063f78fe4d,exclusive_receipt_component,unattributed_receipt_total_no_opcode_claim,7037796,true,research/r2/hash/outputs/resume-costs-06/results.json
hash-resume-costs-06,0x8a0fcafc1e45b8e5ae16a78c46700879c0477d389539ad2a2d8b26063f78fe4d,total_not_additive,receipt_total,7037796,true,research/r2/hash/outputs/resume-costs-06/results.json
Prague-diagnostic-AIR,0x4068ef8d7ba337ed5cb5cc6dfeb3bd9866293d163b6566bce5a16371774e2588,exclusive_receipt_component,unattributed_receipt_total_no_opcode_claim,514613,true,research/r2/air/outputs/resume-diagnostic2-cost-C1-decomposed/air-cost-results.json
Prague-diagnostic-AIR,0x4068ef8d7ba337ed5cb5cc6dfeb3bd9866293d163b6566bce5a16371774e2588,total_not_additive,receipt_total,514613,true,research/r2/air/outputs/resume-diagnostic2-cost-C1-decomposed/air-cost-results.json
Prague-diagnostic-AIR,0xaae395a8aeeee14b9442ffc11c4e313115eb84f6cdb35f71bd75b9f0555f0d52,exclusive_receipt_component,unattributed_receipt_total_no_opcode_claim,34161834,true,research/r2/air/outputs/resume-diagnostic2-cost-C1-decomposed/air-cost-results.json
Prague-diagnostic-AIR,0xaae395a8aeeee14b9442ffc11c4e313115eb84f6cdb35f71bd75b9f0555f0d52,total_not_additive,receipt_total,34161834,true,research/r2/air/outputs/resume-diagnostic2-cost-C1-decomposed/air-cost-results.json
Prague-diagnostic-AIR,0x483c4a6c009a5cfb835a37214432b3886d7357c19d208116a53080b5912e53d8,exclusive_receipt_component,unattributed_receipt_total_no_opcode_claim,514601,true,research/r2/air/outputs/resume-diagnostic2-cost-C1-lanes4/air-cost-results.json
Prague-diagnostic-AIR,0x483c4a6c009a5cfb835a37214432b3886d7357c19d208116a53080b5912e53d8,total_not_additive,receipt_total,514601,true,research/r2/air/outputs/resume-diagnostic2-cost-C1-lanes4/air-cost-results.json
Prague-diagnostic-AIR,0x4ac1ae2c6f2a12db55eecfb00d2e1a90cd9bb0fc01274ea66d2e56082af9e60a,exclusive_receipt_component,unattributed_receipt_total_no_opcode_claim,34645818,true,research/r2/air/outputs/resume-diagnostic2-cost-C1-lanes4/air-cost-results.json
Prague-diagnostic-AIR,0x4ac1ae2c6f2a12db55eecfb00d2e1a90cd9bb0fc01274ea66d2e56082af9e60a,total_not_additive,receipt_total,34645818,true,research/r2/air/outputs/resume-diagnostic2-cost-C1-lanes4/air-cost-results.json
Prague-diagnostic-AIR,0xcad537646a628ec7d950eead4c8bd2023b55d7b21522a8c10aa824b80421123a,exclusive_receipt_component,unattributed_receipt_total_no_opcode_claim,514601,true,research/r2/air/outputs/resume-diagnostic2-cost-C1-whole-round/air-cost-results.json
Prague-diagnostic-AIR,0xcad537646a628ec7d950eead4c8bd2023b55d7b21522a8c10aa824b80421123a,total_not_additive,receipt_total,514601,true,research/r2/air/outputs/resume-diagnostic2-cost-C1-whole-round/air-cost-results.json
Prague-diagnostic-AIR,0x727ebba4c8a456d3f606de0990cfc662508084201b4052e7516800807544b014,exclusive_receipt_component,unattributed_receipt_total_no_opcode_claim,33430153,true,research/r2/air/outputs/resume-diagnostic2-cost-C1-whole-round/air-cost-results.json
Prague-diagnostic-AIR,0x727ebba4c8a456d3f606de0990cfc662508084201b4052e7516800807544b014,total_not_additive,receipt_total,33430153,true,research/r2/air/outputs/resume-diagnostic2-cost-C1-whole-round/air-cost-results.json
Prague-diagnostic-AIR,0x41b7e8cc1fa40800a372ab212173a4f75c8edd2128666ee823a4c9be79fd3e5d,exclusive_receipt_component,unattributed_receipt_total_no_opcode_claim,514613,true,research/r2/air/outputs/resume-diagnostic2-cost-C2-horizontal/air-cost-results.json
Prague-diagnostic-AIR,0x41b7e8cc1fa40800a372ab212173a4f75c8edd2128666ee823a4c9be79fd3e5d,total_not_additive,receipt_total,514613,true,research/r2/air/outputs/resume-diagnostic2-cost-C2-horizontal/air-cost-results.json
Prague-diagnostic-AIR,0x4fa1739da471db1a2fedb75895c6eb96c7154c5ebdf9904b475f091d503968c6,exclusive_receipt_component,unattributed_receipt_total_no_opcode_claim,85093629,true,research/r2/air/outputs/resume-diagnostic2-cost-C2-horizontal/air-cost-results.json
Prague-diagnostic-AIR,0x4fa1739da471db1a2fedb75895c6eb96c7154c5ebdf9904b475f091d503968c6,total_not_additive,receipt_total,85093629,true,research/r2/air/outputs/resume-diagnostic2-cost-C2-horizontal/air-cost-results.json
Prague-diagnostic-AIR,0x2af6576ad791803d2abe94ba91007b02859be3feaf8a00c8b374e3dadd92ca19,exclusive_receipt_component,unattributed_receipt_total_no_opcode_claim,514613,true,research/r2/air/outputs/resume-diagnostic2-cost-C3-decomposed/air-cost-results.json
Prague-diagnostic-AIR,0x2af6576ad791803d2abe94ba91007b02859be3feaf8a00c8b374e3dadd92ca19,total_not_additive,receipt_total,514613,true,research/r2/air/outputs/resume-diagnostic2-cost-C3-decomposed/air-cost-results.json
Prague-diagnostic-AIR,0xcc5659b0797f302e0d23def1028d85a1f30f1854e978d49bd3d53dfd11c75cf5,exclusive_receipt_component,unattributed_receipt_total_no_opcode_claim,49640090,true,research/r2/air/outputs/resume-diagnostic2-cost-C3-decomposed/air-cost-results.json
Prague-diagnostic-AIR,0xcc5659b0797f302e0d23def1028d85a1f30f1854e978d49bd3d53dfd11c75cf5,total_not_additive,receipt_total,49640090,true,research/r2/air/outputs/resume-diagnostic2-cost-C3-decomposed/air-cost-results.json
Prague-diagnostic-AIR,0xa944f717f952808b66b2c39f1574a5de181a08e82550452127a1b96ec6a6520a,exclusive_receipt_component,unattributed_receipt_total_no_opcode_claim,514601,true,research/r2/air/outputs/resume-diagnostic2-cost-C3-lanes4/air-cost-results.json
Prague-diagnostic-AIR,0xa944f717f952808b66b2c39f1574a5de181a08e82550452127a1b96ec6a6520a,total_not_additive,receipt_total,514601,true,research/r2/air/outputs/resume-diagnostic2-cost-C3-lanes4/air-cost-results.json
Prague-diagnostic-AIR,0xfffbb348f36a01d4a04519b24714cfc31b8918e26e7178677e42a98a3d22f7e1,exclusive_receipt_component,unattributed_receipt_total_no_opcode_claim,53993833,true,research/r2/air/outputs/resume-diagnostic2-cost-C3-lanes4/air-cost-results.json
Prague-diagnostic-AIR,0xfffbb348f36a01d4a04519b24714cfc31b8918e26e7178677e42a98a3d22f7e1,total_not_additive,receipt_total,53993833,true,research/r2/air/outputs/resume-diagnostic2-cost-C3-lanes4/air-cost-results.json
Prague-diagnostic-AIR,0x203cdb5afaa9543c38da7b4cc962948f2b25f3d9587db6175a2817dd1ba6af41,exclusive_receipt_component,unattributed_receipt_total_no_opcode_claim,514613,true,research/r2/air/outputs/resume-diagnostic2-cost-C3-whole-round/air-cost-results.json
Prague-diagnostic-AIR,0x203cdb5afaa9543c38da7b4cc962948f2b25f3d9587db6175a2817dd1ba6af41,total_not_additive,receipt_total,514613,true,research/r2/air/outputs/resume-diagnostic2-cost-C3-whole-round/air-cost-results.json
Prague-diagnostic-AIR,0x98198cc969dda0b364a001ac8a6a22c84cf6083bb781d2745b40cab5dd97617f,exclusive_receipt_component,unattributed_receipt_total_no_opcode_claim,48067337,true,research/r2/air/outputs/resume-diagnostic2-cost-C3-whole-round/air-cost-results.json
Prague-diagnostic-AIR,0x98198cc969dda0b364a001ac8a6a22c84cf6083bb781d2745b40cab5dd97617f,total_not_additive,receipt_total,48067337,true,research/r2/air/outputs/resume-diagnostic2-cost-C3-whole-round/air-cost-results.json
Osaka-component-gas-02,0xb9a425586272edd0581e826c8fe76703b6038270009c71c5e10c2c78bc647e1f,exclusive_receipt_component,unattributed_receipt_total_no_opcode_claim,3267770,true,research/r2/models/outputs/resume-component-gas-02/samples.json
Osaka-component-gas-02,0xb9a425586272edd0581e826c8fe76703b6038270009c71c5e10c2c78bc647e1f,total_not_additive,receipt_total,3267770,true,research/r2/models/outputs/resume-component-gas-02/samples.json
Osaka-component-gas-02,0xa2d51a64c6bdc8ab1fc42277533afcf03edd4bb99cd99795841b04f5d82c07b5,exclusive_receipt_component,unattributed_receipt_total_no_opcode_claim,3113617,true,research/r2/models/outputs/resume-component-gas-02/samples.json
Osaka-component-gas-02,0xa2d51a64c6bdc8ab1fc42277533afcf03edd4bb99cd99795841b04f5d82c07b5,total_not_additive,receipt_total,3113617,true,research/r2/models/outputs/resume-component-gas-02/samples.json
Osaka-component-gas-02,0x266daf4ed5bc5d7ddab343ff3a58ed42e82386d5d065d8ff95a95b41fe420474,exclusive_receipt_component,unattributed_receipt_total_no_opcode_claim,5248500,true,research/r2/models/outputs/resume-component-gas-02/samples.json
Osaka-component-gas-02,0x266daf4ed5bc5d7ddab343ff3a58ed42e82386d5d065d8ff95a95b41fe420474,total_not_additive,receipt_total,5248500,true,research/r2/models/outputs/resume-component-gas-02/samples.json
Osaka-component-gas-02,0xda91e8ff22d5e339d4693b6f773f404c3091f7ffa369b3a5d2db435c7f3464d4,exclusive_receipt_component,unattributed_receipt_total_no_opcode_claim,3814550,true,research/r2/models/outputs/resume-component-gas-02/samples.json
Osaka-component-gas-02,0xda91e8ff22d5e339d4693b6f773f404c3091f7ffa369b3a5d2db435c7f3464d4,total_not_additive,receipt_total,3814550,true,research/r2/models/outputs/resume-component-gas-02/samples.json
Osaka-component-gas-02,0xb3f452bb58d7b4b3f58ae2fa00200b7203d2a677bf41c96dd17b441cf1168f4b,exclusive_receipt_component,unattributed_receipt_total_no_opcode_claim,5248470,true,research/r2/models/outputs/resume-component-gas-02/samples.json
Osaka-component-gas-02,0xb3f452bb58d7b4b3f58ae2fa00200b7203d2a677bf41c96dd17b441cf1168f4b,total_not_additive,receipt_total,5248470,true,research/r2/models/outputs/resume-component-gas-02/samples.json
Osaka-component-gas-02,0x9b3c97b3708e4269440817535927abcf9b20a854555e0fa62cb0f16e9e69993e,exclusive_receipt_component,unattributed_receipt_total_no_opcode_claim,3814520,true,research/r2/models/outputs/resume-component-gas-02/samples.json
Osaka-component-gas-02,0x9b3c97b3708e4269440817535927abcf9b20a854555e0fa62cb0f16e9e69993e,total_not_additive,receipt_total,3814520,true,research/r2/models/outputs/resume-component-gas-02/samples.json
Osaka-component-gas-02,0x0fef13c750d808c7d1d167d56e9cb3ddb8396d38be557830ff5f1ecf773b0e6f,exclusive_receipt_component,unattributed_receipt_total_no_opcode_claim,3264269,true,research/r2/models/outputs/resume-component-gas-02/samples.json
Osaka-component-gas-02,0x0fef13c750d808c7d1d167d56e9cb3ddb8396d38be557830ff5f1ecf773b0e6f,total_not_additive,receipt_total,3264269,true,research/r2/models/outputs/resume-component-gas-02/samples.json
Osaka-component-gas-02,0x246d5d994fc997a4ce825675654fc275bea59a10bd90c4e7db444cb444c827b7,exclusive_receipt_component,unattributed_receipt_total_no_opcode_claim,3112361,true,research/r2/models/outputs/resume-component-gas-02/samples.json
Osaka-component-gas-02,0x246d5d994fc997a4ce825675654fc275bea59a10bd90c4e7db444cb444c827b7,total_not_additive,receipt_total,3112361,true,research/r2/models/outputs/resume-component-gas-02/samples.json
Osaka-component-gas-02,0xb2c6a27a8df1334fb94eb95b5e2374a76be5beb39f5a587b903744dae95885ed,exclusive_receipt_component,unattributed_receipt_total_no_opcode_claim,5250150,true,research/r2/models/outputs/resume-component-gas-02/samples.json
Osaka-component-gas-02,0xb2c6a27a8df1334fb94eb95b5e2374a76be5beb39f5a587b903744dae95885ed,total_not_additive,receipt_total,5250150,true,research/r2/models/outputs/resume-component-gas-02/samples.json
Osaka-component-gas-02,0xb3fcad2363088fbf1b5436e58594bd0cb69a791b9c82b3f2484ad8cbe81894a4,exclusive_receipt_component,unattributed_receipt_total_no_opcode_claim,3442920,true,research/r2/models/outputs/resume-component-gas-02/samples.json
Osaka-component-gas-02,0xb3fcad2363088fbf1b5436e58594bd0cb69a791b9c82b3f2484ad8cbe81894a4,total_not_additive,receipt_total,3442920,true,research/r2/models/outputs/resume-component-gas-02/samples.json
Osaka-component-gas-02,0x5ef2d004fcc0b0b547c2e8b04b7f25f3bb3fa04e2c2872721d20d30d652d97a6,exclusive_receipt_component,unattributed_receipt_total_no_opcode_claim,5250120,true,research/r2/models/outputs/resume-component-gas-02/samples.json
Osaka-component-gas-02,0x5ef2d004fcc0b0b547c2e8b04b7f25f3bb3fa04e2c2872721d20d30d652d97a6,total_not_additive,receipt_total,5250120,true,research/r2/models/outputs/resume-component-gas-02/samples.json
Osaka-component-gas-02,0x59ba91680bc4a13488a34206dfa2dd065728b421bf8aac2395bbf51f0b1fd6c8,exclusive_receipt_component,unattributed_receipt_total_no_opcode_claim,3442890,true,research/r2/models/outputs/resume-component-gas-02/samples.json
Osaka-component-gas-02,0x59ba91680bc4a13488a34206dfa2dd065728b421bf8aac2395bbf51f0b1fd6c8,total_not_additive,receipt_total,3442890,true,research/r2/models/outputs/resume-component-gas-02/samples.json
Osaka-component-gas-02,0xbbf8cda4a3fe211b217627057acb964b7e21a204a2cff4c330169c5cc88cf0ef,exclusive_receipt_component,unattributed_receipt_total_no_opcode_claim,3268538,true,research/r2/models/outputs/resume-component-gas-02/samples.json
Osaka-component-gas-02,0xbbf8cda4a3fe211b217627057acb964b7e21a204a2cff4c330169c5cc88cf0ef,total_not_additive,receipt_total,3268538,true,research/r2/models/outputs/resume-component-gas-02/samples.json
Osaka-component-gas-02,0x5181dbf4c2f0bd6010cb9f2526a402ab01ba74c81fcbdbf6c61168f3abc9385a,exclusive_receipt_component,unattributed_receipt_total_no_opcode_claim,3113805,true,research/r2/models/outputs/resume-component-gas-02/samples.json
Osaka-component-gas-02,0x5181dbf4c2f0bd6010cb9f2526a402ab01ba74c81fcbdbf6c61168f3abc9385a,total_not_additive,receipt_total,3113805,true,research/r2/models/outputs/resume-component-gas-02/samples.json
Osaka-component-gas-02,0xcc2aa6f02b5dba5a0dea14452f7280d98ecc0aacc6726ec3f237bc7d1e154e63,exclusive_receipt_component,unattributed_receipt_total_no_opcode_claim,5250330,true,research/r2/models/outputs/resume-component-gas-02/samples.json
Osaka-component-gas-02,0xcc2aa6f02b5dba5a0dea14452f7280d98ecc0aacc6726ec3f237bc7d1e154e63,total_not_additive,receipt_total,5250330,true,research/r2/models/outputs/resume-component-gas-02/samples.json
Osaka-component-gas-02,0x9b44cf1f54020e7d5fa983d8e58aeede433a1d6bcb4129ae852487be79feb740,exclusive_receipt_component,unattributed_receipt_total_no_opcode_claim,2085050,true,research/r2/models/outputs/resume-component-gas-02/samples.json
Osaka-component-gas-02,0x9b44cf1f54020e7d5fa983d8e58aeede433a1d6bcb4129ae852487be79feb740,total_not_additive,receipt_total,2085050,true,research/r2/models/outputs/resume-component-gas-02/samples.json
Osaka-component-gas-02,0x6f49aedf031b071cf698ad30b685f7930e7553b66e44793efdd223e1af305931,exclusive_receipt_component,unattributed_receipt_total_no_opcode_claim,5250300,true,research/r2/models/outputs/resume-component-gas-02/samples.json
Osaka-component-gas-02,0x6f49aedf031b071cf698ad30b685f7930e7553b66e44793efdd223e1af305931,total_not_additive,receipt_total,5250300,true,research/r2/models/outputs/resume-component-gas-02/samples.json
Osaka-component-gas-02,0xe9387998f7704b57586323fbbd2002e3fb0a4db93db9d524350d282e1ccb1a6c,exclusive_receipt_component,unattributed_receipt_total_no_opcode_claim,2085020,true,research/r2/models/outputs/resume-component-gas-02/samples.json
Osaka-component-gas-02,0xe9387998f7704b57586323fbbd2002e3fb0a4db93db9d524350d282e1ccb1a6c,total_not_additive,receipt_total,2085020,true,research/r2/models/outputs/resume-component-gas-02/samples.json
Osaka-component-gas-02,0x987d404a1cf68896be0f6062fb6e39918f4f6f9449b1ae7920f804b38b74858e,exclusive_receipt_component,unattributed_receipt_total_no_opcode_claim,3265772,true,research/r2/models/outputs/resume-component-gas-02/samples.json
Osaka-component-gas-02,0x987d404a1cf68896be0f6062fb6e39918f4f6f9449b1ae7920f804b38b74858e,total_not_additive,receipt_total,3265772,true,research/r2/models/outputs/resume-component-gas-02/samples.json
Osaka-component-gas-02,0x025bc8f10c329aba32ee37635632af1c764d4767fbc7a0bfb568c69ee72788e3,exclusive_receipt_component,unattributed_receipt_total_no_opcode_claim,3113017,true,research/r2/models/outputs/resume-component-gas-02/samples.json
Osaka-component-gas-02,0x025bc8f10c329aba32ee37635632af1c764d4767fbc7a0bfb568c69ee72788e3,total_not_additive,receipt_total,3113017,true,research/r2/models/outputs/resume-component-gas-02/samples.json
Osaka-component-gas-02,0x2bed1039254bcb58e15f944a5a074d455030a5e125604deac840a7bb3ede3659,exclusive_receipt_component,unattributed_receipt_total_no_opcode_claim,5248980,true,research/r2/models/outputs/resume-component-gas-02/samples.json
Osaka-component-gas-02,0x2bed1039254bcb58e15f944a5a074d455030a5e125604deac840a7bb3ede3659,total_not_additive,receipt_total,5248980,true,research/r2/models/outputs/resume-component-gas-02/samples.json
Osaka-component-gas-02,0x3efb5bf2c9cc768f3af644589e432197f4bba5f241c4e84b188850381b46970a,exclusive_receipt_component,unattributed_receipt_total_no_opcode_claim,2452340,true,research/r2/models/outputs/resume-component-gas-02/samples.json
Osaka-component-gas-02,0x3efb5bf2c9cc768f3af644589e432197f4bba5f241c4e84b188850381b46970a,total_not_additive,receipt_total,2452340,true,research/r2/models/outputs/resume-component-gas-02/samples.json
Osaka-component-gas-02,0xbf87eb6ffda02d076290699d11388551b0581d2b3fcc465ac9c03ba26b8b6df7,exclusive_receipt_component,unattributed_receipt_total_no_opcode_claim,5248950,true,research/r2/models/outputs/resume-component-gas-02/samples.json
Osaka-component-gas-02,0xbf87eb6ffda02d076290699d11388551b0581d2b3fcc465ac9c03ba26b8b6df7,total_not_additive,receipt_total,5248950,true,research/r2/models/outputs/resume-component-gas-02/samples.json
Osaka-component-gas-02,0x5a55856298c00ebd45b38d25df562344922d02950beaa56a4eef8441d41050af,exclusive_receipt_component,unattributed_receipt_total_no_opcode_claim,2452310,true,research/r2/models/outputs/resume-component-gas-02/samples.json
Osaka-component-gas-02,0x5a55856298c00ebd45b38d25df562344922d02950beaa56a4eef8441d41050af,total_not_additive,receipt_total,2452310,true,research/r2/models/outputs/resume-component-gas-02/samples.json
Osaka-component-gas-02,0xde9f2d27e84ab9347fd81c980808cf6fe6c1cc381d6f392952629730173ebbd6,exclusive_receipt_component,unattributed_receipt_total_no_opcode_claim,4888766,true,research/r2/models/outputs/resume-component-gas-02/samples.json
Osaka-component-gas-02,0xde9f2d27e84ab9347fd81c980808cf6fe6c1cc381d6f392952629730173ebbd6,total_not_additive,receipt_total,4888766,true,research/r2/models/outputs/resume-component-gas-02/samples.json
Osaka-component-gas-02,0x34bc31c8c87c5f0b31f71ef67f24e7995d285a8d19d42cce4c22ea4355461f40,exclusive_receipt_component,unattributed_receipt_total_no_opcode_claim,4658933,true,research/r2/models/outputs/resume-component-gas-02/samples.json
Osaka-component-gas-02,0x34bc31c8c87c5f0b31f71ef67f24e7995d285a8d19d42cce4c22ea4355461f40,total_not_additive,receipt_total,4658933,true,research/r2/models/outputs/resume-component-gas-02/samples.json
Osaka-component-gas-02,0x72f8d695b2240dedd639983a166b9cb427bd2e463a3758094fa60ba6421ed818,exclusive_receipt_component,unattributed_receipt_total_no_opcode_claim,5249340,true,research/r2/models/outputs/resume-component-gas-02/samples.json
Osaka-component-gas-02,0x72f8d695b2240dedd639983a166b9cb427bd2e463a3758094fa60ba6421ed818,total_not_additive,receipt_total,5249340,true,research/r2/models/outputs/resume-component-gas-02/samples.json
Osaka-component-gas-02,0x5c3390dfb45798047e6501f4f3e9d9cda46ade79c6f72ab648780b16db37c590,exclusive_receipt_component,unattributed_receipt_total_no_opcode_claim,4892440,true,research/r2/models/outputs/resume-component-gas-02/samples.json
Osaka-component-gas-02,0x5c3390dfb45798047e6501f4f3e9d9cda46ade79c6f72ab648780b16db37c590,total_not_additive,receipt_total,4892440,true,research/r2/models/outputs/resume-component-gas-02/samples.json
Osaka-component-gas-02,0xa95e53d582a3cd99406e6bf9ad093d160affe57b8fc441c43c872913b070f325,exclusive_receipt_component,unattributed_receipt_total_no_opcode_claim,5249310,true,research/r2/models/outputs/resume-component-gas-02/samples.json
Osaka-component-gas-02,0xa95e53d582a3cd99406e6bf9ad093d160affe57b8fc441c43c872913b070f325,total_not_additive,receipt_total,5249310,true,research/r2/models/outputs/resume-component-gas-02/samples.json
Osaka-component-gas-02,0x861a6a506f1785b8dd63251b449ea0e955fc9d9a92fba4703e8905244bb316e3,exclusive_receipt_component,unattributed_receipt_total_no_opcode_claim,4892410,true,research/r2/models/outputs/resume-component-gas-02/samples.json
Osaka-component-gas-02,0x861a6a506f1785b8dd63251b449ea0e955fc9d9a92fba4703e8905244bb316e3,total_not_additive,receipt_total,4892410,true,research/r2/models/outputs/resume-component-gas-02/samples.json
Osaka-component-gas-02,0x2fb8705144260c216b808c03498ba6d402d7336075a5dfcc7e18d445c0ee8016,exclusive_receipt_component,unattributed_receipt_total_no_opcode_claim,4888622,true,research/r2/models/outputs/resume-component-gas-02/samples.json
Osaka-component-gas-02,0x2fb8705144260c216b808c03498ba6d402d7336075a5dfcc7e18d445c0ee8016,total_not_additive,receipt_total,4888622,true,research/r2/models/outputs/resume-component-gas-02/samples.json
Osaka-component-gas-02,0xfe41ebd8687706d0f2f00296b20c215e7f5cb1f01b74cbeec725c66a9215b864,exclusive_receipt_component,unattributed_receipt_total_no_opcode_claim,4658221,true,research/r2/models/outputs/resume-component-gas-02/samples.json
Osaka-component-gas-02,0xfe41ebd8687706d0f2f00296b20c215e7f5cb1f01b74cbeec725c66a9215b864,total_not_additive,receipt_total,4658221,true,research/r2/models/outputs/resume-component-gas-02/samples.json
Osaka-component-gas-02,0xc3028d0527a1c363ea24f04aaa1668992cc1bc5ed7eee2873cf6f903e97713b6,exclusive_receipt_component,unattributed_receipt_total_no_opcode_claim,5249400,true,research/r2/models/outputs/resume-component-gas-02/samples.json
Osaka-component-gas-02,0xc3028d0527a1c363ea24f04aaa1668992cc1bc5ed7eee2873cf6f903e97713b6,total_not_additive,receipt_total,5249400,true,research/r2/models/outputs/resume-component-gas-02/samples.json
Osaka-component-gas-02,0xb76e8c1645d36c7d50a3a5dc45c3b274054055ff89e3e2b77e9c6ef35bc6c3be,exclusive_receipt_component,unattributed_receipt_total_no_opcode_claim,4907110,true,research/r2/models/outputs/resume-component-gas-02/samples.json
Osaka-component-gas-02,0xb76e8c1645d36c7d50a3a5dc45c3b274054055ff89e3e2b77e9c6ef35bc6c3be,total_not_additive,receipt_total,4907110,true,research/r2/models/outputs/resume-component-gas-02/samples.json
Osaka-component-gas-02,0xae9220697461c33e6a2e972224c3f45081a041ceac9403e96699e570545c53bf,exclusive_receipt_component,unattributed_receipt_total_no_opcode_claim,5249370,true,research/r2/models/outputs/resume-component-gas-02/samples.json
Osaka-component-gas-02,0xae9220697461c33e6a2e972224c3f45081a041ceac9403e96699e570545c53bf,total_not_additive,receipt_total,5249370,true,research/r2/models/outputs/resume-component-gas-02/samples.json
Osaka-component-gas-02,0xd4088e5b2f74a806d1fafab70cacf1b788cae9e71e16249a7e26679762c61e6a,exclusive_receipt_component,unattributed_receipt_total_no_opcode_claim,4907080,true,research/r2/models/outputs/resume-component-gas-02/samples.json
Osaka-component-gas-02,0xd4088e5b2f74a806d1fafab70cacf1b788cae9e71e16249a7e26679762c61e6a,total_not_additive,receipt_total,4907080,true,research/r2/models/outputs/resume-component-gas-02/samples.json
Osaka-component-gas-02,0x6c0ac7a3bd7939eec32c0d973faa0cff57d7e45a0055d6cf21614783e3170216,exclusive_receipt_component,unattributed_receipt_total_no_opcode_claim,4890140,true,research/r2/models/outputs/resume-component-gas-02/samples.json
Osaka-component-gas-02,0x6c0ac7a3bd7939eec32c0d973faa0cff57d7e45a0055d6cf21614783e3170216,total_not_additive,receipt_total,4890140,true,research/r2/models/outputs/resume-component-gas-02/samples.json
Osaka-component-gas-02,0x77c62f7341b0dfe0e6cb2e1ec96ea75f25c9a36389c13b20bcf281bf2e802d55,exclusive_receipt_component,unattributed_receipt_total_no_opcode_claim,4660157,true,research/r2/models/outputs/resume-component-gas-02/samples.json
Osaka-component-gas-02,0x77c62f7341b0dfe0e6cb2e1ec96ea75f25c9a36389c13b20bcf281bf2e802d55,total_not_additive,receipt_total,4660157,true,research/r2/models/outputs/resume-component-gas-02/samples.json
Osaka-component-gas-02,0x0a753563c2a30737d47f6ffa43d3565cb29e674817e546c58f82bf482fb85028,exclusive_receipt_component,unattributed_receipt_total_no_opcode_claim,5249520,true,research/r2/models/outputs/resume-component-gas-02/samples.json
Osaka-component-gas-02,0x0a753563c2a30737d47f6ffa43d3565cb29e674817e546c58f82bf482fb85028,total_not_additive,receipt_total,5249520,true,research/r2/models/outputs/resume-component-gas-02/samples.json
Osaka-component-gas-02,0x2d8be574d6111cbe498d0bde11889adb29a6cdf2302ff40eeca4dea47cb4c5e2,exclusive_receipt_component,unattributed_receipt_total_no_opcode_claim,5250180,true,research/r2/models/outputs/resume-component-gas-02/samples.json
Osaka-component-gas-02,0x2d8be574d6111cbe498d0bde11889adb29a6cdf2302ff40eeca4dea47cb4c5e2,total_not_additive,receipt_total,5250180,true,research/r2/models/outputs/resume-component-gas-02/samples.json
Osaka-component-gas-02,0x2d67bae780be4ce3910ebab1e501012a5de99ce46089cfbe8bf927795c61e7ff,exclusive_receipt_component,unattributed_receipt_total_no_opcode_claim,1038180,true,research/r2/models/outputs/resume-component-gas-02/samples.json
Osaka-component-gas-02,0x2d67bae780be4ce3910ebab1e501012a5de99ce46089cfbe8bf927795c61e7ff,total_not_additive,receipt_total,1038180,true,research/r2/models/outputs/resume-component-gas-02/samples.json
Osaka-component-gas-02,0x4ca44a095c33152b843efaf17a2f38f623e0bfd0be164096ece143171172d2e3,exclusive_receipt_component,unattributed_receipt_total_no_opcode_claim,5249490,true,research/r2/models/outputs/resume-component-gas-02/samples.json
Osaka-component-gas-02,0x4ca44a095c33152b843efaf17a2f38f623e0bfd0be164096ece143171172d2e3,total_not_additive,receipt_total,5249490,true,research/r2/models/outputs/resume-component-gas-02/samples.json
Osaka-component-gas-02,0x7abe39e83f0da88b216d779ca94ba595cbeb8b12be00853e10744062b425010c,exclusive_receipt_component,unattributed_receipt_total_no_opcode_claim,5250150,true,research/r2/models/outputs/resume-component-gas-02/samples.json
Osaka-component-gas-02,0x7abe39e83f0da88b216d779ca94ba595cbeb8b12be00853e10744062b425010c,total_not_additive,receipt_total,5250150,true,research/r2/models/outputs/resume-component-gas-02/samples.json
Osaka-component-gas-02,0x42bd44ec13dc451d1b5e395fdf850930bae7b0aee6a1b2b4fd7719c872159924,exclusive_receipt_component,unattributed_receipt_total_no_opcode_claim,1038150,true,research/r2/models/outputs/resume-component-gas-02/samples.json
Osaka-component-gas-02,0x42bd44ec13dc451d1b5e395fdf850930bae7b0aee6a1b2b4fd7719c872159924,total_not_additive,receipt_total,1038150,true,research/r2/models/outputs/resume-component-gas-02/samples.json
Osaka-component-gas-02,0x3e0be95addcad83b2228e982205db51d51e0920f9dbecc9c0bdf33170ea718f0,exclusive_receipt_component,unattributed_receipt_total_no_opcode_claim,4888451,true,research/r2/models/outputs/resume-component-gas-02/samples.json
Osaka-component-gas-02,0x3e0be95addcad83b2228e982205db51d51e0920f9dbecc9c0bdf33170ea718f0,total_not_additive,receipt_total,4888451,true,research/r2/models/outputs/resume-component-gas-02/samples.json
Osaka-component-gas-02,0x85aaf36ec474d3fe545c2b235ca18add2f7c595e814fb56ee1da4c9d7d8c7dbc,exclusive_receipt_component,unattributed_receipt_total_no_opcode_claim,4659717,true,research/r2/models/outputs/resume-component-gas-02/samples.json
Osaka-component-gas-02,0x85aaf36ec474d3fe545c2b235ca18add2f7c595e814fb56ee1da4c9d7d8c7dbc,total_not_additive,receipt_total,4659717,true,research/r2/models/outputs/resume-component-gas-02/samples.json
Osaka-component-gas-02,0xac072c209a5402964e2bd8dd5e0315fe6af2778c96698b534f162857f96f1964,exclusive_receipt_component,unattributed_receipt_total_no_opcode_claim,5249940,true,research/r2/models/outputs/resume-component-gas-02/samples.json
Osaka-component-gas-02,0xac072c209a5402964e2bd8dd5e0315fe6af2778c96698b534f162857f96f1964,total_not_additive,receipt_total,5249940,true,research/r2/models/outputs/resume-component-gas-02/samples.json
Osaka-component-gas-02,0x180ca55a2d18f1bf1843969f02afb955225474313599731b544ce551678c1ef0,exclusive_receipt_component,unattributed_receipt_total_no_opcode_claim,5249880,true,research/r2/models/outputs/resume-component-gas-02/samples.json
Osaka-component-gas-02,0x180ca55a2d18f1bf1843969f02afb955225474313599731b544ce551678c1ef0,total_not_additive,receipt_total,5249880,true,research/r2/models/outputs/resume-component-gas-02/samples.json
Osaka-component-gas-02,0xe6c4453d0189bc9576d7dc735de7e312165bcb9dc5044e224ea2655983922016,exclusive_receipt_component,unattributed_receipt_total_no_opcode_claim,1727610,true,research/r2/models/outputs/resume-component-gas-02/samples.json
Osaka-component-gas-02,0xe6c4453d0189bc9576d7dc735de7e312165bcb9dc5044e224ea2655983922016,total_not_additive,receipt_total,1727610,true,research/r2/models/outputs/resume-component-gas-02/samples.json
Osaka-component-gas-02,0x165d94bed5d1b260c522a33a86f938e2149f6dfe4fd989226ae596402e8b01f0,exclusive_receipt_component,unattributed_receipt_total_no_opcode_claim,5249910,true,research/r2/models/outputs/resume-component-gas-02/samples.json
Osaka-component-gas-02,0x165d94bed5d1b260c522a33a86f938e2149f6dfe4fd989226ae596402e8b01f0,total_not_additive,receipt_total,5249910,true,research/r2/models/outputs/resume-component-gas-02/samples.json
Osaka-component-gas-02,0x90bd435e0d265762f772c4083dcae093e5a9934ddcf30053b46d47a317a3ced4,exclusive_receipt_component,unattributed_receipt_total_no_opcode_claim,5249850,true,research/r2/models/outputs/resume-component-gas-02/samples.json
Osaka-component-gas-02,0x90bd435e0d265762f772c4083dcae093e5a9934ddcf30053b46d47a317a3ced4,total_not_additive,receipt_total,5249850,true,research/r2/models/outputs/resume-component-gas-02/samples.json
Osaka-component-gas-02,0x37a7ae8e9fe0eb0204471249f0f8628064013ec0056bc5026d4c640638063247,exclusive_receipt_component,unattributed_receipt_total_no_opcode_claim,1727580,true,research/r2/models/outputs/resume-component-gas-02/samples.json
Osaka-component-gas-02,0x37a7ae8e9fe0eb0204471249f0f8628064013ec0056bc5026d4c640638063247,total_not_additive,receipt_total,1727580,true,research/r2/models/outputs/resume-component-gas-02/samples.json
Osaka-component-gas-02,0x4cdc12a9c2c03d30ef139b7f688f688fbeb88a28e40d3f51649f741a20192bdb,exclusive_receipt_component,unattributed_receipt_total_no_opcode_claim,3267023,true,research/r2/models/outputs/resume-component-gas-02/samples.json
Osaka-component-gas-02,0x4cdc12a9c2c03d30ef139b7f688f688fbeb88a28e40d3f51649f741a20192bdb,total_not_additive,receipt_total,3267023,true,research/r2/models/outputs/resume-component-gas-02/samples.json
Osaka-component-gas-02,0xc4e5d086049aeb5a360f8b00466763f3cfd76f988987e0324c8f157ca577183f,exclusive_receipt_component,unattributed_receipt_total_no_opcode_claim,3113697,true,research/r2/models/outputs/resume-component-gas-02/samples.json
Osaka-component-gas-02,0xc4e5d086049aeb5a360f8b00466763f3cfd76f988987e0324c8f157ca577183f,total_not_additive,receipt_total,3113697,true,research/r2/models/outputs/resume-component-gas-02/samples.json
Osaka-component-gas-02,0x9ac5193d87390b6760d45955f0fe40d16e143094bdc6f5c0754581695c3b864d,exclusive_receipt_component,unattributed_receipt_total_no_opcode_claim,5249880,true,research/r2/models/outputs/resume-component-gas-02/samples.json
Osaka-component-gas-02,0x9ac5193d87390b6760d45955f0fe40d16e143094bdc6f5c0754581695c3b864d,total_not_additive,receipt_total,5249880,true,research/r2/models/outputs/resume-component-gas-02/samples.json
Osaka-component-gas-02,0x9ef259825c4dc115d6141cf4e9b2b0f1caa929d5bf3d101ddf5c02efefb48f51,exclusive_receipt_component,unattributed_receipt_total_no_opcode_claim,5249910,true,research/r2/models/outputs/resume-component-gas-02/samples.json
Osaka-component-gas-02,0x9ef259825c4dc115d6141cf4e9b2b0f1caa929d5bf3d101ddf5c02efefb48f51,total_not_additive,receipt_total,5249910,true,research/r2/models/outputs/resume-component-gas-02/samples.json
Osaka-component-gas-02,0xb986874bbb75e0f4a1275e225ecf198f24210154beca0ff604eedf7b2a8f15b1,exclusive_receipt_component,unattributed_receipt_total_no_opcode_claim,649810,true,research/r2/models/outputs/resume-component-gas-02/samples.json
Osaka-component-gas-02,0xb986874bbb75e0f4a1275e225ecf198f24210154beca0ff604eedf7b2a8f15b1,total_not_additive,receipt_total,649810,true,research/r2/models/outputs/resume-component-gas-02/samples.json
Osaka-component-gas-02,0x8cc86a81f80434f1fed52ecf6d7211b9c3b5a64c1633ed054d539ed98135b686,exclusive_receipt_component,unattributed_receipt_total_no_opcode_claim,5249850,true,research/r2/models/outputs/resume-component-gas-02/samples.json
Osaka-component-gas-02,0x8cc86a81f80434f1fed52ecf6d7211b9c3b5a64c1633ed054d539ed98135b686,total_not_additive,receipt_total,5249850,true,research/r2/models/outputs/resume-component-gas-02/samples.json
Osaka-component-gas-02,0xad8d95251d223c94ab7c2409fd1ef9d78dde6c0ce4c979b1de1088aa9e8494df,exclusive_receipt_component,unattributed_receipt_total_no_opcode_claim,5249880,true,research/r2/models/outputs/resume-component-gas-02/samples.json
Osaka-component-gas-02,0xad8d95251d223c94ab7c2409fd1ef9d78dde6c0ce4c979b1de1088aa9e8494df,total_not_additive,receipt_total,5249880,true,research/r2/models/outputs/resume-component-gas-02/samples.json
Osaka-component-gas-02,0x59c5a407d2d2f190cdd951ffc3577c24326c01ae5eb21884348f0bd975f8d767,exclusive_receipt_component,unattributed_receipt_total_no_opcode_claim,649780,true,research/r2/models/outputs/resume-component-gas-02/samples.json
Osaka-component-gas-02,0x59c5a407d2d2f190cdd951ffc3577c24326c01ae5eb21884348f0bd975f8d767,total_not_additive,receipt_total,649780,true,research/r2/models/outputs/resume-component-gas-02/samples.json
Osaka-component-gas-02,0x0591773c599ba4963feb4634e47f6b3ce2a5dffdc134182335ba25cf1ef1ce9f,exclusive_receipt_component,unattributed_receipt_total_no_opcode_claim,3264752,true,research/r2/models/outputs/resume-component-gas-02/samples.json
Osaka-component-gas-02,0x0591773c599ba4963feb4634e47f6b3ce2a5dffdc134182335ba25cf1ef1ce9f,total_not_additive,receipt_total,3264752,true,research/r2/models/outputs/resume-component-gas-02/samples.json
Osaka-component-gas-02,0x7fe48e32da4ddf44021208608fd2e7c2733ab7e023aed2e87253710b429923ef,exclusive_receipt_component,unattributed_receipt_total_no_opcode_claim,3112637,true,research/r2/models/outputs/resume-component-gas-02/samples.json
Osaka-component-gas-02,0x7fe48e32da4ddf44021208608fd2e7c2733ab7e023aed2e87253710b429923ef,total_not_additive,receipt_total,3112637,true,research/r2/models/outputs/resume-component-gas-02/samples.json
Osaka-component-gas-02,0xa839cbec6679b73e5364b0a566548b72dd478880c37e06ee2353b27aaffe0a1f,exclusive_receipt_component,unattributed_receipt_total_no_opcode_claim,5249820,true,research/r2/models/outputs/resume-component-gas-02/samples.json
Osaka-component-gas-02,0xa839cbec6679b73e5364b0a566548b72dd478880c37e06ee2353b27aaffe0a1f,total_not_additive,receipt_total,5249820,true,research/r2/models/outputs/resume-component-gas-02/samples.json
Osaka-component-gas-02,0xd6993dd42c815753dd53b1d9a63d0b654a933b5ddfc115a5dc223a6c043df28e,exclusive_receipt_component,unattributed_receipt_total_no_opcode_claim,5249130,true,research/r2/models/outputs/resume-component-gas-02/samples.json
Osaka-component-gas-02,0xd6993dd42c815753dd53b1d9a63d0b654a933b5ddfc115a5dc223a6c043df28e,total_not_additive,receipt_total,5249130,true,research/r2/models/outputs/resume-component-gas-02/samples.json
Osaka-component-gas-02,0x9c4a7bcd9e4b0af7ae92a319b6c84182882752f7cce949f5149e08e2a38579cd,exclusive_receipt_component,unattributed_receipt_total_no_opcode_claim,895330,true,research/r2/models/outputs/resume-component-gas-02/samples.json
Osaka-component-gas-02,0x9c4a7bcd9e4b0af7ae92a319b6c84182882752f7cce949f5149e08e2a38579cd,total_not_additive,receipt_total,895330,true,research/r2/models/outputs/resume-component-gas-02/samples.json
Osaka-component-gas-02,0x7237e8b7b00d5509d68021af8fff8f1921e173b4f06ecd56482863df2000f09a,exclusive_receipt_component,unattributed_receipt_total_no_opcode_claim,5249790,true,research/r2/models/outputs/resume-component-gas-02/samples.json
Osaka-component-gas-02,0x7237e8b7b00d5509d68021af8fff8f1921e173b4f06ecd56482863df2000f09a,total_not_additive,receipt_total,5249790,true,research/r2/models/outputs/resume-component-gas-02/samples.json
Osaka-component-gas-02,0x911ba88ba97c00ec7ed5b6daf0d05aca33dd75dadfaadebdb429db145450515a,exclusive_receipt_component,unattributed_receipt_total_no_opcode_claim,5249100,true,research/r2/models/outputs/resume-component-gas-02/samples.json
Osaka-component-gas-02,0x911ba88ba97c00ec7ed5b6daf0d05aca33dd75dadfaadebdb429db145450515a,total_not_additive,receipt_total,5249100,true,research/r2/models/outputs/resume-component-gas-02/samples.json
Osaka-component-gas-02,0xaf008462b0af1b718fe59a9f2a002bc5ce999f71fb46e12a2d0748d4c324be64,exclusive_receipt_component,unattributed_receipt_total_no_opcode_claim,895300,true,research/r2/models/outputs/resume-component-gas-02/samples.json
Osaka-component-gas-02,0xaf008462b0af1b718fe59a9f2a002bc5ce999f71fb46e12a2d0748d4c324be64,total_not_additive,receipt_total,895300,true,research/r2/models/outputs/resume-component-gas-02/samples.json
Osaka-component-gas-02,0x4621335a48b8cb8cdb567498b24fd0563f73b54ec62cc53e696a79949f2bb96c,exclusive_receipt_component,unattributed_receipt_total_no_opcode_claim,4889057,true,research/r2/models/outputs/resume-component-gas-02/samples.json
Osaka-component-gas-02,0x4621335a48b8cb8cdb567498b24fd0563f73b54ec62cc53e696a79949f2bb96c,total_not_additive,receipt_total,4889057,true,research/r2/models/outputs/resume-component-gas-02/samples.json
Osaka-component-gas-02,0xaeb0be3b4424b6fbb91c86addcb8ba39a5b82d658b345413cdf588403395fae9,exclusive_receipt_component,unattributed_receipt_total_no_opcode_claim,4657721,true,research/r2/models/outputs/resume-component-gas-02/samples.json
Osaka-component-gas-02,0xaeb0be3b4424b6fbb91c86addcb8ba39a5b82d658b345413cdf588403395fae9,total_not_additive,receipt_total,4657721,true,research/r2/models/outputs/resume-component-gas-02/samples.json
Osaka-component-gas-02,0xe49452bc4e89afe25c315cb6b0cf187a2085717ad383096c880a5f017cce1730,exclusive_receipt_component,unattributed_receipt_total_no_opcode_claim,5250720,true,research/r2/models/outputs/resume-component-gas-02/samples.json
Osaka-component-gas-02,0xe49452bc4e89afe25c315cb6b0cf187a2085717ad383096c880a5f017cce1730,total_not_additive,receipt_total,5250720,true,research/r2/models/outputs/resume-component-gas-02/samples.json
Osaka-component-gas-02,0x19f67516acbfa84d382ea13bf2cd62615853c163f4a87deff02ef3f7daafd8df,exclusive_receipt_component,unattributed_receipt_total_no_opcode_claim,5250600,true,research/r2/models/outputs/resume-component-gas-02/samples.json
Osaka-component-gas-02,0x19f67516acbfa84d382ea13bf2cd62615853c163f4a87deff02ef3f7daafd8df,total_not_additive,receipt_total,5250600,true,research/r2/models/outputs/resume-component-gas-02/samples.json
Osaka-component-gas-02,0x533fbf3d17698f3970bccca1a13cf2d72b81282bea739b6772c1fd4e0ec5d469,exclusive_receipt_component,unattributed_receipt_total_no_opcode_claim,4137680,true,research/r2/models/outputs/resume-component-gas-02/samples.json
Osaka-component-gas-02,0x533fbf3d17698f3970bccca1a13cf2d72b81282bea739b6772c1fd4e0ec5d469,total_not_additive,receipt_total,4137680,true,research/r2/models/outputs/resume-component-gas-02/samples.json
Osaka-component-gas-02,0xd8100f0da8303a65f848273c639c96816da33607ca794cc0ca9af1549368b831,exclusive_receipt_component,unattributed_receipt_total_no_opcode_claim,5250690,true,research/r2/models/outputs/resume-component-gas-02/samples.json
Osaka-component-gas-02,0xd8100f0da8303a65f848273c639c96816da33607ca794cc0ca9af1549368b831,total_not_additive,receipt_total,5250690,true,research/r2/models/outputs/resume-component-gas-02/samples.json
Osaka-component-gas-02,0xb2f291c159e288a3a4b0d93b8a3d6169b5a9313d8182401318b32508035ec8d5,exclusive_receipt_component,unattributed_receipt_total_no_opcode_claim,5250570,true,research/r2/models/outputs/resume-component-gas-02/samples.json
Osaka-component-gas-02,0xb2f291c159e288a3a4b0d93b8a3d6169b5a9313d8182401318b32508035ec8d5,total_not_additive,receipt_total,5250570,true,research/r2/models/outputs/resume-component-gas-02/samples.json
Osaka-component-gas-02,0xb922f5d2072b2ec3168e9f5903a281cb2d73b5967fde17e9a04932ed490e296e,exclusive_receipt_component,unattributed_receipt_total_no_opcode_claim,4137650,true,research/r2/models/outputs/resume-component-gas-02/samples.json
Osaka-component-gas-02,0xb922f5d2072b2ec3168e9f5903a281cb2d73b5967fde17e9a04932ed490e296e,total_not_additive,receipt_total,4137650,true,research/r2/models/outputs/resume-component-gas-02/samples.json
Osaka-component-gas-02,0x812f203fd5fcd8e6ab0bd783854aa228b35d99e61a004d3b2837f3f39cd1484a,exclusive_receipt_component,unattributed_receipt_total_no_opcode_claim,4889927,true,research/r2/models/outputs/resume-component-gas-02/samples.json
Osaka-component-gas-02,0x812f203fd5fcd8e6ab0bd783854aa228b35d99e61a004d3b2837f3f39cd1484a,total_not_additive,receipt_total,4889927,true,research/r2/models/outputs/resume-component-gas-02/samples.json
Osaka-component-gas-02,0xbdb73552c01e6b4e7103b56b5a91b2c2e887e741b9244e7c8cc24ed80a9473d0,exclusive_receipt_component,unattributed_receipt_total_no_opcode_claim,4660193,true,research/r2/models/outputs/resume-component-gas-02/samples.json
Osaka-component-gas-02,0xbdb73552c01e6b4e7103b56b5a91b2c2e887e741b9244e7c8cc24ed80a9473d0,total_not_additive,receipt_total,4660193,true,research/r2/models/outputs/resume-component-gas-02/samples.json
Osaka-component-gas-02,0x9ef76bf5b180ef3117dc28f26eab631df1834f2a16419d2827f7708eca850bcd,exclusive_receipt_component,unattributed_receipt_total_no_opcode_claim,5250270,true,research/r2/models/outputs/resume-component-gas-02/samples.json
Osaka-component-gas-02,0x9ef76bf5b180ef3117dc28f26eab631df1834f2a16419d2827f7708eca850bcd,total_not_additive,receipt_total,5250270,true,research/r2/models/outputs/resume-component-gas-02/samples.json
Osaka-component-gas-02,0x0f41e61a822209d603226f5e3ac8ff4cc4f43af73833d21a1c3855cfad308224,exclusive_receipt_component,unattributed_receipt_total_no_opcode_claim,5250660,true,research/r2/models/outputs/resume-component-gas-02/samples.json
Osaka-component-gas-02,0x0f41e61a822209d603226f5e3ac8ff4cc4f43af73833d21a1c3855cfad308224,total_not_additive,receipt_total,5250660,true,research/r2/models/outputs/resume-component-gas-02/samples.json
Osaka-component-gas-02,0x00161f065821807f23a332e435f732f6c7f90a811bbb384cbb20d9ea7222d15b,exclusive_receipt_component,unattributed_receipt_total_no_opcode_claim,3908030,true,research/r2/models/outputs/resume-component-gas-02/samples.json
Osaka-component-gas-02,0x00161f065821807f23a332e435f732f6c7f90a811bbb384cbb20d9ea7222d15b,total_not_additive,receipt_total,3908030,true,research/r2/models/outputs/resume-component-gas-02/samples.json
Osaka-component-gas-02,0x4dddfbbab3425e8e9f14a2d209df8ea714798d6648a7865249b596443627a7c5,exclusive_receipt_component,unattributed_receipt_total_no_opcode_claim,5250240,true,research/r2/models/outputs/resume-component-gas-02/samples.json
Osaka-component-gas-02,0x4dddfbbab3425e8e9f14a2d209df8ea714798d6648a7865249b596443627a7c5,total_not_additive,receipt_total,5250240,true,research/r2/models/outputs/resume-component-gas-02/samples.json
Osaka-component-gas-02,0x9d0bf44e74fa9c970c018305d566e6a7ef63c0bcc473faacdcc860237701ad83,exclusive_receipt_component,unattributed_receipt_total_no_opcode_claim,5250630,true,research/r2/models/outputs/resume-component-gas-02/samples.json
Osaka-component-gas-02,0x9d0bf44e74fa9c970c018305d566e6a7ef63c0bcc473faacdcc860237701ad83,total_not_additive,receipt_total,5250630,true,research/r2/models/outputs/resume-component-gas-02/samples.json
Osaka-component-gas-02,0x40322510e6d98b4d9a48b986b0150e2d6f09d9c608a7999b3046579671b4e549,exclusive_receipt_component,unattributed_receipt_total_no_opcode_claim,3908000,true,research/r2/models/outputs/resume-component-gas-02/samples.json
Osaka-component-gas-02,0x40322510e6d98b4d9a48b986b0150e2d6f09d9c608a7999b3046579671b4e549,total_not_additive,receipt_total,3908000,true,research/r2/models/outputs/resume-component-gas-02/samples.json
Osaka-component-gas-02,0xdb2e880d146a07b9f7fe365a44f7345750fac034c299eb698febe3a75f85ac22,exclusive_receipt_component,unattributed_receipt_total_no_opcode_claim,3267101,true,research/r2/models/outputs/resume-component-gas-02/samples.json
Osaka-component-gas-02,0xdb2e880d146a07b9f7fe365a44f7345750fac034c299eb698febe3a75f85ac22,total_not_additive,receipt_total,3267101,true,research/r2/models/outputs/resume-component-gas-02/samples.json
Osaka-component-gas-02,0x3a7bbc82d9921eee1a778020252d9c7d7b65eea2acca16c50905d9dde528b5b5,exclusive_receipt_component,unattributed_receipt_total_no_opcode_claim,3114461,true,research/r2/models/outputs/resume-component-gas-02/samples.json
Osaka-component-gas-02,0x3a7bbc82d9921eee1a778020252d9c7d7b65eea2acca16c50905d9dde528b5b5,total_not_additive,receipt_total,3114461,true,research/r2/models/outputs/resume-component-gas-02/samples.json
Osaka-component-gas-02,0xea994b4366969c8e857cf6b1565ee63c085b262515b48a774845c74db818055a,exclusive_receipt_component,unattributed_receipt_total_no_opcode_claim,5248740,true,research/r2/models/outputs/resume-component-gas-02/samples.json
Osaka-component-gas-02,0xea994b4366969c8e857cf6b1565ee63c085b262515b48a774845c74db818055a,total_not_additive,receipt_total,5248740,true,research/r2/models/outputs/resume-component-gas-02/samples.json
Osaka-component-gas-02,0xf8232f203b89c92f22ccf6f56f0d64e0c2a4a904b832f9dd18d95c7e3d29cb48,exclusive_receipt_component,unattributed_receipt_total_no_opcode_claim,4141480,true,research/r2/models/outputs/resume-component-gas-02/samples.json
Osaka-component-gas-02,0xf8232f203b89c92f22ccf6f56f0d64e0c2a4a904b832f9dd18d95c7e3d29cb48,total_not_additive,receipt_total,4141480,true,research/r2/models/outputs/resume-component-gas-02/samples.json
Osaka-component-gas-02,0x216440d15a406a8a5f8604d6679055a8464f7ca4d2f17e2adcdb850cb8875e42,exclusive_receipt_component,unattributed_receipt_total_no_opcode_claim,5248710,true,research/r2/models/outputs/resume-component-gas-02/samples.json
Osaka-component-gas-02,0x216440d15a406a8a5f8604d6679055a8464f7ca4d2f17e2adcdb850cb8875e42,total_not_additive,receipt_total,5248710,true,research/r2/models/outputs/resume-component-gas-02/samples.json
Osaka-component-gas-02,0x4a9639e0216e4d0f741716eb6b3a146dfb11d1f2a91998ddd8d62615b2fb6cfa,exclusive_receipt_component,unattributed_receipt_total_no_opcode_claim,4141450,true,research/r2/models/outputs/resume-component-gas-02/samples.json
Osaka-component-gas-02,0x4a9639e0216e4d0f741716eb6b3a146dfb11d1f2a91998ddd8d62615b2fb6cfa,total_not_additive,receipt_total,4141450,true,research/r2/models/outputs/resume-component-gas-02/samples.json
Osaka-component-gas-02,0x63e096a6e91eaaf9a7da31d1909d1103ef89d0a2ba6087399c3beb2464dfa9ef,exclusive_receipt_component,unattributed_receipt_total_no_opcode_claim,3267134,true,research/r2/models/outputs/resume-component-gas-02/samples.json
Osaka-component-gas-02,0x63e096a6e91eaaf9a7da31d1909d1103ef89d0a2ba6087399c3beb2464dfa9ef,total_not_additive,receipt_total,3267134,true,research/r2/models/outputs/resume-component-gas-02/samples.json
Osaka-component-gas-02,0xb5bb51fd8cf41d9dbb3f243b76c7136f1289c682b7f7b1c89f6284e6bc50a849,exclusive_receipt_component,unattributed_receipt_total_no_opcode_claim,3114449,true,research/r2/models/outputs/resume-component-gas-02/samples.json
Osaka-component-gas-02,0xb5bb51fd8cf41d9dbb3f243b76c7136f1289c682b7f7b1c89f6284e6bc50a849,total_not_additive,receipt_total,3114449,true,research/r2/models/outputs/resume-component-gas-02/samples.json
Osaka-component-gas-02,0x9da245454b8e4ab57ae95439f81da0b659bdbb2ec7c81e651b42d6bb11868b09,exclusive_receipt_component,unattributed_receipt_total_no_opcode_claim,5250840,true,research/r2/models/outputs/resume-component-gas-02/samples.json
Osaka-component-gas-02,0x9da245454b8e4ab57ae95439f81da0b659bdbb2ec7c81e651b42d6bb11868b09,total_not_additive,receipt_total,5250840,true,research/r2/models/outputs/resume-component-gas-02/samples.json
Osaka-component-gas-02,0xcb6c390d90b6238c4917082446ac9c4dc52d612ebd2f237d9375b3507a1deff3,exclusive_receipt_component,unattributed_receipt_total_no_opcode_claim,3847010,true,research/r2/models/outputs/resume-component-gas-02/samples.json
Osaka-component-gas-02,0xcb6c390d90b6238c4917082446ac9c4dc52d612ebd2f237d9375b3507a1deff3,total_not_additive,receipt_total,3847010,true,research/r2/models/outputs/resume-component-gas-02/samples.json
Osaka-component-gas-02,0xe6ac08485d15ca8fb2edc321026bc70f238375e810e65dab716275569193342c,exclusive_receipt_component,unattributed_receipt_total_no_opcode_claim,5250810,true,research/r2/models/outputs/resume-component-gas-02/samples.json
Osaka-component-gas-02,0xe6ac08485d15ca8fb2edc321026bc70f238375e810e65dab716275569193342c,total_not_additive,receipt_total,5250810,true,research/r2/models/outputs/resume-component-gas-02/samples.json
Osaka-component-gas-02,0xb2d036d3fcb09ac97e9bbc15bd4e827f2b333571c91107801c266b425e5fc982,exclusive_receipt_component,unattributed_receipt_total_no_opcode_claim,3846980,true,research/r2/models/outputs/resume-component-gas-02/samples.json
Osaka-component-gas-02,0xb2d036d3fcb09ac97e9bbc15bd4e827f2b333571c91107801c266b425e5fc982,total_not_additive,receipt_total,3846980,true,research/r2/models/outputs/resume-component-gas-02/samples.json
Osaka-component-gas-02,0xaf6c6b45f4e1044a6685d179c9e115931cfb7076bdd038959a47de2740e2a8e9,exclusive_receipt_component,unattributed_receipt_total_no_opcode_claim,3267749,true,research/r2/models/outputs/resume-component-gas-02/samples.json
Osaka-component-gas-02,0xaf6c6b45f4e1044a6685d179c9e115931cfb7076bdd038959a47de2740e2a8e9,total_not_additive,receipt_total,3267749,true,research/r2/models/outputs/resume-component-gas-02/samples.json
Osaka-component-gas-02,0xcbab5ace2dbdb2ad293c3c0a35b01d5ba2df03ef85550a6080df20156b1c4f4c,exclusive_receipt_component,unattributed_receipt_total_no_opcode_claim,3113657,true,research/r2/models/outputs/resume-component-gas-02/samples.json
Osaka-component-gas-02,0xcbab5ace2dbdb2ad293c3c0a35b01d5ba2df03ef85550a6080df20156b1c4f4c,total_not_additive,receipt_total,3113657,true,research/r2/models/outputs/resume-component-gas-02/samples.json
Osaka-component-gas-02,0x2d1eeb5459ce543478f18c4dac08a09944d1e3257a96eae033285aa898f700db,exclusive_receipt_component,unattributed_receipt_total_no_opcode_claim,5250810,true,research/r2/models/outputs/resume-component-gas-02/samples.json
Osaka-component-gas-02,0x2d1eeb5459ce543478f18c4dac08a09944d1e3257a96eae033285aa898f700db,total_not_additive,receipt_total,5250810,true,research/r2/models/outputs/resume-component-gas-02/samples.json
Osaka-component-gas-02,0x43610c3d807bd9e84ac504cf0aa21cfe2e9d9ae88c81c757743c267f6adc73cc,exclusive_receipt_component,unattributed_receipt_total_no_opcode_claim,1063840,true,research/r2/models/outputs/resume-component-gas-02/samples.json
Osaka-component-gas-02,0x43610c3d807bd9e84ac504cf0aa21cfe2e9d9ae88c81c757743c267f6adc73cc,total_not_additive,receipt_total,1063840,true,research/r2/models/outputs/resume-component-gas-02/samples.json
Osaka-component-gas-02,0xc4019e1769cefcb3b055dc20a1f3d9b497374b6b2758b3f3d365f8d409947750,exclusive_receipt_component,unattributed_receipt_total_no_opcode_claim,5250780,true,research/r2/models/outputs/resume-component-gas-02/samples.json
Osaka-component-gas-02,0xc4019e1769cefcb3b055dc20a1f3d9b497374b6b2758b3f3d365f8d409947750,total_not_additive,receipt_total,5250780,true,research/r2/models/outputs/resume-component-gas-02/samples.json
Osaka-component-gas-02,0x758651aa20e5a12858fed8215a85ac4679e206d6f7986d86368f47ff69411158,exclusive_receipt_component,unattributed_receipt_total_no_opcode_claim,1063810,true,research/r2/models/outputs/resume-component-gas-02/samples.json
Osaka-component-gas-02,0x758651aa20e5a12858fed8215a85ac4679e206d6f7986d86368f47ff69411158,total_not_additive,receipt_total,1063810,true,research/r2/models/outputs/resume-component-gas-02/samples.json
Osaka-component-gas-02,0xa50589a6638bcde476e3511a21a8e34f578e64957829cc119a9ffa96207fb2c6,exclusive_receipt_component,unattributed_receipt_total_no_opcode_claim,3267119,true,research/r2/models/outputs/resume-component-gas-02/samples.json
Osaka-component-gas-02,0xa50589a6638bcde476e3511a21a8e34f578e64957829cc119a9ffa96207fb2c6,total_not_additive,receipt_total,3267119,true,research/r2/models/outputs/resume-component-gas-02/samples.json
Osaka-component-gas-02,0x4e71860b18d5874066223067357fb00427d738d911aa6037da3047dc84ab1362,exclusive_receipt_component,unattributed_receipt_total_no_opcode_claim,3113633,true,research/r2/models/outputs/resume-component-gas-02/samples.json
Osaka-component-gas-02,0x4e71860b18d5874066223067357fb00427d738d911aa6037da3047dc84ab1362,total_not_additive,receipt_total,3113633,true,research/r2/models/outputs/resume-component-gas-02/samples.json
Osaka-component-gas-02,0x62b6b6093444eb73a1818bd59419b2dc6fd875ef6f18fed1ec12d06795f2c7c7,exclusive_receipt_component,unattributed_receipt_total_no_opcode_claim,5250060,true,research/r2/models/outputs/resume-component-gas-02/samples.json
Osaka-component-gas-02,0x62b6b6093444eb73a1818bd59419b2dc6fd875ef6f18fed1ec12d06795f2c7c7,total_not_additive,receipt_total,5250060,true,research/r2/models/outputs/resume-component-gas-02/samples.json
Osaka-component-gas-02,0x9bf4df2fd45eb32abe56e4d71dea8bc81e6ab40888a5f675edc4b95f59262161,exclusive_receipt_component,unattributed_receipt_total_no_opcode_claim,1038450,true,research/r2/models/outputs/resume-component-gas-02/samples.json
Osaka-component-gas-02,0x9bf4df2fd45eb32abe56e4d71dea8bc81e6ab40888a5f675edc4b95f59262161,total_not_additive,receipt_total,1038450,true,research/r2/models/outputs/resume-component-gas-02/samples.json
Osaka-component-gas-02,0x371628f819856052582a4b3c9caceb03db38f0643693b0db0b9c4f25308573f8,exclusive_receipt_component,unattributed_receipt_total_no_opcode_claim,5250030,true,research/r2/models/outputs/resume-component-gas-02/samples.json
Osaka-component-gas-02,0x371628f819856052582a4b3c9caceb03db38f0643693b0db0b9c4f25308573f8,total_not_additive,receipt_total,5250030,true,research/r2/models/outputs/resume-component-gas-02/samples.json
Osaka-component-gas-02,0xbb1d363eccd3e554732007428392f47547fa6b1e0759d0fe1fe17cda273b7c9c,exclusive_receipt_component,unattributed_receipt_total_no_opcode_claim,1038420,true,research/r2/models/outputs/resume-component-gas-02/samples.json
Osaka-component-gas-02,0xbb1d363eccd3e554732007428392f47547fa6b1e0759d0fe1fe17cda273b7c9c,total_not_additive,receipt_total,1038420,true,research/r2/models/outputs/resume-component-gas-02/samples.json
Osaka-component-gas-02,0xd818839c3e995eb64609060291e08dc5289e53fa30bcd40499dc14f3d775c6ec,exclusive_receipt_component,unattributed_receipt_total_no_opcode_claim,3268715,true,research/r2/models/outputs/resume-component-gas-02/samples.json
Osaka-component-gas-02,0xd818839c3e995eb64609060291e08dc5289e53fa30bcd40499dc14f3d775c6ec,total_not_additive,receipt_total,3268715,true,research/r2/models/outputs/resume-component-gas-02/samples.json
Osaka-component-gas-02,0xd7b32a60e8a5c1fd44f604da7418afde48da622a2a8e094242fb1f719cf7a642,exclusive_receipt_component,unattributed_receipt_total_no_opcode_claim,3113333,true,research/r2/models/outputs/resume-component-gas-02/samples.json
Osaka-component-gas-02,0xd7b32a60e8a5c1fd44f604da7418afde48da622a2a8e094242fb1f719cf7a642,total_not_additive,receipt_total,3113333,true,research/r2/models/outputs/resume-component-gas-02/samples.json
Osaka-component-gas-02,0x6874a30043ea8e9c4af589c6de873955875661eda8ee1700a723e53deb4d3a21,exclusive_receipt_component,unattributed_receipt_total_no_opcode_claim,5249730,true,research/r2/models/outputs/resume-component-gas-02/samples.json
Osaka-component-gas-02,0x6874a30043ea8e9c4af589c6de873955875661eda8ee1700a723e53deb4d3a21,total_not_additive,receipt_total,5249730,true,research/r2/models/outputs/resume-component-gas-02/samples.json
Osaka-component-gas-02,0xfdfbf4fdb9b14f2cc9f60bc36d86003120111ba75197a76af6586e9983b7d86c,exclusive_receipt_component,unattributed_receipt_total_no_opcode_claim,4091330,true,research/r2/models/outputs/resume-component-gas-02/samples.json
Osaka-component-gas-02,0xfdfbf4fdb9b14f2cc9f60bc36d86003120111ba75197a76af6586e9983b7d86c,total_not_additive,receipt_total,4091330,true,research/r2/models/outputs/resume-component-gas-02/samples.json
Osaka-component-gas-02,0x0900639113251ac1e67d25995c0b088b9ac871b5c548bf5493d91ee97d8ee7ad,exclusive_receipt_component,unattributed_receipt_total_no_opcode_claim,5249700,true,research/r2/models/outputs/resume-component-gas-02/samples.json
Osaka-component-gas-02,0x0900639113251ac1e67d25995c0b088b9ac871b5c548bf5493d91ee97d8ee7ad,total_not_additive,receipt_total,5249700,true,research/r2/models/outputs/resume-component-gas-02/samples.json
Osaka-component-gas-02,0x4c2de6049dfc6be678f382326c4dcab868906976c75f94de5a64ada380d56f51,exclusive_receipt_component,unattributed_receipt_total_no_opcode_claim,4091300,true,research/r2/models/outputs/resume-component-gas-02/samples.json
Osaka-component-gas-02,0x4c2de6049dfc6be678f382326c4dcab868906976c75f94de5a64ada380d56f51,total_not_additive,receipt_total,4091300,true,research/r2/models/outputs/resume-component-gas-02/samples.json
Osaka-component-gas-02,0xf6fc770a20e763d5abed7140d3afc15ac62611a9cd5f58a7e42981119462dddb,exclusive_receipt_component,unattributed_receipt_total_no_opcode_claim,3266534,true,research/r2/models/outputs/resume-component-gas-02/samples.json
Osaka-component-gas-02,0xf6fc770a20e763d5abed7140d3afc15ac62611a9cd5f58a7e42981119462dddb,total_not_additive,receipt_total,3266534,true,research/r2/models/outputs/resume-component-gas-02/samples.json
Osaka-component-gas-02,0xeecdbc90a40dcd1380b051cd19849644cd17d361c063bf4cc217c07555f78dd1,exclusive_receipt_component,unattributed_receipt_total_no_opcode_claim,3113957,true,research/r2/models/outputs/resume-component-gas-02/samples.json
Osaka-component-gas-02,0xeecdbc90a40dcd1380b051cd19849644cd17d361c063bf4cc217c07555f78dd1,total_not_additive,receipt_total,3113957,true,research/r2/models/outputs/resume-component-gas-02/samples.json
Osaka-component-gas-02,0xb63f78d87720b59de8f10e94f99794e7db35760fa9b2a4c7984c4dd823bec38e,exclusive_receipt_component,unattributed_receipt_total_no_opcode_claim,5249970,true,research/r2/models/outputs/resume-component-gas-02/samples.json
Osaka-component-gas-02,0xb63f78d87720b59de8f10e94f99794e7db35760fa9b2a4c7984c4dd823bec38e,total_not_additive,receipt_total,5249970,true,research/r2/models/outputs/resume-component-gas-02/samples.json
Osaka-component-gas-02,0x00b16b8d903fc93d50db32d3ecf1268601c99db4a99b68c16b0ff2d53bf2198c,exclusive_receipt_component,unattributed_receipt_total_no_opcode_claim,3703170,true,research/r2/models/outputs/resume-component-gas-02/samples.json
Osaka-component-gas-02,0x00b16b8d903fc93d50db32d3ecf1268601c99db4a99b68c16b0ff2d53bf2198c,total_not_additive,receipt_total,3703170,true,research/r2/models/outputs/resume-component-gas-02/samples.json
Osaka-component-gas-02,0x3d618550bb999de70e83de733c2965c023619f2aa26c84ab933a404bd2128f3a,exclusive_receipt_component,unattributed_receipt_total_no_opcode_claim,5249940,true,research/r2/models/outputs/resume-component-gas-02/samples.json
Osaka-component-gas-02,0x3d618550bb999de70e83de733c2965c023619f2aa26c84ab933a404bd2128f3a,total_not_additive,receipt_total,5249940,true,research/r2/models/outputs/resume-component-gas-02/samples.json
Osaka-component-gas-02,0xa6f0db8f5abeb1ff961cc39306122614820e984ec7be50902f6e73323b7d0639,exclusive_receipt_component,unattributed_receipt_total_no_opcode_claim,3703140,true,research/r2/models/outputs/resume-component-gas-02/samples.json
Osaka-component-gas-02,0xa6f0db8f5abeb1ff961cc39306122614820e984ec7be50902f6e73323b7d0639,total_not_additive,receipt_total,3703140,true,research/r2/models/outputs/resume-component-gas-02/samples.json
