profile_id,candidate_id,formula_version,regime,adversary,batch_epsilon,conditions,m,alpha,gamma,list_size,rho,k,n,proximity_valid,strict_degree_gap,m_in_pinned_range,epsilon_dominant,epsilon_subdominant_linear,epsilon_subdominant_constant,epsilon_full,fri_commit_linear_bits,fri_commit_n_over_q_bits,air_rlc,deep_ali,fri_query,fri_commit,challenge_cap,mmcs_cap,batch,minimum_bits,error_sum_bits,objective,udr_bits
R2-C0-q32-declared,R2-C0,r2-full-objective-v1,conditional-Johnson,classical,dominant,"[""Johnson mutual correlated agreement at the same radius for all terms"", ""Theorem parameter must match actual PCS batching objects"", ""No complete Fiat-Shamir/QROM, MMCS structural or hiding composition proof"", ""Probability-sum and full-epsilon columns are arithmetic sensitivities, not replacement theorems""]",185,0.25067567567567567,0.7493243243243244,742.0,0.0625,512,8192,True,1539.535135135135,True,7.677118219169518e+16,4554740.92972973,742.0,7.677118219625066e+16,63.908585617531536,95.46454852389276,100.2528363288332,98.46261284689935,79.87539468465629,79.90858561753154,120.0,128.0,56.20122648553626,56.20122648553626,56.20122627242644,fri-only,45.190582247
R2-C0-q32-declared,R2-C0,r2-full-objective-v1,conditional-Johnson,classical,dominant,"[""Johnson mutual correlated agreement at the same radius for all terms"", ""Theorem parameter must match actual PCS batching objects"", ""No complete Fiat-Shamir/QROM, MMCS structural or hiding composition proof"", ""Probability-sum and full-epsilon columns are arithmetic sensitivities, not replacement theorems""]",9,0.2638888888888889,0.7361111111111112,38.0,0.0625,512,8192,True,1647.7777777777778,True,27045604010.666668,229148.44444444447,38.0,27045833197.11111,85.34531270805078,99.75189638706998,104.54018419201041,102.74996071007656,77.50391961595926,101.34531270805078,120.0,128.0,77.63796580142235,77.50391961595926,76.56938635222397,full-minimum,45.190582247
R2-C0-q32-declared,R2-C0,r2-full-objective-v1,conditional-Johnson,classical,dominant,"[""Johnson mutual correlated agreement at the same radius for all terms"", ""Theorem parameter must match actual PCS batching objects"", ""No complete Fiat-Shamir/QROM, MMCS structural or hiding composition proof"", ""Probability-sum and full-epsilon columns are arithmetic sensitivities, not replacement theorems""]",8,0.265625,0.734375,34.0,0.0625,512,8192,True,1662.0,True,15508624725.333334,204544.0,34.0,15508829303.333334,86.14762926365759,99.91236105926322,104.70064886420366,102.9104253822698,77.20118907998915,102.14762926365759,120.0,128.0,78.44028916238858,77.20118907998915,76.69160786538271,full-error-sum,45.190582247
R2-C0-q32-declared,R2-C0,r2-full-objective-v1,conditional-Johnson,classical,full,"[""Johnson mutual correlated agreement at the same radius for all terms"", ""Theorem parameter must match actual PCS batching objects"", ""No complete Fiat-Shamir/QROM, MMCS structural or hiding composition proof"", ""Probability-sum and full-epsilon columns are arithmetic sensitivities, not replacement theorems""]",185,0.25067567567567567,0.7493243243243244,742.0,0.0625,512,8192,True,1539.535135135135,True,7.677118219169518e+16,4554740.92972973,742.0,7.677118219625066e+16,63.908585617531536,95.46454852389276,100.2528363288332,98.46261284689935,79.87539468465629,79.90858561753154,120.0,128.0,56.201226485450654,56.201226485450654,56.20122627234083,fri-only,45.190582247
R2-C0-q32-declared,R2-C0,r2-full-objective-v1,conditional-Johnson,classical,full,"[""Johnson mutual correlated agreement at the same radius for all terms"", ""Theorem parameter must match actual PCS batching objects"", ""No complete Fiat-Shamir/QROM, MMCS structural or hiding composition proof"", ""Probability-sum and full-epsilon columns are arithmetic sensitivities, not replacement theorems""]",9,0.2638888888888889,0.7361111111111112,38.0,0.0625,512,8192,True,1647.7777777777778,True,27045604010.666668,229148.44444444447,38.0,27045833197.11111,85.34531270805078,99.75189638706998,104.54018419201041,102.74996071007656,77.50391961595926,101.34531270805078,120.0,128.0,77.6379535759699,77.50391961595926,76.56938052325913,full-minimum,45.190582247
R2-C0-q32-declared,R2-C0,r2-full-objective-v1,conditional-Johnson,classical,full,"[""Johnson mutual correlated agreement at the same radius for all terms"", ""Theorem parameter must match actual PCS batching objects"", ""No complete Fiat-Shamir/QROM, MMCS structural or hiding composition proof"", ""Probability-sum and full-epsilon columns are arithmetic sensitivities, not replacement theorems""]",8,0.265625,0.734375,34.0,0.0625,512,8192,True,1662.0,True,15508624725.333334,204544.0,34.0,15508829303.333334,86.14762926365759,99.91236105926322,104.70064886420366,102.9104253822698,77.20118907998915,102.14762926365759,120.0,128.0,78.44027013157671,77.20118907998915,76.69160220228825,full-error-sum,45.190582247
R2-C0-q32-declared,R2-C0,r2-full-objective-v1,conditional-Johnson,quantum_grinding_only,dominant,"[""Johnson mutual correlated agreement at the same radius for all terms"", ""Theorem parameter must match actual PCS batching objects"", ""No complete Fiat-Shamir/QROM, MMCS structural or hiding composition proof"", ""Probability-sum and full-epsilon columns are arithmetic sensitivities, not replacement theorems""]",185,0.25067567567567567,0.7493243243243244,742.0,0.0625,512,8192,True,1539.535135135135,True,7.677118219169518e+16,4554740.92972973,742.0,7.677118219625066e+16,63.908585617531536,95.46454852389276,100.2528363288332,98.46261284689935,71.87539468465629,71.90858561753154,120.0,128.0,56.20122648553626,56.20122648553626,56.201171930538735,fri-only,37.190582247
R2-C0-q32-declared,R2-C0,r2-full-objective-v1,conditional-Johnson,quantum_grinding_only,dominant,"[""Johnson mutual correlated agreement at the same radius for all terms"", ""Theorem parameter must match actual PCS batching objects"", ""No complete Fiat-Shamir/QROM, MMCS structural or hiding composition proof"", ""Probability-sum and full-epsilon columns are arithmetic sensitivities, not replacement theorems""]",23,0.2554347826086957,0.7445652173913043,94.0,0.0625,512,8192,True,1578.521739130435,True,2505059063125.3335,573350.9565217391,94.0,2505059636570.29,78.81201791207883,98.44523504883593,103.23352285377636,101.44329937184251,71.00713934014001,86.81201791207883,120.0,128.0,71.10465911025209,71.00713934014001,70.05506236692649,full-minimum,37.190582247
R2-C0-q32-declared,R2-C0,r2-full-objective-v1,conditional-Johnson,quantum_grinding_only,dominant,"[""Johnson mutual correlated agreement at the same radius for all terms"", ""Theorem parameter must match actual PCS batching objects"", ""No complete Fiat-Shamir/QROM, MMCS structural or hiding composition proof"", ""Probability-sum and full-epsilon columns are arithmetic sensitivities, not replacement theorems""]",17,0.25735294117647056,0.7426470588235294,70.0,0.0625,512,8192,True,1594.2352941176468,True,573678933333.3334,425863.5294117647,70.0,573679359266.8628,80.93854634485369,98.8705408835686,103.65882868850903,101.86860520657518,70.66175437777194,88.93854634485369,120.0,128.0,73.23118828391544,70.66175437777194,70.43712943789753,full-error-sum,37.190582247
R2-C0-q32-declared,R2-C0,r2-full-objective-v1,conditional-Johnson,quantum_grinding_only,full,"[""Johnson mutual correlated agreement at the same radius for all terms"", ""Theorem parameter must match actual PCS batching objects"", ""No complete Fiat-Shamir/QROM, MMCS structural or hiding composition proof"", ""Probability-sum and full-epsilon columns are arithmetic sensitivities, not replacement theorems""]",185,0.25067567567567567,0.7493243243243244,742.0,0.0625,512,8192,True,1539.535135135135,True,7.677118219169518e+16,4554740.92972973,742.0,7.677118219625066e+16,63.908585617531536,95.46454852389276,100.2528363288332,98.46261284689935,71.87539468465629,71.90858561753154,120.0,128.0,56.201226485450654,56.201226485450654,56.20117193045313,fri-only,37.190582247
R2-C0-q32-declared,R2-C0,r2-full-objective-v1,conditional-Johnson,quantum_grinding_only,full,"[""Johnson mutual correlated agreement at the same radius for all terms"", ""Theorem parameter must match actual PCS batching objects"", ""No complete Fiat-Shamir/QROM, MMCS structural or hiding composition proof"", ""Probability-sum and full-epsilon columns are arithmetic sensitivities, not replacement theorems""]",23,0.2554347826086957,0.7445652173913043,94.0,0.0625,512,8192,True,1578.521739130435,True,2505059063125.3335,573350.9565217391,94.0,2505059636570.29,78.81201791207883,98.44523504883593,103.23352285377636,101.44329937184251,71.00713934014001,86.81201791207883,120.0,128.0,71.10465877999795,71.00713934014001,70.05506220737966,full-minimum,37.190582247
R2-C0-q32-declared,R2-C0,r2-full-objective-v1,conditional-Johnson,quantum_grinding_only,full,"[""Johnson mutual correlated agreement at the same radius for all terms"", ""Theorem parameter must match actual PCS batching objects"", ""No complete Fiat-Shamir/QROM, MMCS structural or hiding composition proof"", ""Probability-sum and full-epsilon columns are arithmetic sensitivities, not replacement theorems""]",17,0.25735294117647056,0.7426470588235294,70.0,0.0625,512,8192,True,1594.2352941176468,True,573678933333.3334,425863.5294117647,70.0,573679359266.8628,80.93854634485369,98.8705408835686,103.65882868850903,101.86860520657518,70.66175437777194,88.93854634485369,120.0,128.0,73.23118721277281,70.66175437777194,70.43712928346032,full-error-sum,37.190582247
R2-C0-q32-base_columns,R2-C0,r2-full-objective-v1,conditional-Johnson,classical,dominant,"[""Johnson mutual correlated agreement at the same radius for all terms"", ""Theorem parameter must match actual PCS batching objects"", ""No complete Fiat-Shamir/QROM, MMCS structural or hiding composition proof"", ""Probability-sum and full-epsilon columns are arithmetic sensitivities, not replacement theorems""]",185,0.25067567567567567,0.7493243243243244,742.0,0.0625,512,8192,True,1539.535135135135,True,7.677118219169518e+16,4554740.92972973,742.0,7.677118219625066e+16,63.908585617531536,95.46454852389276,100.2528363288332,98.46261284689935,79.87539468465629,79.90858561753154,120.0,128.0,55.5466418438819,55.5466418438819,55.5466417085021,fri-only,45.190582247
R2-C0-q32-base_columns,R2-C0,r2-full-objective-v1,conditional-Johnson,classical,dominant,"[""Johnson mutual correlated agreement at the same radius for all terms"", ""Theorem parameter must match actual PCS batching objects"", ""No complete Fiat-Shamir/QROM, MMCS structural or hiding composition proof"", ""Probability-sum and full-epsilon columns are arithmetic sensitivities, not replacement theorems""]",8,0.265625,0.734375,34.0,0.0625,512,8192,True,1662.0,True,15508624725.333334,204544.0,34.0,15508829303.333334,86.14762926365759,99.91236105926322,104.70064886420366,102.9104253822698,77.20118907998915,102.14762926365759,120.0,128.0,77.78570452073421,77.20118907998915,76.46404459809976,full-minimum,45.190582247
R2-C0-q32-base_columns,R2-C0,r2-full-objective-v1,conditional-Johnson,classical,dominant,"[""Johnson mutual correlated agreement at the same radius for all terms"", ""Theorem parameter must match actual PCS batching objects"", ""No complete Fiat-Shamir/QROM, MMCS structural or hiding composition proof"", ""Probability-sum and full-epsilon columns are arithmetic sensitivities, not replacement theorems""]",7,0.26785714285714285,0.7321428571428572,30.0,0.0625,512,8192,True,1680.2857142857142,True,8294400000.0,179931.42857142858,30.0,8294579961.428572,87.05047822124097,100.09293330490505,104.88122110984548,103.09099762791163,76.81485844637075,103.05047822124097,120.0,128.0,78.68856574894332,76.81485844637075,76.46677183061279,full-error-sum,45.190582247
R2-C0-q32-base_columns,R2-C0,r2-full-objective-v1,conditional-Johnson,classical,full,"[""Johnson mutual correlated agreement at the same radius for all terms"", ""Theorem parameter must match actual PCS batching objects"", ""No complete Fiat-Shamir/QROM, MMCS structural or hiding composition proof"", ""Probability-sum and full-epsilon columns are arithmetic sensitivities, not replacement theorems""]",185,0.25067567567567567,0.7493243243243244,742.0,0.0625,512,8192,True,1539.535135135135,True,7.677118219169518e+16,4554740.92972973,742.0,7.677118219625066e+16,63.908585617531536,95.46454852389276,100.2528363288332,98.46261284689935,79.87539468465629,79.90858561753154,120.0,128.0,55.546641843796294,55.546641843796294,55.546641708416495,fri-only,45.190582247
R2-C0-q32-base_columns,R2-C0,r2-full-objective-v1,conditional-Johnson,classical,full,"[""Johnson mutual correlated agreement at the same radius for all terms"", ""Theorem parameter must match actual PCS batching objects"", ""No complete Fiat-Shamir/QROM, MMCS structural or hiding composition proof"", ""Probability-sum and full-epsilon columns are arithmetic sensitivities, not replacement theorems""]",8,0.265625,0.734375,34.0,0.0625,512,8192,True,1662.0,True,15508624725.333334,204544.0,34.0,15508829303.333334,86.14762926365759,99.91236105926322,104.70064886420366,102.9104253822698,77.20118907998915,102.14762926365759,120.0,128.0,77.78568548992234,77.20118907998915,76.46403698432975,full-minimum,45.190582247
R2-C0-q32-base_columns,R2-C0,r2-full-objective-v1,conditional-Johnson,classical,full,"[""Johnson mutual correlated agreement at the same radius for all terms"", ""Theorem parameter must match actual PCS batching objects"", ""No complete Fiat-Shamir/QROM, MMCS structural or hiding composition proof"", ""Probability-sum and full-epsilon columns are arithmetic sensitivities, not replacement theorems""]",7,0.26785714285714285,0.7321428571428572,30.0,0.0625,512,8192,True,1680.2857142857142,True,8294400000.0,179931.42857142858,30.0,8294579961.428572,87.05047822124097,100.09293330490505,104.88122110984548,103.09099762791163,76.81485844637075,103.05047822124097,120.0,128.0,78.68853444750573,76.81485844637075,76.46676512032151,full-error-sum,45.190582247
R2-C0-q32-base_columns,R2-C0,r2-full-objective-v1,conditional-Johnson,quantum_grinding_only,dominant,"[""Johnson mutual correlated agreement at the same radius for all terms"", ""Theorem parameter must match actual PCS batching objects"", ""No complete Fiat-Shamir/QROM, MMCS structural or hiding composition proof"", ""Probability-sum and full-epsilon columns are arithmetic sensitivities, not replacement theorems""]",185,0.25067567567567567,0.7493243243243244,742.0,0.0625,512,8192,True,1539.535135135135,True,7.677118219169518e+16,4554740.92972973,742.0,7.677118219625066e+16,63.908585617531536,95.46454852389276,100.2528363288332,98.46261284689935,71.87539468465629,71.90858561753154,120.0,128.0,55.5466418438819,55.5466418438819,55.546607187124714,fri-only,37.190582247
R2-C0-q32-base_columns,R2-C0,r2-full-objective-v1,conditional-Johnson,quantum_grinding_only,dominant,"[""Johnson mutual correlated agreement at the same radius for all terms"", ""Theorem parameter must match actual PCS batching objects"", ""No complete Fiat-Shamir/QROM, MMCS structural or hiding composition proof"", ""Probability-sum and full-epsilon columns are arithmetic sensitivities, not replacement theorems""]",21,0.25595238095238093,0.7440476190476191,86.0,0.0625,512,8192,True,1582.7619047619046,True,1605724220074.6667,524190.4761904762,86.0,1605724744351.1428,79.45363825616406,98.57355914581146,103.3618469507519,101.57162346881805,70.91368537845321,87.45363825616406,120.0,128.0,71.09169495347541,70.91368537845321,69.99993836355853,full-minimum,37.190582247
R2-C0-q32-base_columns,R2-C0,r2-full-objective-v1,conditional-Johnson,quantum_grinding_only,dominant,"[""Johnson mutual correlated agreement at the same radius for all terms"", ""Theorem parameter must match actual PCS batching objects"", ""No complete Fiat-Shamir/QROM, MMCS structural or hiding composition proof"", ""Probability-sum and full-epsilon columns are arithmetic sensitivities, not replacement theorems""]",16,0.2578125,0.7421875,66.0,0.0625,512,8192,True,1598.0,True,427462852608.0,401280.0,66.0,427463253954.0,81.36299054937935,98.9554297811551,103.74371758609554,101.95349410416169,70.57938818052949,89.36299054937935,120.0,128.0,73.00104813019365,70.57938818052949,70.3325016035138,full-error-sum,37.190582247
R2-C0-q32-base_columns,R2-C0,r2-full-objective-v1,conditional-Johnson,quantum_grinding_only,full,"[""Johnson mutual correlated agreement at the same radius for all terms"", ""Theorem parameter must match actual PCS batching objects"", ""No complete Fiat-Shamir/QROM, MMCS structural or hiding composition proof"", ""Probability-sum and full-epsilon columns are arithmetic sensitivities, not replacement theorems""]",185,0.25067567567567567,0.7493243243243244,742.0,0.0625,512,8192,True,1539.535135135135,True,7.677118219169518e+16,4554740.92972973,742.0,7.677118219625066e+16,63.908585617531536,95.46454852389276,100.2528363288332,98.46261284689935,71.87539468465629,71.90858561753154,120.0,128.0,55.546641843796294,55.546641843796294,55.54660718703911,fri-only,37.190582247
R2-C0-q32-base_columns,R2-C0,r2-full-objective-v1,conditional-Johnson,quantum_grinding_only,full,"[""Johnson mutual correlated agreement at the same radius for all terms"", ""Theorem parameter must match actual PCS batching objects"", ""No complete Fiat-Shamir/QROM, MMCS structural or hiding composition proof"", ""Probability-sum and full-epsilon columns are arithmetic sensitivities, not replacement theorems""]",21,0.25595238095238093,0.7440476190476191,86.0,0.0625,512,8192,True,1582.7619047619046,True,1605724220074.6667,524190.4761904762,86.0,1605724744351.1428,79.45363825616406,98.57355914581146,103.3618469507519,101.57162346881805,70.91368537845321,87.45363825616406,120.0,128.0,71.0916944824288,70.91368537845321,69.99993814254827,full-minimum,37.190582247
R2-C0-q32-base_columns,R2-C0,r2-full-objective-v1,conditional-Johnson,quantum_grinding_only,full,"[""Johnson mutual correlated agreement at the same radius for all terms"", ""Theorem parameter must match actual PCS batching objects"", ""No complete Fiat-Shamir/QROM, MMCS structural or hiding composition proof"", ""Probability-sum and full-epsilon columns are arithmetic sensitivities, not replacement theorems""]",16,0.2578125,0.7421875,66.0,0.0625,512,8192,True,1598.0,True,427462852608.0,401280.0,66.0,427463253954.0,81.36299054937935,98.9554297811551,103.74371758609554,101.95349410416169,70.57938818052949,89.36299054937935,120.0,128.0,73.00104677564411,70.57938818052949,70.33250139046334,full-error-sum,37.190582247
R2-C0-q32-reduction_terms,R2-C0,r2-full-objective-v1,conditional-Johnson,classical,dominant,"[""Johnson mutual correlated agreement at the same radius for all terms"", ""Theorem parameter must match actual PCS batching objects"", ""No complete Fiat-Shamir/QROM, MMCS structural or hiding composition proof"", ""Probability-sum and full-epsilon columns are arithmetic sensitivities, not replacement theorems""]",185,0.25067567567567567,0.7493243243243244,742.0,0.0625,512,8192,True,1539.535135135135,True,7.677118219169518e+16,4554740.92972973,742.0,7.677118219625066e+16,63.908585617531536,95.46454852389276,100.2528363288332,98.46261284689935,79.87539468465629,79.90858561753154,120.0,128.0,54.8779184813702,54.8779184813702,54.87791839620776,fri-only,45.190582247
R2-C0-q32-reduction_terms,R2-C0,r2-full-objective-v1,conditional-Johnson,classical,dominant,"[""Johnson mutual correlated agreement at the same radius for all terms"", ""Theorem parameter must match actual PCS batching objects"", ""No complete Fiat-Shamir/QROM, MMCS structural or hiding composition proof"", ""Probability-sum and full-epsilon columns are arithmetic sensitivities, not replacement theorems""]",8,0.265625,0.734375,34.0,0.0625,512,8192,True,1662.0,True,15508624725.333334,204544.0,34.0,15508829303.333334,86.14762926365759,99.91236105926322,104.70064886420366,102.9104253822698,77.20118907998915,102.14762926365759,120.0,128.0,77.11698115822252,77.11698115822252,76.15847078209681,full-minimum,45.190582247
R2-C0-q32-reduction_terms,R2-C0,r2-full-objective-v1,conditional-Johnson,classical,dominant,"[""Johnson mutual correlated agreement at the same radius for all terms"", ""Theorem parameter must match actual PCS batching objects"", ""No complete Fiat-Shamir/QROM, MMCS structural or hiding composition proof"", ""Probability-sum and full-epsilon columns are arithmetic sensitivities, not replacement theorems""]",7,0.26785714285714285,0.7321428571428572,30.0,0.0625,512,8192,True,1680.2857142857142,True,8294400000.0,179931.42857142858,30.0,8294579961.428572,87.05047822124097,100.09293330490505,104.88122110984548,103.09099762791163,76.81485844637075,103.05047822124097,120.0,128.0,78.01984238643162,76.81485844637075,76.29504060854885,full-error-sum,45.190582247
R2-C0-q32-reduction_terms,R2-C0,r2-full-objective-v1,conditional-Johnson,classical,full,"[""Johnson mutual correlated agreement at the same radius for all terms"", ""Theorem parameter must match actual PCS batching objects"", ""No complete Fiat-Shamir/QROM, MMCS structural or hiding composition proof"", ""Probability-sum and full-epsilon columns are arithmetic sensitivities, not replacement theorems""]",185,0.25067567567567567,0.7493243243243244,742.0,0.0625,512,8192,True,1539.535135135135,True,7.677118219169518e+16,4554740.92972973,742.0,7.677118219625066e+16,63.908585617531536,95.46454852389276,100.2528363288332,98.46261284689935,79.87539468465629,79.90858561753154,120.0,128.0,54.877918481284595,54.877918481284595,54.877918396122155,fri-only,45.190582247
R2-C0-q32-reduction_terms,R2-C0,r2-full-objective-v1,conditional-Johnson,classical,full,"[""Johnson mutual correlated agreement at the same radius for all terms"", ""Theorem parameter must match actual PCS batching objects"", ""No complete Fiat-Shamir/QROM, MMCS structural or hiding composition proof"", ""Probability-sum and full-epsilon columns are arithmetic sensitivities, not replacement theorems""]",8,0.265625,0.734375,34.0,0.0625,512,8192,True,1662.0,True,15508624725.333334,204544.0,34.0,15508829303.333334,86.14762926365759,99.91236105926322,104.70064886420366,102.9104253822698,77.20118907998915,102.14762926365759,120.0,128.0,77.11696212741064,77.11696212741064,76.15846098903869,full-minimum,45.190582247
R2-C0-q32-reduction_terms,R2-C0,r2-full-objective-v1,conditional-Johnson,classical,full,"[""Johnson mutual correlated agreement at the same radius for all terms"", ""Theorem parameter must match actual PCS batching objects"", ""No complete Fiat-Shamir/QROM, MMCS structural or hiding composition proof"", ""Probability-sum and full-epsilon columns are arithmetic sensitivities, not replacement theorems""]",7,0.26785714285714285,0.7321428571428572,30.0,0.0625,512,8192,True,1680.2857142857142,True,8294400000.0,179931.42857142858,30.0,8294579961.428572,87.05047822124097,100.09293330490505,104.88122110984548,103.09099762791163,76.81485844637075,103.05047822124097,120.0,128.0,78.01981108499402,76.81485844637075,76.29503113853752,full-error-sum,45.190582247
R2-C0-q32-reduction_terms,R2-C0,r2-full-objective-v1,conditional-Johnson,quantum_grinding_only,dominant,"[""Johnson mutual correlated agreement at the same radius for all terms"", ""Theorem parameter must match actual PCS batching objects"", ""No complete Fiat-Shamir/QROM, MMCS structural or hiding composition proof"", ""Probability-sum and full-epsilon columns are arithmetic sensitivities, not replacement theorems""]",185,0.25067567567567567,0.7493243243243244,742.0,0.0625,512,8192,True,1539.535135135135,True,7.677118219169518e+16,4554740.92972973,742.0,7.677118219625066e+16,63.908585617531536,95.46454852389276,100.2528363288332,98.46261284689935,71.87539468465629,71.90858561753154,120.0,128.0,54.8779184813702,54.8779184813702,54.877896679986044,fri-only,37.190582247
R2-C0-q32-reduction_terms,R2-C0,r2-full-objective-v1,conditional-Johnson,quantum_grinding_only,dominant,"[""Johnson mutual correlated agreement at the same radius for all terms"", ""Theorem parameter must match actual PCS batching objects"", ""No complete Fiat-Shamir/QROM, MMCS structural or hiding composition proof"", ""Probability-sum and full-epsilon columns are arithmetic sensitivities, not replacement theorems""]",19,0.2565789473684211,0.743421052631579,78.0,0.0625,512,8192,True,1587.8947368421054,True,985488850944.0,475028.2105263158,78.0,985489326050.2106,80.15795071088382,98.71442168165132,103.50270948659175,101.7124860046579,70.80080942660278,88.15795071088382,120.0,128.0,71.12728427016297,70.80080942660278,69.95482674719982,full-minimum,37.190582247
R2-C0-q32-reduction_terms,R2-C0,r2-full-objective-v1,conditional-Johnson,quantum_grinding_only,dominant,"[""Johnson mutual correlated agreement at the same radius for all terms"", ""Theorem parameter must match actual PCS batching objects"", ""No complete Fiat-Shamir/QROM, MMCS structural or hiding composition proof"", ""Probability-sum and full-epsilon columns are arithmetic sensitivities, not replacement theorems""]",15,0.25833333333333336,0.7416666666666667,62.0,0.0625,512,8192,True,1602.2666666666669,True,312706673322.6667,376695.4666666667,62.0,312707050080.13336,81.81397921058978,99.04562759012668,103.83391539506712,102.04369191313327,70.48621712709257,89.81397921058978,120.0,128.0,72.78331381253983,70.48621712709257,70.219012536957,full-error-sum,37.190582247
R2-C0-q32-reduction_terms,R2-C0,r2-full-objective-v1,conditional-Johnson,quantum_grinding_only,full,"[""Johnson mutual correlated agreement at the same radius for all terms"", ""Theorem parameter must match actual PCS batching objects"", ""No complete Fiat-Shamir/QROM, MMCS structural or hiding composition proof"", ""Probability-sum and full-epsilon columns are arithmetic sensitivities, not replacement theorems""]",185,0.25067567567567567,0.7493243243243244,742.0,0.0625,512,8192,True,1539.535135135135,True,7.677118219169518e+16,4554740.92972973,742.0,7.677118219625066e+16,63.908585617531536,95.46454852389276,100.2528363288332,98.46261284689935,71.87539468465629,71.90858561753154,120.0,128.0,54.877918481284595,54.877918481284595,54.87789667990044,fri-only,37.190582247
R2-C0-q32-reduction_terms,R2-C0,r2-full-objective-v1,conditional-Johnson,quantum_grinding_only,full,"[""Johnson mutual correlated agreement at the same radius for all terms"", ""Theorem parameter must match actual PCS batching objects"", ""No complete Fiat-Shamir/QROM, MMCS structural or hiding composition proof"", ""Probability-sum and full-epsilon columns are arithmetic sensitivities, not replacement theorems""]",19,0.2565789473684211,0.743421052631579,78.0,0.0625,512,8192,True,1587.8947368421054,True,985488850944.0,475028.2105263158,78.0,985489326050.2106,80.15795071088382,98.71442168165132,103.50270948659175,101.7124860046579,70.80080942660278,88.15795071088382,120.0,128.0,71.12728357463688,70.80080942660278,69.95482643861924,full-minimum,37.190582247
R2-C0-q32-reduction_terms,R2-C0,r2-full-objective-v1,conditional-Johnson,quantum_grinding_only,full,"[""Johnson mutual correlated agreement at the same radius for all terms"", ""Theorem parameter must match actual PCS batching objects"", ""No complete Fiat-Shamir/QROM, MMCS structural or hiding composition proof"", ""Probability-sum and full-epsilon columns are arithmetic sensitivities, not replacement theorems""]",15,0.25833333333333336,0.7416666666666667,62.0,0.0625,512,8192,True,1602.2666666666669,True,312706673322.6667,376695.4666666667,62.0,312707050080.13336,81.81397921058978,99.04562759012668,103.83391539506712,102.04369191313327,70.48621712709257,89.81397921058978,120.0,128.0,72.78331207434283,70.48621712709257,70.21901224307864,full-error-sum,37.190582247
R2-C0-q48-declared,R2-C0,r2-full-objective-v1,conditional-Johnson,classical,dominant,"[""Johnson mutual correlated agreement at the same radius for all terms"", ""Theorem parameter must match actual PCS batching objects"", ""No complete Fiat-Shamir/QROM, MMCS structural or hiding composition proof"", ""Probability-sum and full-epsilon columns are arithmetic sensitivities, not replacement theorems""]",5,0.275,0.725,22.0,0.0625,512,8192,True,1738.8000000000002,True,1759106389.3333333,130662.4,22.0,1759237073.7333333,89.28769723338418,100.54039228187627,105.3286800868167,103.53845660488285,105.3998308600031,105.28769723338418,120.0,128.0,81.58044527545378,81.58044527545378,81.58044461614342,fri-only,59.78587337
R2-C0-q48-declared,R2-C0,r2-full-objective-v1,conditional-Johnson,classical,dominant,"[""Johnson mutual correlated agreement at the same radius for all terms"", ""Theorem parameter must match actual PCS batching objects"", ""No complete Fiat-Shamir/QROM, MMCS structural or hiding composition proof"", ""Probability-sum and full-epsilon columns are arithmetic sensitivities, not replacement theorems""]",3,0.2916666666666667,0.7083333333333333,14.0,0.0625,512,8192,True,1875.3333333333335,True,183577258.66666666,81237.33333333333,14.0,183658510.0,92.54754949457097,101.19246897845596,105.98075678339639,104.19053330146255,101.32516377585048,108.54754949457097,120.0,128.0,84.84082875835226,84.84082875835226,84.84081013328549,full-minimum,59.78587337
R2-C0-q48-declared,R2-C0,r2-full-objective-v1,conditional-Johnson,classical,dominant,"[""Johnson mutual correlated agreement at the same radius for all terms"", ""Theorem parameter must match actual PCS batching objects"", ""No complete Fiat-Shamir/QROM, MMCS structural or hiding composition proof"", ""Probability-sum and full-epsilon columns are arithmetic sensitivities, not replacement theorems""]",3,0.2916666666666667,0.7083333333333333,14.0,0.0625,512,8192,True,1875.3333333333335,True,183577258.66666666,81237.33333333333,14.0,183658510.0,92.54754949457097,101.19246897845596,105.98075678339639,104.19053330146255,101.32516377585048,108.54754949457097,120.0,128.0,84.84082875835226,84.84082875835226,84.84081013328549,full-error-sum,59.78587337
R2-C0-q48-declared,R2-C0,r2-full-objective-v1,conditional-Johnson,classical,full,"[""Johnson mutual correlated agreement at the same radius for all terms"", ""Theorem parameter must match actual PCS batching objects"", ""No complete Fiat-Shamir/QROM, MMCS structural or hiding composition proof"", ""Probability-sum and full-epsilon columns are arithmetic sensitivities, not replacement theorems""]",5,0.275,0.725,22.0,0.0625,512,8192,True,1738.8000000000002,True,1759106389.3333333,130662.4,22.0,1759237073.7333333,89.28769723338418,100.54039228187627,105.3286800868167,103.53845660488285,105.3998308600031,105.28769723338418,120.0,128.0,81.5803381013033,81.5803381013033,81.58033744204191,fri-only,59.78587337
R2-C0-q48-declared,R2-C0,r2-full-objective-v1,conditional-Johnson,classical,full,"[""Johnson mutual correlated agreement at the same radius for all terms"", ""Theorem parameter must match actual PCS batching objects"", ""No complete Fiat-Shamir/QROM, MMCS structural or hiding composition proof"", ""Probability-sum and full-epsilon columns are arithmetic sensitivities, not replacement theorems""]",3,0.2916666666666667,0.7083333333333333,14.0,0.0625,512,8192,True,1875.3333333333335,True,183577258.66666666,81237.33333333333,14.0,183658510.0,92.54754949457097,101.19246897845596,105.98075678339639,104.19053330146255,101.32516377585048,108.54754949457097,120.0,128.0,84.84019036249009,84.84019036249009,84.84017174566307,full-minimum,59.78587337
R2-C0-q48-declared,R2-C0,r2-full-objective-v1,conditional-Johnson,classical,full,"[""Johnson mutual correlated agreement at the same radius for all terms"", ""Theorem parameter must match actual PCS batching objects"", ""No complete Fiat-Shamir/QROM, MMCS structural or hiding composition proof"", ""Probability-sum and full-epsilon columns are arithmetic sensitivities, not replacement theorems""]",3,0.2916666666666667,0.7083333333333333,14.0,0.0625,512,8192,True,1875.3333333333335,True,183577258.66666666,81237.33333333333,14.0,183658510.0,92.54754949457097,101.19246897845596,105.98075678339639,104.19053330146255,101.32516377585048,108.54754949457097,120.0,128.0,84.84019036249009,84.84019036249009,84.84017174566307,full-error-sum,59.78587337
R2-C0-q48-declared,R2-C0,r2-full-objective-v1,conditional-Johnson,quantum_grinding_only,dominant,"[""Johnson mutual correlated agreement at the same radius for all terms"", ""Theorem parameter must match actual PCS batching objects"", ""No complete Fiat-Shamir/QROM, MMCS structural or hiding composition proof"", ""Probability-sum and full-epsilon columns are arithmetic sensitivities, not replacement theorems""]",5,0.275,0.725,22.0,0.0625,512,8192,True,1738.8000000000002,True,1759106389.3333333,130662.4,22.0,1759237073.7333333,89.28769723338418,100.54039228187627,105.3286800868167,103.53845660488285,97.3998308600031,97.28769723338418,120.0,128.0,81.58044527545378,81.58044527545378,81.5803929039617,fri-only,51.78587337
R2-C0-q48-declared,R2-C0,r2-full-objective-v1,conditional-Johnson,quantum_grinding_only,dominant,"[""Johnson mutual correlated agreement at the same radius for all terms"", ""Theorem parameter must match actual PCS batching objects"", ""No complete Fiat-Shamir/QROM, MMCS structural or hiding composition proof"", ""Probability-sum and full-epsilon columns are arithmetic sensitivities, not replacement theorems""]",3,0.2916666666666667,0.7083333333333333,14.0,0.0625,512,8192,True,1875.3333333333335,True,183577258.66666666,81237.33333333333,14.0,183658510.0,92.54754949457097,101.19246897845596,105.98075678339639,104.19053330146255,93.32516377585048,100.54754949457097,120.0,128.0,84.84082875835226,84.84082875835226,84.83677627109813,full-minimum,51.78587337
R2-C0-q48-declared,R2-C0,r2-full-objective-v1,conditional-Johnson,quantum_grinding_only,dominant,"[""Johnson mutual correlated agreement at the same radius for all terms"", ""Theorem parameter must match actual PCS batching objects"", ""No complete Fiat-Shamir/QROM, MMCS structural or hiding composition proof"", ""Probability-sum and full-epsilon columns are arithmetic sensitivities, not replacement theorems""]",3,0.2916666666666667,0.7083333333333333,14.0,0.0625,512,8192,True,1875.3333333333335,True,183577258.66666666,81237.33333333333,14.0,183658510.0,92.54754949457097,101.19246897845596,105.98075678339639,104.19053330146255,93.32516377585048,100.54754949457097,120.0,128.0,84.84082875835226,84.84082875835226,84.83677627109813,full-error-sum,51.78587337
R2-C0-q48-declared,R2-C0,r2-full-objective-v1,conditional-Johnson,quantum_grinding_only,full,"[""Johnson mutual correlated agreement at the same radius for all terms"", ""Theorem parameter must match actual PCS batching objects"", ""No complete Fiat-Shamir/QROM, MMCS structural or hiding composition proof"", ""Probability-sum and full-epsilon columns are arithmetic sensitivities, not replacement theorems""]",5,0.275,0.725,22.0,0.0625,512,8192,True,1738.8000000000002,True,1759106389.3333333,130662.4,22.0,1759237073.7333333,89.28769723338418,100.54039228187627,105.3286800868167,103.53845660488285,97.3998308600031,97.28769723338418,120.0,128.0,81.5803381013033,81.5803381013033,81.58028573370153,fri-only,51.78587337
R2-C0-q48-declared,R2-C0,r2-full-objective-v1,conditional-Johnson,quantum_grinding_only,full,"[""Johnson mutual correlated agreement at the same radius for all terms"", ""Theorem parameter must match actual PCS batching objects"", ""No complete Fiat-Shamir/QROM, MMCS structural or hiding composition proof"", ""Probability-sum and full-epsilon columns are arithmetic sensitivities, not replacement theorems""]",3,0.2916666666666667,0.7083333333333333,14.0,0.0625,512,8192,True,1875.3333333333335,True,183577258.66666666,81237.33333333333,14.0,183658510.0,92.54754949457097,101.19246897845596,105.98075678339639,104.19053330146255,93.32516377585048,100.54754949457097,120.0,128.0,84.84019036249009,84.84019036249009,84.83613966555963,full-minimum,51.78587337
R2-C0-q48-declared,R2-C0,r2-full-objective-v1,conditional-Johnson,quantum_grinding_only,full,"[""Johnson mutual correlated agreement at the same radius for all terms"", ""Theorem parameter must match actual PCS batching objects"", ""No complete Fiat-Shamir/QROM, MMCS structural or hiding composition proof"", ""Probability-sum and full-epsilon columns are arithmetic sensitivities, not replacement theorems""]",3,0.2916666666666667,0.7083333333333333,14.0,0.0625,512,8192,True,1875.3333333333335,True,183577258.66666666,81237.33333333333,14.0,183658510.0,92.54754949457097,101.19246897845596,105.98075678339639,104.19053330146255,93.32516377585048,100.54754949457097,120.0,128.0,84.84019036249009,84.84019036249009,84.83613966555963,full-error-sum,51.78587337
R2-C0-q48-base_columns,R2-C0,r2-full-objective-v1,conditional-Johnson,classical,dominant,"[""Johnson mutual correlated agreement at the same radius for all terms"", ""Theorem parameter must match actual PCS batching objects"", ""No complete Fiat-Shamir/QROM, MMCS structural or hiding composition proof"", ""Probability-sum and full-epsilon columns are arithmetic sensitivities, not replacement theorems""]",5,0.275,0.725,22.0,0.0625,512,8192,True,1738.8000000000002,True,1759106389.3333333,130662.4,22.0,1759237073.7333333,89.28769723338418,100.54039228187627,105.3286800868167,103.53845660488285,105.3998308600031,105.28769723338418,120.0,128.0,80.92586063379943,80.92586063379943,80.92586021496697,fri-only,59.78587337
R2-C0-q48-base_columns,R2-C0,r2-full-objective-v1,conditional-Johnson,classical,dominant,"[""Johnson mutual correlated agreement at the same radius for all terms"", ""Theorem parameter must match actual PCS batching objects"", ""No complete Fiat-Shamir/QROM, MMCS structural or hiding composition proof"", ""Probability-sum and full-epsilon columns are arithmetic sensitivities, not replacement theorems""]",3,0.2916666666666667,0.7083333333333333,14.0,0.0625,512,8192,True,1875.3333333333335,True,183577258.66666666,81237.33333333333,14.0,183658510.0,92.54754949457097,101.19246897845596,105.98075678339639,104.19053330146255,101.32516377585048,108.54754949457097,120.0,128.0,84.1862441166979,84.1862441166979,84.1862322849407,full-minimum,59.78587337
R2-C0-q48-base_columns,R2-C0,r2-full-objective-v1,conditional-Johnson,classical,dominant,"[""Johnson mutual correlated agreement at the same radius for all terms"", ""Theorem parameter must match actual PCS batching objects"", ""No complete Fiat-Shamir/QROM, MMCS structural or hiding composition proof"", ""Probability-sum and full-epsilon columns are arithmetic sensitivities, not replacement theorems""]",3,0.2916666666666667,0.7083333333333333,14.0,0.0625,512,8192,True,1875.3333333333335,True,183577258.66666666,81237.33333333333,14.0,183658510.0,92.54754949457097,101.19246897845596,105.98075678339639,104.19053330146255,101.32516377585048,108.54754949457097,120.0,128.0,84.1862441166979,84.1862441166979,84.1862322849407,full-error-sum,59.78587337
R2-C0-q48-base_columns,R2-C0,r2-full-objective-v1,conditional-Johnson,classical,full,"[""Johnson mutual correlated agreement at the same radius for all terms"", ""Theorem parameter must match actual PCS batching objects"", ""No complete Fiat-Shamir/QROM, MMCS structural or hiding composition proof"", ""Probability-sum and full-epsilon columns are arithmetic sensitivities, not replacement theorems""]",5,0.275,0.725,22.0,0.0625,512,8192,True,1738.8000000000002,True,1759106389.3333333,130662.4,22.0,1759237073.7333333,89.28769723338418,100.54039228187627,105.3286800868167,103.53845660488285,105.3998308600031,105.28769723338418,120.0,128.0,80.92575345964894,80.92575345964894,80.92575304084761,fri-only,59.78587337
R2-C0-q48-base_columns,R2-C0,r2-full-objective-v1,conditional-Johnson,classical,full,"[""Johnson mutual correlated agreement at the same radius for all terms"", ""Theorem parameter must match actual PCS batching objects"", ""No complete Fiat-Shamir/QROM, MMCS structural or hiding composition proof"", ""Probability-sum and full-epsilon columns are arithmetic sensitivities, not replacement theorems""]",3,0.2916666666666667,0.7083333333333333,14.0,0.0625,512,8192,True,1875.3333333333335,True,183577258.66666666,81237.33333333333,14.0,183658510.0,92.54754949457097,101.19246897845596,105.98075678339639,104.19053330146255,101.32516377585048,108.54754949457097,120.0,128.0,84.18560572083572,84.18560572083572,84.18559389431292,full-minimum,59.78587337
R2-C0-q48-base_columns,R2-C0,r2-full-objective-v1,conditional-Johnson,classical,full,"[""Johnson mutual correlated agreement at the same radius for all terms"", ""Theorem parameter must match actual PCS batching objects"", ""No complete Fiat-Shamir/QROM, MMCS structural or hiding composition proof"", ""Probability-sum and full-epsilon columns are arithmetic sensitivities, not replacement theorems""]",3,0.2916666666666667,0.7083333333333333,14.0,0.0625,512,8192,True,1875.3333333333335,True,183577258.66666666,81237.33333333333,14.0,183658510.0,92.54754949457097,101.19246897845596,105.98075678339639,104.19053330146255,101.32516377585048,108.54754949457097,120.0,128.0,84.18560572083572,84.18560572083572,84.18559389431292,full-error-sum,59.78587337
R2-C0-q48-base_columns,R2-C0,r2-full-objective-v1,conditional-Johnson,quantum_grinding_only,dominant,"[""Johnson mutual correlated agreement at the same radius for all terms"", ""Theorem parameter must match actual PCS batching objects"", ""No complete Fiat-Shamir/QROM, MMCS structural or hiding composition proof"", ""Probability-sum and full-epsilon columns are arithmetic sensitivities, not replacement theorems""]",5,0.275,0.725,22.0,0.0625,512,8192,True,1738.8000000000002,True,1759106389.3333333,130662.4,22.0,1759237073.7333333,89.28769723338418,100.54039228187627,105.3286800868167,103.53845660488285,97.3998308600031,97.28769723338418,120.0,128.0,80.92586063379943,80.92586063379943,80.92582736415108,fri-only,51.78587337
R2-C0-q48-base_columns,R2-C0,r2-full-objective-v1,conditional-Johnson,quantum_grinding_only,dominant,"[""Johnson mutual correlated agreement at the same radius for all terms"", ""Theorem parameter must match actual PCS batching objects"", ""No complete Fiat-Shamir/QROM, MMCS structural or hiding composition proof"", ""Probability-sum and full-epsilon columns are arithmetic sensitivities, not replacement theorems""]",3,0.2916666666666667,0.7083333333333333,14.0,0.0625,512,8192,True,1875.3333333333335,True,183577258.66666666,81237.33333333333,14.0,183658510.0,92.54754949457097,101.19246897845596,105.98075678339639,104.19053330146255,93.32516377585048,100.54754949457097,120.0,128.0,84.1862441166979,84.1862441166979,84.18366842184416,full-minimum,51.78587337
R2-C0-q48-base_columns,R2-C0,r2-full-objective-v1,conditional-Johnson,quantum_grinding_only,dominant,"[""Johnson mutual correlated agreement at the same radius for all terms"", ""Theorem parameter must match actual PCS batching objects"", ""No complete Fiat-Shamir/QROM, MMCS structural or hiding composition proof"", ""Probability-sum and full-epsilon columns are arithmetic sensitivities, not replacement theorems""]",3,0.2916666666666667,0.7083333333333333,14.0,0.0625,512,8192,True,1875.3333333333335,True,183577258.66666666,81237.33333333333,14.0,183658510.0,92.54754949457097,101.19246897845596,105.98075678339639,104.19053330146255,93.32516377585048,100.54754949457097,120.0,128.0,84.1862441166979,84.1862441166979,84.18366842184416,full-error-sum,51.78587337
R2-C0-q48-base_columns,R2-C0,r2-full-objective-v1,conditional-Johnson,quantum_grinding_only,full,"[""Johnson mutual correlated agreement at the same radius for all terms"", ""Theorem parameter must match actual PCS batching objects"", ""No complete Fiat-Shamir/QROM, MMCS structural or hiding composition proof"", ""Probability-sum and full-epsilon columns are arithmetic sensitivities, not replacement theorems""]",5,0.275,0.725,22.0,0.0625,512,8192,True,1738.8000000000002,True,1759106389.3333333,130662.4,22.0,1759237073.7333333,89.28769723338418,100.54039228187627,105.3286800868167,103.53845660488285,97.3998308600031,97.28769723338418,120.0,128.0,80.92575345964894,80.92575345964894,80.92572019247199,fri-only,51.78587337
R2-C0-q48-base_columns,R2-C0,r2-full-objective-v1,conditional-Johnson,quantum_grinding_only,full,"[""Johnson mutual correlated agreement at the same radius for all terms"", ""Theorem parameter must match actual PCS batching objects"", ""No complete Fiat-Shamir/QROM, MMCS structural or hiding composition proof"", ""Probability-sum and full-epsilon columns are arithmetic sensitivities, not replacement theorems""]",3,0.2916666666666667,0.7083333333333333,14.0,0.0625,512,8192,True,1875.3333333333335,True,183577258.66666666,81237.33333333333,14.0,183658510.0,92.54754949457097,101.19246897845596,105.98075678339639,104.19053330146255,93.32516377585048,100.54754949457097,120.0,128.0,84.18560572083572,84.18560572083572,84.18303116446458,full-minimum,51.78587337
R2-C0-q48-base_columns,R2-C0,r2-full-objective-v1,conditional-Johnson,quantum_grinding_only,full,"[""Johnson mutual correlated agreement at the same radius for all terms"", ""Theorem parameter must match actual PCS batching objects"", ""No complete Fiat-Shamir/QROM, MMCS structural or hiding composition proof"", ""Probability-sum and full-epsilon columns are arithmetic sensitivities, not replacement theorems""]",3,0.2916666666666667,0.7083333333333333,14.0,0.0625,512,8192,True,1875.3333333333335,True,183577258.66666666,81237.33333333333,14.0,183658510.0,92.54754949457097,101.19246897845596,105.98075678339639,104.19053330146255,93.32516377585048,100.54754949457097,120.0,128.0,84.18560572083572,84.18560572083572,84.18303116446458,full-error-sum,51.78587337
R2-C0-q48-reduction_terms,R2-C0,r2-full-objective-v1,conditional-Johnson,classical,dominant,"[""Johnson mutual correlated agreement at the same radius for all terms"", ""Theorem parameter must match actual PCS batching objects"", ""No complete Fiat-Shamir/QROM, MMCS structural or hiding composition proof"", ""Probability-sum and full-epsilon columns are arithmetic sensitivities, not replacement theorems""]",5,0.275,0.725,22.0,0.0625,512,8192,True,1738.8000000000002,True,1759106389.3333333,130662.4,22.0,1759237073.7333333,89.28769723338418,100.54039228187627,105.3286800868167,103.53845660488285,105.3998308600031,105.28769723338418,120.0,128.0,80.25713727128772,80.25713727128772,80.25713700781566,fri-only,59.78587337
R2-C0-q48-reduction_terms,R2-C0,r2-full-objective-v1,conditional-Johnson,classical,dominant,"[""Johnson mutual correlated agreement at the same radius for all terms"", ""Theorem parameter must match actual PCS batching objects"", ""No complete Fiat-Shamir/QROM, MMCS structural or hiding composition proof"", ""Probability-sum and full-epsilon columns are arithmetic sensitivities, not replacement theorems""]",3,0.2916666666666667,0.7083333333333333,14.0,0.0625,512,8192,True,1875.3333333333335,True,183577258.66666666,81237.33333333333,14.0,183658510.0,92.54754949457097,101.19246897845596,105.98075678339639,104.19053330146255,101.32516377585048,108.54754949457097,120.0,128.0,83.5175207541862,83.5175207541862,83.51751331125304,full-minimum,59.78587337
R2-C0-q48-reduction_terms,R2-C0,r2-full-objective-v1,conditional-Johnson,classical,dominant,"[""Johnson mutual correlated agreement at the same radius for all terms"", ""Theorem parameter must match actual PCS batching objects"", ""No complete Fiat-Shamir/QROM, MMCS structural or hiding composition proof"", ""Probability-sum and full-epsilon columns are arithmetic sensitivities, not replacement theorems""]",3,0.2916666666666667,0.7083333333333333,14.0,0.0625,512,8192,True,1875.3333333333335,True,183577258.66666666,81237.33333333333,14.0,183658510.0,92.54754949457097,101.19246897845596,105.98075678339639,104.19053330146255,101.32516377585048,108.54754949457097,120.0,128.0,83.5175207541862,83.5175207541862,83.51751331125304,full-error-sum,59.78587337
R2-C0-q48-reduction_terms,R2-C0,r2-full-objective-v1,conditional-Johnson,classical,full,"[""Johnson mutual correlated agreement at the same radius for all terms"", ""Theorem parameter must match actual PCS batching objects"", ""No complete Fiat-Shamir/QROM, MMCS structural or hiding composition proof"", ""Probability-sum and full-epsilon columns are arithmetic sensitivities, not replacement theorems""]",5,0.275,0.725,22.0,0.0625,512,8192,True,1738.8000000000002,True,1759106389.3333333,130662.4,22.0,1759237073.7333333,89.28769723338418,100.54039228187627,105.3286800868167,103.53845660488285,105.3998308600031,105.28769723338418,120.0,128.0,80.25703009713723,80.25703009713723,80.25702983368475,fri-only,59.78587337
R2-C0-q48-reduction_terms,R2-C0,r2-full-objective-v1,conditional-Johnson,classical,full,"[""Johnson mutual correlated agreement at the same radius for all terms"", ""Theorem parameter must match actual PCS batching objects"", ""No complete Fiat-Shamir/QROM, MMCS structural or hiding composition proof"", ""Probability-sum and full-epsilon columns are arithmetic sensitivities, not replacement theorems""]",3,0.2916666666666667,0.7083333333333333,14.0,0.0625,512,8192,True,1875.3333333333335,True,183577258.66666666,81237.33333333333,14.0,183658510.0,92.54754949457097,101.19246897845596,105.98075678339639,104.19053330146255,101.32516377585048,108.54754949457097,120.0,128.0,83.51688235832403,83.51688235832403,83.51687491868364,full-minimum,59.78587337
R2-C0-q48-reduction_terms,R2-C0,r2-full-objective-v1,conditional-Johnson,classical,full,"[""Johnson mutual correlated agreement at the same radius for all terms"", ""Theorem parameter must match actual PCS batching objects"", ""No complete Fiat-Shamir/QROM, MMCS structural or hiding composition proof"", ""Probability-sum and full-epsilon columns are arithmetic sensitivities, not replacement theorems""]",3,0.2916666666666667,0.7083333333333333,14.0,0.0625,512,8192,True,1875.3333333333335,True,183577258.66666666,81237.33333333333,14.0,183658510.0,92.54754949457097,101.19246897845596,105.98075678339639,104.19053330146255,101.32516377585048,108.54754949457097,120.0,128.0,83.51688235832403,83.51688235832403,83.51687491868364,full-error-sum,59.78587337
R2-C0-q48-reduction_terms,R2-C0,r2-full-objective-v1,conditional-Johnson,quantum_grinding_only,dominant,"[""Johnson mutual correlated agreement at the same radius for all terms"", ""Theorem parameter must match actual PCS batching objects"", ""No complete Fiat-Shamir/QROM, MMCS structural or hiding composition proof"", ""Probability-sum and full-epsilon columns are arithmetic sensitivities, not replacement theorems""]",5,0.275,0.725,22.0,0.0625,512,8192,True,1738.8000000000002,True,1759106389.3333333,130662.4,22.0,1759237073.7333333,89.28769723338418,100.54039228187627,105.3286800868167,103.53845660488285,97.3998308600031,97.28769723338418,120.0,128.0,80.25713727128772,80.25713727128772,80.25711634249015,fri-only,51.78587337
R2-C0-q48-reduction_terms,R2-C0,r2-full-objective-v1,conditional-Johnson,quantum_grinding_only,dominant,"[""Johnson mutual correlated agreement at the same radius for all terms"", ""Theorem parameter must match actual PCS batching objects"", ""No complete Fiat-Shamir/QROM, MMCS structural or hiding composition proof"", ""Probability-sum and full-epsilon columns are arithmetic sensitivities, not replacement theorems""]",3,0.2916666666666667,0.7083333333333333,14.0,0.0625,512,8192,True,1875.3333333333335,True,183577258.66666666,81237.33333333333,14.0,183658510.0,92.54754949457097,101.19246897845596,105.98075678339639,104.19053330146255,93.32516377585048,100.54754949457097,120.0,128.0,83.5175207541862,83.5175207541862,83.51589994317483,full-minimum,51.78587337
R2-C0-q48-reduction_terms,R2-C0,r2-full-objective-v1,conditional-Johnson,quantum_grinding_only,dominant,"[""Johnson mutual correlated agreement at the same radius for all terms"", ""Theorem parameter must match actual PCS batching objects"", ""No complete Fiat-Shamir/QROM, MMCS structural or hiding composition proof"", ""Probability-sum and full-epsilon columns are arithmetic sensitivities, not replacement theorems""]",3,0.2916666666666667,0.7083333333333333,14.0,0.0625,512,8192,True,1875.3333333333335,True,183577258.66666666,81237.33333333333,14.0,183658510.0,92.54754949457097,101.19246897845596,105.98075678339639,104.19053330146255,93.32516377585048,100.54754949457097,120.0,128.0,83.5175207541862,83.5175207541862,83.51589994317483,full-error-sum,51.78587337
R2-C0-q48-reduction_terms,R2-C0,r2-full-objective-v1,conditional-Johnson,quantum_grinding_only,full,"[""Johnson mutual correlated agreement at the same radius for all terms"", ""Theorem parameter must match actual PCS batching objects"", ""No complete Fiat-Shamir/QROM, MMCS structural or hiding composition proof"", ""Probability-sum and full-epsilon columns are arithmetic sensitivities, not replacement theorems""]",5,0.275,0.725,22.0,0.0625,512,8192,True,1738.8000000000002,True,1759106389.3333333,130662.4,22.0,1759237073.7333333,89.28769723338418,100.54039228187627,105.3286800868167,103.53845660488285,97.3998308600031,97.28769723338418,120.0,128.0,80.25703009713723,80.25703009713723,80.25700916989435,fri-only,51.78587337
R2-C0-q48-reduction_terms,R2-C0,r2-full-objective-v1,conditional-Johnson,quantum_grinding_only,full,"[""Johnson mutual correlated agreement at the same radius for all terms"", ""Theorem parameter must match actual PCS batching objects"", ""No complete Fiat-Shamir/QROM, MMCS structural or hiding composition proof"", ""Probability-sum and full-epsilon columns are arithmetic sensitivities, not replacement theorems""]",3,0.2916666666666667,0.7083333333333333,14.0,0.0625,512,8192,True,1875.3333333333335,True,183577258.66666666,81237.33333333333,14.0,183658510.0,92.54754949457097,101.19246897845596,105.98075678339639,104.19053330146255,93.32516377585048,100.54754949457097,120.0,128.0,83.51688235832403,83.51688235832403,83.51526226396413,full-minimum,51.78587337
R2-C0-q48-reduction_terms,R2-C0,r2-full-objective-v1,conditional-Johnson,quantum_grinding_only,full,"[""Johnson mutual correlated agreement at the same radius for all terms"", ""Theorem parameter must match actual PCS batching objects"", ""No complete Fiat-Shamir/QROM, MMCS structural or hiding composition proof"", ""Probability-sum and full-epsilon columns are arithmetic sensitivities, not replacement theorems""]",3,0.2916666666666667,0.7083333333333333,14.0,0.0625,512,8192,True,1875.3333333333335,True,183577258.66666666,81237.33333333333,14.0,183658510.0,92.54754949457097,101.19246897845596,105.98075678339639,104.19053330146255,93.32516377585048,100.54754949457097,120.0,128.0,83.51688235832403,83.51688235832403,83.51526226396413,full-error-sum,51.78587337
R2-C0-q64-declared,R2-C0,r2-full-objective-v1,conditional-Johnson,classical,dominant,"[""Johnson mutual correlated agreement at the same radius for all terms"", ""Theorem parameter must match actual PCS batching objects"", ""No complete Fiat-Shamir/QROM, MMCS structural or hiding composition proof"", ""Probability-sum and full-epsilon columns are arithmetic sensitivities, not replacement theorems""]",3,0.2916666666666667,0.7083333333333333,14.0,0.0625,512,8192,True,1875.3333333333335,True,183577258.66666666,81237.33333333333,14.0,183658510.0,92.54754949457097,101.19246897845596,105.98075678339639,104.19053330146255,129.76688503446732,108.54754949457097,120.0,128.0,84.84082875835226,84.84082875835226,84.84082586920047,fri-only,74.381164494
R2-C0-q64-declared,R2-C0,r2-full-objective-v1,conditional-Johnson,classical,dominant,"[""Johnson mutual correlated agreement at the same radius for all terms"", ""Theorem parameter must match actual PCS batching objects"", ""No complete Fiat-Shamir/QROM, MMCS structural or hiding composition proof"", ""Probability-sum and full-epsilon columns are arithmetic sensitivities, not replacement theorems""]",3,0.2916666666666667,0.7083333333333333,14.0,0.0625,512,8192,True,1875.3333333333335,True,183577258.66666666,81237.33333333333,14.0,183658510.0,92.54754949457097,101.19246897845596,105.98075678339639,104.19053330146255,129.76688503446732,108.54754949457097,120.0,128.0,84.84082875835226,84.84082875835226,84.84082586920047,full-minimum,74.381164494
R2-C0-q64-declared,R2-C0,r2-full-objective-v1,conditional-Johnson,classical,dominant,"[""Johnson mutual correlated agreement at the same radius for all terms"", ""Theorem parameter must match actual PCS batching objects"", ""No complete Fiat-Shamir/QROM, MMCS structural or hiding composition proof"", ""Probability-sum and full-epsilon columns are arithmetic sensitivities, not replacement theorems""]",3,0.2916666666666667,0.7083333333333333,14.0,0.0625,512,8192,True,1875.3333333333335,True,183577258.66666666,81237.33333333333,14.0,183658510.0,92.54754949457097,101.19246897845596,105.98075678339639,104.19053330146255,129.76688503446732,108.54754949457097,120.0,128.0,84.84082875835226,84.84082875835226,84.84082586920047,full-error-sum,74.381164494
R2-C0-q64-declared,R2-C0,r2-full-objective-v1,conditional-Johnson,classical,full,"[""Johnson mutual correlated agreement at the same radius for all terms"", ""Theorem parameter must match actual PCS batching objects"", ""No complete Fiat-Shamir/QROM, MMCS structural or hiding composition proof"", ""Probability-sum and full-epsilon columns are arithmetic sensitivities, not replacement theorems""]",3,0.2916666666666667,0.7083333333333333,14.0,0.0625,512,8192,True,1875.3333333333335,True,183577258.66666666,81237.33333333333,14.0,183658510.0,92.54754949457097,101.19246897845596,105.98075678339639,104.19053330146255,129.76688503446732,108.54754949457097,120.0,128.0,84.84019036249009,84.84019036249009,84.84018747461647,fri-only,74.381164494
R2-C0-q64-declared,R2-C0,r2-full-objective-v1,conditional-Johnson,classical,full,"[""Johnson mutual correlated agreement at the same radius for all terms"", ""Theorem parameter must match actual PCS batching objects"", ""No complete Fiat-Shamir/QROM, MMCS structural or hiding composition proof"", ""Probability-sum and full-epsilon columns are arithmetic sensitivities, not replacement theorems""]",3,0.2916666666666667,0.7083333333333333,14.0,0.0625,512,8192,True,1875.3333333333335,True,183577258.66666666,81237.33333333333,14.0,183658510.0,92.54754949457097,101.19246897845596,105.98075678339639,104.19053330146255,129.76688503446732,108.54754949457097,120.0,128.0,84.84019036249009,84.84019036249009,84.84018747461647,full-minimum,74.381164494
R2-C0-q64-declared,R2-C0,r2-full-objective-v1,conditional-Johnson,classical,full,"[""Johnson mutual correlated agreement at the same radius for all terms"", ""Theorem parameter must match actual PCS batching objects"", ""No complete Fiat-Shamir/QROM, MMCS structural or hiding composition proof"", ""Probability-sum and full-epsilon columns are arithmetic sensitivities, not replacement theorems""]",3,0.2916666666666667,0.7083333333333333,14.0,0.0625,512,8192,True,1875.3333333333335,True,183577258.66666666,81237.33333333333,14.0,183658510.0,92.54754949457097,101.19246897845596,105.98075678339639,104.19053330146255,129.76688503446732,108.54754949457097,120.0,128.0,84.84019036249009,84.84019036249009,84.84018747461647,full-error-sum,74.381164494
R2-C0-q64-declared,R2-C0,r2-full-objective-v1,conditional-Johnson,quantum_grinding_only,dominant,"[""Johnson mutual correlated agreement at the same radius for all terms"", ""Theorem parameter must match actual PCS batching objects"", ""No complete Fiat-Shamir/QROM, MMCS structural or hiding composition proof"", ""Probability-sum and full-epsilon columns are arithmetic sensitivities, not replacement theorems""]",3,0.2916666666666667,0.7083333333333333,14.0,0.0625,512,8192,True,1875.3333333333335,True,183577258.66666666,81237.33333333333,14.0,183658510.0,92.54754949457097,101.19246897845596,105.98075678339639,104.19053330146255,121.76688503446732,100.54754949457097,120.0,128.0,84.84082875835226,84.84082875835226,84.84079899868841,fri-only,66.381164494
R2-C0-q64-declared,R2-C0,r2-full-objective-v1,conditional-Johnson,quantum_grinding_only,dominant,"[""Johnson mutual correlated agreement at the same radius for all terms"", ""Theorem parameter must match actual PCS batching objects"", ""No complete Fiat-Shamir/QROM, MMCS structural or hiding composition proof"", ""Probability-sum and full-epsilon columns are arithmetic sensitivities, not replacement theorems""]",3,0.2916666666666667,0.7083333333333333,14.0,0.0625,512,8192,True,1875.3333333333335,True,183577258.66666666,81237.33333333333,14.0,183658510.0,92.54754949457097,101.19246897845596,105.98075678339639,104.19053330146255,121.76688503446732,100.54754949457097,120.0,128.0,84.84082875835226,84.84082875835226,84.84079899868841,full-minimum,66.381164494
R2-C0-q64-declared,R2-C0,r2-full-objective-v1,conditional-Johnson,quantum_grinding_only,dominant,"[""Johnson mutual correlated agreement at the same radius for all terms"", ""Theorem parameter must match actual PCS batching objects"", ""No complete Fiat-Shamir/QROM, MMCS structural or hiding composition proof"", ""Probability-sum and full-epsilon columns are arithmetic sensitivities, not replacement theorems""]",3,0.2916666666666667,0.7083333333333333,14.0,0.0625,512,8192,True,1875.3333333333335,True,183577258.66666666,81237.33333333333,14.0,183658510.0,92.54754949457097,101.19246897845596,105.98075678339639,104.19053330146255,121.76688503446732,100.54754949457097,120.0,128.0,84.84082875835226,84.84082875835226,84.84079899868841,full-error-sum,66.381164494
R2-C0-q64-declared,R2-C0,r2-full-objective-v1,conditional-Johnson,quantum_grinding_only,full,"[""Johnson mutual correlated agreement at the same radius for all terms"", ""Theorem parameter must match actual PCS batching objects"", ""No complete Fiat-Shamir/QROM, MMCS structural or hiding composition proof"", ""Probability-sum and full-epsilon columns are arithmetic sensitivities, not replacement theorems""]",3,0.2916666666666667,0.7083333333333333,14.0,0.0625,512,8192,True,1875.3333333333335,True,183577258.66666666,81237.33333333333,14.0,183658510.0,92.54754949457097,101.19246897845596,105.98075678339639,104.19053330146255,121.76688503446732,100.54754949457097,120.0,128.0,84.84019036249009,84.84019036249009,84.8401606159919,fri-only,66.381164494
R2-C0-q64-declared,R2-C0,r2-full-objective-v1,conditional-Johnson,quantum_grinding_only,full,"[""Johnson mutual correlated agreement at the same radius for all terms"", ""Theorem parameter must match actual PCS batching objects"", ""No complete Fiat-Shamir/QROM, MMCS structural or hiding composition proof"", ""Probability-sum and full-epsilon columns are arithmetic sensitivities, not replacement theorems""]",3,0.2916666666666667,0.7083333333333333,14.0,0.0625,512,8192,True,1875.3333333333335,True,183577258.66666666,81237.33333333333,14.0,183658510.0,92.54754949457097,101.19246897845596,105.98075678339639,104.19053330146255,121.76688503446732,100.54754949457097,120.0,128.0,84.84019036249009,84.84019036249009,84.8401606159919,full-minimum,66.381164494
R2-C0-q64-declared,R2-C0,r2-full-objective-v1,conditional-Johnson,quantum_grinding_only,full,"[""Johnson mutual correlated agreement at the same radius for all terms"", ""Theorem parameter must match actual PCS batching objects"", ""No complete Fiat-Shamir/QROM, MMCS structural or hiding composition proof"", ""Probability-sum and full-epsilon columns are arithmetic sensitivities, not replacement theorems""]",3,0.2916666666666667,0.7083333333333333,14.0,0.0625,512,8192,True,1875.3333333333335,True,183577258.66666666,81237.33333333333,14.0,183658510.0,92.54754949457097,101.19246897845596,105.98075678339639,104.19053330146255,121.76688503446732,100.54754949457097,120.0,128.0,84.84019036249009,84.84019036249009,84.8401606159919,full-error-sum,66.381164494
R2-C0-q64-base_columns,R2-C0,r2-full-objective-v1,conditional-Johnson,classical,dominant,"[""Johnson mutual correlated agreement at the same radius for all terms"", ""Theorem parameter must match actual PCS batching objects"", ""No complete Fiat-Shamir/QROM, MMCS structural or hiding composition proof"", ""Probability-sum and full-epsilon columns are arithmetic sensitivities, not replacement theorems""]",3,0.2916666666666667,0.7083333333333333,14.0,0.0625,512,8192,True,1875.3333333333335,True,183577258.66666666,81237.33333333333,14.0,183658510.0,92.54754949457097,101.19246897845596,105.98075678339639,104.19053330146255,129.76688503446732,108.54754949457097,120.0,128.0,84.1862441166979,84.1862441166979,84.18624228133942,fri-only,74.381164494
R2-C0-q64-base_columns,R2-C0,r2-full-objective-v1,conditional-Johnson,classical,dominant,"[""Johnson mutual correlated agreement at the same radius for all terms"", ""Theorem parameter must match actual PCS batching objects"", ""No complete Fiat-Shamir/QROM, MMCS structural or hiding composition proof"", ""Probability-sum and full-epsilon columns are arithmetic sensitivities, not replacement theorems""]",3,0.2916666666666667,0.7083333333333333,14.0,0.0625,512,8192,True,1875.3333333333335,True,183577258.66666666,81237.33333333333,14.0,183658510.0,92.54754949457097,101.19246897845596,105.98075678339639,104.19053330146255,129.76688503446732,108.54754949457097,120.0,128.0,84.1862441166979,84.1862441166979,84.18624228133942,full-minimum,74.381164494
R2-C0-q64-base_columns,R2-C0,r2-full-objective-v1,conditional-Johnson,classical,dominant,"[""Johnson mutual correlated agreement at the same radius for all terms"", ""Theorem parameter must match actual PCS batching objects"", ""No complete Fiat-Shamir/QROM, MMCS structural or hiding composition proof"", ""Probability-sum and full-epsilon columns are arithmetic sensitivities, not replacement theorems""]",3,0.2916666666666667,0.7083333333333333,14.0,0.0625,512,8192,True,1875.3333333333335,True,183577258.66666666,81237.33333333333,14.0,183658510.0,92.54754949457097,101.19246897845596,105.98075678339639,104.19053330146255,129.76688503446732,108.54754949457097,120.0,128.0,84.1862441166979,84.1862441166979,84.18624228133942,full-error-sum,74.381164494
R2-C0-q64-base_columns,R2-C0,r2-full-objective-v1,conditional-Johnson,classical,full,"[""Johnson mutual correlated agreement at the same radius for all terms"", ""Theorem parameter must match actual PCS batching objects"", ""No complete Fiat-Shamir/QROM, MMCS structural or hiding composition proof"", ""Probability-sum and full-epsilon columns are arithmetic sensitivities, not replacement theorems""]",3,0.2916666666666667,0.7083333333333333,14.0,0.0625,512,8192,True,1875.3333333333335,True,183577258.66666666,81237.33333333333,14.0,183658510.0,92.54754949457097,101.19246897845596,105.98075678339639,104.19053330146255,129.76688503446732,108.54754949457097,120.0,128.0,84.18560572083572,84.18560572083572,84.1856038862892,fri-only,74.381164494
R2-C0-q64-base_columns,R2-C0,r2-full-objective-v1,conditional-Johnson,classical,full,"[""Johnson mutual correlated agreement at the same radius for all terms"", ""Theorem parameter must match actual PCS batching objects"", ""No complete Fiat-Shamir/QROM, MMCS structural or hiding composition proof"", ""Probability-sum and full-epsilon columns are arithmetic sensitivities, not replacement theorems""]",3,0.2916666666666667,0.7083333333333333,14.0,0.0625,512,8192,True,1875.3333333333335,True,183577258.66666666,81237.33333333333,14.0,183658510.0,92.54754949457097,101.19246897845596,105.98075678339639,104.19053330146255,129.76688503446732,108.54754949457097,120.0,128.0,84.18560572083572,84.18560572083572,84.1856038862892,full-minimum,74.381164494
R2-C0-q64-base_columns,R2-C0,r2-full-objective-v1,conditional-Johnson,classical,full,"[""Johnson mutual correlated agreement at the same radius for all terms"", ""Theorem parameter must match actual PCS batching objects"", ""No complete Fiat-Shamir/QROM, MMCS structural or hiding composition proof"", ""Probability-sum and full-epsilon columns are arithmetic sensitivities, not replacement theorems""]",3,0.2916666666666667,0.7083333333333333,14.0,0.0625,512,8192,True,1875.3333333333335,True,183577258.66666666,81237.33333333333,14.0,183658510.0,92.54754949457097,101.19246897845596,105.98075678339639,104.19053330146255,129.76688503446732,108.54754949457097,120.0,128.0,84.18560572083572,84.18560572083572,84.1856038862892,full-error-sum,74.381164494
R2-C0-q64-base_columns,R2-C0,r2-full-objective-v1,conditional-Johnson,quantum_grinding_only,dominant,"[""Johnson mutual correlated agreement at the same radius for all terms"", ""Theorem parameter must match actual PCS batching objects"", ""No complete Fiat-Shamir/QROM, MMCS structural or hiding composition proof"", ""Probability-sum and full-epsilon columns are arithmetic sensitivities, not replacement theorems""]",3,0.2916666666666667,0.7083333333333333,14.0,0.0625,512,8192,True,1875.3333333333335,True,183577258.66666666,81237.33333333333,14.0,183658510.0,92.54754949457097,101.19246897845596,105.98075678339639,104.19053330146255,121.76688503446732,100.54754949457097,120.0,128.0,84.1862441166979,84.1862441166979,84.18622521155157,fri-only,66.381164494
R2-C0-q64-base_columns,R2-C0,r2-full-objective-v1,conditional-Johnson,quantum_grinding_only,dominant,"[""Johnson mutual correlated agreement at the same radius for all terms"", ""Theorem parameter must match actual PCS batching objects"", ""No complete Fiat-Shamir/QROM, MMCS structural or hiding composition proof"", ""Probability-sum and full-epsilon columns are arithmetic sensitivities, not replacement theorems""]",3,0.2916666666666667,0.7083333333333333,14.0,0.0625,512,8192,True,1875.3333333333335,True,183577258.66666666,81237.33333333333,14.0,183658510.0,92.54754949457097,101.19246897845596,105.98075678339639,104.19053330146255,121.76688503446732,100.54754949457097,120.0,128.0,84.1862441166979,84.1862441166979,84.18622521155157,full-minimum,66.381164494
R2-C0-q64-base_columns,R2-C0,r2-full-objective-v1,conditional-Johnson,quantum_grinding_only,dominant,"[""Johnson mutual correlated agreement at the same radius for all terms"", ""Theorem parameter must match actual PCS batching objects"", ""No complete Fiat-Shamir/QROM, MMCS structural or hiding composition proof"", ""Probability-sum and full-epsilon columns are arithmetic sensitivities, not replacement theorems""]",3,0.2916666666666667,0.7083333333333333,14.0,0.0625,512,8192,True,1875.3333333333335,True,183577258.66666666,81237.33333333333,14.0,183658510.0,92.54754949457097,101.19246897845596,105.98075678339639,104.19053330146255,121.76688503446732,100.54754949457097,120.0,128.0,84.1862441166979,84.1862441166979,84.18622521155157,full-error-sum,66.381164494
R2-C0-q64-base_columns,R2-C0,r2-full-objective-v1,conditional-Johnson,quantum_grinding_only,full,"[""Johnson mutual correlated agreement at the same radius for all terms"", ""Theorem parameter must match actual PCS batching objects"", ""No complete Fiat-Shamir/QROM, MMCS structural or hiding composition proof"", ""Probability-sum and full-epsilon columns are arithmetic sensitivities, not replacement theorems""]",3,0.2916666666666667,0.7083333333333333,14.0,0.0625,512,8192,True,1875.3333333333335,True,183577258.66666666,81237.33333333333,14.0,183658510.0,92.54754949457097,101.19246897845596,105.98075678339639,104.19053330146255,121.76688503446732,100.54754949457097,120.0,128.0,84.18560572083572,84.18560572083572,84.18558682405306,fri-only,66.381164494
R2-C0-q64-base_columns,R2-C0,r2-full-objective-v1,conditional-Johnson,quantum_grinding_only,full,"[""Johnson mutual correlated agreement at the same radius for all terms"", ""Theorem parameter must match actual PCS batching objects"", ""No complete Fiat-Shamir/QROM, MMCS structural or hiding composition proof"", ""Probability-sum and full-epsilon columns are arithmetic sensitivities, not replacement theorems""]",3,0.2916666666666667,0.7083333333333333,14.0,0.0625,512,8192,True,1875.3333333333335,True,183577258.66666666,81237.33333333333,14.0,183658510.0,92.54754949457097,101.19246897845596,105.98075678339639,104.19053330146255,121.76688503446732,100.54754949457097,120.0,128.0,84.18560572083572,84.18560572083572,84.18558682405306,full-minimum,66.381164494
R2-C0-q64-base_columns,R2-C0,r2-full-objective-v1,conditional-Johnson,quantum_grinding_only,full,"[""Johnson mutual correlated agreement at the same radius for all terms"", ""Theorem parameter must match actual PCS batching objects"", ""No complete Fiat-Shamir/QROM, MMCS structural or hiding composition proof"", ""Probability-sum and full-epsilon columns are arithmetic sensitivities, not replacement theorems""]",3,0.2916666666666667,0.7083333333333333,14.0,0.0625,512,8192,True,1875.3333333333335,True,183577258.66666666,81237.33333333333,14.0,183658510.0,92.54754949457097,101.19246897845596,105.98075678339639,104.19053330146255,121.76688503446732,100.54754949457097,120.0,128.0,84.18560572083572,84.18560572083572,84.18558682405306,full-error-sum,66.381164494
R2-C0-q64-reduction_terms,R2-C0,r2-full-objective-v1,conditional-Johnson,classical,dominant,"[""Johnson mutual correlated agreement at the same radius for all terms"", ""Theorem parameter must match actual PCS batching objects"", ""No complete Fiat-Shamir/QROM, MMCS structural or hiding composition proof"", ""Probability-sum and full-epsilon columns are arithmetic sensitivities, not replacement theorems""]",3,0.2916666666666667,0.7083333333333333,14.0,0.0625,512,8192,True,1875.3333333333335,True,183577258.66666666,81237.33333333333,14.0,183658510.0,92.54754949457097,101.19246897845596,105.98075678339639,104.19053330146255,129.76688503446732,108.54754949457097,120.0,128.0,83.5175207541862,83.5175207541862,83.51751959962962,fri-only,74.381164494
R2-C0-q64-reduction_terms,R2-C0,r2-full-objective-v1,conditional-Johnson,classical,dominant,"[""Johnson mutual correlated agreement at the same radius for all terms"", ""Theorem parameter must match actual PCS batching objects"", ""No complete Fiat-Shamir/QROM, MMCS structural or hiding composition proof"", ""Probability-sum and full-epsilon columns are arithmetic sensitivities, not replacement theorems""]",3,0.2916666666666667,0.7083333333333333,14.0,0.0625,512,8192,True,1875.3333333333335,True,183577258.66666666,81237.33333333333,14.0,183658510.0,92.54754949457097,101.19246897845596,105.98075678339639,104.19053330146255,129.76688503446732,108.54754949457097,120.0,128.0,83.5175207541862,83.5175207541862,83.51751959962962,full-minimum,74.381164494
R2-C0-q64-reduction_terms,R2-C0,r2-full-objective-v1,conditional-Johnson,classical,dominant,"[""Johnson mutual correlated agreement at the same radius for all terms"", ""Theorem parameter must match actual PCS batching objects"", ""No complete Fiat-Shamir/QROM, MMCS structural or hiding composition proof"", ""Probability-sum and full-epsilon columns are arithmetic sensitivities, not replacement theorems""]",3,0.2916666666666667,0.7083333333333333,14.0,0.0625,512,8192,True,1875.3333333333335,True,183577258.66666666,81237.33333333333,14.0,183658510.0,92.54754949457097,101.19246897845596,105.98075678339639,104.19053330146255,129.76688503446732,108.54754949457097,120.0,128.0,83.5175207541862,83.5175207541862,83.51751959962962,full-error-sum,74.381164494
R2-C0-q64-reduction_terms,R2-C0,r2-full-objective-v1,conditional-Johnson,classical,full,"[""Johnson mutual correlated agreement at the same radius for all terms"", ""Theorem parameter must match actual PCS batching objects"", ""No complete Fiat-Shamir/QROM, MMCS structural or hiding composition proof"", ""Probability-sum and full-epsilon columns are arithmetic sensitivities, not replacement theorems""]",3,0.2916666666666667,0.7083333333333333,14.0,0.0625,512,8192,True,1875.3333333333335,True,183577258.66666666,81237.33333333333,14.0,183658510.0,92.54754949457097,101.19246897845596,105.98075678339639,104.19053330146255,129.76688503446732,108.54754949457097,120.0,128.0,83.51688235832403,83.51688235832403,83.51688120427823,fri-only,74.381164494
R2-C0-q64-reduction_terms,R2-C0,r2-full-objective-v1,conditional-Johnson,classical,full,"[""Johnson mutual correlated agreement at the same radius for all terms"", ""Theorem parameter must match actual PCS batching objects"", ""No complete Fiat-Shamir/QROM, MMCS structural or hiding composition proof"", ""Probability-sum and full-epsilon columns are arithmetic sensitivities, not replacement theorems""]",3,0.2916666666666667,0.7083333333333333,14.0,0.0625,512,8192,True,1875.3333333333335,True,183577258.66666666,81237.33333333333,14.0,183658510.0,92.54754949457097,101.19246897845596,105.98075678339639,104.19053330146255,129.76688503446732,108.54754949457097,120.0,128.0,83.51688235832403,83.51688235832403,83.51688120427823,full-minimum,74.381164494
R2-C0-q64-reduction_terms,R2-C0,r2-full-objective-v1,conditional-Johnson,classical,full,"[""Johnson mutual correlated agreement at the same radius for all terms"", ""Theorem parameter must match actual PCS batching objects"", ""No complete Fiat-Shamir/QROM, MMCS structural or hiding composition proof"", ""Probability-sum and full-epsilon columns are arithmetic sensitivities, not replacement theorems""]",3,0.2916666666666667,0.7083333333333333,14.0,0.0625,512,8192,True,1875.3333333333335,True,183577258.66666666,81237.33333333333,14.0,183658510.0,92.54754949457097,101.19246897845596,105.98075678339639,104.19053330146255,129.76688503446732,108.54754949457097,120.0,128.0,83.51688235832403,83.51688235832403,83.51688120427823,full-error-sum,74.381164494
R2-C0-q64-reduction_terms,R2-C0,r2-full-objective-v1,conditional-Johnson,quantum_grinding_only,dominant,"[""Johnson mutual correlated agreement at the same radius for all terms"", ""Theorem parameter must match actual PCS batching objects"", ""No complete Fiat-Shamir/QROM, MMCS structural or hiding composition proof"", ""Probability-sum and full-epsilon columns are arithmetic sensitivities, not replacement theorems""]",3,0.2916666666666667,0.7083333333333333,14.0,0.0625,512,8192,True,1875.3333333333335,True,183577258.66666666,81237.33333333333,14.0,183658510.0,92.54754949457097,101.19246897845596,105.98075678339639,104.19053330146255,121.76688503446732,100.54754949457097,120.0,128.0,83.5175207541862,83.5175207541862,83.51750886162738,fri-only,66.381164494
R2-C0-q64-reduction_terms,R2-C0,r2-full-objective-v1,conditional-Johnson,quantum_grinding_only,dominant,"[""Johnson mutual correlated agreement at the same radius for all terms"", ""Theorem parameter must match actual PCS batching objects"", ""No complete Fiat-Shamir/QROM, MMCS structural or hiding composition proof"", ""Probability-sum and full-epsilon columns are arithmetic sensitivities, not replacement theorems""]",3,0.2916666666666667,0.7083333333333333,14.0,0.0625,512,8192,True,1875.3333333333335,True,183577258.66666666,81237.33333333333,14.0,183658510.0,92.54754949457097,101.19246897845596,105.98075678339639,104.19053330146255,121.76688503446732,100.54754949457097,120.0,128.0,83.5175207541862,83.5175207541862,83.51750886162738,full-minimum,66.381164494
R2-C0-q64-reduction_terms,R2-C0,r2-full-objective-v1,conditional-Johnson,quantum_grinding_only,dominant,"[""Johnson mutual correlated agreement at the same radius for all terms"", ""Theorem parameter must match actual PCS batching objects"", ""No complete Fiat-Shamir/QROM, MMCS structural or hiding composition proof"", ""Probability-sum and full-epsilon columns are arithmetic sensitivities, not replacement theorems""]",3,0.2916666666666667,0.7083333333333333,14.0,0.0625,512,8192,True,1875.3333333333335,True,183577258.66666666,81237.33333333333,14.0,183658510.0,92.54754949457097,101.19246897845596,105.98075678339639,104.19053330146255,121.76688503446732,100.54754949457097,120.0,128.0,83.5175207541862,83.5175207541862,83.51750886162738,full-error-sum,66.381164494
R2-C0-q64-reduction_terms,R2-C0,r2-full-objective-v1,conditional-Johnson,quantum_grinding_only,full,"[""Johnson mutual correlated agreement at the same radius for all terms"", ""Theorem parameter must match actual PCS batching objects"", ""No complete Fiat-Shamir/QROM, MMCS structural or hiding composition proof"", ""Probability-sum and full-epsilon columns are arithmetic sensitivities, not replacement theorems""]",3,0.2916666666666667,0.7083333333333333,14.0,0.0625,512,8192,True,1875.3333333333335,True,183577258.66666666,81237.33333333333,14.0,183658510.0,92.54754949457097,101.19246897845596,105.98075678339639,104.19053330146255,121.76688503446732,100.54754949457097,120.0,128.0,83.51688235832403,83.51688235832403,83.51687047102651,fri-only,66.381164494
R2-C0-q64-reduction_terms,R2-C0,r2-full-objective-v1,conditional-Johnson,quantum_grinding_only,full,"[""Johnson mutual correlated agreement at the same radius for all terms"", ""Theorem parameter must match actual PCS batching objects"", ""No complete Fiat-Shamir/QROM, MMCS structural or hiding composition proof"", ""Probability-sum and full-epsilon columns are arithmetic sensitivities, not replacement theorems""]",3,0.2916666666666667,0.7083333333333333,14.0,0.0625,512,8192,True,1875.3333333333335,True,183577258.66666666,81237.33333333333,14.0,183658510.0,92.54754949457097,101.19246897845596,105.98075678339639,104.19053330146255,121.76688503446732,100.54754949457097,120.0,128.0,83.51688235832403,83.51688235832403,83.51687047102651,full-minimum,66.381164494
R2-C0-q64-reduction_terms,R2-C0,r2-full-objective-v1,conditional-Johnson,quantum_grinding_only,full,"[""Johnson mutual correlated agreement at the same radius for all terms"", ""Theorem parameter must match actual PCS batching objects"", ""No complete Fiat-Shamir/QROM, MMCS structural or hiding composition proof"", ""Probability-sum and full-epsilon columns are arithmetic sensitivities, not replacement theorems""]",3,0.2916666666666667,0.7083333333333333,14.0,0.0625,512,8192,True,1875.3333333333335,True,183577258.66666666,81237.33333333333,14.0,183658510.0,92.54754949457097,101.19246897845596,105.98075678339639,104.19053330146255,121.76688503446732,100.54754949457097,120.0,128.0,83.51688235832403,83.51688235832403,83.51687047102651,full-error-sum,66.381164494
R2-C1-q32-declared,R2-C1,r2-full-objective-v1,conditional-Johnson,classical,dominant,"[""Johnson mutual correlated agreement at the same radius for all terms"", ""Theorem parameter must match actual PCS batching objects"", ""No complete Fiat-Shamir/QROM, MMCS structural or hiding composition proof"", ""Probability-sum and full-epsilon columns are arithmetic sensitivities, not replacement theorems""]",94,0.25132978723404253,0.7486702127659575,378.0,0.0625,16384,262144,True,49498.595744680846,True,8.42922563815342e+16,74186054.80851065,378.0,8.429225645572064e+16,63.773750378346065,91.43775207234461,101.05837920870766,95.1157766487886,79.75508567861007,79.77375037834607,120.0,128.0,57.23459156850776,57.23459156850776,57.23459109200517,fri-only,45.20085758
R2-C1-q32-declared,R2-C1,r2-full-objective-v1,conditional-Johnson,classical,dominant,"[""Johnson mutual correlated agreement at the same radius for all terms"", ""Theorem parameter must match actual PCS batching objects"", ""No complete Fiat-Shamir/QROM, MMCS structural or hiding composition proof"", ""Probability-sum and full-epsilon columns are arithmetic sensitivities, not replacement theorems""]",6,0.2708333333333333,0.7291666666666667,26.0,0.0625,16384,262144,True,54611.33333333333,True,129776309589.33333,4969813.333333334,26.0,129781279428.66666,83.08270866244933,95.29955477842458,104.92018191478765,98.97757935486858,76.30472904256206,99.08270866244933,120.0,128.0,76.54360509890768,76.30472904256206,75.41922845513616,full-minimum,45.20085758
R2-C1-q32-declared,R2-C1,r2-full-objective-v1,conditional-Johnson,classical,dominant,"[""Johnson mutual correlated agreement at the same radius for all terms"", ""Theorem parameter must match actual PCS batching objects"", ""No complete Fiat-Shamir/QROM, MMCS structural or hiding composition proof"", ""Probability-sum and full-epsilon columns are arithmetic sensitivities, not replacement theorems""]",6,0.2708333333333333,0.7291666666666667,26.0,0.0625,16384,262144,True,54611.33333333333,True,129776309589.33333,4969813.333333334,26.0,129781279428.66666,83.08270866244933,95.29955477842458,104.92018191478765,98.97757935486858,76.30472904256206,99.08270866244933,120.0,128.0,76.54360509890768,76.30472904256206,75.41922845513616,full-error-sum,45.20085758
R2-C1-q32-declared,R2-C1,r2-full-objective-v1,conditional-Johnson,classical,full,"[""Johnson mutual correlated agreement at the same radius for all terms"", ""Theorem parameter must match actual PCS batching objects"", ""No complete Fiat-Shamir/QROM, MMCS structural or hiding composition proof"", ""Probability-sum and full-epsilon columns are arithmetic sensitivities, not replacement theorems""]",94,0.25132978723404253,0.7486702127659575,378.0,0.0625,16384,262144,True,49498.595744680846,True,8.42922563815342e+16,74186054.80851065,378.0,8.429225645572064e+16,63.773750378346065,91.43775207234461,101.05837920870766,95.1157766487886,79.75508567861007,79.77375037834607,120.0,128.0,57.234591567238034,57.234591567238034,57.23459109073544,fri-only,45.20085758
R2-C1-q32-declared,R2-C1,r2-full-objective-v1,conditional-Johnson,classical,full,"[""Johnson mutual correlated agreement at the same radius for all terms"", ""Theorem parameter must match actual PCS batching objects"", ""No complete Fiat-Shamir/QROM, MMCS structural or hiding composition proof"", ""Probability-sum and full-epsilon columns are arithmetic sensitivities, not replacement theorems""]",6,0.2708333333333333,0.7291666666666667,26.0,0.0625,16384,262144,True,54611.33333333333,True,129776309589.33333,4969813.333333334,26.0,129781279428.66666,83.08270866244933,95.29955477842458,104.92018191478765,98.97757935486858,76.30472904256206,99.08270866244933,120.0,128.0,76.54354985134131,76.30472904256206,75.41920311280526,full-minimum,45.20085758
R2-C1-q32-declared,R2-C1,r2-full-objective-v1,conditional-Johnson,classical,full,"[""Johnson mutual correlated agreement at the same radius for all terms"", ""Theorem parameter must match actual PCS batching objects"", ""No complete Fiat-Shamir/QROM, MMCS structural or hiding composition proof"", ""Probability-sum and full-epsilon columns are arithmetic sensitivities, not replacement theorems""]",6,0.2708333333333333,0.7291666666666667,26.0,0.0625,16384,262144,True,54611.33333333333,True,129776309589.33333,4969813.333333334,26.0,129781279428.66666,83.08270866244933,95.29955477842458,104.92018191478765,98.97757935486858,76.30472904256206,99.08270866244933,120.0,128.0,76.54354985134131,76.30472904256206,75.41920311280526,full-error-sum,45.20085758
R2-C1-q32-declared,R2-C1,r2-full-objective-v1,conditional-Johnson,quantum_grinding_only,dominant,"[""Johnson mutual correlated agreement at the same radius for all terms"", ""Theorem parameter must match actual PCS batching objects"", ""No complete Fiat-Shamir/QROM, MMCS structural or hiding composition proof"", ""Probability-sum and full-epsilon columns are arithmetic sensitivities, not replacement theorems""]",94,0.25132978723404253,0.7486702127659575,378.0,0.0625,16384,262144,True,49498.595744680846,True,8.42922563815342e+16,74186054.80851065,378.0,8.429225645572064e+16,63.773750378346065,91.43775207234461,101.05837920870766,95.1157766487886,71.75508567861007,71.77375037834607,120.0,128.0,57.23459156850776,57.23459156850776,57.23446959045794,fri-only,37.20085758
R2-C1-q32-declared,R2-C1,r2-full-objective-v1,conditional-Johnson,quantum_grinding_only,dominant,"[""Johnson mutual correlated agreement at the same radius for all terms"", ""Theorem parameter must match actual PCS batching objects"", ""No complete Fiat-Shamir/QROM, MMCS structural or hiding composition proof"", ""Probability-sum and full-epsilon columns are arithmetic sensitivities, not replacement theorems""]",14,0.25892857142857145,0.7410714285714286,58.0,0.0625,16384,262144,True,51490.571428571435,True,7169166191274.667,11267510.857142858,58.0,7169177458843.524,77.29505525764347,94.1420135014381,103.76264063780117,97.8200380778821,70.37996566176102,85.29505525764347,120.0,128.0,70.75589871397526,70.37996566176102,69.5556953621456,full-minimum,37.20085758
R2-C1-q32-declared,R2-C1,r2-full-objective-v1,conditional-Johnson,quantum_grinding_only,dominant,"[""Johnson mutual correlated agreement at the same radius for all terms"", ""Theorem parameter must match actual PCS batching objects"", ""No complete Fiat-Shamir/QROM, MMCS structural or hiding composition proof"", ""Probability-sum and full-epsilon columns are arithmetic sensitivities, not replacement theorems""]",12,0.2604166666666667,0.7395833333333333,50.0,0.0625,16384,262144,True,51880.66666666667,True,3413333333333.3335,9693866.666666666,50.0,3413343027250.0,78.3656774545783,94.35613830679095,103.97676544315401,98.03416288323494,70.11540195028581,86.3656774545783,120.0,128.0,71.8265227407395,70.11540195028581,69.73087073371764,full-error-sum,37.20085758
R2-C1-q32-declared,R2-C1,r2-full-objective-v1,conditional-Johnson,quantum_grinding_only,full,"[""Johnson mutual correlated agreement at the same radius for all terms"", ""Theorem parameter must match actual PCS batching objects"", ""No complete Fiat-Shamir/QROM, MMCS structural or hiding composition proof"", ""Probability-sum and full-epsilon columns are arithmetic sensitivities, not replacement theorems""]",94,0.25132978723404253,0.7486702127659575,378.0,0.0625,16384,262144,True,49498.595744680846,True,8.42922563815342e+16,74186054.80851065,378.0,8.429225645572064e+16,63.773750378346065,91.43775207234461,101.05837920870766,95.1157766487886,71.75508567861007,71.77375037834607,120.0,128.0,57.234591567238034,57.234591567238034,57.23446958918832,fri-only,37.20085758
R2-C1-q32-declared,R2-C1,r2-full-objective-v1,conditional-Johnson,quantum_grinding_only,full,"[""Johnson mutual correlated agreement at the same radius for all terms"", ""Theorem parameter must match actual PCS batching objects"", ""No complete Fiat-Shamir/QROM, MMCS structural or hiding composition proof"", ""Probability-sum and full-epsilon columns are arithmetic sensitivities, not replacement theorems""]",14,0.25892857142857145,0.7410714285714286,58.0,0.0625,16384,262144,True,51490.571428571435,True,7169166191274.667,11267510.857142858,58.0,7169177458843.524,77.29505525764347,94.1420135014381,103.76264063780117,97.8200380778821,70.37996566176102,85.29505525764347,120.0,128.0,70.75589644653544,70.37996566176102,69.55569437532375,full-minimum,37.20085758
R2-C1-q32-declared,R2-C1,r2-full-objective-v1,conditional-Johnson,quantum_grinding_only,full,"[""Johnson mutual correlated agreement at the same radius for all terms"", ""Theorem parameter must match actual PCS batching objects"", ""No complete Fiat-Shamir/QROM, MMCS structural or hiding composition proof"", ""Probability-sum and full-epsilon columns are arithmetic sensitivities, not replacement theorems""]",12,0.2604166666666667,0.7395833333333333,50.0,0.0625,16384,262144,True,51880.66666666667,True,3413333333333.3335,9693866.666666666,50.0,3413343027250.0,78.3656774545783,94.35613830679095,103.97676544315401,98.03416288323494,70.11540195028581,86.3656774545783,120.0,128.0,71.82651864347028,70.11540195028581,69.73086977511005,full-error-sum,37.20085758
R2-C1-q32-base_columns,R2-C1,r2-full-objective-v1,conditional-Johnson,classical,dominant,"[""Johnson mutual correlated agreement at the same radius for all terms"", ""Theorem parameter must match actual PCS batching objects"", ""No complete Fiat-Shamir/QROM, MMCS structural or hiding composition proof"", ""Probability-sum and full-epsilon columns are arithmetic sensitivities, not replacement theorems""]",94,0.25132978723404253,0.7486702127659575,378.0,0.0625,16384,262144,True,49498.595744680846,True,8.42922563815342e+16,74186054.80851065,378.0,8.429225645572064e+16,63.773750378346065,91.43775207234461,101.05837920870766,95.1157766487886,79.75508567861007,79.77375037834607,120.0,128.0,56.47912963072417,56.47912963072417,56.47912934846465,fri-only,45.20085758
R2-C1-q32-base_columns,R2-C1,r2-full-objective-v1,conditional-Johnson,classical,dominant,"[""Johnson mutual correlated agreement at the same radius for all terms"", ""Theorem parameter must match actual PCS batching objects"", ""No complete Fiat-Shamir/QROM, MMCS structural or hiding composition proof"", ""Probability-sum and full-epsilon columns are arithmetic sensitivities, not replacement theorems""]",6,0.2708333333333333,0.7291666666666667,26.0,0.0625,16384,262144,True,54611.33333333333,True,129776309589.33333,4969813.333333334,26.0,129781279428.66666,83.08270866244933,95.29955477842458,104.92018191478765,98.97757935486858,76.30472904256206,99.08270866244933,120.0,128.0,75.78814316112407,75.78814316112407,75.0234366643537,full-minimum,45.20085758
R2-C1-q32-base_columns,R2-C1,r2-full-objective-v1,conditional-Johnson,classical,dominant,"[""Johnson mutual correlated agreement at the same radius for all terms"", ""Theorem parameter must match actual PCS batching objects"", ""No complete Fiat-Shamir/QROM, MMCS structural or hiding composition proof"", ""Probability-sum and full-epsilon columns are arithmetic sensitivities, not replacement theorems""]",5,0.275,0.725,22.0,0.0625,16384,262144,True,55703.600000000006,True,56291404458.666664,4181196.8,22.0,56295585677.46667,84.2876972508619,95.54056287792838,105.16119001429144,99.21858745437237,75.59988724000208,100.2876972508619,120.0,128.0,76.99318365864305,75.59988724000208,75.13449354802438,full-error-sum,45.20085758
R2-C1-q32-base_columns,R2-C1,r2-full-objective-v1,conditional-Johnson,classical,full,"[""Johnson mutual correlated agreement at the same radius for all terms"", ""Theorem parameter must match actual PCS batching objects"", ""No complete Fiat-Shamir/QROM, MMCS structural or hiding composition proof"", ""Probability-sum and full-epsilon columns are arithmetic sensitivities, not replacement theorems""]",94,0.25132978723404253,0.7486702127659575,378.0,0.0625,16384,262144,True,49498.595744680846,True,8.42922563815342e+16,74186054.80851065,378.0,8.429225645572064e+16,63.773750378346065,91.43775207234461,101.05837920870766,95.1157766487886,79.75508567861007,79.77375037834607,120.0,128.0,56.47912962945444,56.47912962945444,56.47912934719493,fri-only,45.20085758
R2-C1-q32-base_columns,R2-C1,r2-full-objective-v1,conditional-Johnson,classical,full,"[""Johnson mutual correlated agreement at the same radius for all terms"", ""Theorem parameter must match actual PCS batching objects"", ""No complete Fiat-Shamir/QROM, MMCS structural or hiding composition proof"", ""Probability-sum and full-epsilon columns are arithmetic sensitivities, not replacement theorems""]",6,0.2708333333333333,0.7291666666666667,26.0,0.0625,16384,262144,True,54611.33333333333,True,129776309589.33333,4969813.333333334,26.0,129781279428.66666,83.08270866244933,95.29955477842458,104.92018191478765,98.97757935486858,76.30472904256206,99.08270866244933,120.0,128.0,75.7880879135577,75.7880879135577,75.02340414686634,full-minimum,45.20085758
R2-C1-q32-base_columns,R2-C1,r2-full-objective-v1,conditional-Johnson,classical,full,"[""Johnson mutual correlated agreement at the same radius for all terms"", ""Theorem parameter must match actual PCS batching objects"", ""No complete Fiat-Shamir/QROM, MMCS structural or hiding composition proof"", ""Probability-sum and full-epsilon columns are arithmetic sensitivities, not replacement theorems""]",5,0.275,0.725,22.0,0.0625,16384,262144,True,55703.600000000006,True,56291404458.666664,4181196.8,22.0,56295585677.46667,84.2876972508619,95.54056287792838,105.16119001429144,99.21858745437237,75.59988724000208,100.2876972508619,120.0,128.0,76.99307650197026,75.59988724000208,75.13446400129422,full-error-sum,45.20085758
R2-C1-q32-base_columns,R2-C1,r2-full-objective-v1,conditional-Johnson,quantum_grinding_only,dominant,"[""Johnson mutual correlated agreement at the same radius for all terms"", ""Theorem parameter must match actual PCS batching objects"", ""No complete Fiat-Shamir/QROM, MMCS structural or hiding composition proof"", ""Probability-sum and full-epsilon columns are arithmetic sensitivities, not replacement theorems""]",94,0.25132978723404253,0.7486702127659575,378.0,0.0625,16384,262144,True,49498.595744680846,True,8.42922563815342e+16,74186054.80851065,378.0,8.429225645572064e+16,63.773750378346065,91.43775207234461,101.05837920870766,95.1157766487886,71.75508567861007,71.77375037834607,120.0,128.0,56.47912963072417,56.47912963072417,56.479057374965436,fri-only,37.20085758
R2-C1-q32-base_columns,R2-C1,r2-full-objective-v1,conditional-Johnson,quantum_grinding_only,dominant,"[""Johnson mutual correlated agreement at the same radius for all terms"", ""Theorem parameter must match actual PCS batching objects"", ""No complete Fiat-Shamir/QROM, MMCS structural or hiding composition proof"", ""Probability-sum and full-epsilon columns are arithmetic sensitivities, not replacement theorems""]",13,0.25961538461538464,0.7403846153846154,54.0,0.0625,16384,262144,True,51670.61538461539,True,5015306502144.0,10480718.76923077,54.0,5015316982916.77,77.81052197502464,94.2451069944022,103.86573413076528,97.92313157084621,70.25767091128395,85.81052197502464,120.0,128.0,70.51590424101218,70.25767091128395,69.3810011559358,full-minimum,37.20085758
R2-C1-q32-base_columns,R2-C1,r2-full-objective-v1,conditional-Johnson,quantum_grinding_only,dominant,"[""Johnson mutual correlated agreement at the same radius for all terms"", ""Theorem parameter must match actual PCS batching objects"", ""No complete Fiat-Shamir/QROM, MMCS structural or hiding composition proof"", ""Probability-sum and full-epsilon columns are arithmetic sensitivities, not replacement theorems""]",11,0.26136363636363635,0.7386363636363636,46.0,0.0625,16384,262144,True,52128.90909090909,True,2249664932522.6665,8906938.181818182,46.0,2249673839506.848,78.96714700845814,94.47643254050867,104.09705967687172,98.15445711695266,69.9478292025691,86.96714700845814,120.0,128.0,71.67253197154446,69.9478292025691,69.56647008958382,full-error-sum,37.20085758
R2-C1-q32-base_columns,R2-C1,r2-full-objective-v1,conditional-Johnson,quantum_grinding_only,full,"[""Johnson mutual correlated agreement at the same radius for all terms"", ""Theorem parameter must match actual PCS batching objects"", ""No complete Fiat-Shamir/QROM, MMCS structural or hiding composition proof"", ""Probability-sum and full-epsilon columns are arithmetic sensitivities, not replacement theorems""]",94,0.25132978723404253,0.7486702127659575,378.0,0.0625,16384,262144,True,49498.595744680846,True,8.42922563815342e+16,74186054.80851065,378.0,8.429225645572064e+16,63.773750378346065,91.43775207234461,101.05837920870766,95.1157766487886,71.75508567861007,71.77375037834607,120.0,128.0,56.47912962945444,56.47912962945444,56.479057373695774,fri-only,37.20085758
R2-C1-q32-base_columns,R2-C1,r2-full-objective-v1,conditional-Johnson,quantum_grinding_only,full,"[""Johnson mutual correlated agreement at the same radius for all terms"", ""Theorem parameter must match actual PCS batching objects"", ""No complete Fiat-Shamir/QROM, MMCS structural or hiding composition proof"", ""Probability-sum and full-epsilon columns are arithmetic sensitivities, not replacement theorems""]",13,0.25961538461538464,0.7403846153846154,54.0,0.0625,16384,262144,True,51670.61538461539,True,5015306502144.0,10480718.76923077,54.0,5015316982916.77,77.81052197502464,94.2451069944022,103.86573413076528,97.92313157084621,70.25767091128395,85.81052197502464,120.0,128.0,70.51590122613301,70.25767091128395,69.38099978306305,full-minimum,37.20085758
R2-C1-q32-base_columns,R2-C1,r2-full-objective-v1,conditional-Johnson,quantum_grinding_only,full,"[""Johnson mutual correlated agreement at the same radius for all terms"", ""Theorem parameter must match actual PCS batching objects"", ""No complete Fiat-Shamir/QROM, MMCS structural or hiding composition proof"", ""Probability-sum and full-epsilon columns are arithmetic sensitivities, not replacement theorems""]",11,0.26136363636363635,0.7386363636363636,46.0,0.0625,16384,262144,True,52128.90909090909,True,2249664932522.6665,8906938.181818182,46.0,2249673839506.848,78.96714700845814,94.47643254050867,104.09705967687172,98.15445711695266,69.9478292025691,86.96714700845814,120.0,128.0,71.67252625956651,69.9478292025691,69.56646876280239,full-error-sum,37.20085758
R2-C1-q32-reduction_terms,R2-C1,r2-full-objective-v1,conditional-Johnson,classical,dominant,"[""Johnson mutual correlated agreement at the same radius for all terms"", ""Theorem parameter must match actual PCS batching objects"", ""No complete Fiat-Shamir/QROM, MMCS structural or hiding composition proof"", ""Probability-sum and full-epsilon columns are arithmetic sensitivities, not replacement theorems""]",94,0.25132978723404253,0.7486702127659575,378.0,0.0625,16384,262144,True,49498.595744680846,True,8.42922563815342e+16,74186054.80851065,378.0,8.429225645572064e+16,63.773750378346065,91.43775207234461,101.05837920870766,95.1157766487886,79.75508567861007,79.77375037834607,120.0,128.0,55.84893787601001,55.84893787601001,55.84893769364481,fri-only,45.20085758
R2-C1-q32-reduction_terms,R2-C1,r2-full-objective-v1,conditional-Johnson,classical,dominant,"[""Johnson mutual correlated agreement at the same radius for all terms"", ""Theorem parameter must match actual PCS batching objects"", ""No complete Fiat-Shamir/QROM, MMCS structural or hiding composition proof"", ""Probability-sum and full-epsilon columns are arithmetic sensitivities, not replacement theorems""]",5,0.275,0.725,22.0,0.0625,16384,262144,True,55703.600000000006,True,56291404458.666664,4181196.8,22.0,56295585677.46667,84.2876972508619,95.54056287792838,105.16119001429144,99.21858745437237,75.59988724000208,100.2876972508619,120.0,128.0,76.3629919039289,75.59988724000208,74.93156196600924,full-minimum,45.20085758
R2-C1-q32-reduction_terms,R2-C1,r2-full-objective-v1,conditional-Johnson,classical,dominant,"[""Johnson mutual correlated agreement at the same radius for all terms"", ""Theorem parameter must match actual PCS batching objects"", ""No complete Fiat-Shamir/QROM, MMCS structural or hiding composition proof"", ""Probability-sum and full-epsilon columns are arithmetic sensitivities, not replacement theorems""]",5,0.275,0.725,22.0,0.0625,16384,262144,True,55703.600000000006,True,56291404458.666664,4181196.8,22.0,56295585677.46667,84.2876972508619,95.54056287792838,105.16119001429144,99.21858745437237,75.59988724000208,100.2876972508619,120.0,128.0,76.3629919039289,75.59988724000208,74.93156196600924,full-error-sum,45.20085758
R2-C1-q32-reduction_terms,R2-C1,r2-full-objective-v1,conditional-Johnson,classical,full,"[""Johnson mutual correlated agreement at the same radius for all terms"", ""Theorem parameter must match actual PCS batching objects"", ""No complete Fiat-Shamir/QROM, MMCS structural or hiding composition proof"", ""Probability-sum and full-epsilon columns are arithmetic sensitivities, not replacement theorems""]",94,0.25132978723404253,0.7486702127659575,378.0,0.0625,16384,262144,True,49498.595744680846,True,8.42922563815342e+16,74186054.80851065,378.0,8.429225645572064e+16,63.773750378346065,91.43775207234461,101.05837920870766,95.1157766487886,79.75508567861007,79.77375037834607,120.0,128.0,55.84893787474029,55.84893787474029,55.84893769237508,fri-only,45.20085758
R2-C1-q32-reduction_terms,R2-C1,r2-full-objective-v1,conditional-Johnson,classical,full,"[""Johnson mutual correlated agreement at the same radius for all terms"", ""Theorem parameter must match actual PCS batching objects"", ""No complete Fiat-Shamir/QROM, MMCS structural or hiding composition proof"", ""Probability-sum and full-epsilon columns are arithmetic sensitivities, not replacement theorems""]",5,0.275,0.725,22.0,0.0625,16384,262144,True,55703.600000000006,True,56291404458.666664,4181196.8,22.0,56295585677.46667,84.2876972508619,95.54056287792838,105.16119001429144,99.21858745437237,75.59988724000208,100.2876972508619,120.0,128.0,76.36288474725612,75.59988724000208,74.93152223532715,full-minimum,45.20085758
R2-C1-q32-reduction_terms,R2-C1,r2-full-objective-v1,conditional-Johnson,classical,full,"[""Johnson mutual correlated agreement at the same radius for all terms"", ""Theorem parameter must match actual PCS batching objects"", ""No complete Fiat-Shamir/QROM, MMCS structural or hiding composition proof"", ""Probability-sum and full-epsilon columns are arithmetic sensitivities, not replacement theorems""]",5,0.275,0.725,22.0,0.0625,16384,262144,True,55703.600000000006,True,56291404458.666664,4181196.8,22.0,56295585677.46667,84.2876972508619,95.54056287792838,105.16119001429144,99.21858745437237,75.59988724000208,100.2876972508619,120.0,128.0,76.36288474725612,75.59988724000208,74.93152223532715,full-error-sum,45.20085758
R2-C1-q32-reduction_terms,R2-C1,r2-full-objective-v1,conditional-Johnson,quantum_grinding_only,dominant,"[""Johnson mutual correlated agreement at the same radius for all terms"", ""Theorem parameter must match actual PCS batching objects"", ""No complete Fiat-Shamir/QROM, MMCS structural or hiding composition proof"", ""Probability-sum and full-epsilon columns are arithmetic sensitivities, not replacement theorems""]",94,0.25132978723404253,0.7486702127659575,378.0,0.0625,16384,262144,True,49498.595744680846,True,8.42922563815342e+16,74186054.80851065,378.0,8.429225645572064e+16,63.773750378346065,91.43775207234461,101.05837920870766,95.1157766487886,71.75508567861007,71.77375037834607,120.0,128.0,55.84893787601001,55.84893787601001,55.84889119183446,fri-only,37.20085758
R2-C1-q32-reduction_terms,R2-C1,r2-full-objective-v1,conditional-Johnson,quantum_grinding_only,dominant,"[""Johnson mutual correlated agreement at the same radius for all terms"", ""Theorem parameter must match actual PCS batching objects"", ""No complete Fiat-Shamir/QROM, MMCS structural or hiding composition proof"", ""Probability-sum and full-epsilon columns are arithmetic sensitivities, not replacement theorems""]",12,0.2604166666666667,0.7395833333333333,50.0,0.0625,16384,262144,True,51880.66666666667,True,3413333333333.3335,9693866.666666666,50.0,3413343027250.0,78.3656774545783,94.35613830679095,103.97676544315401,98.03416288323494,70.11540195028581,86.3656774545783,120.0,128.0,70.44086904824175,70.11540195028581,69.26896656582771,full-minimum,37.20085758
R2-C1-q32-reduction_terms,R2-C1,r2-full-objective-v1,conditional-Johnson,quantum_grinding_only,dominant,"[""Johnson mutual correlated agreement at the same radius for all terms"", ""Theorem parameter must match actual PCS batching objects"", ""No complete Fiat-Shamir/QROM, MMCS structural or hiding composition proof"", ""Probability-sum and full-epsilon columns are arithmetic sensitivities, not replacement theorems""]",10,0.2625,0.7375,42.0,0.0625,16384,262144,True,52426.8,True,1427496763392.0,8119910.4,42.0,1427504883344.4,79.62336718044676,94.60767707378692,104.22830421014997,98.28570165023092,69.74754150747526,87.62336718044676,120.0,128.0,71.69856288322157,69.74754150747526,69.41567899192668,full-error-sum,37.20085758
R2-C1-q32-reduction_terms,R2-C1,r2-full-objective-v1,conditional-Johnson,quantum_grinding_only,full,"[""Johnson mutual correlated agreement at the same radius for all terms"", ""Theorem parameter must match actual PCS batching objects"", ""No complete Fiat-Shamir/QROM, MMCS structural or hiding composition proof"", ""Probability-sum and full-epsilon columns are arithmetic sensitivities, not replacement theorems""]",94,0.25132978723404253,0.7486702127659575,378.0,0.0625,16384,262144,True,49498.595744680846,True,8.42922563815342e+16,74186054.80851065,378.0,8.429225645572064e+16,63.773750378346065,91.43775207234461,101.05837920870766,95.1157766487886,71.75508567861007,71.77375037834607,120.0,128.0,55.84893787474029,55.84893787474029,55.84889119056478,fri-only,37.20085758
R2-C1-q32-reduction_terms,R2-C1,r2-full-objective-v1,conditional-Johnson,quantum_grinding_only,full,"[""Johnson mutual correlated agreement at the same radius for all terms"", ""Theorem parameter must match actual PCS batching objects"", ""No complete Fiat-Shamir/QROM, MMCS structural or hiding composition proof"", ""Probability-sum and full-epsilon columns are arithmetic sensitivities, not replacement theorems""]",12,0.2604166666666667,0.7395833333333333,50.0,0.0625,16384,262144,True,51880.66666666667,True,3413333333333.3335,9693866.666666666,50.0,3413343027250.0,78.3656774545783,94.35613830679095,103.97676544315401,98.03416288323494,70.11540195028581,86.3656774545783,120.0,128.0,70.44086495097253,70.11540195028581,69.26896474731205,full-minimum,37.20085758
R2-C1-q32-reduction_terms,R2-C1,r2-full-objective-v1,conditional-Johnson,quantum_grinding_only,full,"[""Johnson mutual correlated agreement at the same radius for all terms"", ""Theorem parameter must match actual PCS batching objects"", ""No complete Fiat-Shamir/QROM, MMCS structural or hiding composition proof"", ""Probability-sum and full-epsilon columns are arithmetic sensitivities, not replacement theorems""]",10,0.2625,0.7375,42.0,0.0625,16384,262144,True,52426.8,True,1427496763392.0,8119910.4,42.0,1427504883344.4,79.62336718044676,94.60767707378692,104.22830421014997,98.28570165023092,69.74754150747526,87.62336718044676,120.0,128.0,71.69855467684098,69.74754150747526,69.41567730562176,full-error-sum,37.20085758
R2-C1-q48-declared,R2-C1,r2-full-objective-v1,conditional-Johnson,classical,dominant,"[""Johnson mutual correlated agreement at the same radius for all terms"", ""Theorem parameter must match actual PCS batching objects"", ""No complete Fiat-Shamir/QROM, MMCS structural or hiding composition proof"", ""Probability-sum and full-epsilon columns are arithmetic sensitivities, not replacement theorems""]",4,0.28125,0.71875,18.0,0.0625,16384,262144,True,57342.0,True,20639121408.0,3391488.0,18.0,20642512914.0,85.73510044335504,95.83006949512337,105.45069663148642,99.50809407156736,103.843599930769,101.73510044335504,120.0,128.0,79.19617868240158,79.19617868240158,79.19617726438115,fri-only,59.801286369
R2-C1-q48-declared,R2-C1,r2-full-objective-v1,conditional-Johnson,classical,dominant,"[""Johnson mutual correlated agreement at the same radius for all terms"", ""Theorem parameter must match actual PCS batching objects"", ""No complete Fiat-Shamir/QROM, MMCS structural or hiding composition proof"", ""Probability-sum and full-epsilon columns are arithmetic sensitivities, not replacement theorems""]",3,0.2916666666666667,0.7083333333333333,14.0,0.0625,16384,262144,True,60072.66666666667,True,5874472277.333333,2599594.6666666665,14.0,5877071886.0,87.54754960110864,96.19263957450808,105.81326671087113,99.87066415095207,101.32516377585048,103.54754960110864,120.0,128.0,81.0090290793251,81.0090290793251,81.00902465945262,full-minimum,59.801286369
R2-C1-q48-declared,R2-C1,r2-full-objective-v1,conditional-Johnson,classical,dominant,"[""Johnson mutual correlated agreement at the same radius for all terms"", ""Theorem parameter must match actual PCS batching objects"", ""No complete Fiat-Shamir/QROM, MMCS structural or hiding composition proof"", ""Probability-sum and full-epsilon columns are arithmetic sensitivities, not replacement theorems""]",3,0.2916666666666667,0.7083333333333333,14.0,0.0625,16384,262144,True,60072.66666666667,True,5874472277.333333,2599594.6666666665,14.0,5877071886.0,87.54754960110864,96.19263957450808,105.81326671087113,99.87066415095207,101.32516377585048,103.54754960110864,120.0,128.0,81.0090290793251,81.0090290793251,81.00902465945262,full-error-sum,59.801286369
R2-C1-q48-declared,R2-C1,r2-full-objective-v1,conditional-Johnson,classical,full,"[""Johnson mutual correlated agreement at the same radius for all terms"", ""Theorem parameter must match actual PCS batching objects"", ""No complete Fiat-Shamir/QROM, MMCS structural or hiding composition proof"", ""Probability-sum and full-epsilon columns are arithmetic sensitivities, not replacement theorems""]",4,0.28125,0.71875,18.0,0.0625,16384,262144,True,57342.0,True,20639121408.0,3391488.0,18.0,20642512914.0,85.73510044335504,95.83006949512337,105.45069663148642,99.50809407156736,103.843599930769,101.73510044335504,120.0,128.0,79.19594163224701,79.19594163224701,79.19594021445955,fri-only,59.801286369
R2-C1-q48-declared,R2-C1,r2-full-objective-v1,conditional-Johnson,classical,full,"[""Johnson mutual correlated agreement at the same radius for all terms"", ""Theorem parameter must match actual PCS batching objects"", ""No complete Fiat-Shamir/QROM, MMCS structural or hiding composition proof"", ""Probability-sum and full-epsilon columns are arithmetic sensitivities, not replacement theorems""]",3,0.2916666666666667,0.7083333333333333,14.0,0.0625,16384,262144,True,60072.66666666667,True,5874472277.333333,2599594.6666666665,14.0,5877071886.0,87.54754960110864,96.19263957450808,105.81326671087113,99.87066415095207,101.32516377585048,103.54754960110864,120.0,128.0,81.00839079000062,81.00839079000062,81.00838637208318,full-minimum,59.801286369
R2-C1-q48-declared,R2-C1,r2-full-objective-v1,conditional-Johnson,classical,full,"[""Johnson mutual correlated agreement at the same radius for all terms"", ""Theorem parameter must match actual PCS batching objects"", ""No complete Fiat-Shamir/QROM, MMCS structural or hiding composition proof"", ""Probability-sum and full-epsilon columns are arithmetic sensitivities, not replacement theorems""]",3,0.2916666666666667,0.7083333333333333,14.0,0.0625,16384,262144,True,60072.66666666667,True,5874472277.333333,2599594.6666666665,14.0,5877071886.0,87.54754960110864,96.19263957450808,105.81326671087113,99.87066415095207,101.32516377585048,103.54754960110864,120.0,128.0,81.00839079000062,81.00839079000062,81.00838637208318,full-error-sum,59.801286369
R2-C1-q48-declared,R2-C1,r2-full-objective-v1,conditional-Johnson,quantum_grinding_only,dominant,"[""Johnson mutual correlated agreement at the same radius for all terms"", ""Theorem parameter must match actual PCS batching objects"", ""No complete Fiat-Shamir/QROM, MMCS structural or hiding composition proof"", ""Probability-sum and full-epsilon columns are arithmetic sensitivities, not replacement theorems""]",4,0.28125,0.71875,18.0,0.0625,16384,262144,True,57342.0,True,20639121408.0,3391488.0,18.0,20642512914.0,85.73510044335504,95.83006949512337,105.45069663148642,99.50809407156736,95.843599930769,93.73510044335504,120.0,128.0,79.19617868240158,79.19617868240158,79.19610289694162,fri-only,51.801286369
R2-C1-q48-declared,R2-C1,r2-full-objective-v1,conditional-Johnson,quantum_grinding_only,dominant,"[""Johnson mutual correlated agreement at the same radius for all terms"", ""Theorem parameter must match actual PCS batching objects"", ""No complete Fiat-Shamir/QROM, MMCS structural or hiding composition proof"", ""Probability-sum and full-epsilon columns are arithmetic sensitivities, not replacement theorems""]",3,0.2916666666666667,0.7083333333333333,14.0,0.0625,16384,262144,True,60072.66666666667,True,5874472277.333333,2599594.6666666665,14.0,5877071886.0,87.54754960110864,96.19263957450808,105.81326671087113,99.87066415095207,93.32516377585048,95.54754960110864,120.0,128.0,81.0090290793251,81.0090290793251,81.00868250894743,full-minimum,51.801286369
R2-C1-q48-declared,R2-C1,r2-full-objective-v1,conditional-Johnson,quantum_grinding_only,dominant,"[""Johnson mutual correlated agreement at the same radius for all terms"", ""Theorem parameter must match actual PCS batching objects"", ""No complete Fiat-Shamir/QROM, MMCS structural or hiding composition proof"", ""Probability-sum and full-epsilon columns are arithmetic sensitivities, not replacement theorems""]",3,0.2916666666666667,0.7083333333333333,14.0,0.0625,16384,262144,True,60072.66666666667,True,5874472277.333333,2599594.6666666665,14.0,5877071886.0,87.54754960110864,96.19263957450808,105.81326671087113,99.87066415095207,93.32516377585048,95.54754960110864,120.0,128.0,81.0090290793251,81.0090290793251,81.00868250894743,full-error-sum,51.801286369
R2-C1-q48-declared,R2-C1,r2-full-objective-v1,conditional-Johnson,quantum_grinding_only,full,"[""Johnson mutual correlated agreement at the same radius for all terms"", ""Theorem parameter must match actual PCS batching objects"", ""No complete Fiat-Shamir/QROM, MMCS structural or hiding composition proof"", ""Probability-sum and full-epsilon columns are arithmetic sensitivities, not replacement theorems""]",4,0.28125,0.71875,18.0,0.0625,16384,262144,True,57342.0,True,20639121408.0,3391488.0,18.0,20642512914.0,85.73510044335504,95.83006949512337,105.45069663148642,99.50809407156736,95.843599930769,93.73510044335504,120.0,128.0,79.19594163224701,79.19594163224701,79.19586585923807,fri-only,51.801286369
R2-C1-q48-declared,R2-C1,r2-full-objective-v1,conditional-Johnson,quantum_grinding_only,full,"[""Johnson mutual correlated agreement at the same radius for all terms"", ""Theorem parameter must match actual PCS batching objects"", ""No complete Fiat-Shamir/QROM, MMCS structural or hiding composition proof"", ""Probability-sum and full-epsilon columns are arithmetic sensitivities, not replacement theorems""]",3,0.2916666666666667,0.7083333333333333,14.0,0.0625,16384,262144,True,60072.66666666667,True,5874472277.333333,2599594.6666666665,14.0,5877071886.0,87.54754960110864,96.19263957450808,105.81326671087113,99.87066415095207,93.32516377585048,95.54754960110864,120.0,128.0,81.00839079000062,81.00839079000062,81.00804437290323,full-minimum,51.801286369
R2-C1-q48-declared,R2-C1,r2-full-objective-v1,conditional-Johnson,quantum_grinding_only,full,"[""Johnson mutual correlated agreement at the same radius for all terms"", ""Theorem parameter must match actual PCS batching objects"", ""No complete Fiat-Shamir/QROM, MMCS structural or hiding composition proof"", ""Probability-sum and full-epsilon columns are arithmetic sensitivities, not replacement theorems""]",3,0.2916666666666667,0.7083333333333333,14.0,0.0625,16384,262144,True,60072.66666666667,True,5874472277.333333,2599594.6666666665,14.0,5877071886.0,87.54754960110864,96.19263957450808,105.81326671087113,99.87066415095207,93.32516377585048,95.54754960110864,120.0,128.0,81.00839079000062,81.00839079000062,81.00804437290323,full-error-sum,51.801286369
R2-C1-q48-base_columns,R2-C1,r2-full-objective-v1,conditional-Johnson,classical,dominant,"[""Johnson mutual correlated agreement at the same radius for all terms"", ""Theorem parameter must match actual PCS batching objects"", ""No complete Fiat-Shamir/QROM, MMCS structural or hiding composition proof"", ""Probability-sum and full-epsilon columns are arithmetic sensitivities, not replacement theorems""]",4,0.28125,0.71875,18.0,0.0625,16384,262144,True,57342.0,True,20639121408.0,3391488.0,18.0,20642512914.0,85.73510044335504,95.83006949512337,105.45069663148642,99.50809407156736,103.843599930769,101.73510044335504,120.0,128.0,78.44071674461797,78.44071674461797,78.44071590464392,fri-only,59.801286369
R2-C1-q48-base_columns,R2-C1,r2-full-objective-v1,conditional-Johnson,classical,dominant,"[""Johnson mutual correlated agreement at the same radius for all terms"", ""Theorem parameter must match actual PCS batching objects"", ""No complete Fiat-Shamir/QROM, MMCS structural or hiding composition proof"", ""Probability-sum and full-epsilon columns are arithmetic sensitivities, not replacement theorems""]",3,0.2916666666666667,0.7083333333333333,14.0,0.0625,16384,262144,True,60072.66666666667,True,5874472277.333333,2599594.6666666665,14.0,5877071886.0,87.54754960110864,96.19263957450808,105.81326671087113,99.87066415095207,101.32516377585048,103.54754960110864,120.0,128.0,80.2535671415415,80.2535671415415,80.25356452339884,full-minimum,59.801286369
R2-C1-q48-base_columns,R2-C1,r2-full-objective-v1,conditional-Johnson,classical,dominant,"[""Johnson mutual correlated agreement at the same radius for all terms"", ""Theorem parameter must match actual PCS batching objects"", ""No complete Fiat-Shamir/QROM, MMCS structural or hiding composition proof"", ""Probability-sum and full-epsilon columns are arithmetic sensitivities, not replacement theorems""]",3,0.2916666666666667,0.7083333333333333,14.0,0.0625,16384,262144,True,60072.66666666667,True,5874472277.333333,2599594.6666666665,14.0,5877071886.0,87.54754960110864,96.19263957450808,105.81326671087113,99.87066415095207,101.32516377585048,103.54754960110864,120.0,128.0,80.2535671415415,80.2535671415415,80.25356452339884,full-error-sum,59.801286369
R2-C1-q48-base_columns,R2-C1,r2-full-objective-v1,conditional-Johnson,classical,full,"[""Johnson mutual correlated agreement at the same radius for all terms"", ""Theorem parameter must match actual PCS batching objects"", ""No complete Fiat-Shamir/QROM, MMCS structural or hiding composition proof"", ""Probability-sum and full-epsilon columns are arithmetic sensitivities, not replacement theorems""]",4,0.28125,0.71875,18.0,0.0625,16384,262144,True,57342.0,True,20639121408.0,3391488.0,18.0,20642512914.0,85.73510044335504,95.83006949512337,105.45069663148642,99.50809407156736,103.843599930769,101.73510044335504,120.0,128.0,78.4404796944634,78.4404796944634,78.44047885462736,fri-only,59.801286369
R2-C1-q48-base_columns,R2-C1,r2-full-objective-v1,conditional-Johnson,classical,full,"[""Johnson mutual correlated agreement at the same radius for all terms"", ""Theorem parameter must match actual PCS batching objects"", ""No complete Fiat-Shamir/QROM, MMCS structural or hiding composition proof"", ""Probability-sum and full-epsilon columns are arithmetic sensitivities, not replacement theorems""]",3,0.2916666666666667,0.7083333333333333,14.0,0.0625,16384,262144,True,60072.66666666667,True,5874472277.333333,2599594.6666666665,14.0,5877071886.0,87.54754960110864,96.19263957450808,105.81326671087113,99.87066415095207,101.32516377585048,103.54754960110864,120.0,128.0,80.25292885221701,80.25292885221701,80.25292623523244,full-minimum,59.801286369
R2-C1-q48-base_columns,R2-C1,r2-full-objective-v1,conditional-Johnson,classical,full,"[""Johnson mutual correlated agreement at the same radius for all terms"", ""Theorem parameter must match actual PCS batching objects"", ""No complete Fiat-Shamir/QROM, MMCS structural or hiding composition proof"", ""Probability-sum and full-epsilon columns are arithmetic sensitivities, not replacement theorems""]",3,0.2916666666666667,0.7083333333333333,14.0,0.0625,16384,262144,True,60072.66666666667,True,5874472277.333333,2599594.6666666665,14.0,5877071886.0,87.54754960110864,96.19263957450808,105.81326671087113,99.87066415095207,101.32516377585048,103.54754960110864,120.0,128.0,80.25292885221701,80.25292885221701,80.25292623523244,full-error-sum,59.801286369
R2-C1-q48-base_columns,R2-C1,r2-full-objective-v1,conditional-Johnson,quantum_grinding_only,dominant,"[""Johnson mutual correlated agreement at the same radius for all terms"", ""Theorem parameter must match actual PCS batching objects"", ""No complete Fiat-Shamir/QROM, MMCS structural or hiding composition proof"", ""Probability-sum and full-epsilon columns are arithmetic sensitivities, not replacement theorems""]",4,0.28125,0.71875,18.0,0.0625,16384,262144,True,57342.0,True,20639121408.0,3391488.0,18.0,20642512914.0,85.73510044335504,95.83006949512337,105.45069663148642,99.50809407156736,95.843599930769,93.73510044335504,120.0,128.0,78.44071674461797,78.44071674461797,78.44067185211327,fri-only,51.801286369
R2-C1-q48-base_columns,R2-C1,r2-full-objective-v1,conditional-Johnson,quantum_grinding_only,dominant,"[""Johnson mutual correlated agreement at the same radius for all terms"", ""Theorem parameter must match actual PCS batching objects"", ""No complete Fiat-Shamir/QROM, MMCS structural or hiding composition proof"", ""Probability-sum and full-epsilon columns are arithmetic sensitivities, not replacement theorems""]",3,0.2916666666666667,0.7083333333333333,14.0,0.0625,16384,262144,True,60072.66666666667,True,5874472277.333333,2599594.6666666665,14.0,5877071886.0,87.54754960110864,96.19263957450808,105.81326671087113,99.87066415095207,93.32516377585048,95.54754960110864,120.0,128.0,80.2535671415415,80.2535671415415,80.25336183820885,full-minimum,51.801286369
R2-C1-q48-base_columns,R2-C1,r2-full-objective-v1,conditional-Johnson,quantum_grinding_only,dominant,"[""Johnson mutual correlated agreement at the same radius for all terms"", ""Theorem parameter must match actual PCS batching objects"", ""No complete Fiat-Shamir/QROM, MMCS structural or hiding composition proof"", ""Probability-sum and full-epsilon columns are arithmetic sensitivities, not replacement theorems""]",3,0.2916666666666667,0.7083333333333333,14.0,0.0625,16384,262144,True,60072.66666666667,True,5874472277.333333,2599594.6666666665,14.0,5877071886.0,87.54754960110864,96.19263957450808,105.81326671087113,99.87066415095207,93.32516377585048,95.54754960110864,120.0,128.0,80.2535671415415,80.2535671415415,80.25336183820885,full-error-sum,51.801286369
R2-C1-q48-base_columns,R2-C1,r2-full-objective-v1,conditional-Johnson,quantum_grinding_only,full,"[""Johnson mutual correlated agreement at the same radius for all terms"", ""Theorem parameter must match actual PCS batching objects"", ""No complete Fiat-Shamir/QROM, MMCS structural or hiding composition proof"", ""Probability-sum and full-epsilon columns are arithmetic sensitivities, not replacement theorems""]",4,0.28125,0.71875,18.0,0.0625,16384,262144,True,57342.0,True,20639121408.0,3391488.0,18.0,20642512914.0,85.73510044335504,95.83006949512337,105.45069663148642,99.50809407156736,95.843599930769,93.73510044335504,120.0,128.0,78.4404796944634,78.4404796944634,78.4404348093343,fri-only,51.801286369
R2-C1-q48-base_columns,R2-C1,r2-full-objective-v1,conditional-Johnson,quantum_grinding_only,full,"[""Johnson mutual correlated agreement at the same radius for all terms"", ""Theorem parameter must match actual PCS batching objects"", ""No complete Fiat-Shamir/QROM, MMCS structural or hiding composition proof"", ""Probability-sum and full-epsilon columns are arithmetic sensitivities, not replacement theorems""]",3,0.2916666666666667,0.7083333333333333,14.0,0.0625,16384,262144,True,60072.66666666667,True,5874472277.333333,2599594.6666666665,14.0,5877071886.0,87.54754960110864,96.19263957450808,105.81326671087113,99.87066415095207,93.32516377585048,95.54754960110864,120.0,128.0,80.25292885221701,80.25292885221701,80.25272363968985,full-minimum,51.801286369
R2-C1-q48-base_columns,R2-C1,r2-full-objective-v1,conditional-Johnson,quantum_grinding_only,full,"[""Johnson mutual correlated agreement at the same radius for all terms"", ""Theorem parameter must match actual PCS batching objects"", ""No complete Fiat-Shamir/QROM, MMCS structural or hiding composition proof"", ""Probability-sum and full-epsilon columns are arithmetic sensitivities, not replacement theorems""]",3,0.2916666666666667,0.7083333333333333,14.0,0.0625,16384,262144,True,60072.66666666667,True,5874472277.333333,2599594.6666666665,14.0,5877071886.0,87.54754960110864,96.19263957450808,105.81326671087113,99.87066415095207,93.32516377585048,95.54754960110864,120.0,128.0,80.25292885221701,80.25292885221701,80.25272363968985,full-error-sum,51.801286369
R2-C1-q48-reduction_terms,R2-C1,r2-full-objective-v1,conditional-Johnson,classical,dominant,"[""Johnson mutual correlated agreement at the same radius for all terms"", ""Theorem parameter must match actual PCS batching objects"", ""No complete Fiat-Shamir/QROM, MMCS structural or hiding composition proof"", ""Probability-sum and full-epsilon columns are arithmetic sensitivities, not replacement theorems""]",4,0.28125,0.71875,18.0,0.0625,16384,262144,True,57342.0,True,20639121408.0,3391488.0,18.0,20642512914.0,85.73510044335504,95.83006949512337,105.45069663148642,99.50809407156736,103.843599930769,101.73510044335504,120.0,128.0,77.81052498990383,77.81052498990383,77.81052444720449,fri-only,59.801286369
R2-C1-q48-reduction_terms,R2-C1,r2-full-objective-v1,conditional-Johnson,classical,dominant,"[""Johnson mutual correlated agreement at the same radius for all terms"", ""Theorem parameter must match actual PCS batching objects"", ""No complete Fiat-Shamir/QROM, MMCS structural or hiding composition proof"", ""Probability-sum and full-epsilon columns are arithmetic sensitivities, not replacement theorems""]",3,0.2916666666666667,0.7083333333333333,14.0,0.0625,16384,262144,True,60072.66666666667,True,5874472277.333333,2599594.6666666665,14.0,5877071886.0,87.54754960110864,96.19263957450808,105.81326671087113,99.87066415095207,101.32516377585048,103.54754960110864,120.0,128.0,79.62337538682735,79.62337538682735,79.62337369526962,full-minimum,59.801286369
R2-C1-q48-reduction_terms,R2-C1,r2-full-objective-v1,conditional-Johnson,classical,dominant,"[""Johnson mutual correlated agreement at the same radius for all terms"", ""Theorem parameter must match actual PCS batching objects"", ""No complete Fiat-Shamir/QROM, MMCS structural or hiding composition proof"", ""Probability-sum and full-epsilon columns are arithmetic sensitivities, not replacement theorems""]",3,0.2916666666666667,0.7083333333333333,14.0,0.0625,16384,262144,True,60072.66666666667,True,5874472277.333333,2599594.6666666665,14.0,5877071886.0,87.54754960110864,96.19263957450808,105.81326671087113,99.87066415095207,101.32516377585048,103.54754960110864,120.0,128.0,79.62337538682735,79.62337538682735,79.62337369526962,full-error-sum,59.801286369
R2-C1-q48-reduction_terms,R2-C1,r2-full-objective-v1,conditional-Johnson,classical,full,"[""Johnson mutual correlated agreement at the same radius for all terms"", ""Theorem parameter must match actual PCS batching objects"", ""No complete Fiat-Shamir/QROM, MMCS structural or hiding composition proof"", ""Probability-sum and full-epsilon columns are arithmetic sensitivities, not replacement theorems""]",4,0.28125,0.71875,18.0,0.0625,16384,262144,True,57342.0,True,20639121408.0,3391488.0,18.0,20642512914.0,85.73510044335504,95.83006949512337,105.45069663148642,99.50809407156736,103.843599930769,101.73510044335504,120.0,128.0,77.81028793974926,77.81028793974926,77.81028739713908,fri-only,59.801286369
R2-C1-q48-reduction_terms,R2-C1,r2-full-objective-v1,conditional-Johnson,classical,full,"[""Johnson mutual correlated agreement at the same radius for all terms"", ""Theorem parameter must match actual PCS batching objects"", ""No complete Fiat-Shamir/QROM, MMCS structural or hiding composition proof"", ""Probability-sum and full-epsilon columns are arithmetic sensitivities, not replacement theorems""]",3,0.2916666666666667,0.7083333333333333,14.0,0.0625,16384,262144,True,60072.66666666667,True,5874472277.333333,2599594.6666666665,14.0,5877071886.0,87.54754960110864,96.19263957450808,105.81326671087113,99.87066415095207,101.32516377585048,103.54754960110864,120.0,128.0,79.62273709750286,79.62273709750286,79.62273540669335,full-minimum,59.801286369
R2-C1-q48-reduction_terms,R2-C1,r2-full-objective-v1,conditional-Johnson,classical,full,"[""Johnson mutual correlated agreement at the same radius for all terms"", ""Theorem parameter must match actual PCS batching objects"", ""No complete Fiat-Shamir/QROM, MMCS structural or hiding composition proof"", ""Probability-sum and full-epsilon columns are arithmetic sensitivities, not replacement theorems""]",3,0.2916666666666667,0.7083333333333333,14.0,0.0625,16384,262144,True,60072.66666666667,True,5874472277.333333,2599594.6666666665,14.0,5877071886.0,87.54754960110864,96.19263957450808,105.81326671087113,99.87066415095207,101.32516377585048,103.54754960110864,120.0,128.0,79.62273709750286,79.62273709750286,79.62273540669335,full-error-sum,59.801286369
R2-C1-q48-reduction_terms,R2-C1,r2-full-objective-v1,conditional-Johnson,quantum_grinding_only,dominant,"[""Johnson mutual correlated agreement at the same radius for all terms"", ""Theorem parameter must match actual PCS batching objects"", ""No complete Fiat-Shamir/QROM, MMCS structural or hiding composition proof"", ""Probability-sum and full-epsilon columns are arithmetic sensitivities, not replacement theorems""]",4,0.28125,0.71875,18.0,0.0625,16384,262144,True,57342.0,True,20639121408.0,3391488.0,18.0,20642512914.0,85.73510044335504,95.83006949512337,105.45069663148642,99.50809407156736,95.843599930769,93.73510044335504,120.0,128.0,77.81052498990383,77.81052498990383,77.81049598512173,fri-only,51.801286369
R2-C1-q48-reduction_terms,R2-C1,r2-full-objective-v1,conditional-Johnson,quantum_grinding_only,dominant,"[""Johnson mutual correlated agreement at the same radius for all terms"", ""Theorem parameter must match actual PCS batching objects"", ""No complete Fiat-Shamir/QROM, MMCS structural or hiding composition proof"", ""Probability-sum and full-epsilon columns are arithmetic sensitivities, not replacement theorems""]",3,0.2916666666666667,0.7083333333333333,14.0,0.0625,16384,262144,True,60072.66666666667,True,5874472277.333333,2599594.6666666665,14.0,5877071886.0,87.54754960110864,96.19263957450808,105.81326671087113,99.87066415095207,93.32516377585048,95.54754960110864,120.0,128.0,79.62337538682735,79.62337538682735,79.62324273894717,full-minimum,51.801286369
R2-C1-q48-reduction_terms,R2-C1,r2-full-objective-v1,conditional-Johnson,quantum_grinding_only,dominant,"[""Johnson mutual correlated agreement at the same radius for all terms"", ""Theorem parameter must match actual PCS batching objects"", ""No complete Fiat-Shamir/QROM, MMCS structural or hiding composition proof"", ""Probability-sum and full-epsilon columns are arithmetic sensitivities, not replacement theorems""]",3,0.2916666666666667,0.7083333333333333,14.0,0.0625,16384,262144,True,60072.66666666667,True,5874472277.333333,2599594.6666666665,14.0,5877071886.0,87.54754960110864,96.19263957450808,105.81326671087113,99.87066415095207,93.32516377585048,95.54754960110864,120.0,128.0,79.62337538682735,79.62337538682735,79.62324273894717,full-error-sum,51.801286369
R2-C1-q48-reduction_terms,R2-C1,r2-full-objective-v1,conditional-Johnson,quantum_grinding_only,full,"[""Johnson mutual correlated agreement at the same radius for all terms"", ""Theorem parameter must match actual PCS batching objects"", ""No complete Fiat-Shamir/QROM, MMCS structural or hiding composition proof"", ""Probability-sum and full-epsilon columns are arithmetic sensitivities, not replacement theorems""]",4,0.28125,0.71875,18.0,0.0625,16384,262144,True,57342.0,True,20639121408.0,3391488.0,18.0,20642512914.0,85.73510044335504,95.83006949512337,105.45069663148642,99.50809407156736,95.843599930769,93.73510044335504,120.0,128.0,77.81028793974926,77.81028793974926,77.81025893973253,fri-only,51.801286369
R2-C1-q48-reduction_terms,R2-C1,r2-full-objective-v1,conditional-Johnson,quantum_grinding_only,full,"[""Johnson mutual correlated agreement at the same radius for all terms"", ""Theorem parameter must match actual PCS batching objects"", ""No complete Fiat-Shamir/QROM, MMCS structural or hiding composition proof"", ""Probability-sum and full-epsilon columns are arithmetic sensitivities, not replacement theorems""]",3,0.2916666666666667,0.7083333333333333,14.0,0.0625,16384,262144,True,60072.66666666667,True,5874472277.333333,2599594.6666666665,14.0,5877071886.0,87.54754960110864,96.19263957450808,105.81326671087113,99.87066415095207,93.32516377585048,95.54754960110864,120.0,128.0,79.62273709750286,79.62273709750286,79.6226045082942,full-minimum,51.801286369
R2-C1-q48-reduction_terms,R2-C1,r2-full-objective-v1,conditional-Johnson,quantum_grinding_only,full,"[""Johnson mutual correlated agreement at the same radius for all terms"", ""Theorem parameter must match actual PCS batching objects"", ""No complete Fiat-Shamir/QROM, MMCS structural or hiding composition proof"", ""Probability-sum and full-epsilon columns are arithmetic sensitivities, not replacement theorems""]",3,0.2916666666666667,0.7083333333333333,14.0,0.0625,16384,262144,True,60072.66666666667,True,5874472277.333333,2599594.6666666665,14.0,5877071886.0,87.54754960110864,96.19263957450808,105.81326671087113,99.87066415095207,93.32516377585048,95.54754960110864,120.0,128.0,79.62273709750286,79.62273709750286,79.6226045082942,full-error-sum,51.801286369
R2-C1-q64-declared,R2-C1,r2-full-objective-v1,conditional-Johnson,classical,dominant,"[""Johnson mutual correlated agreement at the same radius for all terms"", ""Theorem parameter must match actual PCS batching objects"", ""No complete Fiat-Shamir/QROM, MMCS structural or hiding composition proof"", ""Probability-sum and full-epsilon columns are arithmetic sensitivities, not replacement theorems""]",3,0.2916666666666667,0.7083333333333333,14.0,0.0625,16384,262144,True,60072.66666666667,True,5874472277.333333,2599594.6666666665,14.0,5877071886.0,87.54754960110864,96.19263957450808,105.81326671087113,99.87066415095207,129.76688503446732,103.54754960110864,120.0,128.0,81.0090290793251,81.0090290793251,81.00902576456753,fri-only,74.401715159
R2-C1-q64-declared,R2-C1,r2-full-objective-v1,conditional-Johnson,classical,dominant,"[""Johnson mutual correlated agreement at the same radius for all terms"", ""Theorem parameter must match actual PCS batching objects"", ""No complete Fiat-Shamir/QROM, MMCS structural or hiding composition proof"", ""Probability-sum and full-epsilon columns are arithmetic sensitivities, not replacement theorems""]",3,0.2916666666666667,0.7083333333333333,14.0,0.0625,16384,262144,True,60072.66666666667,True,5874472277.333333,2599594.6666666665,14.0,5877071886.0,87.54754960110864,96.19263957450808,105.81326671087113,99.87066415095207,129.76688503446732,103.54754960110864,120.0,128.0,81.0090290793251,81.0090290793251,81.00902576456753,full-minimum,74.401715159
R2-C1-q64-declared,R2-C1,r2-full-objective-v1,conditional-Johnson,classical,dominant,"[""Johnson mutual correlated agreement at the same radius for all terms"", ""Theorem parameter must match actual PCS batching objects"", ""No complete Fiat-Shamir/QROM, MMCS structural or hiding composition proof"", ""Probability-sum and full-epsilon columns are arithmetic sensitivities, not replacement theorems""]",3,0.2916666666666667,0.7083333333333333,14.0,0.0625,16384,262144,True,60072.66666666667,True,5874472277.333333,2599594.6666666665,14.0,5877071886.0,87.54754960110864,96.19263957450808,105.81326671087113,99.87066415095207,129.76688503446732,103.54754960110864,120.0,128.0,81.0090290793251,81.0090290793251,81.00902576456753,full-error-sum,74.401715159
R2-C1-q64-declared,R2-C1,r2-full-objective-v1,conditional-Johnson,classical,full,"[""Johnson mutual correlated agreement at the same radius for all terms"", ""Theorem parameter must match actual PCS batching objects"", ""No complete Fiat-Shamir/QROM, MMCS structural or hiding composition proof"", ""Probability-sum and full-epsilon columns are arithmetic sensitivities, not replacement theorems""]",3,0.2916666666666667,0.7083333333333333,14.0,0.0625,16384,262144,True,60072.66666666667,True,5874472277.333333,2599594.6666666665,14.0,5877071886.0,87.54754960110864,96.19263957450808,105.81326671087113,99.87066415095207,129.76688503446732,103.54754960110864,120.0,128.0,81.00839079000062,81.00839079000062,81.00838747670926,fri-only,74.401715159
R2-C1-q64-declared,R2-C1,r2-full-objective-v1,conditional-Johnson,classical,full,"[""Johnson mutual correlated agreement at the same radius for all terms"", ""Theorem parameter must match actual PCS batching objects"", ""No complete Fiat-Shamir/QROM, MMCS structural or hiding composition proof"", ""Probability-sum and full-epsilon columns are arithmetic sensitivities, not replacement theorems""]",3,0.2916666666666667,0.7083333333333333,14.0,0.0625,16384,262144,True,60072.66666666667,True,5874472277.333333,2599594.6666666665,14.0,5877071886.0,87.54754960110864,96.19263957450808,105.81326671087113,99.87066415095207,129.76688503446732,103.54754960110864,120.0,128.0,81.00839079000062,81.00839079000062,81.00838747670926,full-minimum,74.401715159
R2-C1-q64-declared,R2-C1,r2-full-objective-v1,conditional-Johnson,classical,full,"[""Johnson mutual correlated agreement at the same radius for all terms"", ""Theorem parameter must match actual PCS batching objects"", ""No complete Fiat-Shamir/QROM, MMCS structural or hiding composition proof"", ""Probability-sum and full-epsilon columns are arithmetic sensitivities, not replacement theorems""]",3,0.2916666666666667,0.7083333333333333,14.0,0.0625,16384,262144,True,60072.66666666667,True,5874472277.333333,2599594.6666666665,14.0,5877071886.0,87.54754960110864,96.19263957450808,105.81326671087113,99.87066415095207,129.76688503446732,103.54754960110864,120.0,128.0,81.00839079000062,81.00839079000062,81.00838747670926,full-error-sum,74.401715159
R2-C1-q64-declared,R2-C1,r2-full-objective-v1,conditional-Johnson,quantum_grinding_only,dominant,"[""Johnson mutual correlated agreement at the same radius for all terms"", ""Theorem parameter must match actual PCS batching objects"", ""No complete Fiat-Shamir/QROM, MMCS structural or hiding composition proof"", ""Probability-sum and full-epsilon columns are arithmetic sensitivities, not replacement theorems""]",3,0.2916666666666667,0.7083333333333333,14.0,0.0625,16384,262144,True,60072.66666666667,True,5874472277.333333,2599594.6666666665,14.0,5877071886.0,87.54754960110864,96.19263957450808,105.81326671087113,99.87066415095207,121.76688503446732,95.54754960110864,120.0,128.0,81.0090290793251,81.0090290793251,81.0089653788956,fri-only,66.401715159
R2-C1-q64-declared,R2-C1,r2-full-objective-v1,conditional-Johnson,quantum_grinding_only,dominant,"[""Johnson mutual correlated agreement at the same radius for all terms"", ""Theorem parameter must match actual PCS batching objects"", ""No complete Fiat-Shamir/QROM, MMCS structural or hiding composition proof"", ""Probability-sum and full-epsilon columns are arithmetic sensitivities, not replacement theorems""]",3,0.2916666666666667,0.7083333333333333,14.0,0.0625,16384,262144,True,60072.66666666667,True,5874472277.333333,2599594.6666666665,14.0,5877071886.0,87.54754960110864,96.19263957450808,105.81326671087113,99.87066415095207,121.76688503446732,95.54754960110864,120.0,128.0,81.0090290793251,81.0090290793251,81.0089653788956,full-minimum,66.401715159
R2-C1-q64-declared,R2-C1,r2-full-objective-v1,conditional-Johnson,quantum_grinding_only,dominant,"[""Johnson mutual correlated agreement at the same radius for all terms"", ""Theorem parameter must match actual PCS batching objects"", ""No complete Fiat-Shamir/QROM, MMCS structural or hiding composition proof"", ""Probability-sum and full-epsilon columns are arithmetic sensitivities, not replacement theorems""]",3,0.2916666666666667,0.7083333333333333,14.0,0.0625,16384,262144,True,60072.66666666667,True,5874472277.333333,2599594.6666666665,14.0,5877071886.0,87.54754960110864,96.19263957450808,105.81326671087113,99.87066415095207,121.76688503446732,95.54754960110864,120.0,128.0,81.0090290793251,81.0090290793251,81.0089653788956,full-error-sum,66.401715159
R2-C1-q64-declared,R2-C1,r2-full-objective-v1,conditional-Johnson,quantum_grinding_only,full,"[""Johnson mutual correlated agreement at the same radius for all terms"", ""Theorem parameter must match actual PCS batching objects"", ""No complete Fiat-Shamir/QROM, MMCS structural or hiding composition proof"", ""Probability-sum and full-epsilon columns are arithmetic sensitivities, not replacement theorems""]",3,0.2916666666666667,0.7083333333333333,14.0,0.0625,16384,262144,True,60072.66666666667,True,5874472277.333333,2599594.6666666665,14.0,5877071886.0,87.54754960110864,96.19263957450808,105.81326671087113,99.87066415095207,121.76688503446732,95.54754960110864,120.0,128.0,81.00839079000062,81.00839079000062,81.00832711774713,fri-only,66.401715159
R2-C1-q64-declared,R2-C1,r2-full-objective-v1,conditional-Johnson,quantum_grinding_only,full,"[""Johnson mutual correlated agreement at the same radius for all terms"", ""Theorem parameter must match actual PCS batching objects"", ""No complete Fiat-Shamir/QROM, MMCS structural or hiding composition proof"", ""Probability-sum and full-epsilon columns are arithmetic sensitivities, not replacement theorems""]",3,0.2916666666666667,0.7083333333333333,14.0,0.0625,16384,262144,True,60072.66666666667,True,5874472277.333333,2599594.6666666665,14.0,5877071886.0,87.54754960110864,96.19263957450808,105.81326671087113,99.87066415095207,121.76688503446732,95.54754960110864,120.0,128.0,81.00839079000062,81.00839079000062,81.00832711774713,full-minimum,66.401715159
R2-C1-q64-declared,R2-C1,r2-full-objective-v1,conditional-Johnson,quantum_grinding_only,full,"[""Johnson mutual correlated agreement at the same radius for all terms"", ""Theorem parameter must match actual PCS batching objects"", ""No complete Fiat-Shamir/QROM, MMCS structural or hiding composition proof"", ""Probability-sum and full-epsilon columns are arithmetic sensitivities, not replacement theorems""]",3,0.2916666666666667,0.7083333333333333,14.0,0.0625,16384,262144,True,60072.66666666667,True,5874472277.333333,2599594.6666666665,14.0,5877071886.0,87.54754960110864,96.19263957450808,105.81326671087113,99.87066415095207,121.76688503446732,95.54754960110864,120.0,128.0,81.00839079000062,81.00839079000062,81.00832711774713,full-error-sum,66.401715159
R2-C1-q64-base_columns,R2-C1,r2-full-objective-v1,conditional-Johnson,classical,dominant,"[""Johnson mutual correlated agreement at the same radius for all terms"", ""Theorem parameter must match actual PCS batching objects"", ""No complete Fiat-Shamir/QROM, MMCS structural or hiding composition proof"", ""Probability-sum and full-epsilon columns are arithmetic sensitivities, not replacement theorems""]",3,0.2916666666666667,0.7083333333333333,14.0,0.0625,16384,262144,True,60072.66666666667,True,5874472277.333333,2599594.6666666665,14.0,5877071886.0,87.54754960110864,96.19263957450808,105.81326671087113,99.87066415095207,129.76688503446732,103.54754960110864,120.0,128.0,80.2535671415415,80.2535671415415,80.25356517802176,fri-only,74.401715159
R2-C1-q64-base_columns,R2-C1,r2-full-objective-v1,conditional-Johnson,classical,dominant,"[""Johnson mutual correlated agreement at the same radius for all terms"", ""Theorem parameter must match actual PCS batching objects"", ""No complete Fiat-Shamir/QROM, MMCS structural or hiding composition proof"", ""Probability-sum and full-epsilon columns are arithmetic sensitivities, not replacement theorems""]",3,0.2916666666666667,0.7083333333333333,14.0,0.0625,16384,262144,True,60072.66666666667,True,5874472277.333333,2599594.6666666665,14.0,5877071886.0,87.54754960110864,96.19263957450808,105.81326671087113,99.87066415095207,129.76688503446732,103.54754960110864,120.0,128.0,80.2535671415415,80.2535671415415,80.25356517802176,full-minimum,74.401715159
R2-C1-q64-base_columns,R2-C1,r2-full-objective-v1,conditional-Johnson,classical,dominant,"[""Johnson mutual correlated agreement at the same radius for all terms"", ""Theorem parameter must match actual PCS batching objects"", ""No complete Fiat-Shamir/QROM, MMCS structural or hiding composition proof"", ""Probability-sum and full-epsilon columns are arithmetic sensitivities, not replacement theorems""]",3,0.2916666666666667,0.7083333333333333,14.0,0.0625,16384,262144,True,60072.66666666667,True,5874472277.333333,2599594.6666666665,14.0,5877071886.0,87.54754960110864,96.19263957450808,105.81326671087113,99.87066415095207,129.76688503446732,103.54754960110864,120.0,128.0,80.2535671415415,80.2535671415415,80.25356517802176,full-error-sum,74.401715159
R2-C1-q64-base_columns,R2-C1,r2-full-objective-v1,conditional-Johnson,classical,full,"[""Johnson mutual correlated agreement at the same radius for all terms"", ""Theorem parameter must match actual PCS batching objects"", ""No complete Fiat-Shamir/QROM, MMCS structural or hiding composition proof"", ""Probability-sum and full-epsilon columns are arithmetic sensitivities, not replacement theorems""]",3,0.2916666666666667,0.7083333333333333,14.0,0.0625,16384,262144,True,60072.66666666667,True,5874472277.333333,2599594.6666666665,14.0,5877071886.0,87.54754960110864,96.19263957450808,105.81326671087113,99.87066415095207,129.76688503446732,103.54754960110864,120.0,128.0,80.25292885221701,80.25292885221701,80.2529268895658,fri-only,74.401715159
R2-C1-q64-base_columns,R2-C1,r2-full-objective-v1,conditional-Johnson,classical,full,"[""Johnson mutual correlated agreement at the same radius for all terms"", ""Theorem parameter must match actual PCS batching objects"", ""No complete Fiat-Shamir/QROM, MMCS structural or hiding composition proof"", ""Probability-sum and full-epsilon columns are arithmetic sensitivities, not replacement theorems""]",3,0.2916666666666667,0.7083333333333333,14.0,0.0625,16384,262144,True,60072.66666666667,True,5874472277.333333,2599594.6666666665,14.0,5877071886.0,87.54754960110864,96.19263957450808,105.81326671087113,99.87066415095207,129.76688503446732,103.54754960110864,120.0,128.0,80.25292885221701,80.25292885221701,80.2529268895658,full-minimum,74.401715159
R2-C1-q64-base_columns,R2-C1,r2-full-objective-v1,conditional-Johnson,classical,full,"[""Johnson mutual correlated agreement at the same radius for all terms"", ""Theorem parameter must match actual PCS batching objects"", ""No complete Fiat-Shamir/QROM, MMCS structural or hiding composition proof"", ""Probability-sum and full-epsilon columns are arithmetic sensitivities, not replacement theorems""]",3,0.2916666666666667,0.7083333333333333,14.0,0.0625,16384,262144,True,60072.66666666667,True,5874472277.333333,2599594.6666666665,14.0,5877071886.0,87.54754960110864,96.19263957450808,105.81326671087113,99.87066415095207,129.76688503446732,103.54754960110864,120.0,128.0,80.25292885221701,80.25292885221701,80.2529268895658,full-error-sum,74.401715159
R2-C1-q64-base_columns,R2-C1,r2-full-objective-v1,conditional-Johnson,quantum_grinding_only,dominant,"[""Johnson mutual correlated agreement at the same radius for all terms"", ""Theorem parameter must match actual PCS batching objects"", ""No complete Fiat-Shamir/QROM, MMCS structural or hiding composition proof"", ""Probability-sum and full-epsilon columns are arithmetic sensitivities, not replacement theorems""]",3,0.2916666666666667,0.7083333333333333,14.0,0.0625,16384,262144,True,60072.66666666667,True,5874472277.333333,2599594.6666666665,14.0,5877071886.0,87.54754960110864,96.19263957450808,105.81326671087113,99.87066415095207,121.76688503446732,95.54754960110864,120.0,128.0,80.2535671415415,80.2535671415415,80.25352940782648,fri-only,66.401715159
R2-C1-q64-base_columns,R2-C1,r2-full-objective-v1,conditional-Johnson,quantum_grinding_only,dominant,"[""Johnson mutual correlated agreement at the same radius for all terms"", ""Theorem parameter must match actual PCS batching objects"", ""No complete Fiat-Shamir/QROM, MMCS structural or hiding composition proof"", ""Probability-sum and full-epsilon columns are arithmetic sensitivities, not replacement theorems""]",3,0.2916666666666667,0.7083333333333333,14.0,0.0625,16384,262144,True,60072.66666666667,True,5874472277.333333,2599594.6666666665,14.0,5877071886.0,87.54754960110864,96.19263957450808,105.81326671087113,99.87066415095207,121.76688503446732,95.54754960110864,120.0,128.0,80.2535671415415,80.2535671415415,80.25352940782648,full-minimum,66.401715159
R2-C1-q64-base_columns,R2-C1,r2-full-objective-v1,conditional-Johnson,quantum_grinding_only,dominant,"[""Johnson mutual correlated agreement at the same radius for all terms"", ""Theorem parameter must match actual PCS batching objects"", ""No complete Fiat-Shamir/QROM, MMCS structural or hiding composition proof"", ""Probability-sum and full-epsilon columns are arithmetic sensitivities, not replacement theorems""]",3,0.2916666666666667,0.7083333333333333,14.0,0.0625,16384,262144,True,60072.66666666667,True,5874472277.333333,2599594.6666666665,14.0,5877071886.0,87.54754960110864,96.19263957450808,105.81326671087113,99.87066415095207,121.76688503446732,95.54754960110864,120.0,128.0,80.2535671415415,80.2535671415415,80.25352940782648,full-error-sum,66.401715159
R2-C1-q64-base_columns,R2-C1,r2-full-objective-v1,conditional-Johnson,quantum_grinding_only,full,"[""Johnson mutual correlated agreement at the same radius for all terms"", ""Theorem parameter must match actual PCS batching objects"", ""No complete Fiat-Shamir/QROM, MMCS structural or hiding composition proof"", ""Probability-sum and full-epsilon columns are arithmetic sensitivities, not replacement theorems""]",3,0.2916666666666667,0.7083333333333333,14.0,0.0625,16384,262144,True,60072.66666666667,True,5874472277.333333,2599594.6666666665,14.0,5877071886.0,87.54754960110864,96.19263957450808,105.81326671087113,99.87066415095207,121.76688503446732,95.54754960110864,120.0,128.0,80.25292885221701,80.25292885221701,80.25289113519254,fri-only,66.401715159
R2-C1-q64-base_columns,R2-C1,r2-full-objective-v1,conditional-Johnson,quantum_grinding_only,full,"[""Johnson mutual correlated agreement at the same radius for all terms"", ""Theorem parameter must match actual PCS batching objects"", ""No complete Fiat-Shamir/QROM, MMCS structural or hiding composition proof"", ""Probability-sum and full-epsilon columns are arithmetic sensitivities, not replacement theorems""]",3,0.2916666666666667,0.7083333333333333,14.0,0.0625,16384,262144,True,60072.66666666667,True,5874472277.333333,2599594.6666666665,14.0,5877071886.0,87.54754960110864,96.19263957450808,105.81326671087113,99.87066415095207,121.76688503446732,95.54754960110864,120.0,128.0,80.25292885221701,80.25292885221701,80.25289113519254,full-minimum,66.401715159
R2-C1-q64-base_columns,R2-C1,r2-full-objective-v1,conditional-Johnson,quantum_grinding_only,full,"[""Johnson mutual correlated agreement at the same radius for all terms"", ""Theorem parameter must match actual PCS batching objects"", ""No complete Fiat-Shamir/QROM, MMCS structural or hiding composition proof"", ""Probability-sum and full-epsilon columns are arithmetic sensitivities, not replacement theorems""]",3,0.2916666666666667,0.7083333333333333,14.0,0.0625,16384,262144,True,60072.66666666667,True,5874472277.333333,2599594.6666666665,14.0,5877071886.0,87.54754960110864,96.19263957450808,105.81326671087113,99.87066415095207,121.76688503446732,95.54754960110864,120.0,128.0,80.25292885221701,80.25292885221701,80.25289113519254,full-error-sum,66.401715159
R2-C1-q64-reduction_terms,R2-C1,r2-full-objective-v1,conditional-Johnson,classical,dominant,"[""Johnson mutual correlated agreement at the same radius for all terms"", ""Theorem parameter must match actual PCS batching objects"", ""No complete Fiat-Shamir/QROM, MMCS structural or hiding composition proof"", ""Probability-sum and full-epsilon columns are arithmetic sensitivities, not replacement theorems""]",3,0.2916666666666667,0.7083333333333333,14.0,0.0625,16384,262144,True,60072.66666666667,True,5874472277.333333,2599594.6666666665,14.0,5877071886.0,87.54754960110864,96.19263957450808,105.81326671087113,99.87066415095207,129.76688503446732,103.54754960110864,120.0,128.0,79.62337538682735,79.62337538682735,79.62337411821552,fri-only,74.401715159
R2-C1-q64-reduction_terms,R2-C1,r2-full-objective-v1,conditional-Johnson,classical,dominant,"[""Johnson mutual correlated agreement at the same radius for all terms"", ""Theorem parameter must match actual PCS batching objects"", ""No complete Fiat-Shamir/QROM, MMCS structural or hiding composition proof"", ""Probability-sum and full-epsilon columns are arithmetic sensitivities, not replacement theorems""]",3,0.2916666666666667,0.7083333333333333,14.0,0.0625,16384,262144,True,60072.66666666667,True,5874472277.333333,2599594.6666666665,14.0,5877071886.0,87.54754960110864,96.19263957450808,105.81326671087113,99.87066415095207,129.76688503446732,103.54754960110864,120.0,128.0,79.62337538682735,79.62337538682735,79.62337411821552,full-minimum,74.401715159
R2-C1-q64-reduction_terms,R2-C1,r2-full-objective-v1,conditional-Johnson,classical,dominant,"[""Johnson mutual correlated agreement at the same radius for all terms"", ""Theorem parameter must match actual PCS batching objects"", ""No complete Fiat-Shamir/QROM, MMCS structural or hiding composition proof"", ""Probability-sum and full-epsilon columns are arithmetic sensitivities, not replacement theorems""]",3,0.2916666666666667,0.7083333333333333,14.0,0.0625,16384,262144,True,60072.66666666667,True,5874472277.333333,2599594.6666666665,14.0,5877071886.0,87.54754960110864,96.19263957450808,105.81326671087113,99.87066415095207,129.76688503446732,103.54754960110864,120.0,128.0,79.62337538682735,79.62337538682735,79.62337411821552,full-error-sum,74.401715159
R2-C1-q64-reduction_terms,R2-C1,r2-full-objective-v1,conditional-Johnson,classical,full,"[""Johnson mutual correlated agreement at the same radius for all terms"", ""Theorem parameter must match actual PCS batching objects"", ""No complete Fiat-Shamir/QROM, MMCS structural or hiding composition proof"", ""Probability-sum and full-epsilon columns are arithmetic sensitivities, not replacement theorems""]",3,0.2916666666666667,0.7083333333333333,14.0,0.0625,16384,262144,True,60072.66666666667,True,5874472277.333333,2599594.6666666665,14.0,5877071886.0,87.54754960110864,96.19263957450808,105.81326671087113,99.87066415095207,129.76688503446732,103.54754960110864,120.0,128.0,79.62273709750286,79.62273709750286,79.62273582945218,fri-only,74.401715159
R2-C1-q64-reduction_terms,R2-C1,r2-full-objective-v1,conditional-Johnson,classical,full,"[""Johnson mutual correlated agreement at the same radius for all terms"", ""Theorem parameter must match actual PCS batching objects"", ""No complete Fiat-Shamir/QROM, MMCS structural or hiding composition proof"", ""Probability-sum and full-epsilon columns are arithmetic sensitivities, not replacement theorems""]",3,0.2916666666666667,0.7083333333333333,14.0,0.0625,16384,262144,True,60072.66666666667,True,5874472277.333333,2599594.6666666665,14.0,5877071886.0,87.54754960110864,96.19263957450808,105.81326671087113,99.87066415095207,129.76688503446732,103.54754960110864,120.0,128.0,79.62273709750286,79.62273709750286,79.62273582945218,full-minimum,74.401715159
R2-C1-q64-reduction_terms,R2-C1,r2-full-objective-v1,conditional-Johnson,classical,full,"[""Johnson mutual correlated agreement at the same radius for all terms"", ""Theorem parameter must match actual PCS batching objects"", ""No complete Fiat-Shamir/QROM, MMCS structural or hiding composition proof"", ""Probability-sum and full-epsilon columns are arithmetic sensitivities, not replacement theorems""]",3,0.2916666666666667,0.7083333333333333,14.0,0.0625,16384,262144,True,60072.66666666667,True,5874472277.333333,2599594.6666666665,14.0,5877071886.0,87.54754960110864,96.19263957450808,105.81326671087113,99.87066415095207,129.76688503446732,103.54754960110864,120.0,128.0,79.62273709750286,79.62273709750286,79.62273582945218,full-error-sum,74.401715159
R2-C1-q64-reduction_terms,R2-C1,r2-full-objective-v1,conditional-Johnson,quantum_grinding_only,dominant,"[""Johnson mutual correlated agreement at the same radius for all terms"", ""Theorem parameter must match actual PCS batching objects"", ""No complete Fiat-Shamir/QROM, MMCS structural or hiding composition proof"", ""Probability-sum and full-epsilon columns are arithmetic sensitivities, not replacement theorems""]",3,0.2916666666666667,0.7083333333333333,14.0,0.0625,16384,262144,True,60072.66666666667,True,5874472277.333333,2599594.6666666665,14.0,5877071886.0,87.54754960110864,96.19263957450808,105.81326671087113,99.87066415095207,121.76688503446732,95.54754960110864,120.0,128.0,79.62337538682735,79.62337538682735,79.62335100731839,fri-only,66.401715159
R2-C1-q64-reduction_terms,R2-C1,r2-full-objective-v1,conditional-Johnson,quantum_grinding_only,dominant,"[""Johnson mutual correlated agreement at the same radius for all terms"", ""Theorem parameter must match actual PCS batching objects"", ""No complete Fiat-Shamir/QROM, MMCS structural or hiding composition proof"", ""Probability-sum and full-epsilon columns are arithmetic sensitivities, not replacement theorems""]",3,0.2916666666666667,0.7083333333333333,14.0,0.0625,16384,262144,True,60072.66666666667,True,5874472277.333333,2599594.6666666665,14.0,5877071886.0,87.54754960110864,96.19263957450808,105.81326671087113,99.87066415095207,121.76688503446732,95.54754960110864,120.0,128.0,79.62337538682735,79.62337538682735,79.62335100731839,full-minimum,66.401715159
R2-C1-q64-reduction_terms,R2-C1,r2-full-objective-v1,conditional-Johnson,quantum_grinding_only,dominant,"[""Johnson mutual correlated agreement at the same radius for all terms"", ""Theorem parameter must match actual PCS batching objects"", ""No complete Fiat-Shamir/QROM, MMCS structural or hiding composition proof"", ""Probability-sum and full-epsilon columns are arithmetic sensitivities, not replacement theorems""]",3,0.2916666666666667,0.7083333333333333,14.0,0.0625,16384,262144,True,60072.66666666667,True,5874472277.333333,2599594.6666666665,14.0,5877071886.0,87.54754960110864,96.19263957450808,105.81326671087113,99.87066415095207,121.76688503446732,95.54754960110864,120.0,128.0,79.62337538682735,79.62337538682735,79.62335100731839,full-error-sum,66.401715159
R2-C1-q64-reduction_terms,R2-C1,r2-full-objective-v1,conditional-Johnson,quantum_grinding_only,full,"[""Johnson mutual correlated agreement at the same radius for all terms"", ""Theorem parameter must match actual PCS batching objects"", ""No complete Fiat-Shamir/QROM, MMCS structural or hiding composition proof"", ""Probability-sum and full-epsilon columns are arithmetic sensitivities, not replacement theorems""]",3,0.2916666666666667,0.7083333333333333,14.0,0.0625,16384,262144,True,60072.66666666667,True,5874472277.333333,2599594.6666666665,14.0,5877071886.0,87.54754960110864,96.19263957450808,105.81326671087113,99.87066415095207,121.76688503446732,95.54754960110864,120.0,128.0,79.62273709750286,79.62273709750286,79.62271272877761,fri-only,66.401715159
R2-C1-q64-reduction_terms,R2-C1,r2-full-objective-v1,conditional-Johnson,quantum_grinding_only,full,"[""Johnson mutual correlated agreement at the same radius for all terms"", ""Theorem parameter must match actual PCS batching objects"", ""No complete Fiat-Shamir/QROM, MMCS structural or hiding composition proof"", ""Probability-sum and full-epsilon columns are arithmetic sensitivities, not replacement theorems""]",3,0.2916666666666667,0.7083333333333333,14.0,0.0625,16384,262144,True,60072.66666666667,True,5874472277.333333,2599594.6666666665,14.0,5877071886.0,87.54754960110864,96.19263957450808,105.81326671087113,99.87066415095207,121.76688503446732,95.54754960110864,120.0,128.0,79.62273709750286,79.62273709750286,79.62271272877761,full-minimum,66.401715159
R2-C1-q64-reduction_terms,R2-C1,r2-full-objective-v1,conditional-Johnson,quantum_grinding_only,full,"[""Johnson mutual correlated agreement at the same radius for all terms"", ""Theorem parameter must match actual PCS batching objects"", ""No complete Fiat-Shamir/QROM, MMCS structural or hiding composition proof"", ""Probability-sum and full-epsilon columns are arithmetic sensitivities, not replacement theorems""]",3,0.2916666666666667,0.7083333333333333,14.0,0.0625,16384,262144,True,60072.66666666667,True,5874472277.333333,2599594.6666666665,14.0,5877071886.0,87.54754960110864,96.19263957450808,105.81326671087113,99.87066415095207,121.76688503446732,95.54754960110864,120.0,128.0,79.62273709750286,79.62273709750286,79.62271272877761,full-error-sum,66.401715159
R2-C2-q32-declared,R2-C2,r2-full-objective-v1,conditional-Johnson,classical,dominant,"[""Johnson mutual correlated agreement at the same radius for all terms"", ""Theorem parameter must match actual PCS batching objects"", ""No complete Fiat-Shamir/QROM, MMCS structural or hiding composition proof"", ""Probability-sum and full-epsilon columns are arithmetic sensitivities, not replacement theorems""]",65,0.2519230769230769,0.7480769230769231,262.0,0.0625,128,2048,True,385.9384615384615,True,105347726406997.33,401400.1230769231,262.0,105347726808659.45,73.4178474875333,98.96587272945129,101.14002851117164,101.95814837639196,79.64623396771213,89.4178474875333,120.0,128.0,64.96252027272934,64.96252027272934,64.96246539137546,fri-only,45.158776361
R2-C2-q32-declared,R2-C2,r2-full-objective-v1,conditional-Johnson,classical,dominant,"[""Johnson mutual correlated agreement at the same radius for all terms"", ""Theorem parameter must match actual PCS batching objects"", ""No complete Fiat-Shamir/QROM, MMCS structural or hiding composition proof"", ""Probability-sum and full-epsilon columns are arithmetic sensitivities, not replacement theorems""]",10,0.2625,0.7375,42.0,0.0625,128,2048,True,407.6,True,11152318464.0,63436.8,42.0,11152381942.8,86.62336717505599,101.60697830820999,103.78113408993033,104.59925395515066,77.74754150747526,102.62336717505599,120.0,128.0,78.1680481665228,77.74754150747526,76.94252792707094,full-minimum,45.158776361
R2-C2-q32-declared,R2-C2,r2-full-objective-v1,conditional-Johnson,classical,dominant,"[""Johnson mutual correlated agreement at the same radius for all terms"", ""Theorem parameter must match actual PCS batching objects"", ""No complete Fiat-Shamir/QROM, MMCS structural or hiding composition proof"", ""Probability-sum and full-epsilon columns are arithmetic sensitivities, not replacement theorems""]",9,0.2638888888888889,0.7361111111111112,38.0,0.0625,128,2048,True,410.44444444444446,True,6761401002.666667,57287.11111111112,38.0,6761458327.777778,87.34531270196972,101.75136821754516,103.9255239992655,104.74364386448583,77.50391961595926,103.34531270196972,120.0,128.0,78.88999771319868,77.50391961595926,77.0365321179118,full-error-sum,45.158776361
R2-C2-q32-declared,R2-C2,r2-full-objective-v1,conditional-Johnson,classical,full,"[""Johnson mutual correlated agreement at the same radius for all terms"", ""Theorem parameter must match actual PCS batching objects"", ""No complete Fiat-Shamir/QROM, MMCS structural or hiding composition proof"", ""Probability-sum and full-epsilon columns are arithmetic sensitivities, not replacement theorems""]",65,0.2519230769230769,0.7480769230769231,262.0,0.0625,128,2048,True,385.9384615384615,True,105347726406997.33,401400.1230769231,262.0,105347726808659.45,73.4178474875333,98.96587272945129,101.14002851117164,101.95814837639196,79.64623396771213,89.4178474875333,120.0,128.0,64.96252026722874,64.96252026722874,64.96246538587508,fri-only,45.158776361
R2-C2-q32-declared,R2-C2,r2-full-objective-v1,conditional-Johnson,classical,full,"[""Johnson mutual correlated agreement at the same radius for all terms"", ""Theorem parameter must match actual PCS batching objects"", ""No complete Fiat-Shamir/QROM, MMCS structural or hiding composition proof"", ""Probability-sum and full-epsilon columns are arithmetic sensitivities, not replacement theorems""]",10,0.2625,0.7375,42.0,0.0625,128,2048,True,407.6,True,11152318464.0,63436.8,42.0,11152381942.8,86.62336717505599,101.60697830820999,103.78113408993033,104.59925395515066,77.74754150747526,102.62336717505599,120.0,128.0,78.16803995475144,77.74754150747526,76.94252441535642,full-minimum,45.158776361
R2-C2-q32-declared,R2-C2,r2-full-objective-v1,conditional-Johnson,classical,full,"[""Johnson mutual correlated agreement at the same radius for all terms"", ""Theorem parameter must match actual PCS batching objects"", ""No complete Fiat-Shamir/QROM, MMCS structural or hiding composition proof"", ""Probability-sum and full-epsilon columns are arithmetic sensitivities, not replacement theorems""]",9,0.2638888888888889,0.7361111111111112,38.0,0.0625,128,2048,True,410.44444444444446,True,6761401002.666667,57287.11111111112,38.0,6761458327.777778,87.34531270196972,101.75136821754516,103.9255239992655,104.74364386448583,77.50391961595926,103.34531270196972,120.0,128.0,78.88998548166515,77.50391961595926,77.03652873310799,full-error-sum,45.158776361
R2-C2-q32-declared,R2-C2,r2-full-objective-v1,conditional-Johnson,quantum_grinding_only,dominant,"[""Johnson mutual correlated agreement at the same radius for all terms"", ""Theorem parameter must match actual PCS batching objects"", ""No complete Fiat-Shamir/QROM, MMCS structural or hiding composition proof"", ""Probability-sum and full-epsilon columns are arithmetic sensitivities, not replacement theorems""]",65,0.2519230769230769,0.7480769230769231,262.0,0.0625,128,2048,True,385.9384615384615,True,105347726406997.33,401400.1230769231,262.0,105347726808659.45,73.4178474875333,98.96587272945129,101.14002851117164,101.95814837639196,71.64623396771213,81.4178474875333,120.0,128.0,64.96252027272934,64.96252027272934,64.94853835876106,fri-only,37.158776361
R2-C2-q32-declared,R2-C2,r2-full-objective-v1,conditional-Johnson,quantum_grinding_only,dominant,"[""Johnson mutual correlated agreement at the same radius for all terms"", ""Theorem parameter must match actual PCS batching objects"", ""No complete Fiat-Shamir/QROM, MMCS structural or hiding composition proof"", ""Probability-sum and full-epsilon columns are arithmetic sensitivities, not replacement theorems""]",27,0.25462962962962965,0.7453703703703703,110.0,0.0625,128,2048,True,391.4814814814815,True,1374301866666.6667,167917.03703703702,110.0,1374302034693.7039,79.67816375670884,100.21793601746408,102.39209179918443,103.21021166440477,71.15288923644188,87.67816375670884,120.0,128.0,71.22283671279331,71.15288923644188,70.18743126667873,full-minimum,37.158776361
R2-C2-q32-declared,R2-C2,r2-full-objective-v1,conditional-Johnson,quantum_grinding_only,dominant,"[""Johnson mutual correlated agreement at the same radius for all terms"", ""Theorem parameter must match actual PCS batching objects"", ""No complete Fiat-Shamir/QROM, MMCS structural or hiding composition proof"", ""Probability-sum and full-epsilon columns are arithmetic sensitivities, not replacement theorems""]",20,0.25625,0.74375,82.0,0.0625,128,2048,True,394.79999999999995,True,316364666197.3333,124902.40000000001,82.0,316364791181.73334,81.79720190767347,100.64174372637066,102.81589950809101,103.63401937331133,70.86003488861692,89.79720190767347,120.0,128.0,73.3418752573262,70.86003488861692,70.62244927682538,full-error-sum,37.158776361
R2-C2-q32-declared,R2-C2,r2-full-objective-v1,conditional-Johnson,quantum_grinding_only,full,"[""Johnson mutual correlated agreement at the same radius for all terms"", ""Theorem parameter must match actual PCS batching objects"", ""No complete Fiat-Shamir/QROM, MMCS structural or hiding composition proof"", ""Probability-sum and full-epsilon columns are arithmetic sensitivities, not replacement theorems""]",65,0.2519230769230769,0.7480769230769231,262.0,0.0625,128,2048,True,385.9384615384615,True,105347726406997.33,401400.1230769231,262.0,105347726808659.45,73.4178474875333,98.96587272945129,101.14002851117164,101.95814837639196,71.64623396771213,81.4178474875333,120.0,128.0,64.96252026722874,64.96252026722874,64.94853835331352,fri-only,37.158776361
R2-C2-q32-declared,R2-C2,r2-full-objective-v1,conditional-Johnson,quantum_grinding_only,full,"[""Johnson mutual correlated agreement at the same radius for all terms"", ""Theorem parameter must match actual PCS batching objects"", ""No complete Fiat-Shamir/QROM, MMCS structural or hiding composition proof"", ""Probability-sum and full-epsilon columns are arithmetic sensitivities, not replacement theorems""]",27,0.25462962962962965,0.7453703703703703,110.0,0.0625,128,2048,True,391.4814814814815,True,1374301866666.6667,167917.03703703702,110.0,1374302034693.7039,79.67816375670884,100.21793601746408,102.39209179918443,103.21021166440477,71.15288923644188,87.67816375670884,120.0,128.0,71.22283653640429,71.15288923644188,70.18743118062227,full-minimum,37.158776361
R2-C2-q32-declared,R2-C2,r2-full-objective-v1,conditional-Johnson,quantum_grinding_only,full,"[""Johnson mutual correlated agreement at the same radius for all terms"", ""Theorem parameter must match actual PCS batching objects"", ""No complete Fiat-Shamir/QROM, MMCS structural or hiding composition proof"", ""Probability-sum and full-epsilon columns are arithmetic sensitivities, not replacement theorems""]",20,0.25625,0.74375,82.0,0.0625,128,2048,True,394.79999999999995,True,316364666197.3333,124902.40000000001,82.0,316364791181.73334,81.79720190767347,100.64174372637066,102.81589950809101,103.63401937331133,70.86003488861692,89.79720190767347,120.0,128.0,73.34187468736891,70.86003488861692,70.62244919028603,full-error-sum,37.158776361
R2-C2-q32-base_columns,R2-C2,r2-full-objective-v1,conditional-Johnson,classical,dominant,"[""Johnson mutual correlated agreement at the same radius for all terms"", ""Theorem parameter must match actual PCS batching objects"", ""No complete Fiat-Shamir/QROM, MMCS structural or hiding composition proof"", ""Probability-sum and full-epsilon columns are arithmetic sensitivities, not replacement theorems""]",65,0.2519230769230769,0.7480769230769231,262.0,0.0625,128,2048,True,385.9384615384615,True,105347726406997.33,401400.1230769231,262.0,105347726808659.45,73.4178474875333,98.96587272945129,101.14002851117164,101.95814837639196,79.64623396771213,89.4178474875333,120.0,128.0,64.53826424342112,64.53826424342112,64.5382233443796,fri-only,45.158776361
R2-C2-q32-base_columns,R2-C2,r2-full-objective-v1,conditional-Johnson,classical,dominant,"[""Johnson mutual correlated agreement at the same radius for all terms"", ""Theorem parameter must match actual PCS batching objects"", ""No complete Fiat-Shamir/QROM, MMCS structural or hiding composition proof"", ""Probability-sum and full-epsilon columns are arithmetic sensitivities, not replacement theorems""]",10,0.2625,0.7375,42.0,0.0625,128,2048,True,407.6,True,11152318464.0,63436.8,42.0,11152381942.8,86.62336717505599,101.60697830820999,103.78113408993033,104.59925395515066,77.74754150747526,102.62336717505599,120.0,128.0,77.74379213721457,77.74379213721457,76.74566556449544,full-minimum,45.158776361
R2-C2-q32-base_columns,R2-C2,r2-full-objective-v1,conditional-Johnson,classical,dominant,"[""Johnson mutual correlated agreement at the same radius for all terms"", ""Theorem parameter must match actual PCS batching objects"", ""No complete Fiat-Shamir/QROM, MMCS structural or hiding composition proof"", ""Probability-sum and full-epsilon columns are arithmetic sensitivities, not replacement theorems""]",9,0.2638888888888889,0.7361111111111112,38.0,0.0625,128,2048,True,410.44444444444446,True,6761401002.666667,57287.11111111112,38.0,6761458327.777778,87.34531270196972,101.75136821754516,103.9255239992655,104.74364386448583,77.50391961595926,103.34531270196972,120.0,128.0,78.46574168389046,77.50391961595926,76.90611852200847,full-error-sum,45.158776361
R2-C2-q32-base_columns,R2-C2,r2-full-objective-v1,conditional-Johnson,classical,full,"[""Johnson mutual correlated agreement at the same radius for all terms"", ""Theorem parameter must match actual PCS batching objects"", ""No complete Fiat-Shamir/QROM, MMCS structural or hiding composition proof"", ""Probability-sum and full-epsilon columns are arithmetic sensitivities, not replacement theorems""]",65,0.2519230769230769,0.7480769230769231,262.0,0.0625,128,2048,True,385.9384615384615,True,105347726406997.33,401400.1230769231,262.0,105347726808659.45,73.4178474875333,98.96587272945129,101.14002851117164,101.95814837639196,79.64623396771213,89.4178474875333,120.0,128.0,64.53826423792052,64.53826423792052,64.53822333887915,fri-only,45.158776361
R2-C2-q32-base_columns,R2-C2,r2-full-objective-v1,conditional-Johnson,classical,full,"[""Johnson mutual correlated agreement at the same radius for all terms"", ""Theorem parameter must match actual PCS batching objects"", ""No complete Fiat-Shamir/QROM, MMCS structural or hiding composition proof"", ""Probability-sum and full-epsilon columns are arithmetic sensitivities, not replacement theorems""]",10,0.2625,0.7375,42.0,0.0625,128,2048,True,407.6,True,11152318464.0,63436.8,42.0,11152381942.8,86.62336717505599,101.60697830820999,103.78113408993033,104.59925395515066,77.74754150747526,102.62336717505599,120.0,128.0,77.74378392544321,77.74378392544321,76.74566145326871,full-minimum,45.158776361
R2-C2-q32-base_columns,R2-C2,r2-full-objective-v1,conditional-Johnson,classical,full,"[""Johnson mutual correlated agreement at the same radius for all terms"", ""Theorem parameter must match actual PCS batching objects"", ""No complete Fiat-Shamir/QROM, MMCS structural or hiding composition proof"", ""Probability-sum and full-epsilon columns are arithmetic sensitivities, not replacement theorems""]",9,0.2638888888888889,0.7361111111111112,38.0,0.0625,128,2048,True,410.44444444444446,True,6761401002.666667,57287.11111111112,38.0,6761458327.777778,87.34531270196972,101.75136821754516,103.9255239992655,104.74364386448583,77.50391961595926,103.34531270196972,120.0,128.0,78.46572945235694,77.50391961595926,76.90611437257532,full-error-sum,45.158776361
R2-C2-q32-base_columns,R2-C2,r2-full-objective-v1,conditional-Johnson,quantum_grinding_only,dominant,"[""Johnson mutual correlated agreement at the same radius for all terms"", ""Theorem parameter must match actual PCS batching objects"", ""No complete Fiat-Shamir/QROM, MMCS structural or hiding composition proof"", ""Probability-sum and full-epsilon columns are arithmetic sensitivities, not replacement theorems""]",65,0.2519230769230769,0.7480769230769231,262.0,0.0625,128,2048,True,385.9384615384615,True,105347726406997.33,401400.1230769231,262.0,105347726808659.45,73.4178474875333,98.96587272945129,101.14002851117164,101.95814837639196,71.64623396771213,81.4178474875333,120.0,128.0,64.53826424342112,64.53826424342112,64.52783175694572,fri-only,37.158776361
R2-C2-q32-base_columns,R2-C2,r2-full-objective-v1,conditional-Johnson,quantum_grinding_only,dominant,"[""Johnson mutual correlated agreement at the same radius for all terms"", ""Theorem parameter must match actual PCS batching objects"", ""No complete Fiat-Shamir/QROM, MMCS structural or hiding composition proof"", ""Probability-sum and full-epsilon columns are arithmetic sensitivities, not replacement theorems""]",25,0.255,0.745,102.0,0.0625,128,2048,True,392.24,True,942148952064.0,155627.52,102.0,942149107793.52,80.22283555239801,100.32687038901726,102.50102617073759,103.31914603595793,71.08578712970333,88.22283555239801,120.0,128.0,71.3432525412509,71.08578712970333,70.20877853499134,full-minimum,37.158776361
R2-C2-q32-base_columns,R2-C2,r2-full-objective-v1,conditional-Johnson,quantum_grinding_only,dominant,"[""Johnson mutual correlated agreement at the same radius for all terms"", ""Theorem parameter must match actual PCS batching objects"", ""No complete Fiat-Shamir/QROM, MMCS structural or hiding composition proof"", ""Probability-sum and full-epsilon columns are arithmetic sensitivities, not replacement theorems""]",19,0.2565789473684211,0.743421052631579,78.0,0.0625,128,2048,True,395.47368421052636,True,246372212736.0,118757.05263157895,78.0,246372331571.05264,82.15795071054126,100.7138935121265,102.88804929384683,103.70616915906717,70.80080942660278,90.15795071054126,120.0,128.0,73.27836815679714,70.80080942660278,70.56257350993366,full-error-sum,37.158776361
R2-C2-q32-base_columns,R2-C2,r2-full-objective-v1,conditional-Johnson,quantum_grinding_only,full,"[""Johnson mutual correlated agreement at the same radius for all terms"", ""Theorem parameter must match actual PCS batching objects"", ""No complete Fiat-Shamir/QROM, MMCS structural or hiding composition proof"", ""Probability-sum and full-epsilon columns are arithmetic sensitivities, not replacement theorems""]",65,0.2519230769230769,0.7480769230769231,262.0,0.0625,128,2048,True,385.9384615384615,True,105347726406997.33,401400.1230769231,262.0,105347726808659.45,73.4178474875333,98.96587272945129,101.14002851117164,101.95814837639196,71.64623396771213,81.4178474875333,120.0,128.0,64.53826423792052,64.53826423792052,64.52783175148474,fri-only,37.158776361
R2-C2-q32-base_columns,R2-C2,r2-full-objective-v1,conditional-Johnson,quantum_grinding_only,full,"[""Johnson mutual correlated agreement at the same radius for all terms"", ""Theorem parameter must match actual PCS batching objects"", ""No complete Fiat-Shamir/QROM, MMCS structural or hiding composition proof"", ""Probability-sum and full-epsilon columns are arithmetic sensitivities, not replacement theorems""]",25,0.255,0.745,102.0,0.0625,128,2048,True,392.24,True,942148952064.0,155627.52,102.0,942149107793.52,80.22283555239801,100.32687038901726,102.50102617073759,103.31914603595793,71.08578712970333,88.22283555239801,120.0,128.0,71.34325230278523,71.08578712970333,70.20877842636999,full-minimum,37.158776361
R2-C2-q32-base_columns,R2-C2,r2-full-objective-v1,conditional-Johnson,quantum_grinding_only,full,"[""Johnson mutual correlated agreement at the same radius for all terms"", ""Theorem parameter must match actual PCS batching objects"", ""No complete Fiat-Shamir/QROM, MMCS structural or hiding composition proof"", ""Probability-sum and full-epsilon columns are arithmetic sensitivities, not replacement theorems""]",19,0.2565789473684211,0.743421052631579,78.0,0.0625,128,2048,True,395.47368421052636,True,246372212736.0,118757.05263157895,78.0,246372331571.05264,82.15795071054126,100.7138935121265,102.88804929384683,103.70616915906717,70.80080942660278,90.15795071054126,120.0,128.0,73.27836746092848,70.80080942660278,70.5625734040103,full-error-sum,37.158776361
R2-C2-q32-reduction_terms,R2-C2,r2-full-objective-v1,conditional-Johnson,classical,dominant,"[""Johnson mutual correlated agreement at the same radius for all terms"", ""Theorem parameter must match actual PCS batching objects"", ""No complete Fiat-Shamir/QROM, MMCS structural or hiding composition proof"", ""Probability-sum and full-epsilon columns are arithmetic sensitivities, not replacement theorems""]",65,0.2519230769230769,0.7480769230769231,262.0,0.0625,128,2048,True,385.9384615384615,True,105347726406997.33,401400.1230769231,262.0,105347726808659.45,73.4178474875333,98.96587272945129,101.14002851117164,101.95814837639196,79.64623396771213,89.4178474875333,120.0,128.0,63.761422629756126,63.761422629756126,63.761398759170945,fri-only,45.158776361
R2-C2-q32-reduction_terms,R2-C2,r2-full-objective-v1,conditional-Johnson,classical,dominant,"[""Johnson mutual correlated agreement at the same radius for all terms"", ""Theorem parameter must match actual PCS batching objects"", ""No complete Fiat-Shamir/QROM, MMCS structural or hiding composition proof"", ""Probability-sum and full-epsilon columns are arithmetic sensitivities, not replacement theorems""]",9,0.2638888888888889,0.7361111111111112,38.0,0.0625,128,2048,True,410.44444444444446,True,6761401002.666667,57287.11111111112,38.0,6761458327.777778,87.34531270196972,101.75136821754516,103.9255239992655,104.74364386448583,77.50391961595926,103.34531270196972,120.0,128.0,77.68890007022546,77.50391961595926,76.59344710185756,full-minimum,45.158776361
R2-C2-q32-reduction_terms,R2-C2,r2-full-objective-v1,conditional-Johnson,classical,dominant,"[""Johnson mutual correlated agreement at the same radius for all terms"", ""Theorem parameter must match actual PCS batching objects"", ""No complete Fiat-Shamir/QROM, MMCS structural or hiding composition proof"", ""Probability-sum and full-epsilon columns are arithmetic sensitivities, not replacement theorems""]",8,0.265625,0.734375,34.0,0.0625,128,2048,True,414.0,True,3877156181.3333335,51136.0,34.0,3877207351.3333335,88.14762925416913,101.9118328897384,104.08598867145875,104.90410853667908,77.20118907998915,104.14762925416913,120.0,128.0,78.49122343119168,77.20118907998915,76.70657756058489,full-error-sum,45.158776361
R2-C2-q32-reduction_terms,R2-C2,r2-full-objective-v1,conditional-Johnson,classical,full,"[""Johnson mutual correlated agreement at the same radius for all terms"", ""Theorem parameter must match actual PCS batching objects"", ""No complete Fiat-Shamir/QROM, MMCS structural or hiding composition proof"", ""Probability-sum and full-epsilon columns are arithmetic sensitivities, not replacement theorems""]",65,0.2519230769230769,0.7480769230769231,262.0,0.0625,128,2048,True,385.9384615384615,True,105347726406997.33,401400.1230769231,262.0,105347726808659.45,73.4178474875333,98.96587272945129,101.14002851117164,101.95814837639196,79.64623396771213,89.4178474875333,120.0,128.0,63.761422624255516,63.761422624255516,63.76139875367042,fri-only,45.158776361
R2-C2-q32-reduction_terms,R2-C2,r2-full-objective-v1,conditional-Johnson,classical,full,"[""Johnson mutual correlated agreement at the same radius for all terms"", ""Theorem parameter must match actual PCS batching objects"", ""No complete Fiat-Shamir/QROM, MMCS structural or hiding composition proof"", ""Probability-sum and full-epsilon columns are arithmetic sensitivities, not replacement theorems""]",9,0.2638888888888889,0.7361111111111112,38.0,0.0625,128,2048,True,410.44444444444446,True,6761401002.666667,57287.11111111112,38.0,6761458327.777778,87.34531270196972,101.75136821754516,103.9255239992655,104.74364386448583,77.50391961595926,103.34531270196972,120.0,128.0,77.68888783869194,77.50391961595926,76.5934413776195,full-minimum,45.158776361
R2-C2-q32-reduction_terms,R2-C2,r2-full-objective-v1,conditional-Johnson,classical,full,"[""Johnson mutual correlated agreement at the same radius for all terms"", ""Theorem parameter must match actual PCS batching objects"", ""No complete Fiat-Shamir/QROM, MMCS structural or hiding composition proof"", ""Probability-sum and full-epsilon columns are arithmetic sensitivities, not replacement theorems""]",8,0.265625,0.734375,34.0,0.0625,128,2048,True,414.0,True,3877156181.3333335,51136.0,34.0,3877207351.3333335,88.14762925416913,101.9118328897384,104.08598867145875,104.90410853667908,77.20118907998915,104.14762925416913,120.0,128.0,78.49120439089135,77.20118907998915,76.70657203416486,full-error-sum,45.158776361
R2-C2-q32-reduction_terms,R2-C2,r2-full-objective-v1,conditional-Johnson,quantum_grinding_only,dominant,"[""Johnson mutual correlated agreement at the same radius for all terms"", ""Theorem parameter must match actual PCS batching objects"", ""No complete Fiat-Shamir/QROM, MMCS structural or hiding composition proof"", ""Probability-sum and full-epsilon columns are arithmetic sensitivities, not replacement theorems""]",65,0.2519230769230769,0.7480769230769231,262.0,0.0625,128,2048,True,385.9384615384615,True,105347726406997.33,401400.1230769231,262.0,105347726808659.45,73.4178474875333,98.96587272945129,101.14002851117164,101.95814837639196,71.64623396771213,81.4178474875333,120.0,128.0,63.761422629756126,63.761422629756126,63.755324618394035,fri-only,37.158776361
R2-C2-q32-reduction_terms,R2-C2,r2-full-objective-v1,conditional-Johnson,quantum_grinding_only,dominant,"[""Johnson mutual correlated agreement at the same radius for all terms"", ""Theorem parameter must match actual PCS batching objects"", ""No complete Fiat-Shamir/QROM, MMCS structural or hiding composition proof"", ""Probability-sum and full-epsilon columns are arithmetic sensitivities, not replacement theorems""]",23,0.2554347826086957,0.7445652173913043,94.0,0.0625,128,2048,True,393.13043478260875,True,626264765781.3334,143337.73913043478,94.0,626264909213.0725,80.81201791191643,100.44470687931111,102.61886266103144,103.43698252625178,71.00713934014001,88.81201791191643,120.0,128.0,71.15559337905519,71.00713934014001,70.0794543896014,full-minimum,37.158776361
R2-C2-q32-reduction_terms,R2-C2,r2-full-objective-v1,conditional-Johnson,quantum_grinding_only,dominant,"[""Johnson mutual correlated agreement at the same radius for all terms"", ""Theorem parameter must match actual PCS batching objects"", ""No complete Fiat-Shamir/QROM, MMCS structural or hiding composition proof"", ""Probability-sum and full-epsilon columns are arithmetic sensitivities, not replacement theorems""]",17,0.25735294117647056,0.7426470588235294,70.0,0.0625,128,2048,True,397.0588235294117,True,143419733333.33334,106465.88235294117,70.0,143419839869.2157,82.93854634432557,100.87001271404378,103.04416849576413,103.86228836098445,70.66175437777194,90.93854634432557,120.0,128.0,73.28212255271855,70.66175437777194,70.44436604473783,full-error-sum,37.158776361
R2-C2-q32-reduction_terms,R2-C2,r2-full-objective-v1,conditional-Johnson,quantum_grinding_only,full,"[""Johnson mutual correlated agreement at the same radius for all terms"", ""Theorem parameter must match actual PCS batching objects"", ""No complete Fiat-Shamir/QROM, MMCS structural or hiding composition proof"", ""Probability-sum and full-epsilon columns are arithmetic sensitivities, not replacement theorems""]",65,0.2519230769230769,0.7480769230769231,262.0,0.0625,128,2048,True,385.9384615384615,True,105347726406997.33,401400.1230769231,262.0,105347726808659.45,73.4178474875333,98.96587272945129,101.14002851117164,101.95814837639196,71.64623396771213,81.4178474875333,120.0,128.0,63.761422624255516,63.761422624255516,63.75532461291663,fri-only,37.158776361
R2-C2-q32-reduction_terms,R2-C2,r2-full-objective-v1,conditional-Johnson,quantum_grinding_only,full,"[""Johnson mutual correlated agreement at the same radius for all terms"", ""Theorem parameter must match actual PCS batching objects"", ""No complete Fiat-Shamir/QROM, MMCS structural or hiding composition proof"", ""Probability-sum and full-epsilon columns are arithmetic sensitivities, not replacement theorems""]",23,0.2554347826086957,0.7445652173913043,94.0,0.0625,128,2048,True,393.13043478260875,True,626264765781.3334,143337.73913043478,94.0,626264909213.0725,80.81201791191643,100.44470687931111,102.61886266103144,103.43698252625178,71.00713934014001,88.81201791191643,120.0,128.0,71.15559304863865,71.00713934014001,70.079454232886,full-minimum,37.158776361
R2-C2-q32-reduction_terms,R2-C2,r2-full-objective-v1,conditional-Johnson,quantum_grinding_only,full,"[""Johnson mutual correlated agreement at the same radius for all terms"", ""Theorem parameter must match actual PCS batching objects"", ""No complete Fiat-Shamir/QROM, MMCS structural or hiding composition proof"", ""Probability-sum and full-epsilon columns are arithmetic sensitivities, not replacement theorems""]",17,0.25735294117647056,0.7426470588235294,70.0,0.0625,128,2048,True,397.0588235294117,True,143419733333.33334,106465.88235294117,70.0,143419839869.2157,82.93854634432557,100.87001271404378,103.04416849576413,103.86228836098445,70.66175437777194,90.93854634432557,120.0,128.0,73.2821214810478,70.66175437777194,70.44436589483436,full-error-sum,37.158776361
R2-C2-q48-declared,R2-C2,r2-full-objective-v1,conditional-Johnson,classical,dominant,"[""Johnson mutual correlated agreement at the same radius for all terms"", ""Theorem parameter must match actual PCS batching objects"", ""No complete Fiat-Shamir/QROM, MMCS structural or hiding composition proof"", ""Probability-sum and full-epsilon columns are arithmetic sensitivities, not replacement theorems""]",6,0.2708333333333333,0.7291666666666667,26.0,0.0625,128,2048,True,424.66666666666663,True,1013877418.6666666,38826.66666666667,26.0,1013916271.3333333,90.08270862574312,102.29885601284765,104.473011794568,105.29113165978833,106.45709356384307,106.08270862574312,120.0,128.0,81.62743668971115,81.62743668971115,81.62743627862471,fri-only,59.738164542
R2-C2-q48-declared,R2-C2,r2-full-objective-v1,conditional-Johnson,classical,dominant,"[""Johnson mutual correlated agreement at the same radius for all terms"", ""Theorem parameter must match actual PCS batching objects"", ""No complete Fiat-Shamir/QROM, MMCS structural or hiding composition proof"", ""Probability-sum and full-epsilon columns are arithmetic sensitivities, not replacement theorems""]",3,0.2916666666666667,0.7083333333333333,14.0,0.0625,128,2048,True,467.33333333333337,True,45894314.666666664,20309.333333333332,14.0,45914638.0,94.54754916464788,103.19194080893115,105.36609659065148,106.18421645587182,101.32516377585048,110.54754916464788,120.0,128.0,86.09286067012857,86.09286067012857,86.09281955994341,full-minimum,59.738164542
R2-C2-q48-declared,R2-C2,r2-full-objective-v1,conditional-Johnson,classical,dominant,"[""Johnson mutual correlated agreement at the same radius for all terms"", ""Theorem parameter must match actual PCS batching objects"", ""No complete Fiat-Shamir/QROM, MMCS structural or hiding composition proof"", ""Probability-sum and full-epsilon columns are arithmetic sensitivities, not replacement theorems""]",3,0.2916666666666667,0.7083333333333333,14.0,0.0625,128,2048,True,467.33333333333337,True,45894314.666666664,20309.333333333332,14.0,45914638.0,94.54754916464788,103.19194080893115,105.36609659065148,106.18421645587182,101.32516377585048,110.54754916464788,120.0,128.0,86.09286067012857,86.09286067012857,86.09281955994341,full-error-sum,59.738164542
R2-C2-q48-declared,R2-C2,r2-full-objective-v1,conditional-Johnson,classical,full,"[""Johnson mutual correlated agreement at the same radius for all terms"", ""Theorem parameter must match actual PCS batching objects"", ""No complete Fiat-Shamir/QROM, MMCS structural or hiding composition proof"", ""Probability-sum and full-epsilon columns are arithmetic sensitivities, not replacement theorems""]",6,0.2708333333333333,0.7291666666666667,26.0,0.0625,128,2048,True,424.66666666666663,True,1013877418.6666666,38826.66666666667,26.0,1013916271.3333333,90.08270862574312,102.29885601284765,104.473011794568,105.29113165978833,106.45709356384307,106.08270862574312,120.0,128.0,81.62738140543857,81.62738140543857,81.62738099436788,fri-only,59.738164542
R2-C2-q48-declared,R2-C2,r2-full-objective-v1,conditional-Johnson,classical,full,"[""Johnson mutual correlated agreement at the same radius for all terms"", ""Theorem parameter must match actual PCS batching objects"", ""No complete Fiat-Shamir/QROM, MMCS structural or hiding composition proof"", ""Probability-sum and full-epsilon columns are arithmetic sensitivities, not replacement theorems""]",3,0.2916666666666667,0.7083333333333333,14.0,0.0625,128,2048,True,467.33333333333337,True,45894314.666666664,20309.333333333332,14.0,45914638.0,94.54754916464788,103.19194080893115,105.36609659065148,106.18421645587182,101.32516377585048,110.54754916464788,120.0,128.0,86.09222194434332,86.09222194434332,86.09218085235463,full-minimum,59.738164542
R2-C2-q48-declared,R2-C2,r2-full-objective-v1,conditional-Johnson,classical,full,"[""Johnson mutual correlated agreement at the same radius for all terms"", ""Theorem parameter must match actual PCS batching objects"", ""No complete Fiat-Shamir/QROM, MMCS structural or hiding composition proof"", ""Probability-sum and full-epsilon columns are arithmetic sensitivities, not replacement theorems""]",3,0.2916666666666667,0.7083333333333333,14.0,0.0625,128,2048,True,467.33333333333337,True,45894314.666666664,20309.333333333332,14.0,45914638.0,94.54754916464788,103.19194080893115,105.36609659065148,106.18421645587182,101.32516377585048,110.54754916464788,120.0,128.0,86.09222194434332,86.09222194434332,86.09218085235463,full-error-sum,59.738164542
R2-C2-q48-declared,R2-C2,r2-full-objective-v1,conditional-Johnson,quantum_grinding_only,dominant,"[""Johnson mutual correlated agreement at the same radius for all terms"", ""Theorem parameter must match actual PCS batching objects"", ""No complete Fiat-Shamir/QROM, MMCS structural or hiding composition proof"", ""Probability-sum and full-epsilon columns are arithmetic sensitivities, not replacement theorems""]",6,0.2708333333333333,0.7291666666666667,26.0,0.0625,128,2048,True,424.66666666666663,True,1013877418.6666666,38826.66666666667,26.0,1013916271.3333333,90.08270862574312,102.29885601284765,104.473011794568,105.29113165978833,98.45709356384307,98.08270862574312,120.0,128.0,81.62743668971115,81.62743668971115,81.62740794742548,fri-only,51.738164542
R2-C2-q48-declared,R2-C2,r2-full-objective-v1,conditional-Johnson,quantum_grinding_only,dominant,"[""Johnson mutual correlated agreement at the same radius for all terms"", ""Theorem parameter must match actual PCS batching objects"", ""No complete Fiat-Shamir/QROM, MMCS structural or hiding composition proof"", ""Probability-sum and full-epsilon columns are arithmetic sensitivities, not replacement theorems""]",3,0.2916666666666667,0.7083333333333333,14.0,0.0625,128,2048,True,467.33333333333337,True,45894314.666666664,20309.333333333332,14.0,45914638.0,94.54754916464788,103.19194080893115,105.36609659065148,106.18421645587182,93.32516377585048,102.54754916464788,120.0,128.0,86.09286067012857,86.09286067012857,86.08327816784875,full-minimum,51.738164542
R2-C2-q48-declared,R2-C2,r2-full-objective-v1,conditional-Johnson,quantum_grinding_only,dominant,"[""Johnson mutual correlated agreement at the same radius for all terms"", ""Theorem parameter must match actual PCS batching objects"", ""No complete Fiat-Shamir/QROM, MMCS structural or hiding composition proof"", ""Probability-sum and full-epsilon columns are arithmetic sensitivities, not replacement theorems""]",3,0.2916666666666667,0.7083333333333333,14.0,0.0625,128,2048,True,467.33333333333337,True,45894314.666666664,20309.333333333332,14.0,45914638.0,94.54754916464788,103.19194080893115,105.36609659065148,106.18421645587182,93.32516377585048,102.54754916464788,120.0,128.0,86.09286067012857,86.09286067012857,86.08327816784875,full-error-sum,51.738164542
R2-C2-q48-declared,R2-C2,r2-full-objective-v1,conditional-Johnson,quantum_grinding_only,full,"[""Johnson mutual correlated agreement at the same radius for all terms"", ""Theorem parameter must match actual PCS batching objects"", ""No complete Fiat-Shamir/QROM, MMCS structural or hiding composition proof"", ""Probability-sum and full-epsilon columns are arithmetic sensitivities, not replacement theorems""]",6,0.2708333333333333,0.7291666666666667,26.0,0.0625,128,2048,True,424.66666666666663,True,1013877418.6666666,38826.66666666667,26.0,1013916271.3333333,90.08270862574312,102.29885601284765,104.473011794568,105.29113165978833,98.45709356384307,98.08270862574312,120.0,128.0,81.62738140543857,81.62738140543857,81.62735266425427,fri-only,51.738164542
R2-C2-q48-declared,R2-C2,r2-full-objective-v1,conditional-Johnson,quantum_grinding_only,full,"[""Johnson mutual correlated agreement at the same radius for all terms"", ""Theorem parameter must match actual PCS batching objects"", ""No complete Fiat-Shamir/QROM, MMCS structural or hiding composition proof"", ""Probability-sum and full-epsilon columns are arithmetic sensitivities, not replacement theorems""]",3,0.2916666666666667,0.7083333333333333,14.0,0.0625,128,2048,True,467.33333333333337,True,45894314.666666664,20309.333333333332,14.0,45914638.0,94.54754916464788,103.19194080893115,105.36609659065148,106.18421645587182,93.32516377585048,102.54754916464788,120.0,128.0,86.09222194434332,86.09222194434332,86.08264366954613,full-minimum,51.738164542
R2-C2-q48-declared,R2-C2,r2-full-objective-v1,conditional-Johnson,quantum_grinding_only,full,"[""Johnson mutual correlated agreement at the same radius for all terms"", ""Theorem parameter must match actual PCS batching objects"", ""No complete Fiat-Shamir/QROM, MMCS structural or hiding composition proof"", ""Probability-sum and full-epsilon columns are arithmetic sensitivities, not replacement theorems""]",3,0.2916666666666667,0.7083333333333333,14.0,0.0625,128,2048,True,467.33333333333337,True,45894314.666666664,20309.333333333332,14.0,45914638.0,94.54754916464788,103.19194080893115,105.36609659065148,106.18421645587182,93.32516377585048,102.54754916464788,120.0,128.0,86.09222194434332,86.09222194434332,86.08264366954613,full-error-sum,51.738164542
R2-C2-q48-base_columns,R2-C2,r2-full-objective-v1,conditional-Johnson,classical,dominant,"[""Johnson mutual correlated agreement at the same radius for all terms"", ""Theorem parameter must match actual PCS batching objects"", ""No complete Fiat-Shamir/QROM, MMCS structural or hiding composition proof"", ""Probability-sum and full-epsilon columns are arithmetic sensitivities, not replacement theorems""]",6,0.2708333333333333,0.7291666666666667,26.0,0.0625,128,2048,True,424.66666666666663,True,1013877418.6666666,38826.66666666667,26.0,1013916271.3333333,90.08270862574312,102.29885601284765,104.473011794568,105.29113165978833,106.45709356384307,106.08270862574312,120.0,128.0,81.20318066040292,81.20318066040292,81.20318035405187,fri-only,59.738164542
R2-C2-q48-base_columns,R2-C2,r2-full-objective-v1,conditional-Johnson,classical,dominant,"[""Johnson mutual correlated agreement at the same radius for all terms"", ""Theorem parameter must match actual PCS batching objects"", ""No complete Fiat-Shamir/QROM, MMCS structural or hiding composition proof"", ""Probability-sum and full-epsilon columns are arithmetic sensitivities, not replacement theorems""]",3,0.2916666666666667,0.7083333333333333,14.0,0.0625,128,2048,True,467.33333333333337,True,45894314.666666664,20309.333333333332,14.0,45914638.0,94.54754916464788,103.19194080893115,105.36609659065148,106.18421645587182,101.32516377585048,110.54754916464788,120.0,128.0,85.66860464082036,85.66860464082036,85.66857400445652,full-minimum,59.738164542
R2-C2-q48-base_columns,R2-C2,r2-full-objective-v1,conditional-Johnson,classical,dominant,"[""Johnson mutual correlated agreement at the same radius for all terms"", ""Theorem parameter must match actual PCS batching objects"", ""No complete Fiat-Shamir/QROM, MMCS structural or hiding composition proof"", ""Probability-sum and full-epsilon columns are arithmetic sensitivities, not replacement theorems""]",3,0.2916666666666667,0.7083333333333333,14.0,0.0625,128,2048,True,467.33333333333337,True,45894314.666666664,20309.333333333332,14.0,45914638.0,94.54754916464788,103.19194080893115,105.36609659065148,106.18421645587182,101.32516377585048,110.54754916464788,120.0,128.0,85.66860464082036,85.66860464082036,85.66857400445652,full-error-sum,59.738164542
R2-C2-q48-base_columns,R2-C2,r2-full-objective-v1,conditional-Johnson,classical,full,"[""Johnson mutual correlated agreement at the same radius for all terms"", ""Theorem parameter must match actual PCS batching objects"", ""No complete Fiat-Shamir/QROM, MMCS structural or hiding composition proof"", ""Probability-sum and full-epsilon columns are arithmetic sensitivities, not replacement theorems""]",6,0.2708333333333333,0.7291666666666667,26.0,0.0625,128,2048,True,424.66666666666663,True,1013877418.6666666,38826.66666666667,26.0,1013916271.3333333,90.08270862574312,102.29885601284765,104.473011794568,105.29113165978833,106.45709356384307,106.08270862574312,120.0,128.0,81.20312537613034,81.20312537613034,81.20312506979103,fri-only,59.738164542
R2-C2-q48-base_columns,R2-C2,r2-full-objective-v1,conditional-Johnson,classical,full,"[""Johnson mutual correlated agreement at the same radius for all terms"", ""Theorem parameter must match actual PCS batching objects"", ""No complete Fiat-Shamir/QROM, MMCS structural or hiding composition proof"", ""Probability-sum and full-epsilon columns are arithmetic sensitivities, not replacement theorems""]",3,0.2916666666666667,0.7083333333333333,14.0,0.0625,128,2048,True,467.33333333333337,True,45894314.666666664,20309.333333333332,14.0,45914638.0,94.54754916464788,103.19194080893115,105.36609659065148,106.18421645587182,101.32516377585048,110.54754916464788,120.0,128.0,85.6679659150351,85.6679659150351,85.66793529223177,full-minimum,59.738164542
R2-C2-q48-base_columns,R2-C2,r2-full-objective-v1,conditional-Johnson,classical,full,"[""Johnson mutual correlated agreement at the same radius for all terms"", ""Theorem parameter must match actual PCS batching objects"", ""No complete Fiat-Shamir/QROM, MMCS structural or hiding composition proof"", ""Probability-sum and full-epsilon columns are arithmetic sensitivities, not replacement theorems""]",3,0.2916666666666667,0.7083333333333333,14.0,0.0625,128,2048,True,467.33333333333337,True,45894314.666666664,20309.333333333332,14.0,45914638.0,94.54754916464788,103.19194080893115,105.36609659065148,106.18421645587182,101.32516377585048,110.54754916464788,120.0,128.0,85.6679659150351,85.6679659150351,85.66793529223177,full-error-sum,59.738164542
R2-C2-q48-base_columns,R2-C2,r2-full-objective-v1,conditional-Johnson,quantum_grinding_only,dominant,"[""Johnson mutual correlated agreement at the same radius for all terms"", ""Theorem parameter must match actual PCS batching objects"", ""No complete Fiat-Shamir/QROM, MMCS structural or hiding composition proof"", ""Probability-sum and full-epsilon columns are arithmetic sensitivities, not replacement theorems""]",6,0.2708333333333333,0.7291666666666667,26.0,0.0625,128,2048,True,424.66666666666663,True,1013877418.6666666,38826.66666666667,26.0,1013916271.3333333,90.08270862574312,102.29885601284765,104.473011794568,105.29113165978833,98.45709356384307,98.08270862574312,120.0,128.0,81.20318066040292,81.20318066040292,81.20315924093822,fri-only,51.738164542
R2-C2-q48-base_columns,R2-C2,r2-full-objective-v1,conditional-Johnson,quantum_grinding_only,dominant,"[""Johnson mutual correlated agreement at the same radius for all terms"", ""Theorem parameter must match actual PCS batching objects"", ""No complete Fiat-Shamir/QROM, MMCS structural or hiding composition proof"", ""Probability-sum and full-epsilon columns are arithmetic sensitivities, not replacement theorems""]",3,0.2916666666666667,0.7083333333333333,14.0,0.0625,128,2048,True,467.33333333333337,True,45894314.666666664,20309.333333333332,14.0,45914638.0,94.54754916464788,103.19194080893115,105.36609659065148,106.18421645587182,93.32516377585048,102.54754916464788,120.0,128.0,85.66860464082036,85.66860464082036,85.6614575046929,full-minimum,51.738164542
R2-C2-q48-base_columns,R2-C2,r2-full-objective-v1,conditional-Johnson,quantum_grinding_only,dominant,"[""Johnson mutual correlated agreement at the same radius for all terms"", ""Theorem parameter must match actual PCS batching objects"", ""No complete Fiat-Shamir/QROM, MMCS structural or hiding composition proof"", ""Probability-sum and full-epsilon columns are arithmetic sensitivities, not replacement theorems""]",3,0.2916666666666667,0.7083333333333333,14.0,0.0625,128,2048,True,467.33333333333337,True,45894314.666666664,20309.333333333332,14.0,45914638.0,94.54754916464788,103.19194080893115,105.36609659065148,106.18421645587182,93.32516377585048,102.54754916464788,120.0,128.0,85.66860464082036,85.66860464082036,85.6614575046929,full-error-sum,51.738164542
R2-C2-q48-base_columns,R2-C2,r2-full-objective-v1,conditional-Johnson,quantum_grinding_only,full,"[""Johnson mutual correlated agreement at the same radius for all terms"", ""Theorem parameter must match actual PCS batching objects"", ""No complete Fiat-Shamir/QROM, MMCS structural or hiding composition proof"", ""Probability-sum and full-epsilon columns are arithmetic sensitivities, not replacement theorems""]",6,0.2708333333333333,0.7291666666666667,26.0,0.0625,128,2048,True,424.66666666666663,True,1013877418.6666666,38826.66666666667,26.0,1013916271.3333333,90.08270862574312,102.29885601284765,104.473011794568,105.29113165978833,98.45709356384307,98.08270862574312,120.0,128.0,81.20312537613034,81.20312537613034,81.20310395748642,fri-only,51.738164542
R2-C2-q48-base_columns,R2-C2,r2-full-objective-v1,conditional-Johnson,quantum_grinding_only,full,"[""Johnson mutual correlated agreement at the same radius for all terms"", ""Theorem parameter must match actual PCS batching objects"", ""No complete Fiat-Shamir/QROM, MMCS structural or hiding composition proof"", ""Probability-sum and full-epsilon columns are arithmetic sensitivities, not replacement theorems""]",3,0.2916666666666667,0.7083333333333333,14.0,0.0625,128,2048,True,467.33333333333337,True,45894314.666666664,20309.333333333332,14.0,45914638.0,94.54754916464788,103.19194080893115,105.36609659065148,106.18421645587182,93.32516377585048,102.54754916464788,120.0,128.0,85.6679659150351,85.6679659150351,85.66082193464607,full-minimum,51.738164542
R2-C2-q48-base_columns,R2-C2,r2-full-objective-v1,conditional-Johnson,quantum_grinding_only,full,"[""Johnson mutual correlated agreement at the same radius for all terms"", ""Theorem parameter must match actual PCS batching objects"", ""No complete Fiat-Shamir/QROM, MMCS structural or hiding composition proof"", ""Probability-sum and full-epsilon columns are arithmetic sensitivities, not replacement theorems""]",3,0.2916666666666667,0.7083333333333333,14.0,0.0625,128,2048,True,467.33333333333337,True,45894314.666666664,20309.333333333332,14.0,45914638.0,94.54754916464788,103.19194080893115,105.36609659065148,106.18421645587182,93.32516377585048,102.54754916464788,120.0,128.0,85.6679659150351,85.6679659150351,85.66082193464607,full-error-sum,51.738164542
R2-C2-q48-reduction_terms,R2-C2,r2-full-objective-v1,conditional-Johnson,classical,dominant,"[""Johnson mutual correlated agreement at the same radius for all terms"", ""Theorem parameter must match actual PCS batching objects"", ""No complete Fiat-Shamir/QROM, MMCS structural or hiding composition proof"", ""Probability-sum and full-epsilon columns are arithmetic sensitivities, not replacement theorems""]",6,0.2708333333333333,0.7291666666666667,26.0,0.0625,128,2048,True,424.66666666666663,True,1013877418.6666666,38826.66666666667,26.0,1013916271.3333333,90.08270862574312,102.29885601284765,104.473011794568,105.29113165978833,106.45709356384307,106.08270862574312,120.0,128.0,80.42633904673792,80.42633904673792,80.42633886793823,fri-only,59.738164542
R2-C2-q48-reduction_terms,R2-C2,r2-full-objective-v1,conditional-Johnson,classical,dominant,"[""Johnson mutual correlated agreement at the same radius for all terms"", ""Theorem parameter must match actual PCS batching objects"", ""No complete Fiat-Shamir/QROM, MMCS structural or hiding composition proof"", ""Probability-sum and full-epsilon columns are arithmetic sensitivities, not replacement theorems""]",3,0.2916666666666667,0.7083333333333333,14.0,0.0625,128,2048,True,467.33333333333337,True,45894314.666666664,20309.333333333332,14.0,45914638.0,94.54754916464788,103.19194080893115,105.36609659065148,106.18421645587182,101.32516377585048,110.54754916464788,120.0,128.0,84.89176302715536,84.89176302715536,84.89174514637325,full-minimum,59.738164542
R2-C2-q48-reduction_terms,R2-C2,r2-full-objective-v1,conditional-Johnson,classical,dominant,"[""Johnson mutual correlated agreement at the same radius for all terms"", ""Theorem parameter must match actual PCS batching objects"", ""No complete Fiat-Shamir/QROM, MMCS structural or hiding composition proof"", ""Probability-sum and full-epsilon columns are arithmetic sensitivities, not replacement theorems""]",3,0.2916666666666667,0.7083333333333333,14.0,0.0625,128,2048,True,467.33333333333337,True,45894314.666666664,20309.333333333332,14.0,45914638.0,94.54754916464788,103.19194080893115,105.36609659065148,106.18421645587182,101.32516377585048,110.54754916464788,120.0,128.0,84.89176302715536,84.89176302715536,84.89174514637325,full-error-sum,59.738164542
R2-C2-q48-reduction_terms,R2-C2,r2-full-objective-v1,conditional-Johnson,classical,full,"[""Johnson mutual correlated agreement at the same radius for all terms"", ""Theorem parameter must match actual PCS batching objects"", ""No complete Fiat-Shamir/QROM, MMCS structural or hiding composition proof"", ""Probability-sum and full-epsilon columns are arithmetic sensitivities, not replacement theorems""]",6,0.2708333333333333,0.7291666666666667,26.0,0.0625,128,2048,True,424.66666666666663,True,1013877418.6666666,38826.66666666667,26.0,1013916271.3333333,90.08270862574312,102.29885601284765,104.473011794568,105.29113165978833,106.45709356384307,106.08270862574312,120.0,128.0,80.42628376246535,80.42628376246535,80.4262835836725,fri-only,59.738164542
R2-C2-q48-reduction_terms,R2-C2,r2-full-objective-v1,conditional-Johnson,classical,full,"[""Johnson mutual correlated agreement at the same radius for all terms"", ""Theorem parameter must match actual PCS batching objects"", ""No complete Fiat-Shamir/QROM, MMCS structural or hiding composition proof"", ""Probability-sum and full-epsilon columns are arithmetic sensitivities, not replacement theorems""]",3,0.2916666666666667,0.7083333333333333,14.0,0.0625,128,2048,True,467.33333333333337,True,45894314.666666664,20309.333333333332,14.0,45914638.0,94.54754916464788,103.19194080893115,105.36609659065148,106.18421645587182,101.32516377585048,110.54754916464788,120.0,128.0,84.8911243013701,84.8911243013701,84.89110642850257,full-minimum,59.738164542
R2-C2-q48-reduction_terms,R2-C2,r2-full-objective-v1,conditional-Johnson,classical,full,"[""Johnson mutual correlated agreement at the same radius for all terms"", ""Theorem parameter must match actual PCS batching objects"", ""No complete Fiat-Shamir/QROM, MMCS structural or hiding composition proof"", ""Probability-sum and full-epsilon columns are arithmetic sensitivities, not replacement theorems""]",3,0.2916666666666667,0.7083333333333333,14.0,0.0625,128,2048,True,467.33333333333337,True,45894314.666666664,20309.333333333332,14.0,45914638.0,94.54754916464788,103.19194080893115,105.36609659065148,106.18421645587182,101.32516377585048,110.54754916464788,120.0,128.0,84.8911243013701,84.8911243013701,84.89110642850257,full-error-sum,59.738164542
R2-C2-q48-reduction_terms,R2-C2,r2-full-objective-v1,conditional-Johnson,quantum_grinding_only,dominant,"[""Johnson mutual correlated agreement at the same radius for all terms"", ""Theorem parameter must match actual PCS batching objects"", ""No complete Fiat-Shamir/QROM, MMCS structural or hiding composition proof"", ""Probability-sum and full-epsilon columns are arithmetic sensitivities, not replacement theorems""]",6,0.2708333333333333,0.7291666666666667,26.0,0.0625,128,2048,True,424.66666666666663,True,1013877418.6666666,38826.66666666667,26.0,1013916271.3333333,90.08270862574312,102.29885601284765,104.473011794568,105.29113165978833,98.45709356384307,98.08270862574312,120.0,128.0,80.42633904673792,80.42633904673792,80.42632654537601,fri-only,51.738164542
R2-C2-q48-reduction_terms,R2-C2,r2-full-objective-v1,conditional-Johnson,quantum_grinding_only,dominant,"[""Johnson mutual correlated agreement at the same radius for all terms"", ""Theorem parameter must match actual PCS batching objects"", ""No complete Fiat-Shamir/QROM, MMCS structural or hiding composition proof"", ""Probability-sum and full-epsilon columns are arithmetic sensitivities, not replacement theorems""]",3,0.2916666666666667,0.7083333333333333,14.0,0.0625,128,2048,True,467.33333333333337,True,45894314.666666664,20309.333333333332,14.0,45914638.0,94.54754916464788,103.19194080893115,105.36609659065148,106.18421645587182,93.32516377585048,102.54754916464788,120.0,128.0,84.89176302715536,84.89176302715536,84.88758734947758,full-minimum,51.738164542
R2-C2-q48-reduction_terms,R2-C2,r2-full-objective-v1,conditional-Johnson,quantum_grinding_only,dominant,"[""Johnson mutual correlated agreement at the same radius for all terms"", ""Theorem parameter must match actual PCS batching objects"", ""No complete Fiat-Shamir/QROM, MMCS structural or hiding composition proof"", ""Probability-sum and full-epsilon columns are arithmetic sensitivities, not replacement theorems""]",3,0.2916666666666667,0.7083333333333333,14.0,0.0625,128,2048,True,467.33333333333337,True,45894314.666666664,20309.333333333332,14.0,45914638.0,94.54754916464788,103.19194080893115,105.36609659065148,106.18421645587182,93.32516377585048,102.54754916464788,120.0,128.0,84.89176302715536,84.89176302715536,84.88758734947758,full-error-sum,51.738164542
R2-C2-q48-reduction_terms,R2-C2,r2-full-objective-v1,conditional-Johnson,quantum_grinding_only,full,"[""Johnson mutual correlated agreement at the same radius for all terms"", ""Theorem parameter must match actual PCS batching objects"", ""No complete Fiat-Shamir/QROM, MMCS structural or hiding composition proof"", ""Probability-sum and full-epsilon columns are arithmetic sensitivities, not replacement theorems""]",6,0.2708333333333333,0.7291666666666667,26.0,0.0625,128,2048,True,424.66666666666663,True,1013877418.6666666,38826.66666666667,26.0,1013916271.3333333,90.08270862574312,102.29885601284765,104.473011794568,105.29113165978833,98.45709356384307,98.08270862574312,120.0,128.0,80.42628376246535,80.42628376246535,80.42627126158249,fri-only,51.738164542
R2-C2-q48-reduction_terms,R2-C2,r2-full-objective-v1,conditional-Johnson,quantum_grinding_only,full,"[""Johnson mutual correlated agreement at the same radius for all terms"", ""Theorem parameter must match actual PCS batching objects"", ""No complete Fiat-Shamir/QROM, MMCS structural or hiding composition proof"", ""Probability-sum and full-epsilon columns are arithmetic sensitivities, not replacement theorems""]",3,0.2916666666666667,0.7083333333333333,14.0,0.0625,128,2048,True,467.33333333333337,True,45894314.666666664,20309.333333333332,14.0,45914638.0,94.54754916464788,103.19194080893115,105.36609659065148,106.18421645587182,93.32516377585048,102.54754916464788,120.0,128.0,84.8911243013701,84.8911243013701,84.88695046931394,full-minimum,51.738164542
R2-C2-q48-reduction_terms,R2-C2,r2-full-objective-v1,conditional-Johnson,quantum_grinding_only,full,"[""Johnson mutual correlated agreement at the same radius for all terms"", ""Theorem parameter must match actual PCS batching objects"", ""No complete Fiat-Shamir/QROM, MMCS structural or hiding composition proof"", ""Probability-sum and full-epsilon columns are arithmetic sensitivities, not replacement theorems""]",3,0.2916666666666667,0.7083333333333333,14.0,0.0625,128,2048,True,467.33333333333337,True,45894314.666666664,20309.333333333332,14.0,45914638.0,94.54754916464788,103.19194080893115,105.36609659065148,106.18421645587182,93.32516377585048,102.54754916464788,120.0,128.0,84.8911243013701,84.8911243013701,84.88695046931394,full-error-sum,51.738164542
R2-C2-q64-declared,R2-C2,r2-full-objective-v1,conditional-Johnson,classical,dominant,"[""Johnson mutual correlated agreement at the same radius for all terms"", ""Theorem parameter must match actual PCS batching objects"", ""No complete Fiat-Shamir/QROM, MMCS structural or hiding composition proof"", ""Probability-sum and full-epsilon columns are arithmetic sensitivities, not replacement theorems""]",3,0.2916666666666667,0.7083333333333333,14.0,0.0625,128,2048,True,467.33333333333337,True,45894314.666666664,20309.333333333332,14.0,45914638.0,94.54754916464788,103.19194080893115,105.36609659065148,106.18421645587182,129.76688503446732,110.54754916464788,120.0,128.0,86.09286067012857,86.09286067012857,86.09285703891501,fri-only,74.317552722
R2-C2-q64-declared,R2-C2,r2-full-objective-v1,conditional-Johnson,classical,dominant,"[""Johnson mutual correlated agreement at the same radius for all terms"", ""Theorem parameter must match actual PCS batching objects"", ""No complete Fiat-Shamir/QROM, MMCS structural or hiding composition proof"", ""Probability-sum and full-epsilon columns are arithmetic sensitivities, not replacement theorems""]",3,0.2916666666666667,0.7083333333333333,14.0,0.0625,128,2048,True,467.33333333333337,True,45894314.666666664,20309.333333333332,14.0,45914638.0,94.54754916464788,103.19194080893115,105.36609659065148,106.18421645587182,129.76688503446732,110.54754916464788,120.0,128.0,86.09286067012857,86.09286067012857,86.09285703891501,full-minimum,74.317552722
R2-C2-q64-declared,R2-C2,r2-full-objective-v1,conditional-Johnson,classical,dominant,"[""Johnson mutual correlated agreement at the same radius for all terms"", ""Theorem parameter must match actual PCS batching objects"", ""No complete Fiat-Shamir/QROM, MMCS structural or hiding composition proof"", ""Probability-sum and full-epsilon columns are arithmetic sensitivities, not replacement theorems""]",3,0.2916666666666667,0.7083333333333333,14.0,0.0625,128,2048,True,467.33333333333337,True,45894314.666666664,20309.333333333332,14.0,45914638.0,94.54754916464788,103.19194080893115,105.36609659065148,106.18421645587182,129.76688503446732,110.54754916464788,120.0,128.0,86.09286067012857,86.09286067012857,86.09285703891501,full-error-sum,74.317552722
R2-C2-q64-declared,R2-C2,r2-full-objective-v1,conditional-Johnson,classical,full,"[""Johnson mutual correlated agreement at the same radius for all terms"", ""Theorem parameter must match actual PCS batching objects"", ""No complete Fiat-Shamir/QROM, MMCS structural or hiding composition proof"", ""Probability-sum and full-epsilon columns are arithmetic sensitivities, not replacement theorems""]",3,0.2916666666666667,0.7083333333333333,14.0,0.0625,128,2048,True,467.33333333333337,True,45894314.666666664,20309.333333333332,14.0,45914638.0,94.54754916464788,103.19194080893115,105.36609659065148,106.18421645587182,129.76688503446732,110.54754916464788,120.0,128.0,86.09222194434332,86.09222194434332,86.09221831473705,fri-only,74.317552722
R2-C2-q64-declared,R2-C2,r2-full-objective-v1,conditional-Johnson,classical,full,"[""Johnson mutual correlated agreement at the same radius for all terms"", ""Theorem parameter must match actual PCS batching objects"", ""No complete Fiat-Shamir/QROM, MMCS structural or hiding composition proof"", ""Probability-sum and full-epsilon columns are arithmetic sensitivities, not replacement theorems""]",3,0.2916666666666667,0.7083333333333333,14.0,0.0625,128,2048,True,467.33333333333337,True,45894314.666666664,20309.333333333332,14.0,45914638.0,94.54754916464788,103.19194080893115,105.36609659065148,106.18421645587182,129.76688503446732,110.54754916464788,120.0,128.0,86.09222194434332,86.09222194434332,86.09221831473705,full-minimum,74.317552722
R2-C2-q64-declared,R2-C2,r2-full-objective-v1,conditional-Johnson,classical,full,"[""Johnson mutual correlated agreement at the same radius for all terms"", ""Theorem parameter must match actual PCS batching objects"", ""No complete Fiat-Shamir/QROM, MMCS structural or hiding composition proof"", ""Probability-sum and full-epsilon columns are arithmetic sensitivities, not replacement theorems""]",3,0.2916666666666667,0.7083333333333333,14.0,0.0625,128,2048,True,467.33333333333337,True,45894314.666666664,20309.333333333332,14.0,45914638.0,94.54754916464788,103.19194080893115,105.36609659065148,106.18421645587182,129.76688503446732,110.54754916464788,120.0,128.0,86.09222194434332,86.09222194434332,86.09221831473705,full-error-sum,74.317552722
R2-C2-q64-declared,R2-C2,r2-full-objective-v1,conditional-Johnson,quantum_grinding_only,dominant,"[""Johnson mutual correlated agreement at the same radius for all terms"", ""Theorem parameter must match actual PCS batching objects"", ""No complete Fiat-Shamir/QROM, MMCS structural or hiding composition proof"", ""Probability-sum and full-epsilon columns are arithmetic sensitivities, not replacement theorems""]",3,0.2916666666666667,0.7083333333333333,14.0,0.0625,128,2048,True,467.33333333333337,True,45894314.666666664,20309.333333333332,14.0,45914638.0,94.54754916464788,103.19194080893115,105.36609659065148,106.18421645587182,121.76688503446732,102.54754916464788,120.0,128.0,86.09286067012857,86.09286067012857,86.09284103901908,fri-only,66.317552722
R2-C2-q64-declared,R2-C2,r2-full-objective-v1,conditional-Johnson,quantum_grinding_only,dominant,"[""Johnson mutual correlated agreement at the same radius for all terms"", ""Theorem parameter must match actual PCS batching objects"", ""No complete Fiat-Shamir/QROM, MMCS structural or hiding composition proof"", ""Probability-sum and full-epsilon columns are arithmetic sensitivities, not replacement theorems""]",3,0.2916666666666667,0.7083333333333333,14.0,0.0625,128,2048,True,467.33333333333337,True,45894314.666666664,20309.333333333332,14.0,45914638.0,94.54754916464788,103.19194080893115,105.36609659065148,106.18421645587182,121.76688503446732,102.54754916464788,120.0,128.0,86.09286067012857,86.09286067012857,86.09284103901908,full-minimum,66.317552722
R2-C2-q64-declared,R2-C2,r2-full-objective-v1,conditional-Johnson,quantum_grinding_only,dominant,"[""Johnson mutual correlated agreement at the same radius for all terms"", ""Theorem parameter must match actual PCS batching objects"", ""No complete Fiat-Shamir/QROM, MMCS structural or hiding composition proof"", ""Probability-sum and full-epsilon columns are arithmetic sensitivities, not replacement theorems""]",3,0.2916666666666667,0.7083333333333333,14.0,0.0625,128,2048,True,467.33333333333337,True,45894314.666666664,20309.333333333332,14.0,45914638.0,94.54754916464788,103.19194080893115,105.36609659065148,106.18421645587182,121.76688503446732,102.54754916464788,120.0,128.0,86.09286067012857,86.09286067012857,86.09284103901908,full-error-sum,66.317552722
R2-C2-q64-declared,R2-C2,r2-full-objective-v1,conditional-Johnson,quantum_grinding_only,full,"[""Johnson mutual correlated agreement at the same radius for all terms"", ""Theorem parameter must match actual PCS batching objects"", ""No complete Fiat-Shamir/QROM, MMCS structural or hiding composition proof"", ""Probability-sum and full-epsilon columns are arithmetic sensitivities, not replacement theorems""]",3,0.2916666666666667,0.7083333333333333,14.0,0.0625,128,2048,True,467.33333333333337,True,45894314.666666664,20309.333333333332,14.0,45914638.0,94.54754916464788,103.19194080893115,105.36609659065148,106.18421645587182,121.76688503446732,102.54754916464788,120.0,128.0,86.09222194434332,86.09222194434332,86.09220232192314,fri-only,66.317552722
R2-C2-q64-declared,R2-C2,r2-full-objective-v1,conditional-Johnson,quantum_grinding_only,full,"[""Johnson mutual correlated agreement at the same radius for all terms"", ""Theorem parameter must match actual PCS batching objects"", ""No complete Fiat-Shamir/QROM, MMCS structural or hiding composition proof"", ""Probability-sum and full-epsilon columns are arithmetic sensitivities, not replacement theorems""]",3,0.2916666666666667,0.7083333333333333,14.0,0.0625,128,2048,True,467.33333333333337,True,45894314.666666664,20309.333333333332,14.0,45914638.0,94.54754916464788,103.19194080893115,105.36609659065148,106.18421645587182,121.76688503446732,102.54754916464788,120.0,128.0,86.09222194434332,86.09222194434332,86.09220232192314,full-minimum,66.317552722
R2-C2-q64-declared,R2-C2,r2-full-objective-v1,conditional-Johnson,quantum_grinding_only,full,"[""Johnson mutual correlated agreement at the same radius for all terms"", ""Theorem parameter must match actual PCS batching objects"", ""No complete Fiat-Shamir/QROM, MMCS structural or hiding composition proof"", ""Probability-sum and full-epsilon columns are arithmetic sensitivities, not replacement theorems""]",3,0.2916666666666667,0.7083333333333333,14.0,0.0625,128,2048,True,467.33333333333337,True,45894314.666666664,20309.333333333332,14.0,45914638.0,94.54754916464788,103.19194080893115,105.36609659065148,106.18421645587182,121.76688503446732,102.54754916464788,120.0,128.0,86.09222194434332,86.09222194434332,86.09220232192314,full-error-sum,66.317552722
R2-C2-q64-base_columns,R2-C2,r2-full-objective-v1,conditional-Johnson,classical,dominant,"[""Johnson mutual correlated agreement at the same radius for all terms"", ""Theorem parameter must match actual PCS batching objects"", ""No complete Fiat-Shamir/QROM, MMCS structural or hiding composition proof"", ""Probability-sum and full-epsilon columns are arithmetic sensitivities, not replacement theorems""]",3,0.2916666666666667,0.7083333333333333,14.0,0.0625,128,2048,True,467.33333333333337,True,45894314.666666664,20309.333333333332,14.0,45914638.0,94.54754916464788,103.19194080893115,105.36609659065148,106.18421645587182,129.76688503446732,110.54754916464788,120.0,128.0,85.66860464082036,85.66860464082036,85.66860193475588,fri-only,74.317552722
R2-C2-q64-base_columns,R2-C2,r2-full-objective-v1,conditional-Johnson,classical,dominant,"[""Johnson mutual correlated agreement at the same radius for all terms"", ""Theorem parameter must match actual PCS batching objects"", ""No complete Fiat-Shamir/QROM, MMCS structural or hiding composition proof"", ""Probability-sum and full-epsilon columns are arithmetic sensitivities, not replacement theorems""]",3,0.2916666666666667,0.7083333333333333,14.0,0.0625,128,2048,True,467.33333333333337,True,45894314.666666664,20309.333333333332,14.0,45914638.0,94.54754916464788,103.19194080893115,105.36609659065148,106.18421645587182,129.76688503446732,110.54754916464788,120.0,128.0,85.66860464082036,85.66860464082036,85.66860193475588,full-minimum,74.317552722
R2-C2-q64-base_columns,R2-C2,r2-full-objective-v1,conditional-Johnson,classical,dominant,"[""Johnson mutual correlated agreement at the same radius for all terms"", ""Theorem parameter must match actual PCS batching objects"", ""No complete Fiat-Shamir/QROM, MMCS structural or hiding composition proof"", ""Probability-sum and full-epsilon columns are arithmetic sensitivities, not replacement theorems""]",3,0.2916666666666667,0.7083333333333333,14.0,0.0625,128,2048,True,467.33333333333337,True,45894314.666666664,20309.333333333332,14.0,45914638.0,94.54754916464788,103.19194080893115,105.36609659065148,106.18421645587182,129.76688503446732,110.54754916464788,120.0,128.0,85.66860464082036,85.66860464082036,85.66860193475588,full-error-sum,74.317552722
R2-C2-q64-base_columns,R2-C2,r2-full-objective-v1,conditional-Johnson,classical,full,"[""Johnson mutual correlated agreement at the same radius for all terms"", ""Theorem parameter must match actual PCS batching objects"", ""No complete Fiat-Shamir/QROM, MMCS structural or hiding composition proof"", ""Probability-sum and full-epsilon columns are arithmetic sensitivities, not replacement theorems""]",3,0.2916666666666667,0.7083333333333333,14.0,0.0625,128,2048,True,467.33333333333337,True,45894314.666666664,20309.333333333332,14.0,45914638.0,94.54754916464788,103.19194080893115,105.36609659065148,106.18421645587182,129.76688503446732,110.54754916464788,120.0,128.0,85.6679659150351,85.6679659150351,85.66796321016841,fri-only,74.317552722
R2-C2-q64-base_columns,R2-C2,r2-full-objective-v1,conditional-Johnson,classical,full,"[""Johnson mutual correlated agreement at the same radius for all terms"", ""Theorem parameter must match actual PCS batching objects"", ""No complete Fiat-Shamir/QROM, MMCS structural or hiding composition proof"", ""Probability-sum and full-epsilon columns are arithmetic sensitivities, not replacement theorems""]",3,0.2916666666666667,0.7083333333333333,14.0,0.0625,128,2048,True,467.33333333333337,True,45894314.666666664,20309.333333333332,14.0,45914638.0,94.54754916464788,103.19194080893115,105.36609659065148,106.18421645587182,129.76688503446732,110.54754916464788,120.0,128.0,85.6679659150351,85.6679659150351,85.66796321016841,full-minimum,74.317552722
R2-C2-q64-base_columns,R2-C2,r2-full-objective-v1,conditional-Johnson,classical,full,"[""Johnson mutual correlated agreement at the same radius for all terms"", ""Theorem parameter must match actual PCS batching objects"", ""No complete Fiat-Shamir/QROM, MMCS structural or hiding composition proof"", ""Probability-sum and full-epsilon columns are arithmetic sensitivities, not replacement theorems""]",3,0.2916666666666667,0.7083333333333333,14.0,0.0625,128,2048,True,467.33333333333337,True,45894314.666666664,20309.333333333332,14.0,45914638.0,94.54754916464788,103.19194080893115,105.36609659065148,106.18421645587182,129.76688503446732,110.54754916464788,120.0,128.0,85.6679659150351,85.6679659150351,85.66796321016841,full-error-sum,74.317552722
R2-C2-q64-base_columns,R2-C2,r2-full-objective-v1,conditional-Johnson,quantum_grinding_only,dominant,"[""Johnson mutual correlated agreement at the same radius for all terms"", ""Theorem parameter must match actual PCS batching objects"", ""No complete Fiat-Shamir/QROM, MMCS structural or hiding composition proof"", ""Probability-sum and full-epsilon columns are arithmetic sensitivities, not replacement theorems""]",3,0.2916666666666667,0.7083333333333333,14.0,0.0625,128,2048,True,467.33333333333337,True,45894314.666666664,20309.333333333332,14.0,45914638.0,94.54754916464788,103.19194080893115,105.36609659065148,106.18421645587182,121.76688503446732,102.54754916464788,120.0,128.0,85.66860464082036,85.66860464082036,85.66859001124206,fri-only,66.317552722
R2-C2-q64-base_columns,R2-C2,r2-full-objective-v1,conditional-Johnson,quantum_grinding_only,dominant,"[""Johnson mutual correlated agreement at the same radius for all terms"", ""Theorem parameter must match actual PCS batching objects"", ""No complete Fiat-Shamir/QROM, MMCS structural or hiding composition proof"", ""Probability-sum and full-epsilon columns are arithmetic sensitivities, not replacement theorems""]",3,0.2916666666666667,0.7083333333333333,14.0,0.0625,128,2048,True,467.33333333333337,True,45894314.666666664,20309.333333333332,14.0,45914638.0,94.54754916464788,103.19194080893115,105.36609659065148,106.18421645587182,121.76688503446732,102.54754916464788,120.0,128.0,85.66860464082036,85.66860464082036,85.66859001124206,full-minimum,66.317552722
R2-C2-q64-base_columns,R2-C2,r2-full-objective-v1,conditional-Johnson,quantum_grinding_only,dominant,"[""Johnson mutual correlated agreement at the same radius for all terms"", ""Theorem parameter must match actual PCS batching objects"", ""No complete Fiat-Shamir/QROM, MMCS structural or hiding composition proof"", ""Probability-sum and full-epsilon columns are arithmetic sensitivities, not replacement theorems""]",3,0.2916666666666667,0.7083333333333333,14.0,0.0625,128,2048,True,467.33333333333337,True,45894314.666666664,20309.333333333332,14.0,45914638.0,94.54754916464788,103.19194080893115,105.36609659065148,106.18421645587182,121.76688503446732,102.54754916464788,120.0,128.0,85.66860464082036,85.66860464082036,85.66859001124206,full-error-sum,66.317552722
R2-C2-q64-base_columns,R2-C2,r2-full-objective-v1,conditional-Johnson,quantum_grinding_only,full,"[""Johnson mutual correlated agreement at the same radius for all terms"", ""Theorem parameter must match actual PCS batching objects"", ""No complete Fiat-Shamir/QROM, MMCS structural or hiding composition proof"", ""Probability-sum and full-epsilon columns are arithmetic sensitivities, not replacement theorems""]",3,0.2916666666666667,0.7083333333333333,14.0,0.0625,128,2048,True,467.33333333333337,True,45894314.666666664,20309.333333333332,14.0,45914638.0,94.54754916464788,103.19194080893115,105.36609659065148,106.18421645587182,121.76688503446732,102.54754916464788,120.0,128.0,85.6679659150351,85.6679659150351,85.6679512919323,fri-only,66.317552722
R2-C2-q64-base_columns,R2-C2,r2-full-objective-v1,conditional-Johnson,quantum_grinding_only,full,"[""Johnson mutual correlated agreement at the same radius for all terms"", ""Theorem parameter must match actual PCS batching objects"", ""No complete Fiat-Shamir/QROM, MMCS structural or hiding composition proof"", ""Probability-sum and full-epsilon columns are arithmetic sensitivities, not replacement theorems""]",3,0.2916666666666667,0.7083333333333333,14.0,0.0625,128,2048,True,467.33333333333337,True,45894314.666666664,20309.333333333332,14.0,45914638.0,94.54754916464788,103.19194080893115,105.36609659065148,106.18421645587182,121.76688503446732,102.54754916464788,120.0,128.0,85.6679659150351,85.6679659150351,85.6679512919323,full-minimum,66.317552722
R2-C2-q64-base_columns,R2-C2,r2-full-objective-v1,conditional-Johnson,quantum_grinding_only,full,"[""Johnson mutual correlated agreement at the same radius for all terms"", ""Theorem parameter must match actual PCS batching objects"", ""No complete Fiat-Shamir/QROM, MMCS structural or hiding composition proof"", ""Probability-sum and full-epsilon columns are arithmetic sensitivities, not replacement theorems""]",3,0.2916666666666667,0.7083333333333333,14.0,0.0625,128,2048,True,467.33333333333337,True,45894314.666666664,20309.333333333332,14.0,45914638.0,94.54754916464788,103.19194080893115,105.36609659065148,106.18421645587182,121.76688503446732,102.54754916464788,120.0,128.0,85.6679659150351,85.6679659150351,85.6679512919323,full-error-sum,66.317552722
R2-C2-q64-reduction_terms,R2-C2,r2-full-objective-v1,conditional-Johnson,classical,dominant,"[""Johnson mutual correlated agreement at the same radius for all terms"", ""Theorem parameter must match actual PCS batching objects"", ""No complete Fiat-Shamir/QROM, MMCS structural or hiding composition proof"", ""Probability-sum and full-epsilon columns are arithmetic sensitivities, not replacement theorems""]",3,0.2916666666666667,0.7083333333333333,14.0,0.0625,128,2048,True,467.33333333333337,True,45894314.666666664,20309.333333333332,14.0,45914638.0,94.54754916464788,103.19194080893115,105.36609659065148,106.18421645587182,129.76688503446732,110.54754916464788,120.0,128.0,84.89176302715536,84.89176302715536,84.89176144777882,fri-only,74.317552722
R2-C2-q64-reduction_terms,R2-C2,r2-full-objective-v1,conditional-Johnson,classical,dominant,"[""Johnson mutual correlated agreement at the same radius for all terms"", ""Theorem parameter must match actual PCS batching objects"", ""No complete Fiat-Shamir/QROM, MMCS structural or hiding composition proof"", ""Probability-sum and full-epsilon columns are arithmetic sensitivities, not replacement theorems""]",3,0.2916666666666667,0.7083333333333333,14.0,0.0625,128,2048,True,467.33333333333337,True,45894314.666666664,20309.333333333332,14.0,45914638.0,94.54754916464788,103.19194080893115,105.36609659065148,106.18421645587182,129.76688503446732,110.54754916464788,120.0,128.0,84.89176302715536,84.89176302715536,84.89176144777882,full-minimum,74.317552722
R2-C2-q64-reduction_terms,R2-C2,r2-full-objective-v1,conditional-Johnson,classical,dominant,"[""Johnson mutual correlated agreement at the same radius for all terms"", ""Theorem parameter must match actual PCS batching objects"", ""No complete Fiat-Shamir/QROM, MMCS structural or hiding composition proof"", ""Probability-sum and full-epsilon columns are arithmetic sensitivities, not replacement theorems""]",3,0.2916666666666667,0.7083333333333333,14.0,0.0625,128,2048,True,467.33333333333337,True,45894314.666666664,20309.333333333332,14.0,45914638.0,94.54754916464788,103.19194080893115,105.36609659065148,106.18421645587182,129.76688503446732,110.54754916464788,120.0,128.0,84.89176302715536,84.89176302715536,84.89176144777882,full-error-sum,74.317552722
R2-C2-q64-reduction_terms,R2-C2,r2-full-objective-v1,conditional-Johnson,classical,full,"[""Johnson mutual correlated agreement at the same radius for all terms"", ""Theorem parameter must match actual PCS batching objects"", ""No complete Fiat-Shamir/QROM, MMCS structural or hiding composition proof"", ""Probability-sum and full-epsilon columns are arithmetic sensitivities, not replacement theorems""]",3,0.2916666666666667,0.7083333333333333,14.0,0.0625,128,2048,True,467.33333333333337,True,45894314.666666664,20309.333333333332,14.0,45914638.0,94.54754916464788,103.19194080893115,105.36609659065148,106.18421645587182,129.76688503446732,110.54754916464788,120.0,128.0,84.8911243013701,84.8911243013701,84.89112272269264,fri-only,74.317552722
R2-C2-q64-reduction_terms,R2-C2,r2-full-objective-v1,conditional-Johnson,classical,full,"[""Johnson mutual correlated agreement at the same radius for all terms"", ""Theorem parameter must match actual PCS batching objects"", ""No complete Fiat-Shamir/QROM, MMCS structural or hiding composition proof"", ""Probability-sum and full-epsilon columns are arithmetic sensitivities, not replacement theorems""]",3,0.2916666666666667,0.7083333333333333,14.0,0.0625,128,2048,True,467.33333333333337,True,45894314.666666664,20309.333333333332,14.0,45914638.0,94.54754916464788,103.19194080893115,105.36609659065148,106.18421645587182,129.76688503446732,110.54754916464788,120.0,128.0,84.8911243013701,84.8911243013701,84.89112272269264,full-minimum,74.317552722
R2-C2-q64-reduction_terms,R2-C2,r2-full-objective-v1,conditional-Johnson,classical,full,"[""Johnson mutual correlated agreement at the same radius for all terms"", ""Theorem parameter must match actual PCS batching objects"", ""No complete Fiat-Shamir/QROM, MMCS structural or hiding composition proof"", ""Probability-sum and full-epsilon columns are arithmetic sensitivities, not replacement theorems""]",3,0.2916666666666667,0.7083333333333333,14.0,0.0625,128,2048,True,467.33333333333337,True,45894314.666666664,20309.333333333332,14.0,45914638.0,94.54754916464788,103.19194080893115,105.36609659065148,106.18421645587182,129.76688503446732,110.54754916464788,120.0,128.0,84.8911243013701,84.8911243013701,84.89112272269264,full-error-sum,74.317552722
R2-C2-q64-reduction_terms,R2-C2,r2-full-objective-v1,conditional-Johnson,quantum_grinding_only,dominant,"[""Johnson mutual correlated agreement at the same radius for all terms"", ""Theorem parameter must match actual PCS batching objects"", ""No complete Fiat-Shamir/QROM, MMCS structural or hiding composition proof"", ""Probability-sum and full-epsilon columns are arithmetic sensitivities, not replacement theorems""]",3,0.2916666666666667,0.7083333333333333,14.0,0.0625,128,2048,True,467.33333333333337,True,45894314.666666664,20309.333333333332,14.0,45914638.0,94.54754916464788,103.19194080893115,105.36609659065148,106.18421645587182,121.76688503446732,102.54754916464788,120.0,128.0,84.89176302715536,84.89176302715536,84.89175448868458,fri-only,66.317552722
R2-C2-q64-reduction_terms,R2-C2,r2-full-objective-v1,conditional-Johnson,quantum_grinding_only,dominant,"[""Johnson mutual correlated agreement at the same radius for all terms"", ""Theorem parameter must match actual PCS batching objects"", ""No complete Fiat-Shamir/QROM, MMCS structural or hiding composition proof"", ""Probability-sum and full-epsilon columns are arithmetic sensitivities, not replacement theorems""]",3,0.2916666666666667,0.7083333333333333,14.0,0.0625,128,2048,True,467.33333333333337,True,45894314.666666664,20309.333333333332,14.0,45914638.0,94.54754916464788,103.19194080893115,105.36609659065148,106.18421645587182,121.76688503446732,102.54754916464788,120.0,128.0,84.89176302715536,84.89176302715536,84.89175448868458,full-minimum,66.317552722
R2-C2-q64-reduction_terms,R2-C2,r2-full-objective-v1,conditional-Johnson,quantum_grinding_only,dominant,"[""Johnson mutual correlated agreement at the same radius for all terms"", ""Theorem parameter must match actual PCS batching objects"", ""No complete Fiat-Shamir/QROM, MMCS structural or hiding composition proof"", ""Probability-sum and full-epsilon columns are arithmetic sensitivities, not replacement theorems""]",3,0.2916666666666667,0.7083333333333333,14.0,0.0625,128,2048,True,467.33333333333337,True,45894314.666666664,20309.333333333332,14.0,45914638.0,94.54754916464788,103.19194080893115,105.36609659065148,106.18421645587182,121.76688503446732,102.54754916464788,120.0,128.0,84.89176302715536,84.89176302715536,84.89175448868458,full-error-sum,66.317552722
R2-C2-q64-reduction_terms,R2-C2,r2-full-objective-v1,conditional-Johnson,quantum_grinding_only,full,"[""Johnson mutual correlated agreement at the same radius for all terms"", ""Theorem parameter must match actual PCS batching objects"", ""No complete Fiat-Shamir/QROM, MMCS structural or hiding composition proof"", ""Probability-sum and full-epsilon columns are arithmetic sensitivities, not replacement theorems""]",3,0.2916666666666667,0.7083333333333333,14.0,0.0625,128,2048,True,467.33333333333337,True,45894314.666666664,20309.333333333332,14.0,45914638.0,94.54754916464788,103.19194080893115,105.36609659065148,106.18421645587182,121.76688503446732,102.54754916464788,120.0,128.0,84.8911243013701,84.8911243013701,84.89111576667871,fri-only,66.317552722
R2-C2-q64-reduction_terms,R2-C2,r2-full-objective-v1,conditional-Johnson,quantum_grinding_only,full,"[""Johnson mutual correlated agreement at the same radius for all terms"", ""Theorem parameter must match actual PCS batching objects"", ""No complete Fiat-Shamir/QROM, MMCS structural or hiding composition proof"", ""Probability-sum and full-epsilon columns are arithmetic sensitivities, not replacement theorems""]",3,0.2916666666666667,0.7083333333333333,14.0,0.0625,128,2048,True,467.33333333333337,True,45894314.666666664,20309.333333333332,14.0,45914638.0,94.54754916464788,103.19194080893115,105.36609659065148,106.18421645587182,121.76688503446732,102.54754916464788,120.0,128.0,84.8911243013701,84.8911243013701,84.89111576667871,full-minimum,66.317552722
R2-C2-q64-reduction_terms,R2-C2,r2-full-objective-v1,conditional-Johnson,quantum_grinding_only,full,"[""Johnson mutual correlated agreement at the same radius for all terms"", ""Theorem parameter must match actual PCS batching objects"", ""No complete Fiat-Shamir/QROM, MMCS structural or hiding composition proof"", ""Probability-sum and full-epsilon columns are arithmetic sensitivities, not replacement theorems""]",3,0.2916666666666667,0.7083333333333333,14.0,0.0625,128,2048,True,467.33333333333337,True,45894314.666666664,20309.333333333332,14.0,45914638.0,94.54754916464788,103.19194080893115,105.36609659065148,106.18421645587182,121.76688503446732,102.54754916464788,120.0,128.0,84.8911243013701,84.8911243013701,84.89111576667871,full-error-sum,66.317552722
R2-C3-q32-declared,R2-C3,r2-full-objective-v1,conditional-Johnson,classical,dominant,"[""Johnson mutual correlated agreement at the same radius for all terms"", ""Theorem parameter must match actual PCS batching objects"", ""No complete Fiat-Shamir/QROM, MMCS structural or hiding composition proof"", ""Probability-sum and full-epsilon columns are arithmetic sensitivities, not replacement theorems""]",107,0.25116822429906543,0.7488317757009346,430.0,0.0625,8192,131072,True,24727.121495327105,True,8.028621100373333e+16,42204877.75700935,430.0,8.028621104593864e+16,63.84399825201545,92.25179614356287,100.43802595919351,95.9297733932519,79.78477237797398,79.84399825201545,120.0,128.0,56.58661041008121,56.58661041008121,56.5866101162877,fri-only,45.200526082
R2-C3-q32-declared,R2-C3,r2-full-objective-v1,conditional-Johnson,classical,dominant,"[""Johnson mutual correlated agreement at the same radius for all terms"", ""Theorem parameter must match actual PCS batching objects"", ""No complete Fiat-Shamir/QROM, MMCS structural or hiding composition proof"", ""Probability-sum and full-epsilon columns are arithmetic sensitivities, not replacement theorems""]",6,0.2708333333333333,0.7291666666666667,26.0,0.0625,8192,131072,True,27304.666666666664,True,64888154794.666664,2484906.666666667,26.0,64890639727.33333,84.08270866216031,96.29954927501123,104.48577909064187,99.97752652470028,76.30472904256206,100.08270866216031,120.0,128.0,76.82537606732305,76.30472904256206,75.54169207247975,full-minimum,45.200526082
R2-C3-q32-declared,R2-C3,r2-full-objective-v1,conditional-Johnson,classical,dominant,"[""Johnson mutual correlated agreement at the same radius for all terms"", ""Theorem parameter must match actual PCS batching objects"", ""No complete Fiat-Shamir/QROM, MMCS structural or hiding composition proof"", ""Probability-sum and full-epsilon columns are arithmetic sensitivities, not replacement theorems""]",6,0.2708333333333333,0.7291666666666667,26.0,0.0625,8192,131072,True,27304.666666666664,True,64888154794.666664,2484906.666666667,26.0,64890639727.33333,84.08270866216031,96.29954927501123,104.48577909064187,99.97752652470028,76.30472904256206,100.08270866216031,120.0,128.0,76.82537606732305,76.30472904256206,75.54169207247975,full-error-sum,45.200526082
R2-C3-q32-declared,R2-C3,r2-full-objective-v1,conditional-Johnson,classical,full,"[""Johnson mutual correlated agreement at the same radius for all terms"", ""Theorem parameter must match actual PCS batching objects"", ""No complete Fiat-Shamir/QROM, MMCS structural or hiding composition proof"", ""Probability-sum and full-epsilon columns are arithmetic sensitivities, not replacement theorems""]",107,0.25116822429906543,0.7488317757009346,430.0,0.0625,8192,131072,True,24727.121495327105,True,8.028621100373333e+16,42204877.75700935,430.0,8.028621104593864e+16,63.84399825201545,92.25179614356287,100.43802595919351,95.9297733932519,79.78477237797398,79.84399825201545,120.0,128.0,56.5866104093228,56.5866104093228,56.5866101155293,fri-only,45.200526082
R2-C3-q32-declared,R2-C3,r2-full-objective-v1,conditional-Johnson,classical,full,"[""Johnson mutual correlated agreement at the same radius for all terms"", ""Theorem parameter must match actual PCS batching objects"", ""No complete Fiat-Shamir/QROM, MMCS structural or hiding composition proof"", ""Probability-sum and full-epsilon columns are arithmetic sensitivities, not replacement theorems""]",6,0.2708333333333333,0.7291666666666667,26.0,0.0625,8192,131072,True,27304.666666666664,True,64888154794.666664,2484906.666666667,26.0,64890639727.33333,84.08270866216031,96.29954927501123,104.48577909064187,99.97752652470028,76.30472904256206,100.08270866216031,120.0,128.0,76.82532081946766,76.30472904256206,75.54166937942625,full-minimum,45.200526082
R2-C3-q32-declared,R2-C3,r2-full-objective-v1,conditional-Johnson,classical,full,"[""Johnson mutual correlated agreement at the same radius for all terms"", ""Theorem parameter must match actual PCS batching objects"", ""No complete Fiat-Shamir/QROM, MMCS structural or hiding composition proof"", ""Probability-sum and full-epsilon columns are arithmetic sensitivities, not replacement theorems""]",6,0.2708333333333333,0.7291666666666667,26.0,0.0625,8192,131072,True,27304.666666666664,True,64888154794.666664,2484906.666666667,26.0,64890639727.33333,84.08270866216031,96.29954927501123,104.48577909064187,99.97752652470028,76.30472904256206,100.08270866216031,120.0,128.0,76.82532081946766,76.30472904256206,75.54166937942625,full-error-sum,45.200526082
R2-C3-q32-declared,R2-C3,r2-full-objective-v1,conditional-Johnson,quantum_grinding_only,dominant,"[""Johnson mutual correlated agreement at the same radius for all terms"", ""Theorem parameter must match actual PCS batching objects"", ""No complete Fiat-Shamir/QROM, MMCS structural or hiding composition proof"", ""Probability-sum and full-epsilon columns are arithmetic sensitivities, not replacement theorems""]",107,0.25116822429906543,0.7488317757009346,430.0,0.0625,8192,131072,True,24727.121495327105,True,8.028621100373333e+16,42204877.75700935,430.0,8.028621104593864e+16,63.84399825201545,92.25179614356287,100.43802595919351,95.9297733932519,71.78477237797398,71.84399825201545,120.0,128.0,56.58661041008121,56.58661041008121,56.58653520144805,fri-only,37.200526082
R2-C3-q32-declared,R2-C3,r2-full-objective-v1,conditional-Johnson,quantum_grinding_only,dominant,"[""Johnson mutual correlated agreement at the same radius for all terms"", ""Theorem parameter must match actual PCS batching objects"", ""No complete Fiat-Shamir/QROM, MMCS structural or hiding composition proof"", ""Probability-sum and full-epsilon columns are arithmetic sensitivities, not replacement theorems""]",15,0.25833333333333336,0.7416666666666667,62.0,0.0625,8192,131072,True,25666.26666666667,True,5003306773162.667,6027127.466666667,62.0,5003312800352.134,77.81397921085795,95.04579268276545,103.23202249839609,98.72376993245449,70.48621712709257,85.81397921085795,120.0,128.0,70.55659310609413,70.48621712709257,69.52095806358456,full-minimum,37.200526082
R2-C3-q32-declared,R2-C3,r2-full-objective-v1,conditional-Johnson,quantum_grinding_only,dominant,"[""Johnson mutual correlated agreement at the same radius for all terms"", ""Theorem parameter must match actual PCS batching objects"", ""No complete Fiat-Shamir/QROM, MMCS structural or hiding composition proof"", ""Probability-sum and full-epsilon columns are arithmetic sensitivities, not replacement theorems""]",12,0.2604166666666667,0.7395833333333333,50.0,0.0625,8192,131072,True,25939.333333333336,True,1706666666666.6667,4846933.333333333,50.0,1706671513650.0,79.36567745455716,95.3561328033776,103.54236261900823,99.03411005306664,70.11540195028581,87.36567745455716,120.0,128.0,72.10829370915488,70.11540195028581,69.79204200443769,full-error-sum,37.200526082
R2-C3-q32-declared,R2-C3,r2-full-objective-v1,conditional-Johnson,quantum_grinding_only,full,"[""Johnson mutual correlated agreement at the same radius for all terms"", ""Theorem parameter must match actual PCS batching objects"", ""No complete Fiat-Shamir/QROM, MMCS structural or hiding composition proof"", ""Probability-sum and full-epsilon columns are arithmetic sensitivities, not replacement theorems""]",107,0.25116822429906543,0.7488317757009346,430.0,0.0625,8192,131072,True,24727.121495327105,True,8.028621100373333e+16,42204877.75700935,430.0,8.028621104593864e+16,63.84399825201545,92.25179614356287,100.43802595919351,95.9297733932519,71.78477237797398,71.84399825201545,120.0,128.0,56.5866104093228,56.5866104093228,56.58653520068969,fri-only,37.200526082
R2-C3-q32-declared,R2-C3,r2-full-objective-v1,conditional-Johnson,quantum_grinding_only,full,"[""Johnson mutual correlated agreement at the same radius for all terms"", ""Theorem parameter must match actual PCS batching objects"", ""No complete Fiat-Shamir/QROM, MMCS structural or hiding composition proof"", ""Probability-sum and full-epsilon columns are arithmetic sensitivities, not replacement theorems""]",15,0.25833333333333336,0.7416666666666667,62.0,0.0625,8192,131072,True,25666.26666666667,True,5003306773162.667,6027127.466666667,62.0,5003312800352.134,77.81397921085795,95.04579268276545,103.23202249839609,98.72376993245449,70.48621712709257,85.81397921085795,120.0,128.0,70.5565913681653,70.48621712709257,69.52095721582067,full-minimum,37.200526082
R2-C3-q32-declared,R2-C3,r2-full-objective-v1,conditional-Johnson,quantum_grinding_only,full,"[""Johnson mutual correlated agreement at the same radius for all terms"", ""Theorem parameter must match actual PCS batching objects"", ""No complete Fiat-Shamir/QROM, MMCS structural or hiding composition proof"", ""Probability-sum and full-epsilon columns are arithmetic sensitivities, not replacement theorems""]",12,0.2604166666666667,0.7395833333333333,50.0,0.0625,8192,131072,True,25939.333333333336,True,1706666666666.6667,4846933.333333333,50.0,1706671513650.0,79.36567745455716,95.3561328033776,103.54236261900823,99.03411005306664,70.11540195028581,87.36567745455716,120.0,128.0,72.1082896118645,70.11540195028581,69.7920411817481,full-error-sum,37.200526082
R2-C3-q32-base_columns,R2-C3,r2-full-objective-v1,conditional-Johnson,classical,dominant,"[""Johnson mutual correlated agreement at the same radius for all terms"", ""Theorem parameter must match actual PCS batching objects"", ""No complete Fiat-Shamir/QROM, MMCS structural or hiding composition proof"", ""Probability-sum and full-epsilon columns are arithmetic sensitivities, not replacement theorems""]",107,0.25116822429906543,0.7488317757009346,430.0,0.0625,8192,131072,True,24727.121495327105,True,8.028621100373333e+16,42204877.75700935,430.0,8.028621104593864e+16,63.84399825201545,92.25179614356287,100.43802595919351,95.9297733932519,79.78477237797398,79.84399825201545,120.0,128.0,56.082447020329376,56.082447020329376,56.08244681318464,fri-only,45.200526082
R2-C3-q32-base_columns,R2-C3,r2-full-objective-v1,conditional-Johnson,classical,dominant,"[""Johnson mutual correlated agreement at the same radius for all terms"", ""Theorem parameter must match actual PCS batching objects"", ""No complete Fiat-Shamir/QROM, MMCS structural or hiding composition proof"", ""Probability-sum and full-epsilon columns are arithmetic sensitivities, not replacement theorems""]",6,0.2708333333333333,0.7291666666666667,26.0,0.0625,8192,131072,True,27304.666666666664,True,64888154794.666664,2484906.666666667,26.0,64890639727.33333,84.08270866216031,96.29954927501123,104.48577909064187,99.97752652470028,76.30472904256206,100.08270866216031,120.0,128.0,76.32121267757122,76.30472904256206,75.31294721122919,full-minimum,45.200526082
R2-C3-q32-base_columns,R2-C3,r2-full-objective-v1,conditional-Johnson,classical,dominant,"[""Johnson mutual correlated agreement at the same radius for all terms"", ""Theorem parameter must match actual PCS batching objects"", ""No complete Fiat-Shamir/QROM, MMCS structural or hiding composition proof"", ""Probability-sum and full-epsilon columns are arithmetic sensitivities, not replacement theorems""]",6,0.2708333333333333,0.7291666666666667,26.0,0.0625,8192,131072,True,27304.666666666664,True,64888154794.666664,2484906.666666667,26.0,64890639727.33333,84.08270866216031,96.29954927501123,104.48577909064187,99.97752652470028,76.30472904256206,100.08270866216031,120.0,128.0,76.32121267757122,76.30472904256206,75.31294721122919,full-error-sum,45.200526082
R2-C3-q32-base_columns,R2-C3,r2-full-objective-v1,conditional-Johnson,classical,full,"[""Johnson mutual correlated agreement at the same radius for all terms"", ""Theorem parameter must match actual PCS batching objects"", ""No complete Fiat-Shamir/QROM, MMCS structural or hiding composition proof"", ""Probability-sum and full-epsilon columns are arithmetic sensitivities, not replacement theorems""]",107,0.25116822429906543,0.7488317757009346,430.0,0.0625,8192,131072,True,24727.121495327105,True,8.028621100373333e+16,42204877.75700935,430.0,8.028621104593864e+16,63.84399825201545,92.25179614356287,100.43802595919351,95.9297733932519,79.78477237797398,79.84399825201545,120.0,128.0,56.08244701957097,56.08244701957097,56.082446812426234,fri-only,45.200526082
R2-C3-q32-base_columns,R2-C3,r2-full-objective-v1,conditional-Johnson,classical,full,"[""Johnson mutual correlated agreement at the same radius for all terms"", ""Theorem parameter must match actual PCS batching objects"", ""No complete Fiat-Shamir/QROM, MMCS structural or hiding composition proof"", ""Probability-sum and full-epsilon columns are arithmetic sensitivities, not replacement theorems""]",6,0.2708333333333333,0.7291666666666667,26.0,0.0625,8192,131072,True,27304.666666666664,True,64888154794.666664,2484906.666666667,26.0,64890639727.33333,84.08270866216031,96.29954927501123,104.48577909064187,99.97752652470028,76.30472904256206,100.08270866216031,120.0,128.0,76.32115742971584,76.30472904256206,75.31291974484712,full-minimum,45.200526082
R2-C3-q32-base_columns,R2-C3,r2-full-objective-v1,conditional-Johnson,classical,full,"[""Johnson mutual correlated agreement at the same radius for all terms"", ""Theorem parameter must match actual PCS batching objects"", ""No complete Fiat-Shamir/QROM, MMCS structural or hiding composition proof"", ""Probability-sum and full-epsilon columns are arithmetic sensitivities, not replacement theorems""]",6,0.2708333333333333,0.7291666666666667,26.0,0.0625,8192,131072,True,27304.666666666664,True,64888154794.666664,2484906.666666667,26.0,64890639727.33333,84.08270866216031,96.29954927501123,104.48577909064187,99.97752652470028,76.30472904256206,100.08270866216031,120.0,128.0,76.32115742971584,76.30472904256206,75.31291974484712,full-error-sum,45.200526082
R2-C3-q32-base_columns,R2-C3,r2-full-objective-v1,conditional-Johnson,quantum_grinding_only,dominant,"[""Johnson mutual correlated agreement at the same radius for all terms"", ""Theorem parameter must match actual PCS batching objects"", ""No complete Fiat-Shamir/QROM, MMCS structural or hiding composition proof"", ""Probability-sum and full-epsilon columns are arithmetic sensitivities, not replacement theorems""]",107,0.25116822429906543,0.7488317757009346,430.0,0.0625,8192,131072,True,24727.121495327105,True,8.028621100373333e+16,42204877.75700935,430.0,8.028621104593864e+16,63.84399825201545,92.25179614356287,100.43802595919351,95.9297733932519,71.78477237797398,71.84399825201545,120.0,128.0,56.082447020329376,56.082447020329376,56.082393992636604,fri-only,37.200526082
R2-C3-q32-base_columns,R2-C3,r2-full-objective-v1,conditional-Johnson,quantum_grinding_only,dominant,"[""Johnson mutual correlated agreement at the same radius for all terms"", ""Theorem parameter must match actual PCS batching objects"", ""No complete Fiat-Shamir/QROM, MMCS structural or hiding composition proof"", ""Probability-sum and full-epsilon columns are arithmetic sensitivities, not replacement theorems""]",14,0.25892857142857145,0.7410714285714286,58.0,0.0625,8192,131072,True,25744.285714285717,True,3584583095637.3335,5633755.428571429,58.0,3584588729450.762,78.29505525763179,95.14200799802475,103.32823781365539,98.81998524771379,70.37996566176102,86.29505525763179,120.0,128.0,70.53350629263882,70.37996566176102,69.45468204924863,full-minimum,37.200526082
R2-C3-q32-base_columns,R2-C3,r2-full-objective-v1,conditional-Johnson,quantum_grinding_only,dominant,"[""Johnson mutual correlated agreement at the same radius for all terms"", ""Theorem parameter must match actual PCS batching objects"", ""No complete Fiat-Shamir/QROM, MMCS structural or hiding composition proof"", ""Probability-sum and full-epsilon columns are arithmetic sensitivities, not replacement theorems""]",12,0.2604166666666667,0.7395833333333333,50.0,0.0625,8192,131072,True,25939.333333333336,True,1706666666666.6667,4846933.333333333,50.0,1706671513650.0,79.36567745455716,95.3561328033776,103.54236261900823,99.03411005306664,70.11540195028581,87.36567745455716,120.0,128.0,71.60413031940305,70.11540195028581,69.67569062854238,full-error-sum,37.200526082
R2-C3-q32-base_columns,R2-C3,r2-full-objective-v1,conditional-Johnson,quantum_grinding_only,full,"[""Johnson mutual correlated agreement at the same radius for all terms"", ""Theorem parameter must match actual PCS batching objects"", ""No complete Fiat-Shamir/QROM, MMCS structural or hiding composition proof"", ""Probability-sum and full-epsilon columns are arithmetic sensitivities, not replacement theorems""]",107,0.25116822429906543,0.7488317757009346,430.0,0.0625,8192,131072,True,24727.121495327105,True,8.028621100373333e+16,42204877.75700935,430.0,8.028621104593864e+16,63.84399825201545,92.25179614356287,100.43802595919351,95.9297733932519,71.78477237797398,71.84399825201545,120.0,128.0,56.08244701957097,56.08244701957097,56.08239399187823,fri-only,37.200526082
R2-C3-q32-base_columns,R2-C3,r2-full-objective-v1,conditional-Johnson,quantum_grinding_only,full,"[""Johnson mutual correlated agreement at the same radius for all terms"", ""Theorem parameter must match actual PCS batching objects"", ""No complete Fiat-Shamir/QROM, MMCS structural or hiding composition proof"", ""Probability-sum and full-epsilon columns are arithmetic sensitivities, not replacement theorems""]",14,0.25892857142857145,0.7410714285714286,58.0,0.0625,8192,131072,True,25744.285714285717,True,3584583095637.3335,5633755.428571429,58.0,3584588729450.762,78.29505525763179,95.14200799802475,103.32823781365539,98.81998524771379,70.37996566176102,86.29505525763179,120.0,128.0,70.53350402518731,70.37996566176102,69.4546809758038,full-minimum,37.200526082
R2-C3-q32-base_columns,R2-C3,r2-full-objective-v1,conditional-Johnson,quantum_grinding_only,full,"[""Johnson mutual correlated agreement at the same radius for all terms"", ""Theorem parameter must match actual PCS batching objects"", ""No complete Fiat-Shamir/QROM, MMCS structural or hiding composition proof"", ""Probability-sum and full-epsilon columns are arithmetic sensitivities, not replacement theorems""]",12,0.2604166666666667,0.7395833333333333,50.0,0.0625,8192,131072,True,25939.333333333336,True,1706666666666.6667,4846933.333333333,50.0,1706671513650.0,79.36567745455716,95.3561328033776,103.54236261900823,99.03411005306664,70.11540195028581,87.36567745455716,120.0,128.0,71.60412622211268,70.11540195028581,69.67568955212921,full-error-sum,37.200526082
R2-C3-q32-reduction_terms,R2-C3,r2-full-objective-v1,conditional-Johnson,classical,dominant,"[""Johnson mutual correlated agreement at the same radius for all terms"", ""Theorem parameter must match actual PCS batching objects"", ""No complete Fiat-Shamir/QROM, MMCS structural or hiding composition proof"", ""Probability-sum and full-epsilon columns are arithmetic sensitivities, not replacement theorems""]",107,0.25116822429906543,0.7488317757009346,430.0,0.0625,8192,131072,True,24727.121495327105,True,8.028621100373333e+16,42204877.75700935,430.0,8.028621104593864e+16,63.84399825201545,92.25179614356287,100.43802595919351,95.9297733932519,79.78477237797398,79.84399825201545,120.0,128.0,55.340172514778104,55.340172514778104,55.34017239094778,fri-only,45.200526082
R2-C3-q32-reduction_terms,R2-C3,r2-full-objective-v1,conditional-Johnson,classical,dominant,"[""Johnson mutual correlated agreement at the same radius for all terms"", ""Theorem parameter must match actual PCS batching objects"", ""No complete Fiat-Shamir/QROM, MMCS structural or hiding composition proof"", ""Probability-sum and full-epsilon columns are arithmetic sensitivities, not replacement theorems""]",5,0.275,0.725,22.0,0.0625,8192,131072,True,27850.800000000003,True,28145702229.333332,2090598.4,22.0,28147792849.733334,85.2876972502981,96.54055737451503,104.72678719014567,100.21853462420407,75.59988724000208,101.2876972502981,120.0,128.0,76.78397866953893,75.59988724000208,75.07371656777302,full-minimum,45.200526082
R2-C3-q32-reduction_terms,R2-C3,r2-full-objective-v1,conditional-Johnson,classical,dominant,"[""Johnson mutual correlated agreement at the same radius for all terms"", ""Theorem parameter must match actual PCS batching objects"", ""No complete Fiat-Shamir/QROM, MMCS structural or hiding composition proof"", ""Probability-sum and full-epsilon columns are arithmetic sensitivities, not replacement theorems""]",5,0.275,0.725,22.0,0.0625,8192,131072,True,27850.800000000003,True,28145702229.333332,2090598.4,22.0,28147792849.733334,85.2876972502981,96.54055737451503,104.72678719014567,100.21853462420407,75.59988724000208,101.2876972502981,120.0,128.0,76.78397866953893,75.59988724000208,75.07371656777302,full-error-sum,45.200526082
R2-C3-q32-reduction_terms,R2-C3,r2-full-objective-v1,conditional-Johnson,classical,full,"[""Johnson mutual correlated agreement at the same radius for all terms"", ""Theorem parameter must match actual PCS batching objects"", ""No complete Fiat-Shamir/QROM, MMCS structural or hiding composition proof"", ""Probability-sum and full-epsilon columns are arithmetic sensitivities, not replacement theorems""]",107,0.25116822429906543,0.7488317757009346,430.0,0.0625,8192,131072,True,24727.121495327105,True,8.028621100373333e+16,42204877.75700935,430.0,8.028621104593864e+16,63.84399825201545,92.25179614356287,100.43802595919351,95.9297733932519,79.78477237797398,79.84399825201545,120.0,128.0,55.3401725140197,55.3401725140197,55.34017239018937,fri-only,45.200526082
R2-C3-q32-reduction_terms,R2-C3,r2-full-objective-v1,conditional-Johnson,classical,full,"[""Johnson mutual correlated agreement at the same radius for all terms"", ""Theorem parameter must match actual PCS batching objects"", ""No complete Fiat-Shamir/QROM, MMCS structural or hiding composition proof"", ""Probability-sum and full-epsilon columns are arithmetic sensitivities, not replacement theorems""]",5,0.275,0.725,22.0,0.0625,8192,131072,True,27850.800000000003,True,28145702229.333332,2090598.4,22.0,28147792849.733334,85.2876972502981,96.54055737451503,104.72678719014567,100.21853462420407,75.59988724000208,101.2876972502981,120.0,128.0,76.78387151230234,75.59988724000208,75.07368381919011,full-minimum,45.200526082
R2-C3-q32-reduction_terms,R2-C3,r2-full-objective-v1,conditional-Johnson,classical,full,"[""Johnson mutual correlated agreement at the same radius for all terms"", ""Theorem parameter must match actual PCS batching objects"", ""No complete Fiat-Shamir/QROM, MMCS structural or hiding composition proof"", ""Probability-sum and full-epsilon columns are arithmetic sensitivities, not replacement theorems""]",5,0.275,0.725,22.0,0.0625,8192,131072,True,27850.800000000003,True,28145702229.333332,2090598.4,22.0,28147792849.733334,85.2876972502981,96.54055737451503,104.72678719014567,100.21853462420407,75.59988724000208,101.2876972502981,120.0,128.0,76.78387151230234,75.59988724000208,75.07368381919011,full-error-sum,45.200526082
R2-C3-q32-reduction_terms,R2-C3,r2-full-objective-v1,conditional-Johnson,quantum_grinding_only,dominant,"[""Johnson mutual correlated agreement at the same radius for all terms"", ""Theorem parameter must match actual PCS batching objects"", ""No complete Fiat-Shamir/QROM, MMCS structural or hiding composition proof"", ""Probability-sum and full-epsilon columns are arithmetic sensitivities, not replacement theorems""]",107,0.25116822429906543,0.7488317757009346,430.0,0.0625,8192,131072,True,24727.121495327105,True,8.028621100373333e+16,42204877.75700935,430.0,8.028621104593864e+16,63.84399825201545,92.25179614356287,100.43802595919351,95.9297733932519,71.78477237797398,71.84399825201545,120.0,128.0,55.340172514778104,55.340172514778104,55.340140814793564,fri-only,37.200526082
R2-C3-q32-reduction_terms,R2-C3,r2-full-objective-v1,conditional-Johnson,quantum_grinding_only,dominant,"[""Johnson mutual correlated agreement at the same radius for all terms"", ""Theorem parameter must match actual PCS batching objects"", ""No complete Fiat-Shamir/QROM, MMCS structural or hiding composition proof"", ""Probability-sum and full-epsilon columns are arithmetic sensitivities, not replacement theorems""]",13,0.25961538461538464,0.7403846153846154,54.0,0.0625,8192,131072,True,25834.307692307695,True,2507653251072.0,5240359.384615385,54.0,2507658491485.385,78.81052197500911,95.24510149098886,103.4313313066195,98.9230787406779,70.25767091128395,86.81052197500911,120.0,128.0,70.30669925190806,70.25767091128395,69.28196918776543,full-minimum,37.200526082
R2-C3-q32-reduction_terms,R2-C3,r2-full-objective-v1,conditional-Johnson,quantum_grinding_only,dominant,"[""Johnson mutual correlated agreement at the same radius for all terms"", ""Theorem parameter must match actual PCS batching objects"", ""No complete Fiat-Shamir/QROM, MMCS structural or hiding composition proof"", ""Probability-sum and full-epsilon columns are arithmetic sensitivities, not replacement theorems""]",11,0.26136363636363635,0.7386363636363636,46.0,0.0625,8192,131072,True,26063.454545454544,True,1124832466261.3333,4453469.090909091,46.0,1124836919776.424,79.96714700842865,95.47642703709532,103.66265685272595,99.15440428678436,69.9478292025691,87.96714700842865,120.0,128.0,71.46332698244034,69.9478292025691,69.51510542646878,full-error-sum,37.200526082
R2-C3-q32-reduction_terms,R2-C3,r2-full-objective-v1,conditional-Johnson,quantum_grinding_only,full,"[""Johnson mutual correlated agreement at the same radius for all terms"", ""Theorem parameter must match actual PCS batching objects"", ""No complete Fiat-Shamir/QROM, MMCS structural or hiding composition proof"", ""Probability-sum and full-epsilon columns are arithmetic sensitivities, not replacement theorems""]",107,0.25116822429906543,0.7488317757009346,430.0,0.0625,8192,131072,True,24727.121495327105,True,8.028621100373333e+16,42204877.75700935,430.0,8.028621104593864e+16,63.84399825201545,92.25179614356287,100.43802595919351,95.9297733932519,71.78477237797398,71.84399825201545,120.0,128.0,55.3401725140197,55.3401725140197,55.34014081403518,fri-only,37.200526082
R2-C3-q32-reduction_terms,R2-C3,r2-full-objective-v1,conditional-Johnson,quantum_grinding_only,full,"[""Johnson mutual correlated agreement at the same radius for all terms"", ""Theorem parameter must match actual PCS batching objects"", ""No complete Fiat-Shamir/QROM, MMCS structural or hiding composition proof"", ""Probability-sum and full-epsilon columns are arithmetic sensitivities, not replacement theorems""]",13,0.25961538461538464,0.7403846153846154,54.0,0.0625,8192,131072,True,25834.307692307695,True,2507653251072.0,5240359.384615385,54.0,2507658491485.385,78.81052197500911,95.24510149098886,103.4313313066195,98.9230787406779,70.25767091128395,86.81052197500911,120.0,128.0,70.30669623701336,70.25767091128395,69.2819677059371,full-minimum,37.200526082
R2-C3-q32-reduction_terms,R2-C3,r2-full-objective-v1,conditional-Johnson,quantum_grinding_only,full,"[""Johnson mutual correlated agreement at the same radius for all terms"", ""Theorem parameter must match actual PCS batching objects"", ""No complete Fiat-Shamir/QROM, MMCS structural or hiding composition proof"", ""Probability-sum and full-epsilon columns are arithmetic sensitivities, not replacement theorems""]",11,0.26136363636363635,0.7386363636363636,46.0,0.0625,8192,131072,True,26063.454545454544,True,1124832466261.3333,4453469.090909091,46.0,1124836919776.424,79.96714700842865,95.47642703709532,103.66265685272595,99.15440428678436,69.9478292025691,87.96714700842865,120.0,128.0,71.4633212704329,69.9478292025691,69.51510394628285,full-error-sum,37.200526082
R2-C3-q48-declared,R2-C3,r2-full-objective-v1,conditional-Johnson,classical,dominant,"[""Johnson mutual correlated agreement at the same radius for all terms"", ""Theorem parameter must match actual PCS batching objects"", ""No complete Fiat-Shamir/QROM, MMCS structural or hiding composition proof"", ""Probability-sum and full-epsilon columns are arithmetic sensitivities, not replacement theorems""]",4,0.28125,0.71875,18.0,0.0625,8192,131072,True,28670.0,True,10319560704.0,1695744.0,18.0,10321256466.0,86.73510044209702,96.83006399171002,105.01629380734065,100.50804124139906,103.843599930769,102.73510044209702,120.0,128.0,79.47794965081695,79.47794965081695,79.47794873683672,fri-only,59.800789122
R2-C3-q48-declared,R2-C3,r2-full-objective-v1,conditional-Johnson,classical,dominant,"[""Johnson mutual correlated agreement at the same radius for all terms"", ""Theorem parameter must match actual PCS batching objects"", ""No complete Fiat-Shamir/QROM, MMCS structural or hiding composition proof"", ""Probability-sum and full-epsilon columns are arithmetic sensitivities, not replacement theorems""]",3,0.2916666666666667,0.7083333333333333,14.0,0.0625,8192,131072,True,30035.333333333336,True,2937236138.6666665,1299797.3333333333,14.0,2938535950.0,88.54754959767195,97.19263407109473,105.37886388672536,100.87061132078377,101.32516377585048,104.54754959767195,120.0,128.0,81.29080004774049,81.29080004774049,81.29079663837734,full-minimum,59.800789122
R2-C3-q48-declared,R2-C3,r2-full-objective-v1,conditional-Johnson,classical,dominant,"[""Johnson mutual correlated agreement at the same radius for all terms"", ""Theorem parameter must match actual PCS batching objects"", ""No complete Fiat-Shamir/QROM, MMCS structural or hiding composition proof"", ""Probability-sum and full-epsilon columns are arithmetic sensitivities, not replacement theorems""]",3,0.2916666666666667,0.7083333333333333,14.0,0.0625,8192,131072,True,30035.333333333336,True,2937236138.6666665,1299797.3333333333,14.0,2938535950.0,88.54754959767195,97.19263407109473,105.37886388672536,100.87061132078377,101.32516377585048,104.54754959767195,120.0,128.0,81.29080004774049,81.29080004774049,81.29079663837734,full-error-sum,59.800789122
R2-C3-q48-declared,R2-C3,r2-full-objective-v1,conditional-Johnson,classical,full,"[""Johnson mutual correlated agreement at the same radius for all terms"", ""Theorem parameter must match actual PCS batching objects"", ""No complete Fiat-Shamir/QROM, MMCS structural or hiding composition proof"", ""Probability-sum and full-epsilon columns are arithmetic sensitivities, not replacement theorems""]",4,0.28125,0.71875,18.0,0.0625,8192,131072,True,28670.0,True,10319560704.0,1695744.0,18.0,10321256466.0,86.73510044209702,96.83006399171002,105.01629380734065,100.50804124139906,103.843599930769,102.73510044209702,120.0,128.0,79.47771259940437,79.47771259940437,79.4777116855743,fri-only,59.800789122
R2-C3-q48-declared,R2-C3,r2-full-objective-v1,conditional-Johnson,classical,full,"[""Johnson mutual correlated agreement at the same radius for all terms"", ""Theorem parameter must match actual PCS batching objects"", ""No complete Fiat-Shamir/QROM, MMCS structural or hiding composition proof"", ""Probability-sum and full-epsilon columns are arithmetic sensitivities, not replacement theorems""]",3,0.2916666666666667,0.7083333333333333,14.0,0.0625,8192,131072,True,30035.333333333336,True,2937236138.6666665,1299797.3333333333,14.0,2938535950.0,88.54754959767195,97.19263407109473,105.37886388672536,100.87061132078377,101.32516377585048,104.54754959767195,120.0,128.0,81.2901617549793,81.2901617549793,81.29015834712422,full-minimum,59.800789122
R2-C3-q48-declared,R2-C3,r2-full-objective-v1,conditional-Johnson,classical,full,"[""Johnson mutual correlated agreement at the same radius for all terms"", ""Theorem parameter must match actual PCS batching objects"", ""No complete Fiat-Shamir/QROM, MMCS structural or hiding composition proof"", ""Probability-sum and full-epsilon columns are arithmetic sensitivities, not replacement theorems""]",3,0.2916666666666667,0.7083333333333333,14.0,0.0625,8192,131072,True,30035.333333333336,True,2937236138.6666665,1299797.3333333333,14.0,2938535950.0,88.54754959767195,97.19263407109473,105.37886388672536,100.87061132078377,101.32516377585048,104.54754959767195,120.0,128.0,81.2901617549793,81.2901617549793,81.29015834712422,full-error-sum,59.800789122
R2-C3-q48-declared,R2-C3,r2-full-objective-v1,conditional-Johnson,quantum_grinding_only,dominant,"[""Johnson mutual correlated agreement at the same radius for all terms"", ""Theorem parameter must match actual PCS batching objects"", ""No complete Fiat-Shamir/QROM, MMCS structural or hiding composition proof"", ""Probability-sum and full-epsilon columns are arithmetic sensitivities, not replacement theorems""]",4,0.28125,0.71875,18.0,0.0625,8192,131072,True,28670.0,True,10319560704.0,1695744.0,18.0,10321256466.0,86.73510044209702,96.83006399171002,105.01629380734065,100.50804124139906,95.843599930769,94.73510044209702,120.0,128.0,79.47794965081695,79.47794965081695,79.47789502363727,fri-only,51.800789122
R2-C3-q48-declared,R2-C3,r2-full-objective-v1,conditional-Johnson,quantum_grinding_only,dominant,"[""Johnson mutual correlated agreement at the same radius for all terms"", ""Theorem parameter must match actual PCS batching objects"", ""No complete Fiat-Shamir/QROM, MMCS structural or hiding composition proof"", ""Probability-sum and full-epsilon columns are arithmetic sensitivities, not replacement theorems""]",3,0.2916666666666667,0.7083333333333333,14.0,0.0625,8192,131072,True,30035.333333333336,True,2937236138.6666665,1299797.3333333333,14.0,2938535950.0,88.54754959767195,97.19263407109473,105.37886388672536,100.87061132078377,93.32516377585048,96.54754959767195,120.0,128.0,81.29080004774049,81.29080004774049,81.29041739671742,full-minimum,51.800789122
R2-C3-q48-declared,R2-C3,r2-full-objective-v1,conditional-Johnson,quantum_grinding_only,dominant,"[""Johnson mutual correlated agreement at the same radius for all terms"", ""Theorem parameter must match actual PCS batching objects"", ""No complete Fiat-Shamir/QROM, MMCS structural or hiding composition proof"", ""Probability-sum and full-epsilon columns are arithmetic sensitivities, not replacement theorems""]",3,0.2916666666666667,0.7083333333333333,14.0,0.0625,8192,131072,True,30035.333333333336,True,2937236138.6666665,1299797.3333333333,14.0,2938535950.0,88.54754959767195,97.19263407109473,105.37886388672536,100.87061132078377,93.32516377585048,96.54754959767195,120.0,128.0,81.29080004774049,81.29080004774049,81.29041739671742,full-error-sum,51.800789122
R2-C3-q48-declared,R2-C3,r2-full-objective-v1,conditional-Johnson,quantum_grinding_only,full,"[""Johnson mutual correlated agreement at the same radius for all terms"", ""Theorem parameter must match actual PCS batching objects"", ""No complete Fiat-Shamir/QROM, MMCS structural or hiding composition proof"", ""Probability-sum and full-epsilon columns are arithmetic sensitivities, not replacement theorems""]",4,0.28125,0.71875,18.0,0.0625,8192,131072,True,28670.0,True,10319560704.0,1695744.0,18.0,10321256466.0,86.73510044209702,96.83006399171002,105.01629380734065,100.50804124139906,95.843599930769,94.73510044209702,120.0,128.0,79.47771259940437,79.47771259940437,79.47765798119966,fri-only,51.800789122
R2-C3-q48-declared,R2-C3,r2-full-objective-v1,conditional-Johnson,quantum_grinding_only,full,"[""Johnson mutual correlated agreement at the same radius for all terms"", ""Theorem parameter must match actual PCS batching objects"", ""No complete Fiat-Shamir/QROM, MMCS structural or hiding composition proof"", ""Probability-sum and full-epsilon columns are arithmetic sensitivities, not replacement theorems""]",3,0.2916666666666667,0.7083333333333333,14.0,0.0625,8192,131072,True,30035.333333333336,True,2937236138.6666665,1299797.3333333333,14.0,2938535950.0,88.54754959767195,97.19263407109473,105.37886388672536,100.87061132078377,93.32516377585048,96.54754959767195,120.0,128.0,81.2901617549793,81.2901617549793,81.28977927319295,full-minimum,51.800789122
R2-C3-q48-declared,R2-C3,r2-full-objective-v1,conditional-Johnson,quantum_grinding_only,full,"[""Johnson mutual correlated agreement at the same radius for all terms"", ""Theorem parameter must match actual PCS batching objects"", ""No complete Fiat-Shamir/QROM, MMCS structural or hiding composition proof"", ""Probability-sum and full-epsilon columns are arithmetic sensitivities, not replacement theorems""]",3,0.2916666666666667,0.7083333333333333,14.0,0.0625,8192,131072,True,30035.333333333336,True,2937236138.6666665,1299797.3333333333,14.0,2938535950.0,88.54754959767195,97.19263407109473,105.37886388672536,100.87061132078377,93.32516377585048,96.54754959767195,120.0,128.0,81.2901617549793,81.2901617549793,81.28977927319295,full-error-sum,51.800789122
R2-C3-q48-base_columns,R2-C3,r2-full-objective-v1,conditional-Johnson,classical,dominant,"[""Johnson mutual correlated agreement at the same radius for all terms"", ""Theorem parameter must match actual PCS batching objects"", ""No complete Fiat-Shamir/QROM, MMCS structural or hiding composition proof"", ""Probability-sum and full-epsilon columns are arithmetic sensitivities, not replacement theorems""]",4,0.28125,0.71875,18.0,0.0625,8192,131072,True,28670.0,True,10319560704.0,1695744.0,18.0,10321256466.0,86.73510044209702,96.83006399171002,105.01629380734065,100.50804124139906,103.843599930769,102.73510044209702,120.0,128.0,78.97378626106513,78.97378626106513,78.97378561664583,fri-only,59.800789122
R2-C3-q48-base_columns,R2-C3,r2-full-objective-v1,conditional-Johnson,classical,dominant,"[""Johnson mutual correlated agreement at the same radius for all terms"", ""Theorem parameter must match actual PCS batching objects"", ""No complete Fiat-Shamir/QROM, MMCS structural or hiding composition proof"", ""Probability-sum and full-epsilon columns are arithmetic sensitivities, not replacement theorems""]",3,0.2916666666666667,0.7083333333333333,14.0,0.0625,8192,131072,True,30035.333333333336,True,2937236138.6666665,1299797.3333333333,14.0,2938535950.0,88.54754959767195,97.19263407109473,105.37886388672536,100.87061132078377,101.32516377585048,104.54754959767195,120.0,128.0,80.78663665798867,80.78663665798867,80.78663425415114,full-minimum,59.800789122
R2-C3-q48-base_columns,R2-C3,r2-full-objective-v1,conditional-Johnson,classical,dominant,"[""Johnson mutual correlated agreement at the same radius for all terms"", ""Theorem parameter must match actual PCS batching objects"", ""No complete Fiat-Shamir/QROM, MMCS structural or hiding composition proof"", ""Probability-sum and full-epsilon columns are arithmetic sensitivities, not replacement theorems""]",3,0.2916666666666667,0.7083333333333333,14.0,0.0625,8192,131072,True,30035.333333333336,True,2937236138.6666665,1299797.3333333333,14.0,2938535950.0,88.54754959767195,97.19263407109473,105.37886388672536,100.87061132078377,101.32516377585048,104.54754959767195,120.0,128.0,80.78663665798867,80.78663665798867,80.78663425415114,full-error-sum,59.800789122
R2-C3-q48-base_columns,R2-C3,r2-full-objective-v1,conditional-Johnson,classical,full,"[""Johnson mutual correlated agreement at the same radius for all terms"", ""Theorem parameter must match actual PCS batching objects"", ""No complete Fiat-Shamir/QROM, MMCS structural or hiding composition proof"", ""Probability-sum and full-epsilon columns are arithmetic sensitivities, not replacement theorems""]",4,0.28125,0.71875,18.0,0.0625,8192,131072,True,28670.0,True,10319560704.0,1695744.0,18.0,10321256466.0,86.73510044209702,96.83006399171002,105.01629380734065,100.50804124139906,103.843599930769,102.73510044209702,120.0,128.0,78.97354920965255,78.97354920965255,78.97354856533913,fri-only,59.800789122
R2-C3-q48-base_columns,R2-C3,r2-full-objective-v1,conditional-Johnson,classical,full,"[""Johnson mutual correlated agreement at the same radius for all terms"", ""Theorem parameter must match actual PCS batching objects"", ""No complete Fiat-Shamir/QROM, MMCS structural or hiding composition proof"", ""Probability-sum and full-epsilon columns are arithmetic sensitivities, not replacement theorems""]",3,0.2916666666666667,0.7083333333333333,14.0,0.0625,8192,131072,True,30035.333333333336,True,2937236138.6666665,1299797.3333333333,14.0,2938535950.0,88.54754959767195,97.19263407109473,105.37886388672536,100.87061132078377,101.32516377585048,104.54754959767195,120.0,128.0,80.78599836522747,80.78599836522747,80.78599596245324,full-minimum,59.800789122
R2-C3-q48-base_columns,R2-C3,r2-full-objective-v1,conditional-Johnson,classical,full,"[""Johnson mutual correlated agreement at the same radius for all terms"", ""Theorem parameter must match actual PCS batching objects"", ""No complete Fiat-Shamir/QROM, MMCS structural or hiding composition proof"", ""Probability-sum and full-epsilon columns are arithmetic sensitivities, not replacement theorems""]",3,0.2916666666666667,0.7083333333333333,14.0,0.0625,8192,131072,True,30035.333333333336,True,2937236138.6666665,1299797.3333333333,14.0,2938535950.0,88.54754959767195,97.19263407109473,105.37886388672536,100.87061132078377,101.32516377585048,104.54754959767195,120.0,128.0,80.78599836522747,80.78599836522747,80.78599596245324,full-error-sum,59.800789122
R2-C3-q48-base_columns,R2-C3,r2-full-objective-v1,conditional-Johnson,quantum_grinding_only,dominant,"[""Johnson mutual correlated agreement at the same radius for all terms"", ""Theorem parameter must match actual PCS batching objects"", ""No complete Fiat-Shamir/QROM, MMCS structural or hiding composition proof"", ""Probability-sum and full-epsilon columns are arithmetic sensitivities, not replacement theorems""]",4,0.28125,0.71875,18.0,0.0625,8192,131072,True,28670.0,True,10319560704.0,1695744.0,18.0,10321256466.0,86.73510044209702,96.83006399171002,105.01629380734065,100.50804124139906,95.843599930769,94.73510044209702,120.0,128.0,78.97378626106513,78.97378626106513,78.97374774491232,fri-only,51.800789122
R2-C3-q48-base_columns,R2-C3,r2-full-objective-v1,conditional-Johnson,quantum_grinding_only,dominant,"[""Johnson mutual correlated agreement at the same radius for all terms"", ""Theorem parameter must match actual PCS batching objects"", ""No complete Fiat-Shamir/QROM, MMCS structural or hiding composition proof"", ""Probability-sum and full-epsilon columns are arithmetic sensitivities, not replacement theorems""]",3,0.2916666666666667,0.7083333333333333,14.0,0.0625,8192,131072,True,30035.333333333336,True,2937236138.6666665,1299797.3333333333,14.0,2938535950.0,88.54754959767195,97.19263407109473,105.37886388672536,100.87061132078377,93.32516377585048,96.54754959767195,120.0,128.0,80.78663665798867,80.78663665798867,80.78636685201481,full-minimum,51.800789122
R2-C3-q48-base_columns,R2-C3,r2-full-objective-v1,conditional-Johnson,quantum_grinding_only,dominant,"[""Johnson mutual correlated agreement at the same radius for all terms"", ""Theorem parameter must match actual PCS batching objects"", ""No complete Fiat-Shamir/QROM, MMCS structural or hiding composition proof"", ""Probability-sum and full-epsilon columns are arithmetic sensitivities, not replacement theorems""]",3,0.2916666666666667,0.7083333333333333,14.0,0.0625,8192,131072,True,30035.333333333336,True,2937236138.6666665,1299797.3333333333,14.0,2938535950.0,88.54754959767195,97.19263407109473,105.37886388672536,100.87061132078377,93.32516377585048,96.54754959767195,120.0,128.0,80.78663665798867,80.78663665798867,80.78636685201481,full-error-sum,51.800789122
R2-C3-q48-base_columns,R2-C3,r2-full-objective-v1,conditional-Johnson,quantum_grinding_only,full,"[""Johnson mutual correlated agreement at the same radius for all terms"", ""Theorem parameter must match actual PCS batching objects"", ""No complete Fiat-Shamir/QROM, MMCS structural or hiding composition proof"", ""Probability-sum and full-epsilon columns are arithmetic sensitivities, not replacement theorems""]",4,0.28125,0.71875,18.0,0.0625,8192,131072,True,28670.0,True,10319560704.0,1695744.0,18.0,10321256466.0,86.73510044209702,96.83006399171002,105.01629380734065,100.50804124139906,95.843599930769,94.73510044209702,120.0,128.0,78.97354920965255,78.97354920965255,78.97351069982777,fri-only,51.800789122
R2-C3-q48-base_columns,R2-C3,r2-full-objective-v1,conditional-Johnson,quantum_grinding_only,full,"[""Johnson mutual correlated agreement at the same radius for all terms"", ""Theorem parameter must match actual PCS batching objects"", ""No complete Fiat-Shamir/QROM, MMCS structural or hiding composition proof"", ""Probability-sum and full-epsilon columns are arithmetic sensitivities, not replacement theorems""]",3,0.2916666666666667,0.7083333333333333,14.0,0.0625,8192,131072,True,30035.333333333336,True,2937236138.6666665,1299797.3333333333,14.0,2938535950.0,88.54754959767195,97.19263407109473,105.37886388672536,100.87061132078377,93.32516377585048,96.54754959767195,120.0,128.0,80.78599836522747,80.78599836522747,80.78572867858654,full-minimum,51.800789122
R2-C3-q48-base_columns,R2-C3,r2-full-objective-v1,conditional-Johnson,quantum_grinding_only,full,"[""Johnson mutual correlated agreement at the same radius for all terms"", ""Theorem parameter must match actual PCS batching objects"", ""No complete Fiat-Shamir/QROM, MMCS structural or hiding composition proof"", ""Probability-sum and full-epsilon columns are arithmetic sensitivities, not replacement theorems""]",3,0.2916666666666667,0.7083333333333333,14.0,0.0625,8192,131072,True,30035.333333333336,True,2937236138.6666665,1299797.3333333333,14.0,2938535950.0,88.54754959767195,97.19263407109473,105.37886388672536,100.87061132078377,93.32516377585048,96.54754959767195,120.0,128.0,80.78599836522747,80.78599836522747,80.78572867858654,full-error-sum,51.800789122
R2-C3-q48-reduction_terms,R2-C3,r2-full-objective-v1,conditional-Johnson,classical,dominant,"[""Johnson mutual correlated agreement at the same radius for all terms"", ""Theorem parameter must match actual PCS batching objects"", ""No complete Fiat-Shamir/QROM, MMCS structural or hiding composition proof"", ""Probability-sum and full-epsilon columns are arithmetic sensitivities, not replacement theorems""]",4,0.28125,0.71875,18.0,0.0625,8192,131072,True,28670.0,True,10319560704.0,1695744.0,18.0,10321256466.0,86.73510044209702,96.83006399171002,105.01629380734065,100.50804124139906,103.843599930769,102.73510044209702,120.0,128.0,78.23151175551385,78.23151175551385,78.23151137028245,fri-only,59.800789122
R2-C3-q48-reduction_terms,R2-C3,r2-full-objective-v1,conditional-Johnson,classical,dominant,"[""Johnson mutual correlated agreement at the same radius for all terms"", ""Theorem parameter must match actual PCS batching objects"", ""No complete Fiat-Shamir/QROM, MMCS structural or hiding composition proof"", ""Probability-sum and full-epsilon columns are arithmetic sensitivities, not replacement theorems""]",3,0.2916666666666667,0.7083333333333333,14.0,0.0625,8192,131072,True,30035.333333333336,True,2937236138.6666665,1299797.3333333333,14.0,2938535950.0,88.54754959767195,97.19263407109473,105.37886388672536,100.87061132078377,101.32516377585048,104.54754959767195,120.0,128.0,80.04436215243739,80.04436215243739,80.0443607154321,full-minimum,59.800789122
R2-C3-q48-reduction_terms,R2-C3,r2-full-objective-v1,conditional-Johnson,classical,dominant,"[""Johnson mutual correlated agreement at the same radius for all terms"", ""Theorem parameter must match actual PCS batching objects"", ""No complete Fiat-Shamir/QROM, MMCS structural or hiding composition proof"", ""Probability-sum and full-epsilon columns are arithmetic sensitivities, not replacement theorems""]",3,0.2916666666666667,0.7083333333333333,14.0,0.0625,8192,131072,True,30035.333333333336,True,2937236138.6666665,1299797.3333333333,14.0,2938535950.0,88.54754959767195,97.19263407109473,105.37886388672536,100.87061132078377,101.32516377585048,104.54754959767195,120.0,128.0,80.04436215243739,80.04436215243739,80.0443607154321,full-error-sum,59.800789122
R2-C3-q48-reduction_terms,R2-C3,r2-full-objective-v1,conditional-Johnson,classical,full,"[""Johnson mutual correlated agreement at the same radius for all terms"", ""Theorem parameter must match actual PCS batching objects"", ""No complete Fiat-Shamir/QROM, MMCS structural or hiding composition proof"", ""Probability-sum and full-epsilon columns are arithmetic sensitivities, not replacement theorems""]",4,0.28125,0.71875,18.0,0.0625,8192,131072,True,28670.0,True,10319560704.0,1695744.0,18.0,10321256466.0,86.73510044209702,96.83006399171002,105.01629380734065,100.50804124139906,103.843599930769,102.73510044209702,120.0,128.0,78.23127470410127,78.23127470410127,78.23127431893316,fri-only,59.800789122
R2-C3-q48-reduction_terms,R2-C3,r2-full-objective-v1,conditional-Johnson,classical,full,"[""Johnson mutual correlated agreement at the same radius for all terms"", ""Theorem parameter must match actual PCS batching objects"", ""No complete Fiat-Shamir/QROM, MMCS structural or hiding composition proof"", ""Probability-sum and full-epsilon columns are arithmetic sensitivities, not replacement theorems""]",3,0.2916666666666667,0.7083333333333333,14.0,0.0625,8192,131072,True,30035.333333333336,True,2937236138.6666665,1299797.3333333333,14.0,2938535950.0,88.54754959767195,97.19263407109473,105.37886388672536,100.87061132078377,101.32516377585048,104.54754959767195,120.0,128.0,80.04372385967619,80.04372385967619,80.04372242330655,full-minimum,59.800789122
R2-C3-q48-reduction_terms,R2-C3,r2-full-objective-v1,conditional-Johnson,classical,full,"[""Johnson mutual correlated agreement at the same radius for all terms"", ""Theorem parameter must match actual PCS batching objects"", ""No complete Fiat-Shamir/QROM, MMCS structural or hiding composition proof"", ""Probability-sum and full-epsilon columns are arithmetic sensitivities, not replacement theorems""]",3,0.2916666666666667,0.7083333333333333,14.0,0.0625,8192,131072,True,30035.333333333336,True,2937236138.6666665,1299797.3333333333,14.0,2938535950.0,88.54754959767195,97.19263407109473,105.37886388672536,100.87061132078377,101.32516377585048,104.54754959767195,120.0,128.0,80.04372385967619,80.04372385967619,80.04372242330655,full-error-sum,59.800789122
R2-C3-q48-reduction_terms,R2-C3,r2-full-objective-v1,conditional-Johnson,quantum_grinding_only,dominant,"[""Johnson mutual correlated agreement at the same radius for all terms"", ""Theorem parameter must match actual PCS batching objects"", ""No complete Fiat-Shamir/QROM, MMCS structural or hiding composition proof"", ""Probability-sum and full-epsilon columns are arithmetic sensitivities, not replacement theorems""]",4,0.28125,0.71875,18.0,0.0625,8192,131072,True,28670.0,True,10319560704.0,1695744.0,18.0,10321256466.0,86.73510044209702,96.83006399171002,105.01629380734065,100.50804124139906,95.843599930769,94.73510044209702,120.0,128.0,78.23151175551385,78.23151175551385,78.23148873058263,fri-only,51.800789122
R2-C3-q48-reduction_terms,R2-C3,r2-full-objective-v1,conditional-Johnson,quantum_grinding_only,dominant,"[""Johnson mutual correlated agreement at the same radius for all terms"", ""Theorem parameter must match actual PCS batching objects"", ""No complete Fiat-Shamir/QROM, MMCS structural or hiding composition proof"", ""Probability-sum and full-epsilon columns are arithmetic sensitivities, not replacement theorems""]",3,0.2916666666666667,0.7083333333333333,14.0,0.0625,8192,131072,True,30035.333333333336,True,2937236138.6666665,1299797.3333333333,14.0,2938535950.0,88.54754959767195,97.19263407109473,105.37886388672536,100.87061132078377,93.32516377585048,96.54754959767195,120.0,128.0,80.04436215243739,80.04436215243739,80.04420085740092,full-minimum,51.800789122
R2-C3-q48-reduction_terms,R2-C3,r2-full-objective-v1,conditional-Johnson,quantum_grinding_only,dominant,"[""Johnson mutual correlated agreement at the same radius for all terms"", ""Theorem parameter must match actual PCS batching objects"", ""No complete Fiat-Shamir/QROM, MMCS structural or hiding composition proof"", ""Probability-sum and full-epsilon columns are arithmetic sensitivities, not replacement theorems""]",3,0.2916666666666667,0.7083333333333333,14.0,0.0625,8192,131072,True,30035.333333333336,True,2937236138.6666665,1299797.3333333333,14.0,2938535950.0,88.54754959767195,97.19263407109473,105.37886388672536,100.87061132078377,93.32516377585048,96.54754959767195,120.0,128.0,80.04436215243739,80.04436215243739,80.04420085740092,full-error-sum,51.800789122
R2-C3-q48-reduction_terms,R2-C3,r2-full-objective-v1,conditional-Johnson,quantum_grinding_only,full,"[""Johnson mutual correlated agreement at the same radius for all terms"", ""Theorem parameter must match actual PCS batching objects"", ""No complete Fiat-Shamir/QROM, MMCS structural or hiding composition proof"", ""Probability-sum and full-epsilon columns are arithmetic sensitivities, not replacement theorems""]",4,0.28125,0.71875,18.0,0.0625,8192,131072,True,28670.0,True,10319560704.0,1695744.0,18.0,10321256466.0,86.73510044209702,96.83006399171002,105.01629380734065,100.50804124139906,95.843599930769,94.73510044209702,120.0,128.0,78.23127470410127,78.23127470410127,78.23125168295297,fri-only,51.800789122
R2-C3-q48-reduction_terms,R2-C3,r2-full-objective-v1,conditional-Johnson,quantum_grinding_only,full,"[""Johnson mutual correlated agreement at the same radius for all terms"", ""Theorem parameter must match actual PCS batching objects"", ""No complete Fiat-Shamir/QROM, MMCS structural or hiding composition proof"", ""Probability-sum and full-epsilon columns are arithmetic sensitivities, not replacement theorems""]",3,0.2916666666666667,0.7083333333333333,14.0,0.0625,8192,131072,True,30035.333333333336,True,2937236138.6666665,1299797.3333333333,14.0,2938535950.0,88.54754959767195,97.19263407109473,105.37886388672536,100.87061132078377,93.32516377585048,96.54754959767195,120.0,128.0,80.04372385967619,80.04372385967619,80.04356263598186,full-minimum,51.800789122
R2-C3-q48-reduction_terms,R2-C3,r2-full-objective-v1,conditional-Johnson,quantum_grinding_only,full,"[""Johnson mutual correlated agreement at the same radius for all terms"", ""Theorem parameter must match actual PCS batching objects"", ""No complete Fiat-Shamir/QROM, MMCS structural or hiding composition proof"", ""Probability-sum and full-epsilon columns are arithmetic sensitivities, not replacement theorems""]",3,0.2916666666666667,0.7083333333333333,14.0,0.0625,8192,131072,True,30035.333333333336,True,2937236138.6666665,1299797.3333333333,14.0,2938535950.0,88.54754959767195,97.19263407109473,105.37886388672536,100.87061132078377,93.32516377585048,96.54754959767195,120.0,128.0,80.04372385967619,80.04372385967619,80.04356263598186,full-error-sum,51.800789122
R2-C3-q64-declared,R2-C3,r2-full-objective-v1,conditional-Johnson,classical,dominant,"[""Johnson mutual correlated agreement at the same radius for all terms"", ""Theorem parameter must match actual PCS batching objects"", ""No complete Fiat-Shamir/QROM, MMCS structural or hiding composition proof"", ""Probability-sum and full-epsilon columns are arithmetic sensitivities, not replacement theorems""]",3,0.2916666666666667,0.7083333333333333,14.0,0.0625,8192,131072,True,30035.333333333336,True,2937236138.6666665,1299797.3333333333,14.0,2938535950.0,88.54754959767195,97.19263407109473,105.37886388672536,100.87061132078377,129.76688503446732,104.54754959767195,120.0,128.0,81.29080004774049,81.29080004774049,81.29079798185141,fri-only,74.401052163
R2-C3-q64-declared,R2-C3,r2-full-objective-v1,conditional-Johnson,classical,dominant,"[""Johnson mutual correlated agreement at the same radius for all terms"", ""Theorem parameter must match actual PCS batching objects"", ""No complete Fiat-Shamir/QROM, MMCS structural or hiding composition proof"", ""Probability-sum and full-epsilon columns are arithmetic sensitivities, not replacement theorems""]",3,0.2916666666666667,0.7083333333333333,14.0,0.0625,8192,131072,True,30035.333333333336,True,2937236138.6666665,1299797.3333333333,14.0,2938535950.0,88.54754959767195,97.19263407109473,105.37886388672536,100.87061132078377,129.76688503446732,104.54754959767195,120.0,128.0,81.29080004774049,81.29080004774049,81.29079798185141,full-minimum,74.401052163
R2-C3-q64-declared,R2-C3,r2-full-objective-v1,conditional-Johnson,classical,dominant,"[""Johnson mutual correlated agreement at the same radius for all terms"", ""Theorem parameter must match actual PCS batching objects"", ""No complete Fiat-Shamir/QROM, MMCS structural or hiding composition proof"", ""Probability-sum and full-epsilon columns are arithmetic sensitivities, not replacement theorems""]",3,0.2916666666666667,0.7083333333333333,14.0,0.0625,8192,131072,True,30035.333333333336,True,2937236138.6666665,1299797.3333333333,14.0,2938535950.0,88.54754959767195,97.19263407109473,105.37886388672536,100.87061132078377,129.76688503446732,104.54754959767195,120.0,128.0,81.29080004774049,81.29080004774049,81.29079798185141,full-error-sum,74.401052163
R2-C3-q64-declared,R2-C3,r2-full-objective-v1,conditional-Johnson,classical,full,"[""Johnson mutual correlated agreement at the same radius for all terms"", ""Theorem parameter must match actual PCS batching objects"", ""No complete Fiat-Shamir/QROM, MMCS structural or hiding composition proof"", ""Probability-sum and full-epsilon columns are arithmetic sensitivities, not replacement theorems""]",3,0.2916666666666667,0.7083333333333333,14.0,0.0625,8192,131072,True,30035.333333333336,True,2937236138.6666665,1299797.3333333333,14.0,2938535950.0,88.54754959767195,97.19263407109473,105.37886388672536,100.87061132078377,129.76688503446732,104.54754959767195,120.0,128.0,81.2901617549793,81.2901617549793,81.29015969000403,fri-only,74.401052163
R2-C3-q64-declared,R2-C3,r2-full-objective-v1,conditional-Johnson,classical,full,"[""Johnson mutual correlated agreement at the same radius for all terms"", ""Theorem parameter must match actual PCS batching objects"", ""No complete Fiat-Shamir/QROM, MMCS structural or hiding composition proof"", ""Probability-sum and full-epsilon columns are arithmetic sensitivities, not replacement theorems""]",3,0.2916666666666667,0.7083333333333333,14.0,0.0625,8192,131072,True,30035.333333333336,True,2937236138.6666665,1299797.3333333333,14.0,2938535950.0,88.54754959767195,97.19263407109473,105.37886388672536,100.87061132078377,129.76688503446732,104.54754959767195,120.0,128.0,81.2901617549793,81.2901617549793,81.29015969000403,full-minimum,74.401052163
R2-C3-q64-declared,R2-C3,r2-full-objective-v1,conditional-Johnson,classical,full,"[""Johnson mutual correlated agreement at the same radius for all terms"", ""Theorem parameter must match actual PCS batching objects"", ""No complete Fiat-Shamir/QROM, MMCS structural or hiding composition proof"", ""Probability-sum and full-epsilon columns are arithmetic sensitivities, not replacement theorems""]",3,0.2916666666666667,0.7083333333333333,14.0,0.0625,8192,131072,True,30035.333333333336,True,2937236138.6666665,1299797.3333333333,14.0,2938535950.0,88.54754959767195,97.19263407109473,105.37886388672536,100.87061132078377,129.76688503446732,104.54754959767195,120.0,128.0,81.2901617549793,81.2901617549793,81.29015969000403,full-error-sum,74.401052163
R2-C3-q64-declared,R2-C3,r2-full-objective-v1,conditional-Johnson,quantum_grinding_only,dominant,"[""Johnson mutual correlated agreement at the same radius for all terms"", ""Theorem parameter must match actual PCS batching objects"", ""No complete Fiat-Shamir/QROM, MMCS structural or hiding composition proof"", ""Probability-sum and full-epsilon columns are arithmetic sensitivities, not replacement theorems""]",3,0.2916666666666667,0.7083333333333333,14.0,0.0625,8192,131072,True,30035.333333333336,True,2937236138.6666665,1299797.3333333333,14.0,2938535950.0,88.54754959767195,97.19263407109473,105.37886388672536,100.87061132078377,121.76688503446732,96.54754959767195,120.0,128.0,81.29080004774049,81.29080004774049,81.29076127650157,fri-only,66.401052163
R2-C3-q64-declared,R2-C3,r2-full-objective-v1,conditional-Johnson,quantum_grinding_only,dominant,"[""Johnson mutual correlated agreement at the same radius for all terms"", ""Theorem parameter must match actual PCS batching objects"", ""No complete Fiat-Shamir/QROM, MMCS structural or hiding composition proof"", ""Probability-sum and full-epsilon columns are arithmetic sensitivities, not replacement theorems""]",3,0.2916666666666667,0.7083333333333333,14.0,0.0625,8192,131072,True,30035.333333333336,True,2937236138.6666665,1299797.3333333333,14.0,2938535950.0,88.54754959767195,97.19263407109473,105.37886388672536,100.87061132078377,121.76688503446732,96.54754959767195,120.0,128.0,81.29080004774049,81.29080004774049,81.29076127650157,full-minimum,66.401052163
R2-C3-q64-declared,R2-C3,r2-full-objective-v1,conditional-Johnson,quantum_grinding_only,dominant,"[""Johnson mutual correlated agreement at the same radius for all terms"", ""Theorem parameter must match actual PCS batching objects"", ""No complete Fiat-Shamir/QROM, MMCS structural or hiding composition proof"", ""Probability-sum and full-epsilon columns are arithmetic sensitivities, not replacement theorems""]",3,0.2916666666666667,0.7083333333333333,14.0,0.0625,8192,131072,True,30035.333333333336,True,2937236138.6666665,1299797.3333333333,14.0,2938535950.0,88.54754959767195,97.19263407109473,105.37886388672536,100.87061132078377,121.76688503446732,96.54754959767195,120.0,128.0,81.29080004774049,81.29080004774049,81.29076127650157,full-error-sum,66.401052163
R2-C3-q64-declared,R2-C3,r2-full-objective-v1,conditional-Johnson,quantum_grinding_only,full,"[""Johnson mutual correlated agreement at the same radius for all terms"", ""Theorem parameter must match actual PCS batching objects"", ""No complete Fiat-Shamir/QROM, MMCS structural or hiding composition proof"", ""Probability-sum and full-epsilon columns are arithmetic sensitivities, not replacement theorems""]",3,0.2916666666666667,0.7083333333333333,14.0,0.0625,8192,131072,True,30035.333333333336,True,2937236138.6666665,1299797.3333333333,14.0,2938535950.0,88.54754959767195,97.19263407109473,105.37886388672536,100.87061132078377,121.76688503446732,96.54754959767195,120.0,128.0,81.2901617549793,81.2901617549793,81.29012300088995,fri-only,66.401052163
R2-C3-q64-declared,R2-C3,r2-full-objective-v1,conditional-Johnson,quantum_grinding_only,full,"[""Johnson mutual correlated agreement at the same radius for all terms"", ""Theorem parameter must match actual PCS batching objects"", ""No complete Fiat-Shamir/QROM, MMCS structural or hiding composition proof"", ""Probability-sum and full-epsilon columns are arithmetic sensitivities, not replacement theorems""]",3,0.2916666666666667,0.7083333333333333,14.0,0.0625,8192,131072,True,30035.333333333336,True,2937236138.6666665,1299797.3333333333,14.0,2938535950.0,88.54754959767195,97.19263407109473,105.37886388672536,100.87061132078377,121.76688503446732,96.54754959767195,120.0,128.0,81.2901617549793,81.2901617549793,81.29012300088995,full-minimum,66.401052163
R2-C3-q64-declared,R2-C3,r2-full-objective-v1,conditional-Johnson,quantum_grinding_only,full,"[""Johnson mutual correlated agreement at the same radius for all terms"", ""Theorem parameter must match actual PCS batching objects"", ""No complete Fiat-Shamir/QROM, MMCS structural or hiding composition proof"", ""Probability-sum and full-epsilon columns are arithmetic sensitivities, not replacement theorems""]",3,0.2916666666666667,0.7083333333333333,14.0,0.0625,8192,131072,True,30035.333333333336,True,2937236138.6666665,1299797.3333333333,14.0,2938535950.0,88.54754959767195,97.19263407109473,105.37886388672536,100.87061132078377,121.76688503446732,96.54754959767195,120.0,128.0,81.2901617549793,81.2901617549793,81.29012300088995,full-error-sum,66.401052163
R2-C3-q64-base_columns,R2-C3,r2-full-objective-v1,conditional-Johnson,classical,dominant,"[""Johnson mutual correlated agreement at the same radius for all terms"", ""Theorem parameter must match actual PCS batching objects"", ""No complete Fiat-Shamir/QROM, MMCS structural or hiding composition proof"", ""Probability-sum and full-epsilon columns are arithmetic sensitivities, not replacement theorems""]",3,0.2916666666666667,0.7083333333333333,14.0,0.0625,8192,131072,True,30035.333333333336,True,2937236138.6666665,1299797.3333333333,14.0,2938535950.0,88.54754959767195,97.19263407109473,105.37886388672536,100.87061132078377,129.76688503446732,104.54754959767195,120.0,128.0,80.78663665798867,80.78663665798867,80.78663520139375,fri-only,74.401052163
R2-C3-q64-base_columns,R2-C3,r2-full-objective-v1,conditional-Johnson,classical,dominant,"[""Johnson mutual correlated agreement at the same radius for all terms"", ""Theorem parameter must match actual PCS batching objects"", ""No complete Fiat-Shamir/QROM, MMCS structural or hiding composition proof"", ""Probability-sum and full-epsilon columns are arithmetic sensitivities, not replacement theorems""]",3,0.2916666666666667,0.7083333333333333,14.0,0.0625,8192,131072,True,30035.333333333336,True,2937236138.6666665,1299797.3333333333,14.0,2938535950.0,88.54754959767195,97.19263407109473,105.37886388672536,100.87061132078377,129.76688503446732,104.54754959767195,120.0,128.0,80.78663665798867,80.78663665798867,80.78663520139375,full-minimum,74.401052163
R2-C3-q64-base_columns,R2-C3,r2-full-objective-v1,conditional-Johnson,classical,dominant,"[""Johnson mutual correlated agreement at the same radius for all terms"", ""Theorem parameter must match actual PCS batching objects"", ""No complete Fiat-Shamir/QROM, MMCS structural or hiding composition proof"", ""Probability-sum and full-epsilon columns are arithmetic sensitivities, not replacement theorems""]",3,0.2916666666666667,0.7083333333333333,14.0,0.0625,8192,131072,True,30035.333333333336,True,2937236138.6666665,1299797.3333333333,14.0,2938535950.0,88.54754959767195,97.19263407109473,105.37886388672536,100.87061132078377,129.76688503446732,104.54754959767195,120.0,128.0,80.78663665798867,80.78663665798867,80.78663520139375,full-error-sum,74.401052163
R2-C3-q64-base_columns,R2-C3,r2-full-objective-v1,conditional-Johnson,classical,full,"[""Johnson mutual correlated agreement at the same radius for all terms"", ""Theorem parameter must match actual PCS batching objects"", ""No complete Fiat-Shamir/QROM, MMCS structural or hiding composition proof"", ""Probability-sum and full-epsilon columns are arithmetic sensitivities, not replacement theorems""]",3,0.2916666666666667,0.7083333333333333,14.0,0.0625,8192,131072,True,30035.333333333336,True,2937236138.6666665,1299797.3333333333,14.0,2938535950.0,88.54754959767195,97.19263407109473,105.37886388672536,100.87061132078377,129.76688503446732,104.54754959767195,120.0,128.0,80.78599836522747,80.78599836522747,80.78599690927686,fri-only,74.401052163
R2-C3-q64-base_columns,R2-C3,r2-full-objective-v1,conditional-Johnson,classical,full,"[""Johnson mutual correlated agreement at the same radius for all terms"", ""Theorem parameter must match actual PCS batching objects"", ""No complete Fiat-Shamir/QROM, MMCS structural or hiding composition proof"", ""Probability-sum and full-epsilon columns are arithmetic sensitivities, not replacement theorems""]",3,0.2916666666666667,0.7083333333333333,14.0,0.0625,8192,131072,True,30035.333333333336,True,2937236138.6666665,1299797.3333333333,14.0,2938535950.0,88.54754959767195,97.19263407109473,105.37886388672536,100.87061132078377,129.76688503446732,104.54754959767195,120.0,128.0,80.78599836522747,80.78599836522747,80.78599690927686,full-minimum,74.401052163
R2-C3-q64-base_columns,R2-C3,r2-full-objective-v1,conditional-Johnson,classical,full,"[""Johnson mutual correlated agreement at the same radius for all terms"", ""Theorem parameter must match actual PCS batching objects"", ""No complete Fiat-Shamir/QROM, MMCS structural or hiding composition proof"", ""Probability-sum and full-epsilon columns are arithmetic sensitivities, not replacement theorems""]",3,0.2916666666666667,0.7083333333333333,14.0,0.0625,8192,131072,True,30035.333333333336,True,2937236138.6666665,1299797.3333333333,14.0,2938535950.0,88.54754959767195,97.19263407109473,105.37886388672536,100.87061132078377,129.76688503446732,104.54754959767195,120.0,128.0,80.78599836522747,80.78599836522747,80.78599690927686,full-error-sum,74.401052163
R2-C3-q64-base_columns,R2-C3,r2-full-objective-v1,conditional-Johnson,quantum_grinding_only,dominant,"[""Johnson mutual correlated agreement at the same radius for all terms"", ""Theorem parameter must match actual PCS batching objects"", ""No complete Fiat-Shamir/QROM, MMCS structural or hiding composition proof"", ""Probability-sum and full-epsilon columns are arithmetic sensitivities, not replacement theorems""]",3,0.2916666666666667,0.7083333333333333,14.0,0.0625,8192,131072,True,30035.333333333336,True,2937236138.6666665,1299797.3333333333,14.0,2938535950.0,88.54754959767195,97.19263407109473,105.37886388672536,100.87061132078377,121.76688503446732,96.54754959767195,120.0,128.0,80.78663665798867,80.78663665798867,80.78660932147686,fri-only,66.401052163
R2-C3-q64-base_columns,R2-C3,r2-full-objective-v1,conditional-Johnson,quantum_grinding_only,dominant,"[""Johnson mutual correlated agreement at the same radius for all terms"", ""Theorem parameter must match actual PCS batching objects"", ""No complete Fiat-Shamir/QROM, MMCS structural or hiding composition proof"", ""Probability-sum and full-epsilon columns are arithmetic sensitivities, not replacement theorems""]",3,0.2916666666666667,0.7083333333333333,14.0,0.0625,8192,131072,True,30035.333333333336,True,2937236138.6666665,1299797.3333333333,14.0,2938535950.0,88.54754959767195,97.19263407109473,105.37886388672536,100.87061132078377,121.76688503446732,96.54754959767195,120.0,128.0,80.78663665798867,80.78663665798867,80.78660932147686,full-minimum,66.401052163
R2-C3-q64-base_columns,R2-C3,r2-full-objective-v1,conditional-Johnson,quantum_grinding_only,dominant,"[""Johnson mutual correlated agreement at the same radius for all terms"", ""Theorem parameter must match actual PCS batching objects"", ""No complete Fiat-Shamir/QROM, MMCS structural or hiding composition proof"", ""Probability-sum and full-epsilon columns are arithmetic sensitivities, not replacement theorems""]",3,0.2916666666666667,0.7083333333333333,14.0,0.0625,8192,131072,True,30035.333333333336,True,2937236138.6666665,1299797.3333333333,14.0,2938535950.0,88.54754959767195,97.19263407109473,105.37886388672536,100.87061132078377,121.76688503446732,96.54754959767195,120.0,128.0,80.78663665798867,80.78663665798867,80.78660932147686,full-error-sum,66.401052163
R2-C3-q64-base_columns,R2-C3,r2-full-objective-v1,conditional-Johnson,quantum_grinding_only,full,"[""Johnson mutual correlated agreement at the same radius for all terms"", ""Theorem parameter must match actual PCS batching objects"", ""No complete Fiat-Shamir/QROM, MMCS structural or hiding composition proof"", ""Probability-sum and full-epsilon columns are arithmetic sensitivities, not replacement theorems""]",3,0.2916666666666667,0.7083333333333333,14.0,0.0625,8192,131072,True,30035.333333333336,True,2937236138.6666665,1299797.3333333333,14.0,2938535950.0,88.54754959767195,97.19263407109473,105.37886388672536,100.87061132078377,121.76688503446732,96.54754959767195,120.0,128.0,80.78599836522747,80.78599836522747,80.78597104080738,fri-only,66.401052163
R2-C3-q64-base_columns,R2-C3,r2-full-objective-v1,conditional-Johnson,quantum_grinding_only,full,"[""Johnson mutual correlated agreement at the same radius for all terms"", ""Theorem parameter must match actual PCS batching objects"", ""No complete Fiat-Shamir/QROM, MMCS structural or hiding composition proof"", ""Probability-sum and full-epsilon columns are arithmetic sensitivities, not replacement theorems""]",3,0.2916666666666667,0.7083333333333333,14.0,0.0625,8192,131072,True,30035.333333333336,True,2937236138.6666665,1299797.3333333333,14.0,2938535950.0,88.54754959767195,97.19263407109473,105.37886388672536,100.87061132078377,121.76688503446732,96.54754959767195,120.0,128.0,80.78599836522747,80.78599836522747,80.78597104080738,full-minimum,66.401052163
R2-C3-q64-base_columns,R2-C3,r2-full-objective-v1,conditional-Johnson,quantum_grinding_only,full,"[""Johnson mutual correlated agreement at the same radius for all terms"", ""Theorem parameter must match actual PCS batching objects"", ""No complete Fiat-Shamir/QROM, MMCS structural or hiding composition proof"", ""Probability-sum and full-epsilon columns are arithmetic sensitivities, not replacement theorems""]",3,0.2916666666666667,0.7083333333333333,14.0,0.0625,8192,131072,True,30035.333333333336,True,2937236138.6666665,1299797.3333333333,14.0,2938535950.0,88.54754959767195,97.19263407109473,105.37886388672536,100.87061132078377,121.76688503446732,96.54754959767195,120.0,128.0,80.78599836522747,80.78599836522747,80.78597104080738,full-error-sum,66.401052163
R2-C3-q64-reduction_terms,R2-C3,r2-full-objective-v1,conditional-Johnson,classical,dominant,"[""Johnson mutual correlated agreement at the same radius for all terms"", ""Theorem parameter must match actual PCS batching objects"", ""No complete Fiat-Shamir/QROM, MMCS structural or hiding composition proof"", ""Probability-sum and full-epsilon columns are arithmetic sensitivities, not replacement theorems""]",3,0.2916666666666667,0.7083333333333333,14.0,0.0625,8192,131072,True,30035.333333333336,True,2937236138.6666665,1299797.3333333333,14.0,2938535950.0,88.54754959767195,97.19263407109473,105.37886388672536,100.87061132078377,129.76688503446732,104.54754959767195,120.0,128.0,80.04436215243739,80.04436215243739,80.04436128169039,fri-only,74.401052163
R2-C3-q64-reduction_terms,R2-C3,r2-full-objective-v1,conditional-Johnson,classical,dominant,"[""Johnson mutual correlated agreement at the same radius for all terms"", ""Theorem parameter must match actual PCS batching objects"", ""No complete Fiat-Shamir/QROM, MMCS structural or hiding composition proof"", ""Probability-sum and full-epsilon columns are arithmetic sensitivities, not replacement theorems""]",3,0.2916666666666667,0.7083333333333333,14.0,0.0625,8192,131072,True,30035.333333333336,True,2937236138.6666665,1299797.3333333333,14.0,2938535950.0,88.54754959767195,97.19263407109473,105.37886388672536,100.87061132078377,129.76688503446732,104.54754959767195,120.0,128.0,80.04436215243739,80.04436215243739,80.04436128169039,full-minimum,74.401052163
R2-C3-q64-reduction_terms,R2-C3,r2-full-objective-v1,conditional-Johnson,classical,dominant,"[""Johnson mutual correlated agreement at the same radius for all terms"", ""Theorem parameter must match actual PCS batching objects"", ""No complete Fiat-Shamir/QROM, MMCS structural or hiding composition proof"", ""Probability-sum and full-epsilon columns are arithmetic sensitivities, not replacement theorems""]",3,0.2916666666666667,0.7083333333333333,14.0,0.0625,8192,131072,True,30035.333333333336,True,2937236138.6666665,1299797.3333333333,14.0,2938535950.0,88.54754959767195,97.19263407109473,105.37886388672536,100.87061132078377,129.76688503446732,104.54754959767195,120.0,128.0,80.04436215243739,80.04436215243739,80.04436128169039,full-error-sum,74.401052163
R2-C3-q64-reduction_terms,R2-C3,r2-full-objective-v1,conditional-Johnson,classical,full,"[""Johnson mutual correlated agreement at the same radius for all terms"", ""Theorem parameter must match actual PCS batching objects"", ""No complete Fiat-Shamir/QROM, MMCS structural or hiding composition proof"", ""Probability-sum and full-epsilon columns are arithmetic sensitivities, not replacement theorems""]",3,0.2916666666666667,0.7083333333333333,14.0,0.0625,8192,131072,True,30035.333333333336,True,2937236138.6666665,1299797.3333333333,14.0,2938535950.0,88.54754959767195,97.19263407109473,105.37886388672536,100.87061132078377,129.76688503446732,104.54754959767195,120.0,128.0,80.04372385967619,80.04372385967619,80.04372298931436,fri-only,74.401052163
R2-C3-q64-reduction_terms,R2-C3,r2-full-objective-v1,conditional-Johnson,classical,full,"[""Johnson mutual correlated agreement at the same radius for all terms"", ""Theorem parameter must match actual PCS batching objects"", ""No complete Fiat-Shamir/QROM, MMCS structural or hiding composition proof"", ""Probability-sum and full-epsilon columns are arithmetic sensitivities, not replacement theorems""]",3,0.2916666666666667,0.7083333333333333,14.0,0.0625,8192,131072,True,30035.333333333336,True,2937236138.6666665,1299797.3333333333,14.0,2938535950.0,88.54754959767195,97.19263407109473,105.37886388672536,100.87061132078377,129.76688503446732,104.54754959767195,120.0,128.0,80.04372385967619,80.04372385967619,80.04372298931436,full-minimum,74.401052163
R2-C3-q64-reduction_terms,R2-C3,r2-full-objective-v1,conditional-Johnson,classical,full,"[""Johnson mutual correlated agreement at the same radius for all terms"", ""Theorem parameter must match actual PCS batching objects"", ""No complete Fiat-Shamir/QROM, MMCS structural or hiding composition proof"", ""Probability-sum and full-epsilon columns are arithmetic sensitivities, not replacement theorems""]",3,0.2916666666666667,0.7083333333333333,14.0,0.0625,8192,131072,True,30035.333333333336,True,2937236138.6666665,1299797.3333333333,14.0,2938535950.0,88.54754959767195,97.19263407109473,105.37886388672536,100.87061132078377,129.76688503446732,104.54754959767195,120.0,128.0,80.04372385967619,80.04372385967619,80.04372298931436,full-error-sum,74.401052163
R2-C3-q64-reduction_terms,R2-C3,r2-full-objective-v1,conditional-Johnson,quantum_grinding_only,dominant,"[""Johnson mutual correlated agreement at the same radius for all terms"", ""Theorem parameter must match actual PCS batching objects"", ""No complete Fiat-Shamir/QROM, MMCS structural or hiding composition proof"", ""Probability-sum and full-epsilon columns are arithmetic sensitivities, not replacement theorems""]",3,0.2916666666666667,0.7083333333333333,14.0,0.0625,8192,131072,True,30035.333333333336,True,2937236138.6666665,1299797.3333333333,14.0,2938535950.0,88.54754959767195,97.19263407109473,105.37886388672536,100.87061132078377,121.76688503446732,96.54754959767195,120.0,128.0,80.04436215243739,80.04436215243739,80.04434581071379,fri-only,66.401052163
R2-C3-q64-reduction_terms,R2-C3,r2-full-objective-v1,conditional-Johnson,quantum_grinding_only,dominant,"[""Johnson mutual correlated agreement at the same radius for all terms"", ""Theorem parameter must match actual PCS batching objects"", ""No complete Fiat-Shamir/QROM, MMCS structural or hiding composition proof"", ""Probability-sum and full-epsilon columns are arithmetic sensitivities, not replacement theorems""]",3,0.2916666666666667,0.7083333333333333,14.0,0.0625,8192,131072,True,30035.333333333336,True,2937236138.6666665,1299797.3333333333,14.0,2938535950.0,88.54754959767195,97.19263407109473,105.37886388672536,100.87061132078377,121.76688503446732,96.54754959767195,120.0,128.0,80.04436215243739,80.04436215243739,80.04434581071379,full-minimum,66.401052163
R2-C3-q64-reduction_terms,R2-C3,r2-full-objective-v1,conditional-Johnson,quantum_grinding_only,dominant,"[""Johnson mutual correlated agreement at the same radius for all terms"", ""Theorem parameter must match actual PCS batching objects"", ""No complete Fiat-Shamir/QROM, MMCS structural or hiding composition proof"", ""Probability-sum and full-epsilon columns are arithmetic sensitivities, not replacement theorems""]",3,0.2916666666666667,0.7083333333333333,14.0,0.0625,8192,131072,True,30035.333333333336,True,2937236138.6666665,1299797.3333333333,14.0,2938535950.0,88.54754959767195,97.19263407109473,105.37886388672536,100.87061132078377,121.76688503446732,96.54754959767195,120.0,128.0,80.04436215243739,80.04436215243739,80.04434581071379,full-error-sum,66.401052163
R2-C3-q64-reduction_terms,R2-C3,r2-full-objective-v1,conditional-Johnson,quantum_grinding_only,full,"[""Johnson mutual correlated agreement at the same radius for all terms"", ""Theorem parameter must match actual PCS batching objects"", ""No complete Fiat-Shamir/QROM, MMCS structural or hiding composition proof"", ""Probability-sum and full-epsilon columns are arithmetic sensitivities, not replacement theorems""]",3,0.2916666666666667,0.7083333333333333,14.0,0.0625,8192,131072,True,30035.333333333336,True,2937236138.6666665,1299797.3333333333,14.0,2938535950.0,88.54754959767195,97.19263407109473,105.37886388672536,100.87061132078377,121.76688503446732,96.54754959767195,120.0,128.0,80.04372385967619,80.04372385967619,80.04370752518103,fri-only,66.401052163
R2-C3-q64-reduction_terms,R2-C3,r2-full-objective-v1,conditional-Johnson,quantum_grinding_only,full,"[""Johnson mutual correlated agreement at the same radius for all terms"", ""Theorem parameter must match actual PCS batching objects"", ""No complete Fiat-Shamir/QROM, MMCS structural or hiding composition proof"", ""Probability-sum and full-epsilon columns are arithmetic sensitivities, not replacement theorems""]",3,0.2916666666666667,0.7083333333333333,14.0,0.0625,8192,131072,True,30035.333333333336,True,2937236138.6666665,1299797.3333333333,14.0,2938535950.0,88.54754959767195,97.19263407109473,105.37886388672536,100.87061132078377,121.76688503446732,96.54754959767195,120.0,128.0,80.04372385967619,80.04372385967619,80.04370752518103,full-minimum,66.401052163
R2-C3-q64-reduction_terms,R2-C3,r2-full-objective-v1,conditional-Johnson,quantum_grinding_only,full,"[""Johnson mutual correlated agreement at the same radius for all terms"", ""Theorem parameter must match actual PCS batching objects"", ""No complete Fiat-Shamir/QROM, MMCS structural or hiding composition proof"", ""Probability-sum and full-epsilon columns are arithmetic sensitivities, not replacement theorems""]",3,0.2916666666666667,0.7083333333333333,14.0,0.0625,8192,131072,True,30035.333333333336,True,2937236138.6666665,1299797.3333333333,14.0,2938535950.0,88.54754959767195,97.19263407109473,105.37886388672536,100.87061132078377,121.76688503446732,96.54754959767195,120.0,128.0,80.04372385967619,80.04372385967619,80.04370752518103,full-error-sum,66.401052163
