candidate_id,source_run_id,operation,execution_gas,standard_intrinsic,eip7623_floor,eip7623_total,eip7976_floor,eip7976_total,eip8311_floor,eip8311_total,tx_cap_margin,runtime_bytes,initcode_bytes,deployment_gas,artifact_path,artifact_sha256
H0,research-sp10-h0-gas,completeDirectDepositGas,13991021,,,,,,,,,7198,7287,,research/runs/research-sp10-h0-gas.json,a22325ec3976642ed3c1091b405b3f90e7dcdeba11631f767e8c4079c5b08ae5
H0,research-sp10-h0-gas,depth20ComputeOnlyInsertionGas,127632688,,,,,,,,,7198,7287,,research/runs/research-sp10-h0-gas.json,a22325ec3976642ed3c1091b405b3f90e7dcdeba11631f767e8c4079c5b08ae5
H0,research-sp10-h0-gas,nodeGas,6376977,,,,,,,,,7198,7287,,research/runs/research-sp10-h0-gas.json,a22325ec3976642ed3c1091b405b3f90e7dcdeba11631f767e8c4079c5b08ae5
H0,research-sp10-h0-gas,noteGas,6372610,,,,,,,,,7198,7287,,research/runs/research-sp10-h0-gas.json,a22325ec3976642ed3c1091b405b3f90e7dcdeba11631f767e8c4079c5b08ae5
H0,research-sp10-h0-gas,nullifierGas,5214202,,,,,,,,,7198,7287,,research/runs/research-sp10-h0-gas.json,a22325ec3976642ed3c1091b405b3f90e7dcdeba11631f767e8c4079c5b08ae5
H0,research-sp10-h0-gas,permutationGas,580194,,,,,,,,,7198,7287,,research/runs/research-sp10-h0-gas.json,a22325ec3976642ed3c1091b405b3f90e7dcdeba11631f767e8c4079c5b08ae5
H0,research-sp10-h0-gas,syntheticDepth20RootUpdateGas,127952851,,,,,,,,,7198,7287,,research/runs/research-sp10-h0-gas.json,a22325ec3976642ed3c1091b405b3f90e7dcdeba11631f767e8c4079c5b08ae5
H0,research-sp10-h0-gas,zeroTreeConstructorGas,128335918,,,,,,,,,7198,7287,,research/runs/research-sp10-h0-gas.json,a22325ec3976642ed3c1091b405b3f90e7dcdeba11631f767e8c4079c5b08ae5
H1,research-sp10-h1-gas,compressionGas,583127,,,,,,,,,4956,5045,,research/runs/research-sp10-h1-gas.json,1a1ba166534c02bf326af7160dccfcfbe17e60007cf6e417a3f86d835f5783c9
H1,research-sp10-h1-gas,permutationGas,580117,,,,,,,,,4956,5045,,research/runs/research-sp10-h1-gas.json,1a1ba166534c02bf326af7160dccfcfbe17e60007cf6e417a3f86d835f5783c9
H3,research-sp10-h3-gas,compressionGas,1213539,,,,,,,,,7853,7991,,research/runs/research-sp10-h3-gas.json,e6ad3474b6e0baa55ceca9faacdf44ef179271cab079091f98aa7bb35bf747a1
H3,research-sp10-h3-gas,depth20ComputeOnlyInsertionGas,24515016,,,,,,,,,7853,7991,,research/runs/research-sp10-h3-gas.json,e6ad3474b6e0baa55ceca9faacdf44ef179271cab079091f98aa7bb35bf747a1
H3,research-sp10-h3-gas,nodeGas,1222559,,,,,,,,,7853,7991,,research/runs/research-sp10-h3-gas.json,e6ad3474b6e0baa55ceca9faacdf44ef179271cab079091f98aa7bb35bf747a1
H3,research-sp10-h3-gas,noteGas,1219339,,,,,,,,,7853,7991,,research/runs/research-sp10-h3-gas.json,e6ad3474b6e0baa55ceca9faacdf44ef179271cab079091f98aa7bb35bf747a1
H3,research-sp10-h3-gas,nullifierGas,1219298,,,,,,,,,7853,7991,,research/runs/research-sp10-h3-gas.json,e6ad3474b6e0baa55ceca9faacdf44ef179271cab079091f98aa7bb35bf747a1
H3,research-sp10-h3-gas,permutationGas,1209466,,,,,,,,,7853,7991,,research/runs/research-sp10-h3-gas.json,e6ad3474b6e0baa55ceca9faacdf44ef179271cab079091f98aa7bb35bf747a1
H3,research-sp10-h3-gas,syntheticDepth20RootUpdateGas,24715122,,,,,,,,,7853,7991,,research/runs/research-sp10-h3-gas.json,e6ad3474b6e0baa55ceca9faacdf44ef179271cab079091f98aa7bb35bf747a1
H3,research-sp10-h3-gas,zeroTreeConstructorGas,25086148,,,,,,,,,7853,7991,,research/runs/research-sp10-h3-gas.json,e6ad3474b6e0baa55ceca9faacdf44ef179271cab079091f98aa7bb35bf747a1
H4,research-sp10-h4-gas,compressionGas,1213864,,,,,,,,,6394,6483,,research/runs/research-sp10-h4-gas.json,76b35895a10c36a0af99b20ddfc6768b9d049ad520616e2708f4e050af7f18c7
H4,research-sp10-h4-gas,permutationGas,1209411,,,,,,,,,6394,6483,,research/runs/research-sp10-h4-gas.json,76b35895a10c36a0af99b20ddfc6768b9d049ad520616e2708f4e050af7f18c7
H5,research-sp10-h5-gas,compressionGas,2149106,,,,,,,,,9309,9447,,research/runs/research-sp10-h5-gas.json,7de19e5043ab84b6c6b9e3003662bd380ac558aa814634030e3f14be0bef9ee0
H5,research-sp10-h5-gas,depth20ComputeOnlyInsertionGas,43258198,,,,,,,,,9309,9447,,research/runs/research-sp10-h5-gas.json,7de19e5043ab84b6c6b9e3003662bd380ac558aa814634030e3f14be0bef9ee0
H5,research-sp10-h5-gas,nodeGas,2159231,,,,,,,,,9309,9447,,research/runs/research-sp10-h5-gas.json,7de19e5043ab84b6c6b9e3003662bd380ac558aa814634030e3f14be0bef9ee0
H5,research-sp10-h5-gas,noteGas,2155417,,,,,,,,,9309,9447,,research/runs/research-sp10-h5-gas.json,7de19e5043ab84b6c6b9e3003662bd380ac558aa814634030e3f14be0bef9ee0
H5,research-sp10-h5-gas,nullifierGas,2155376,,,,,,,,,9309,9447,,research/runs/research-sp10-h5-gas.json,7de19e5043ab84b6c6b9e3003662bd380ac558aa814634030e3f14be0bef9ee0
H5,research-sp10-h5-gas,permutationGas,2144381,,,,,,,,,9309,9447,,research/runs/research-sp10-h5-gas.json,7de19e5043ab84b6c6b9e3003662bd380ac558aa814634030e3f14be0bef9ee0
H5,research-sp10-h5-gas,syntheticDepth20RootUpdateGas,43498324,,,,,,,,,9309,9447,,research/runs/research-sp10-h5-gas.json,7de19e5043ab84b6c6b9e3003662bd380ac558aa814634030e3f14be0bef9ee0
H5,research-sp10-h5-gas,zeroTreeConstructorGas,43873396,,,,,,,,,9309,9447,,research/runs/research-sp10-h5-gas.json,7de19e5043ab84b6c6b9e3003662bd380ac558aa814634030e3f14be0bef9ee0
H6,research-sp10-h6-gas,compressionGas,2149900,,,,,,,,,9309,9447,,research/runs/research-sp10-h6-gas.json,366ad79b9ba94ccc2a73fb939148830eb18f0a6ced253a99f883f126ef8b9a7c
H6,research-sp10-h6-gas,depth20ComputeOnlyInsertionGas,43326828,,,,,,,,,9309,9447,,research/runs/research-sp10-h6-gas.json,366ad79b9ba94ccc2a73fb939148830eb18f0a6ced253a99f883f126ef8b9a7c
H6,research-sp10-h6-gas,nodeGas,2162174,,,,,,,,,9309,9447,,research/runs/research-sp10-h6-gas.json,366ad79b9ba94ccc2a73fb939148830eb18f0a6ced253a99f883f126ef8b9a7c
H6,research-sp10-h6-gas,noteGas,2157766,,,,,,,,,9309,9447,,research/runs/research-sp10-h6-gas.json,366ad79b9ba94ccc2a73fb939148830eb18f0a6ced253a99f883f126ef8b9a7c
H6,research-sp10-h6-gas,nullifierGas,2157725,,,,,,,,,9309,9447,,research/runs/research-sp10-h6-gas.json,366ad79b9ba94ccc2a73fb939148830eb18f0a6ced253a99f883f126ef8b9a7c
H6,research-sp10-h6-gas,permutationGas,2144381,,,,,,,,,9309,9447,,research/runs/research-sp10-h6-gas.json,366ad79b9ba94ccc2a73fb939148830eb18f0a6ced253a99f883f126ef8b9a7c
H6,research-sp10-h6-gas,syntheticDepth20RootUpdateGas,43606974,,,,,,,,,9309,9447,,research/runs/research-sp10-h6-gas.json,366ad79b9ba94ccc2a73fb939148830eb18f0a6ced253a99f883f126ef8b9a7c
H6,research-sp10-h6-gas,zeroTreeConstructorGas,43986066,,,,,,,,,9309,9447,,research/runs/research-sp10-h6-gas.json,366ad79b9ba94ccc2a73fb939148830eb18f0a6ced253a99f883f126ef8b9a7c
H7,research-sp10-h7-gas,depth20ComputeOnlyInsertionGas,509474048,,,,,,,,,9521,9547,,research/runs/research-sp10-h7-gas.json,4a73b1fe6b3775ad998c1f54692a93d0d4ed80858871bd00a81145c258823b57
H7,research-sp10-h7-gas,nodeGas,25469045,,,,,,,,,9521,9547,,research/runs/research-sp10-h7-gas.json,4a73b1fe6b3775ad998c1f54692a93d0d4ed80858871bd00a81145c258823b57
H7,research-sp10-h7-gas,noteGas,25464321,,,,,,,,,9521,9547,,research/runs/research-sp10-h7-gas.json,4a73b1fe6b3775ad998c1f54692a93d0d4ed80858871bd00a81145c258823b57
H7,research-sp10-h7-gas,nullifierGas,25464280,,,,,,,,,9521,9547,,research/runs/research-sp10-h7-gas.json,4a73b1fe6b3775ad998c1f54692a93d0d4ed80858871bd00a81145c258823b57
H7,research-sp10-h7-gas,permutationGas,8479493,,,,,,,,,9521,9547,,research/runs/research-sp10-h7-gas.json,4a73b1fe6b3775ad998c1f54692a93d0d4ed80858871bd00a81145c258823b57
H7,research-sp10-h7-gas,spongeGas,25454777,,,,,,,,,9521,9547,,research/runs/research-sp10-h7-gas.json,4a73b1fe6b3775ad998c1f54692a93d0d4ed80858871bd00a81145c258823b57
H7,research-sp10-h7-gas,syntheticDepth20RootUpdateGas,509794211,,,,,,,,,9521,9547,,research/runs/research-sp10-h7-gas.json,4a73b1fe6b3775ad998c1f54692a93d0d4ed80858871bd00a81145c258823b57
H7,research-sp10-h7-gas,zeroTreeConstructorGas,510176906,,,,,,,,,9521,9547,,research/runs/research-sp10-h7-gas.json,4a73b1fe6b3775ad998c1f54692a93d0d4ed80858871bd00a81145c258823b57
SP-11,research-sp11-sp-11-foundry-gas,bounded_insert_max,13672838,,,,,,,,,4831,,17008223,research/runs/research-sp11-sp-11-foundry-gas.json,2f5a7bfd9a741fec2f4a241523fbd8ee9a0f8a47172049a142b7928f684b840d
SP-11,research-sp11-sp-11-foundry-gas,bounded_insert_median,13605885,,,,,,,,,4831,,17008223,research/runs/research-sp11-sp-11-foundry-gas.json,2f5a7bfd9a741fec2f4a241523fbd8ee9a0f8a47172049a142b7928f684b840d
SP-11,research-sp11-sp-11-foundry-gas,bounded_insert_min,13604796,,,,,,,,,4831,,17008223,research/runs/research-sp11-sp-11-foundry-gas.json,2f5a7bfd9a741fec2f4a241523fbd8ee9a0f8a47172049a142b7928f684b840d
SP-12,research-sp12-sp-12-foundry-gas,enqueue_max,143822,,,,,,,,,,,,research/runs/research-sp12-sp-12-foundry-gas.json,97e1f9b449e3d0d34e93ce8382a2aa3c619c0fce9bc2d17a45a9efcd218db3f6
SP-12,research-sp12-sp-12-foundry-gas,enqueue_median,121922,,,,,,,,,,,,research/runs/research-sp12-sp-12-foundry-gas.json,97e1f9b449e3d0d34e93ce8382a2aa3c619c0fce9bc2d17a45a9efcd218db3f6
SP-12,research-sp12-sp-12-foundry-gas,enqueue_min,121922,,,,,,,,,,,,research/runs/research-sp12-sp-12-foundry-gas.json,97e1f9b449e3d0d34e93ce8382a2aa3c619c0fce9bc2d17a45a9efcd218db3f6
SP-13,research-sp13-sp-13-digest-width-gas,keccak-pair-512.hash_and_storage_cold_call_gas,45387,,,,,,,,,,,,research/runs/research-sp13-sp-13-digest-width-gas.json,527ce1c6636bd5ad104ef960766678bbeae84947f4598f67f06f341a0d13a4e5
SP-13,research-sp13-sp-13-digest-width-gas,keccak-pair-512.hash_only_call_gas,1637,,,,,,,,,,,,research/runs/research-sp13-sp-13-digest-width-gas.json,527ce1c6636bd5ad104ef960766678bbeae84947f4598f67f06f341a0d13a4e5
SP-13,research-sp13-sp-13-digest-width-gas,keccak-pair-512.storage_only_cold_call_gas,44633,,,,,,,,,,,,research/runs/research-sp13-sp-13-digest-width-gas.json,527ce1c6636bd5ad104ef960766678bbeae84947f4598f67f06f341a0d13a4e5
SP-13,research-sp13-sp-13-digest-width-gas,keccak-pair-trunc-320.hash_and_storage_cold_call_gas,45542,,,,,,,,,,,,research/runs/research-sp13-sp-13-digest-width-gas.json,527ce1c6636bd5ad104ef960766678bbeae84947f4598f67f06f341a0d13a4e5
SP-13,research-sp13-sp-13-digest-width-gas,keccak-pair-trunc-320.hash_only_call_gas,1440,,,,,,,,,,,,research/runs/research-sp13-sp-13-digest-width-gas.json,527ce1c6636bd5ad104ef960766678bbeae84947f4598f67f06f341a0d13a4e5
SP-13,research-sp13-sp-13-digest-width-gas,keccak-pair-trunc-320.storage_only_cold_call_gas,44572,,,,,,,,,,,,research/runs/research-sp13-sp-13-digest-width-gas.json,527ce1c6636bd5ad104ef960766678bbeae84947f4598f67f06f341a0d13a4e5
SP-13,research-sp13-sp-13-digest-width-gas,keccak-pair-trunc-384.hash_and_storage_cold_call_gas,45362,,,,,,,,,,,,research/runs/research-sp13-sp-13-digest-width-gas.json,527ce1c6636bd5ad104ef960766678bbeae84947f4598f67f06f341a0d13a4e5
SP-13,research-sp13-sp-13-digest-width-gas,keccak-pair-trunc-384.hash_only_call_gas,1480,,,,,,,,,,,,research/runs/research-sp13-sp-13-digest-width-gas.json,527ce1c6636bd5ad104ef960766678bbeae84947f4598f67f06f341a0d13a4e5
SP-13,research-sp13-sp-13-digest-width-gas,keccak-pair-trunc-384.storage_only_cold_call_gas,44833,,,,,,,,,,,,research/runs/research-sp13-sp-13-digest-width-gas.json,527ce1c6636bd5ad104ef960766678bbeae84947f4598f67f06f341a0d13a4e5
SP-13,research-sp13-sp-13-digest-width-gas,single-keccak-256-lower-bound.hash_and_storage_cold_call_gas,23277,,,,,,,,,,,,research/runs/research-sp13-sp-13-digest-width-gas.json,527ce1c6636bd5ad104ef960766678bbeae84947f4598f67f06f341a0d13a4e5
SP-13,research-sp13-sp-13-digest-width-gas,single-keccak-256-lower-bound.hash_only_call_gas,1436,,,,,,,,,,,,research/runs/research-sp13-sp-13-digest-width-gas.json,527ce1c6636bd5ad104ef960766678bbeae84947f4598f67f06f341a0d13a4e5
SP-13,research-sp13-sp-13-digest-width-gas,single-keccak-256-lower-bound.storage_only_cold_call_gas,22502,,,,,,,,,,,,research/runs/research-sp13-sp-13-digest-width-gas.json,527ce1c6636bd5ad104ef960766678bbeae84947f4598f67f06f341a0d13a4e5
V1,research-sp31-v1-isolated-benchmark,hornerGas,129454,,,,,,,,,,,,research/runs/research-sp31-v1-isolated-benchmark.json,a8b6c920c5c6d64654e695f437d5fa3108387a0a87ef8517a3d113d32dc44d1c
V1,research-sp31-v1-isolated-benchmark,materializedGas,727415,,,,,,,,,,,,research/runs/research-sp31-v1-isolated-benchmark.json,a8b6c920c5c6d64654e695f437d5fa3108387a0a87ef8517a3d113d32dc44d1c
V1,research-sp31-v1-isolated-benchmark,streamedGas,128003,,,,,,,,,,,,research/runs/research-sp31-v1-isolated-benchmark.json,a8b6c920c5c6d64654e695f437d5fa3108387a0a87ef8517a3d113d32dc44d1c
V2,research-sp31-v2-isolated-benchmark,checkedWitnessGas,857,,,,,,,,,,,,research/runs/research-sp31-v2-isolated-benchmark.json,4e6f1fd69b63fe87538001f9776282bdddd885d9db5e3a695989478facdc6ef9
V2,research-sp31-v2-isolated-benchmark,exponentiationGas,9353,,,,,,,,,,,,research/runs/research-sp31-v2-isolated-benchmark.json,4e6f1fd69b63fe87538001f9776282bdddd885d9db5e3a695989478facdc6ef9
V3,research-sp31-v3-isolated-benchmark,fusedParseDotGas,210353,,,,,,,,,,,,research/runs/research-sp31-v3-isolated-benchmark.json,3a407fb89e5cd3cd9670f7e26a2ea3f2fe64ebf19202f31dc1824b0be21c691b
V3,research-sp31-v3-isolated-benchmark,separateParseDotGas,849780,,,,,,,,,,,,research/runs/research-sp31-v3-isolated-benchmark.json,3a407fb89e5cd3cd9670f7e26a2ea3f2fe64ebf19202f31dc1824b0be21c691b
V4,research-sp31-v4-isolated-benchmark,calldataEvaluationGas,127811,,,,,,,,,,,,research/runs/research-sp31-v4-isolated-benchmark.json,d85912075dd40b23ea2b9fd7c4f851ac7bd899b93902e4fe67f4fee9a60fbca0
V4,research-sp31-v4-isolated-benchmark,copiedEvaluationGas,663476,,,,,,,,,,,,research/runs/research-sp31-v4-isolated-benchmark.json,d85912075dd40b23ea2b9fd7c4f851ac7bd899b93902e4fe67f4fee9a60fbca0
V5,research-sp31-v5-isolated-benchmark,checkedCalldataTableGas,89183,,,,,,,,,,,,research/runs/research-sp31-v5-isolated-benchmark.json,27308eb23f591036010ceef10a81ce6c7d0fb1dabb05e34adc9661f91580b012
V5,research-sp31-v5-isolated-benchmark,derivedTableGas,3028,,,,,,,,,,,,research/runs/research-sp31-v5-isolated-benchmark.json,27308eb23f591036010ceef10a81ce6c7d0fb1dabb05e34adc9661f91580b012
V5,research-sp31-v5-isolated-benchmark,fixedTableGas,8652,,,,,,,,,,,,research/runs/research-sp31-v5-isolated-benchmark.json,27308eb23f591036010ceef10a81ce6c7d0fb1dabb05e34adc9661f91580b012
V6,research-sp31-v6-isolated-benchmark,checkedPointsGas,21451,,,,,,,,,,,,research/runs/research-sp31-v6-isolated-benchmark.json,0e89b2cd45872f1d229f513a52aa60227af192981602d9d665c182ee7c5cef98
V6,research-sp31-v6-isolated-benchmark,exponentiationGas,48640,,,,,,,,,,,,research/runs/research-sp31-v6-isolated-benchmark.json,0e89b2cd45872f1d229f513a52aa60227af192981602d9d665c182ee7c5cef98
V6,research-sp31-v6-isolated-benchmark,fixedTable8Gas,1748,,,,,,,,,,,,research/runs/research-sp31-v6-isolated-benchmark.json,0e89b2cd45872f1d229f513a52aa60227af192981602d9d665c182ee7c5cef98
V6,research-sp31-v6-isolated-benchmark,incrementalGas,5005,,,,,,,,,,,,research/runs/research-sp31-v6-isolated-benchmark.json,0e89b2cd45872f1d229f513a52aa60227af192981602d9d665c182ee7c5cef98
V7,research-sp31-v7-isolated-benchmark,exactFrontierGas,257975,,,,,,,,,,,,research/runs/research-sp31-v7-isolated-benchmark.json,028f98386930780b1ccce8b90219d6005d2852e317012787c6d3a308baab4c46
V8,research-sp31-v8-isolated-benchmark,packed31Bytes,992,,,,,,,,,,,,research/runs/research-sp31-v8-isolated-benchmark.json,a6e71326014dda16cf96bd2825ae2c9dcafdbdf9b20a5d300e07131ab1e67d72
V8,research-sp31-v8-isolated-benchmark,section31Gas,238092,,,,,,,,,,,,research/runs/research-sp31-v8-isolated-benchmark.json,a6e71326014dda16cf96bd2825ae2c9dcafdbdf9b20a5d300e07131ab1e67d72
V8,research-sp31-v8-isolated-benchmark,u32Bytes,1024,,,,,,,,,,,,research/runs/research-sp31-v8-isolated-benchmark.json,a6e71326014dda16cf96bd2825ae2c9dcafdbdf9b20a5d300e07131ab1e67d72
V8,research-sp31-v8-isolated-benchmark,unpack31Gas,237632,,,,,,,,,,,,research/runs/research-sp31-v8-isolated-benchmark.json,a6e71326014dda16cf96bd2825ae2c9dcafdbdf9b20a5d300e07131ab1e67d72
V8,research-sp31-v8-isolated-benchmark,unpack32Gas,175167,,,,,,,,,,,,research/runs/research-sp31-v8-isolated-benchmark.json,a6e71326014dda16cf96bd2825ae2c9dcafdbdf9b20a5d300e07131ab1e67d72
V9,research-sp31-v9-isolated-benchmark,airA.10.maxGas,13623798,,,,,,,,,,,,research/runs/research-sp31-v9-isolated-benchmark.json,dc4ebceb6a6b98f9c7d1ba29ef3b4a1db159b0c2b0a82dbbe66a5d3187877606
V9,research-sp31-v9-isolated-benchmark,airA.12.maxGas,14046222,,,,,,,,,,,,research/runs/research-sp31-v9-isolated-benchmark.json,dc4ebceb6a6b98f9c7d1ba29ef3b4a1db159b0c2b0a82dbbe66a5d3187877606
V9,research-sp31-v9-isolated-benchmark,airA.13.maxGas,14257434,,,,,,,,,,,,research/runs/research-sp31-v9-isolated-benchmark.json,dc4ebceb6a6b98f9c7d1ba29ef3b4a1db159b0c2b0a82dbbe66a5d3187877606
V9,research-sp31-v9-isolated-benchmark,airA.14.maxGas,14468646,,,,,,,,,,,,research/runs/research-sp31-v9-isolated-benchmark.json,dc4ebceb6a6b98f9c7d1ba29ef3b4a1db159b0c2b0a82dbbe66a5d3187877606
V9,research-sp31-v9-isolated-benchmark,airA.15.maxGas,14679858,,,,,,,,,,,,research/runs/research-sp31-v9-isolated-benchmark.json,dc4ebceb6a6b98f9c7d1ba29ef3b4a1db159b0c2b0a82dbbe66a5d3187877606
V9,research-sp31-v9-isolated-benchmark,airA.16.maxGas,14891070,,,,,,,,,,,,research/runs/research-sp31-v9-isolated-benchmark.json,dc4ebceb6a6b98f9c7d1ba29ef3b4a1db159b0c2b0a82dbbe66a5d3187877606
V9,research-sp31-v9-isolated-benchmark,airA.8.maxGas,14046069,,,,,,,,,,,,research/runs/research-sp31-v9-isolated-benchmark.json,dc4ebceb6a6b98f9c7d1ba29ef3b4a1db159b0c2b0a82dbbe66a5d3187877606
V9,research-sp31-v9-isolated-benchmark,airB.10.maxGas,16487292,,,,,,,,,,,,research/runs/research-sp31-v9-isolated-benchmark.json,dc4ebceb6a6b98f9c7d1ba29ef3b4a1db159b0c2b0a82dbbe66a5d3187877606
V9,research-sp31-v9-isolated-benchmark,airB.12.maxGas,16064868,,,,,,,,,,,,research/runs/research-sp31-v9-isolated-benchmark.json,dc4ebceb6a6b98f9c7d1ba29ef3b4a1db159b0c2b0a82dbbe66a5d3187877606
V9,research-sp31-v9-isolated-benchmark,airB.13.maxGas,15853656,,,,,,,,,,,,research/runs/research-sp31-v9-isolated-benchmark.json,dc4ebceb6a6b98f9c7d1ba29ef3b4a1db159b0c2b0a82dbbe66a5d3187877606
V9,research-sp31-v9-isolated-benchmark,airB.14.maxGas,15642444,,,,,,,,,,,,research/runs/research-sp31-v9-isolated-benchmark.json,dc4ebceb6a6b98f9c7d1ba29ef3b4a1db159b0c2b0a82dbbe66a5d3187877606
V9,research-sp31-v9-isolated-benchmark,airB.15.maxGas,15431232,,,,,,,,,,,,research/runs/research-sp31-v9-isolated-benchmark.json,dc4ebceb6a6b98f9c7d1ba29ef3b4a1db159b0c2b0a82dbbe66a5d3187877606
V9,research-sp31-v9-isolated-benchmark,airB.16.maxGas,15220020,,,,,,,,,,,,research/runs/research-sp31-v9-isolated-benchmark.json,dc4ebceb6a6b98f9c7d1ba29ef3b4a1db159b0c2b0a82dbbe66a5d3187877606
V9,research-sp31-v9-isolated-benchmark,airB.8.maxGas,16909716,,,,,,,,,,,,research/runs/research-sp31-v9-isolated-benchmark.json,dc4ebceb6a6b98f9c7d1ba29ef3b4a1db159b0c2b0a82dbbe66a5d3187877606
F0,research-sp40-f0-field-benchmark,F0/op0/n1,13981,,,,,,,,,,,,research/runs/research-sp40-f0-field-benchmark.json,2365b88eeb5454d116ae12ddaebf7a2f140af5337f9d9d423d7f3cb34f67ce4e
F0,research-sp40-f0-field-benchmark,F0/op1/n1,9050,,,,,,,,,,,,research/runs/research-sp40-f0-field-benchmark.json,2365b88eeb5454d116ae12ddaebf7a2f140af5337f9d9d423d7f3cb34f67ce4e
F0,research-sp40-f0-field-benchmark,F0/op10/n1,2553679,,,,,,,,,,,,research/runs/research-sp40-f0-field-benchmark.json,2365b88eeb5454d116ae12ddaebf7a2f140af5337f9d9d423d7f3cb34f67ce4e
F0,research-sp40-f0-field-benchmark,F0/op11/n1,271721,,,,,,,,,,,,research/runs/research-sp40-f0-field-benchmark.json,2365b88eeb5454d116ae12ddaebf7a2f140af5337f9d9d423d7f3cb34f67ce4e
F0,research-sp40-f0-field-benchmark,F0/op12/n1,12066,,,,,,,,,,,,research/runs/research-sp40-f0-field-benchmark.json,2365b88eeb5454d116ae12ddaebf7a2f140af5337f9d9d423d7f3cb34f67ce4e
F0,research-sp40-f0-field-benchmark,F0/op13/n128,1215869,,,,,,,,,,,,research/runs/research-sp40-f0-field-benchmark.json,2365b88eeb5454d116ae12ddaebf7a2f140af5337f9d9d423d7f3cb34f67ce4e
F0,research-sp40-f0-field-benchmark,F0/op13/n256,2439252,,,,,,,,,,,,research/runs/research-sp40-f0-field-benchmark.json,2365b88eeb5454d116ae12ddaebf7a2f140af5337f9d9d423d7f3cb34f67ce4e
F0,research-sp40-f0-field-benchmark,F0/op13/n32,310468,,,,,,,,,,,,research/runs/research-sp40-f0-field-benchmark.json,2365b88eeb5454d116ae12ddaebf7a2f140af5337f9d9d423d7f3cb34f67ce4e
F0,research-sp40-f0-field-benchmark,F0/op13/n64,611112,,,,,,,,,,,,research/runs/research-sp40-f0-field-benchmark.json,2365b88eeb5454d116ae12ddaebf7a2f140af5337f9d9d423d7f3cb34f67ce4e
F0,research-sp40-f0-field-benchmark,F0/op14/n16,42700,,,,,,,,,,,,research/runs/research-sp40-f0-field-benchmark.json,2365b88eeb5454d116ae12ddaebf7a2f140af5337f9d9d423d7f3cb34f67ce4e
F0,research-sp40-f0-field-benchmark,F0/op14/n32,68859,,,,,,,,,,,,research/runs/research-sp40-f0-field-benchmark.json,2365b88eeb5454d116ae12ddaebf7a2f140af5337f9d9d423d7f3cb34f67ce4e
F0,research-sp40-f0-field-benchmark,F0/op14/n64,121224,,,,,,,,,,,,research/runs/research-sp40-f0-field-benchmark.json,2365b88eeb5454d116ae12ddaebf7a2f140af5337f9d9d423d7f3cb34f67ce4e
F0,research-sp40-f0-field-benchmark,F0/op15/n16,3324262,,,,,,,,,,,,research/runs/research-sp40-f0-field-benchmark.json,2365b88eeb5454d116ae12ddaebf7a2f140af5337f9d9d423d7f3cb34f67ce4e
F0,research-sp40-f0-field-benchmark,F0/op15/n32,4095719,,,,,,,,,,,,research/runs/research-sp40-f0-field-benchmark.json,2365b88eeb5454d116ae12ddaebf7a2f140af5337f9d9d423d7f3cb34f67ce4e
F0,research-sp40-f0-field-benchmark,F0/op15/n64,5647059,,,,,,,,,,,,research/runs/research-sp40-f0-field-benchmark.json,2365b88eeb5454d116ae12ddaebf7a2f140af5337f9d9d423d7f3cb34f67ce4e
F0,research-sp40-f0-field-benchmark,F0/op16/n64,1356069,,,,,,,,,,,,research/runs/research-sp40-f0-field-benchmark.json,2365b88eeb5454d116ae12ddaebf7a2f140af5337f9d9d423d7f3cb34f67ce4e
F0,research-sp40-f0-field-benchmark,F0/op17/n2,59078,,,,,,,,,,,,research/runs/research-sp40-f0-field-benchmark.json,2365b88eeb5454d116ae12ddaebf7a2f140af5337f9d9d423d7f3cb34f67ce4e
F0,research-sp40-f0-field-benchmark,F0/op18/n1,5086,,,,,,,,,,,,research/runs/research-sp40-f0-field-benchmark.json,2365b88eeb5454d116ae12ddaebf7a2f140af5337f9d9d423d7f3cb34f67ce4e
F0,research-sp40-f0-field-benchmark,F0/op19/n1,4059,,,,,,,,,,,,research/runs/research-sp40-f0-field-benchmark.json,2365b88eeb5454d116ae12ddaebf7a2f140af5337f9d9d423d7f3cb34f67ce4e
F0,research-sp40-f0-field-benchmark,F0/op2/n1,9012,,,,,,,,,,,,research/runs/research-sp40-f0-field-benchmark.json,2365b88eeb5454d116ae12ddaebf7a2f140af5337f9d9d423d7f3cb34f67ce4e
F0,research-sp40-f0-field-benchmark,F0/op3/n1,8962,,,,,,,,,,,,research/runs/research-sp40-f0-field-benchmark.json,2365b88eeb5454d116ae12ddaebf7a2f140af5337f9d9d423d7f3cb34f67ce4e
F0,research-sp40-f0-field-benchmark,F0/op4/n1,14788,,,,,,,,,,,,research/runs/research-sp40-f0-field-benchmark.json,2365b88eeb5454d116ae12ddaebf7a2f140af5337f9d9d423d7f3cb34f67ce4e
F0,research-sp40-f0-field-benchmark,F0/op5/n1,11308,,,,,,,,,,,,research/runs/research-sp40-f0-field-benchmark.json,2365b88eeb5454d116ae12ddaebf7a2f140af5337f9d9d423d7f3cb34f67ce4e
F0,research-sp40-f0-field-benchmark,F0/op6/n1,13062,,,,,,,,,,,,research/runs/research-sp40-f0-field-benchmark.json,2365b88eeb5454d116ae12ddaebf7a2f140af5337f9d9d423d7f3cb34f67ce4e
F0,research-sp40-f0-field-benchmark,F0/op7/n1,13446,,,,,,,,,,,,research/runs/research-sp40-f0-field-benchmark.json,2365b88eeb5454d116ae12ddaebf7a2f140af5337f9d9d423d7f3cb34f67ce4e
F0,research-sp40-f0-field-benchmark,F0/op8/n1,23926,,,,,,,,,,,,research/runs/research-sp40-f0-field-benchmark.json,2365b88eeb5454d116ae12ddaebf7a2f140af5337f9d9d423d7f3cb34f67ce4e
F0,research-sp40-f0-field-benchmark,F0/op9/n1,23949,,,,,,,,,,,,research/runs/research-sp40-f0-field-benchmark.json,2365b88eeb5454d116ae12ddaebf7a2f140af5337f9d9d423d7f3cb34f67ce4e
F1,research-sp40-f1-field-benchmark,F1/op0/n1,9279,,,,,,,,,,,,research/runs/research-sp40-f1-field-benchmark.json,de08583612af09694456018a41aca67f5b7a118c4349bcbcf14ae7f0f0a2ddac
F1,research-sp40-f1-field-benchmark,F1/op1/n1,9364,,,,,,,,,,,,research/runs/research-sp40-f1-field-benchmark.json,de08583612af09694456018a41aca67f5b7a118c4349bcbcf14ae7f0f0a2ddac
F1,research-sp40-f1-field-benchmark,F1/op10/n1,2776082,,,,,,,,,,,,research/runs/research-sp40-f1-field-benchmark.json,de08583612af09694456018a41aca67f5b7a118c4349bcbcf14ae7f0f0a2ddac
F1,research-sp40-f1-field-benchmark,F1/op11/n1,272430,,,,,,,,,,,,research/runs/research-sp40-f1-field-benchmark.json,de08583612af09694456018a41aca67f5b7a118c4349bcbcf14ae7f0f0a2ddac
F1,research-sp40-f1-field-benchmark,F1/op12/n1,12380,,,,,,,,,,,,research/runs/research-sp40-f1-field-benchmark.json,de08583612af09694456018a41aca67f5b7a118c4349bcbcf14ae7f0f0a2ddac
F1,research-sp40-f1-field-benchmark,F1/op13/n128,1238710,,,,,,,,,,,,research/runs/research-sp40-f1-field-benchmark.json,de08583612af09694456018a41aca67f5b7a118c4349bcbcf14ae7f0f0a2ddac
F1,research-sp40-f1-field-benchmark,F1/op13/n256,2484621,,,,,,,,,,,,research/runs/research-sp40-f1-field-benchmark.json,de08583612af09694456018a41aca67f5b7a118c4349bcbcf14ae7f0f0a2ddac
F1,research-sp40-f1-field-benchmark,F1/op13/n32,316414,,,,,,,,,,,,research/runs/research-sp40-f1-field-benchmark.json,de08583612af09694456018a41aca67f5b7a118c4349bcbcf14ae7f0f0a2ddac
F1,research-sp40-f1-field-benchmark,F1/op13/n64,622689,,,,,,,,,,,,research/runs/research-sp40-f1-field-benchmark.json,de08583612af09694456018a41aca67f5b7a118c4349bcbcf14ae7f0f0a2ddac
F1,research-sp40-f1-field-benchmark,F1/op14/n16,43365,,,,,,,,,,,,research/runs/research-sp40-f1-field-benchmark.json,de08583612af09694456018a41aca67f5b7a118c4349bcbcf14ae7f0f0a2ddac
F1,research-sp40-f1-field-benchmark,F1/op14/n32,69876,,,,,,,,,,,,research/runs/research-sp40-f1-field-benchmark.json,de08583612af09694456018a41aca67f5b7a118c4349bcbcf14ae7f0f0a2ddac
F1,research-sp40-f1-field-benchmark,F1/op14/n64,122945,,,,,,,,,,,,research/runs/research-sp40-f1-field-benchmark.json,de08583612af09694456018a41aca67f5b7a118c4349bcbcf14ae7f0f0a2ddac
F1,research-sp40-f1-field-benchmark,F1/op15/n16,3550152,,,,,,,,,,,,research/runs/research-sp40-f1-field-benchmark.json,de08583612af09694456018a41aca67f5b7a118c4349bcbcf14ae7f0f0a2ddac
F1,research-sp40-f1-field-benchmark,F1/op15/n32,4325073,,,,,,,,,,,,research/runs/research-sp40-f1-field-benchmark.json,de08583612af09694456018a41aca67f5b7a118c4349bcbcf14ae7f0f0a2ddac
F1,research-sp40-f1-field-benchmark,F1/op15/n64,5883336,,,,,,,,,,,,research/runs/research-sp40-f1-field-benchmark.json,de08583612af09694456018a41aca67f5b7a118c4349bcbcf14ae7f0f0a2ddac
F1,research-sp40-f1-field-benchmark,F1/op16/n64,1366348,,,,,,,,,,,,research/runs/research-sp40-f1-field-benchmark.json,de08583612af09694456018a41aca67f5b7a118c4349bcbcf14ae7f0f0a2ddac
F1,research-sp40-f1-field-benchmark,F1/op17/n2,59921,,,,,,,,,,,,research/runs/research-sp40-f1-field-benchmark.json,de08583612af09694456018a41aca67f5b7a118c4349bcbcf14ae7f0f0a2ddac
F1,research-sp40-f1-field-benchmark,F1/op18/n1,5159,,,,,,,,,,,,research/runs/research-sp40-f1-field-benchmark.json,de08583612af09694456018a41aca67f5b7a118c4349bcbcf14ae7f0f0a2ddac
F1,research-sp40-f1-field-benchmark,F1/op19/n1,4129,,,,,,,,,,,,research/runs/research-sp40-f1-field-benchmark.json,de08583612af09694456018a41aca67f5b7a118c4349bcbcf14ae7f0f0a2ddac
F1,research-sp40-f1-field-benchmark,F1/op2/n1,9326,,,,,,,,,,,,research/runs/research-sp40-f1-field-benchmark.json,de08583612af09694456018a41aca67f5b7a118c4349bcbcf14ae7f0f0a2ddac
F1,research-sp40-f1-field-benchmark,F1/op3/n1,9275,,,,,,,,,,,,research/runs/research-sp40-f1-field-benchmark.json,de08583612af09694456018a41aca67f5b7a118c4349bcbcf14ae7f0f0a2ddac
F1,research-sp40-f1-field-benchmark,F1/op4/n1,15102,,,,,,,,,,,,research/runs/research-sp40-f1-field-benchmark.json,de08583612af09694456018a41aca67f5b7a118c4349bcbcf14ae7f0f0a2ddac
F1,research-sp40-f1-field-benchmark,F1/op5/n1,11620,,,,,,,,,,,,research/runs/research-sp40-f1-field-benchmark.json,de08583612af09694456018a41aca67f5b7a118c4349bcbcf14ae7f0f0a2ddac
F1,research-sp40-f1-field-benchmark,F1/op6/n1,13376,,,,,,,,,,,,research/runs/research-sp40-f1-field-benchmark.json,de08583612af09694456018a41aca67f5b7a118c4349bcbcf14ae7f0f0a2ddac
F1,research-sp40-f1-field-benchmark,F1/op7/n1,13759,,,,,,,,,,,,research/runs/research-sp40-f1-field-benchmark.json,de08583612af09694456018a41aca67f5b7a118c4349bcbcf14ae7f0f0a2ddac
F1,research-sp40-f1-field-benchmark,F1/op8/n1,24240,,,,,,,,,,,,research/runs/research-sp40-f1-field-benchmark.json,de08583612af09694456018a41aca67f5b7a118c4349bcbcf14ae7f0f0a2ddac
F1,research-sp40-f1-field-benchmark,F1/op9/n1,24261,,,,,,,,,,,,research/runs/research-sp40-f1-field-benchmark.json,de08583612af09694456018a41aca67f5b7a118c4349bcbcf14ae7f0f0a2ddac
F2,research-sp40-f2-field-benchmark,F2/op0/n1,10539,,,,,,,,,,,,research/runs/research-sp40-f2-field-benchmark.json,b2b695e8d9231aea9d0f56c54d5a00322debf98499f47a695509f3193ba109a4
F2,research-sp40-f2-field-benchmark,F2/op1/n1,10622,,,,,,,,,,,,research/runs/research-sp40-f2-field-benchmark.json,b2b695e8d9231aea9d0f56c54d5a00322debf98499f47a695509f3193ba109a4
F2,research-sp40-f2-field-benchmark,F2/op10/n1,5165942,,,,,,,,,,,,research/runs/research-sp40-f2-field-benchmark.json,b2b695e8d9231aea9d0f56c54d5a00322debf98499f47a695509f3193ba109a4
F2,research-sp40-f2-field-benchmark,F2/op11/n1,407508,,,,,,,,,,,,research/runs/research-sp40-f2-field-benchmark.json,b2b695e8d9231aea9d0f56c54d5a00322debf98499f47a695509f3193ba109a4
F2,research-sp40-f2-field-benchmark,F2/op12/n1,14165,,,,,,,,,,,,research/runs/research-sp40-f2-field-benchmark.json,b2b695e8d9231aea9d0f56c54d5a00322debf98499f47a695509f3193ba109a4
F2,research-sp40-f2-field-benchmark,F2/op13/n128,1477684,,,,,,,,,,,,research/runs/research-sp40-f2-field-benchmark.json,b2b695e8d9231aea9d0f56c54d5a00322debf98499f47a695509f3193ba109a4
F2,research-sp40-f2-field-benchmark,F2/op13/n256,2968320,,,,,,,,,,,,research/runs/research-sp40-f2-field-benchmark.json,b2b695e8d9231aea9d0f56c54d5a00322debf98499f47a695509f3193ba109a4
F2,research-sp40-f2-field-benchmark,F2/op13/n32,376506,,,,,,,,,,,,research/runs/research-sp40-f2-field-benchmark.json,b2b695e8d9231aea9d0f56c54d5a00322debf98499f47a695509f3193ba109a4
F2,research-sp40-f2-field-benchmark,F2/op13/n64,741967,,,,,,,,,,,,research/runs/research-sp40-f2-field-benchmark.json,b2b695e8d9231aea9d0f56c54d5a00322debf98499f47a695509f3193ba109a4
F2,research-sp40-f2-field-benchmark,F2/op14/n16,44978,,,,,,,,,,,,research/runs/research-sp40-f2-field-benchmark.json,b2b695e8d9231aea9d0f56c54d5a00322debf98499f47a695509f3193ba109a4
F2,research-sp40-f2-field-benchmark,F2/op14/n32,71842,,,,,,,,,,,,research/runs/research-sp40-f2-field-benchmark.json,b2b695e8d9231aea9d0f56c54d5a00322debf98499f47a695509f3193ba109a4
F2,research-sp40-f2-field-benchmark,F2/op14/n64,125616,,,,,,,,,,,,research/runs/research-sp40-f2-field-benchmark.json,b2b695e8d9231aea9d0f56c54d5a00322debf98499f47a695509f3193ba109a4
F2,research-sp40-f2-field-benchmark,F2/op15/n16,6314701,,,,,,,,,,,,research/runs/research-sp40-f2-field-benchmark.json,b2b695e8d9231aea9d0f56c54d5a00322debf98499f47a695509f3193ba109a4
F2,research-sp40-f2-field-benchmark,F2/op15/n32,7465631,,,,,,,,,,,,research/runs/research-sp40-f2-field-benchmark.json,b2b695e8d9231aea9d0f56c54d5a00322debf98499f47a695509f3193ba109a4
F2,research-sp40-f2-field-benchmark,F2/op15/n64,9779777,,,,,,,,,,,,research/runs/research-sp40-f2-field-benchmark.json,b2b695e8d9231aea9d0f56c54d5a00322debf98499f47a695509f3193ba109a4
F2,research-sp40-f2-field-benchmark,F2/op16/n64,1931188,,,,,,,,,,,,research/runs/research-sp40-f2-field-benchmark.json,b2b695e8d9231aea9d0f56c54d5a00322debf98499f47a695509f3193ba109a4
F2,research-sp40-f2-field-benchmark,F2/op17/n2,73713,,,,,,,,,,,,research/runs/research-sp40-f2-field-benchmark.json,b2b695e8d9231aea9d0f56c54d5a00322debf98499f47a695509f3193ba109a4
F2,research-sp40-f2-field-benchmark,F2/op18/n1,5233,,,,,,,,,,,,research/runs/research-sp40-f2-field-benchmark.json,b2b695e8d9231aea9d0f56c54d5a00322debf98499f47a695509f3193ba109a4
F2,research-sp40-f2-field-benchmark,F2/op19/n1,4200,,,,,,,,,,,,research/runs/research-sp40-f2-field-benchmark.json,b2b695e8d9231aea9d0f56c54d5a00322debf98499f47a695509f3193ba109a4
F2,research-sp40-f2-field-benchmark,F2/op2/n1,10584,,,,,,,,,,,,research/runs/research-sp40-f2-field-benchmark.json,b2b695e8d9231aea9d0f56c54d5a00322debf98499f47a695509f3193ba109a4
F2,research-sp40-f2-field-benchmark,F2/op3/n1,10535,,,,,,,,,,,,research/runs/research-sp40-f2-field-benchmark.json,b2b695e8d9231aea9d0f56c54d5a00322debf98499f47a695509f3193ba109a4
F2,research-sp40-f2-field-benchmark,F2/op4/n1,16360,,,,,,,,,,,,research/runs/research-sp40-f2-field-benchmark.json,b2b695e8d9231aea9d0f56c54d5a00322debf98499f47a695509f3193ba109a4
F2,research-sp40-f2-field-benchmark,F2/op5/n1,12880,,,,,,,,,,,,research/runs/research-sp40-f2-field-benchmark.json,b2b695e8d9231aea9d0f56c54d5a00322debf98499f47a695509f3193ba109a4
F2,research-sp40-f2-field-benchmark,F2/op6/n1,15434,,,,,,,,,,,,research/runs/research-sp40-f2-field-benchmark.json,b2b695e8d9231aea9d0f56c54d5a00322debf98499f47a695509f3193ba109a4
F2,research-sp40-f2-field-benchmark,F2/op7/n1,15910,,,,,,,,,,,,research/runs/research-sp40-f2-field-benchmark.json,b2b695e8d9231aea9d0f56c54d5a00322debf98499f47a695509f3193ba109a4
F2,research-sp40-f2-field-benchmark,F2/op8/n1,32981,,,,,,,,,,,,research/runs/research-sp40-f2-field-benchmark.json,b2b695e8d9231aea9d0f56c54d5a00322debf98499f47a695509f3193ba109a4
F2,research-sp40-f2-field-benchmark,F2/op9/n1,33004,,,,,,,,,,,,research/runs/research-sp40-f2-field-benchmark.json,b2b695e8d9231aea9d0f56c54d5a00322debf98499f47a695509f3193ba109a4
F3,research-sp40-f3-field-benchmark,F3/op0/n1,7926,,,,,,,,,,,,research/runs/research-sp40-f3-field-benchmark.json,f3f3e6e447e110bb8e0f6495222f2b100e6b6471553e3466bb30f92d24d4f2db
F3,research-sp40-f3-field-benchmark,F3/op1/n1,8010,,,,,,,,,,,,research/runs/research-sp40-f3-field-benchmark.json,f3f3e6e447e110bb8e0f6495222f2b100e6b6471553e3466bb30f92d24d4f2db
F3,research-sp40-f3-field-benchmark,F3/op10/n1,1237993,,,,,,,,,,,,research/runs/research-sp40-f3-field-benchmark.json,f3f3e6e447e110bb8e0f6495222f2b100e6b6471553e3466bb30f92d24d4f2db
F3,research-sp40-f3-field-benchmark,F3/op11/n1,109067,,,,,,,,,,,,research/runs/research-sp40-f3-field-benchmark.json,f3f3e6e447e110bb8e0f6495222f2b100e6b6471553e3466bb30f92d24d4f2db
F3,research-sp40-f3-field-benchmark,F3/op12/n1,9971,,,,,,,,,,,,research/runs/research-sp40-f3-field-benchmark.json,f3f3e6e447e110bb8e0f6495222f2b100e6b6471553e3466bb30f92d24d4f2db
F3,research-sp40-f3-field-benchmark,F3/op13/n128,848171,,,,,,,,,,,,research/runs/research-sp40-f3-field-benchmark.json,f3f3e6e447e110bb8e0f6495222f2b100e6b6471553e3466bb30f92d24d4f2db
F3,research-sp40-f3-field-benchmark,F3/op13/n256,1694334,,,,,,,,,,,,research/runs/research-sp40-f3-field-benchmark.json,f3f3e6e447e110bb8e0f6495222f2b100e6b6471553e3466bb30f92d24d4f2db
F3,research-sp40-f3-field-benchmark,F3/op13/n32,218628,,,,,,,,,,,,research/runs/research-sp40-f3-field-benchmark.json,f3f3e6e447e110bb8e0f6495222f2b100e6b6471553e3466bb30f92d24d4f2db
F3,research-sp40-f3-field-benchmark,F3/op13/n64,427992,,,,,,,,,,,,research/runs/research-sp40-f3-field-benchmark.json,f3f3e6e447e110bb8e0f6495222f2b100e6b6471553e3466bb30f92d24d4f2db
F3,research-sp40-f3-field-benchmark,F3/op14/n16,48918,,,,,,,,,,,,research/runs/research-sp40-f3-field-benchmark.json,f3f3e6e447e110bb8e0f6495222f2b100e6b6471553e3466bb30f92d24d4f2db
F3,research-sp40-f3-field-benchmark,F3/op14/n32,76132,,,,,,,,,,,,research/runs/research-sp40-f3-field-benchmark.json,f3f3e6e447e110bb8e0f6495222f2b100e6b6471553e3466bb30f92d24d4f2db
F3,research-sp40-f3-field-benchmark,F3/op14/n64,130607,,,,,,,,,,,,research/runs/research-sp40-f3-field-benchmark.json,f3f3e6e447e110bb8e0f6495222f2b100e6b6471553e3466bb30f92d24d4f2db
F3,research-sp40-f3-field-benchmark,F3/op15/n16,1559510,,,,,,,,,,,,research/runs/research-sp40-f3-field-benchmark.json,f3f3e6e447e110bb8e0f6495222f2b100e6b6471553e3466bb30f92d24d4f2db
F3,research-sp40-f3-field-benchmark,F3/op15/n32,1879835,,,,,,,,,,,,research/runs/research-sp40-f3-field-benchmark.json,f3f3e6e447e110bb8e0f6495222f2b100e6b6471553e3466bb30f92d24d4f2db
F3,research-sp40-f3-field-benchmark,F3/op15/n64,2523365,,,,,,,,,,,,research/runs/research-sp40-f3-field-benchmark.json,f3f3e6e447e110bb8e0f6495222f2b100e6b6471553e3466bb30f92d24d4f2db
F3,research-sp40-f3-field-benchmark,F3/op16/n64,645867,,,,,,,,,,,,research/runs/research-sp40-f3-field-benchmark.json,f3f3e6e447e110bb8e0f6495222f2b100e6b6471553e3466bb30f92d24d4f2db
F3,research-sp40-f3-field-benchmark,F3/op17/n2,53669,,,,,,,,,,,,research/runs/research-sp40-f3-field-benchmark.json,f3f3e6e447e110bb8e0f6495222f2b100e6b6471553e3466bb30f92d24d4f2db
F3,research-sp40-f3-field-benchmark,F3/op18/n1,5306,,,,,,,,,,,,research/runs/research-sp40-f3-field-benchmark.json,f3f3e6e447e110bb8e0f6495222f2b100e6b6471553e3466bb30f92d24d4f2db
F3,research-sp40-f3-field-benchmark,F3/op19/n1,4270,,,,,,,,,,,,research/runs/research-sp40-f3-field-benchmark.json,f3f3e6e447e110bb8e0f6495222f2b100e6b6471553e3466bb30f92d24d4f2db
F3,research-sp40-f3-field-benchmark,F3/op2/n1,7972,,,,,,,,,,,,research/runs/research-sp40-f3-field-benchmark.json,f3f3e6e447e110bb8e0f6495222f2b100e6b6471553e3466bb30f92d24d4f2db
F3,research-sp40-f3-field-benchmark,F3/op3/n1,7922,,,,,,,,,,,,research/runs/research-sp40-f3-field-benchmark.json,f3f3e6e447e110bb8e0f6495222f2b100e6b6471553e3466bb30f92d24d4f2db
F3,research-sp40-f3-field-benchmark,F3/op4/n1,19952,,,,,,,,,,,,research/runs/research-sp40-f3-field-benchmark.json,f3f3e6e447e110bb8e0f6495222f2b100e6b6471553e3466bb30f92d24d4f2db
F3,research-sp40-f3-field-benchmark,F3/op5/n1,10266,,,,,,,,,,,,research/runs/research-sp40-f3-field-benchmark.json,f3f3e6e447e110bb8e0f6495222f2b100e6b6471553e3466bb30f92d24d4f2db
F3,research-sp40-f3-field-benchmark,F3/op6/n1,10421,,,,,,,,,,,,research/runs/research-sp40-f3-field-benchmark.json,f3f3e6e447e110bb8e0f6495222f2b100e6b6471553e3466bb30f92d24d4f2db
F3,research-sp40-f3-field-benchmark,F3/op7/n1,10623,,,,,,,,,,,,research/runs/research-sp40-f3-field-benchmark.json,f3f3e6e447e110bb8e0f6495222f2b100e6b6471553e3466bb30f92d24d4f2db
F3,research-sp40-f3-field-benchmark,F3/op8/n1,13699,,,,,,,,,,,,research/runs/research-sp40-f3-field-benchmark.json,f3f3e6e447e110bb8e0f6495222f2b100e6b6471553e3466bb30f92d24d4f2db
F3,research-sp40-f3-field-benchmark,F3/op9/n1,13720,,,,,,,,,,,,research/runs/research-sp40-f3-field-benchmark.json,f3f3e6e447e110bb8e0f6495222f2b100e6b6471553e3466bb30f92d24d4f2db
F4,research-sp40-f4-field-benchmark,F4/op0/n1,10219,,,,,,,,,,,,research/runs/research-sp40-f4-field-benchmark.json,28851eddb469187d28236b5813570b5c4192a89521fd358a7f58ecd2b0d1c788
F4,research-sp40-f4-field-benchmark,F4/op1/n1,10304,,,,,,,,,,,,research/runs/research-sp40-f4-field-benchmark.json,28851eddb469187d28236b5813570b5c4192a89521fd358a7f58ecd2b0d1c788
F4,research-sp40-f4-field-benchmark,F4/op10/n1,1070166,,,,,,,,,,,,research/runs/research-sp40-f4-field-benchmark.json,28851eddb469187d28236b5813570b5c4192a89521fd358a7f58ecd2b0d1c788
F4,research-sp40-f4-field-benchmark,F4/op11/n1,100985,,,,,,,,,,,,research/runs/research-sp40-f4-field-benchmark.json,28851eddb469187d28236b5813570b5c4192a89521fd358a7f58ecd2b0d1c788
F4,research-sp40-f4-field-benchmark,F4/op12/n1,13319,,,,,,,,,,,,research/runs/research-sp40-f4-field-benchmark.json,28851eddb469187d28236b5813570b5c4192a89521fd358a7f58ecd2b0d1c788
F4,research-sp40-f4-field-benchmark,F4/op13/n128,1307234,,,,,,,,,,,,research/runs/research-sp40-f4-field-benchmark.json,28851eddb469187d28236b5813570b5c4192a89521fd358a7f58ecd2b0d1c788
F4,research-sp40-f4-field-benchmark,F4/op13/n256,2620729,,,,,,,,,,,,research/runs/research-sp40-f4-field-benchmark.json,28851eddb469187d28236b5813570b5c4192a89521fd358a7f58ecd2b0d1c788
F4,research-sp40-f4-field-benchmark,F4/op13/n32,334249,,,,,,,,,,,,research/runs/research-sp40-f4-field-benchmark.json,28851eddb469187d28236b5813570b5c4192a89521fd358a7f58ecd2b0d1c788
F4,research-sp40-f4-field-benchmark,F4/op13/n64,657421,,,,,,,,,,,,research/runs/research-sp40-f4-field-benchmark.json,28851eddb469187d28236b5813570b5c4192a89521fd358a7f58ecd2b0d1c788
F4,research-sp40-f4-field-benchmark,F4/op14/n16,45361,,,,,,,,,,,,research/runs/research-sp40-f4-field-benchmark.json,28851eddb469187d28236b5813570b5c4192a89521fd358a7f58ecd2b0d1c788
F4,research-sp40-f4-field-benchmark,F4/op14/n32,72928,,,,,,,,,,,,research/runs/research-sp40-f4-field-benchmark.json,28851eddb469187d28236b5813570b5c4192a89521fd358a7f58ecd2b0d1c788
F4,research-sp40-f4-field-benchmark,F4/op14/n64,128109,,,,,,,,,,,,research/runs/research-sp40-f4-field-benchmark.json,28851eddb469187d28236b5813570b5c4192a89521fd358a7f58ecd2b0d1c788
F4,research-sp40-f4-field-benchmark,F4/op15/n16,1382883,,,,,,,,,,,,research/runs/research-sp40-f4-field-benchmark.json,28851eddb469187d28236b5813570b5c4192a89521fd358a7f58ecd2b0d1c788
F4,research-sp40-f4-field-benchmark,F4/op15/n32,1694440,,,,,,,,,,,,research/runs/research-sp40-f4-field-benchmark.json,28851eddb469187d28236b5813570b5c4192a89521fd358a7f58ecd2b0d1c788
F4,research-sp40-f4-field-benchmark,F4/op15/n64,2320078,,,,,,,,,,,,research/runs/research-sp40-f4-field-benchmark.json,28851eddb469187d28236b5813570b5c4192a89521fd358a7f58ecd2b0d1c788
F4,research-sp40-f4-field-benchmark,F4/op16/n64,777792,,,,,,,,,,,,research/runs/research-sp40-f4-field-benchmark.json,28851eddb469187d28236b5813570b5c4192a89521fd358a7f58ecd2b0d1c788
F4,research-sp40-f4-field-benchmark,F4/op17/n2,52804,,,,,,,,,,,,research/runs/research-sp40-f4-field-benchmark.json,28851eddb469187d28236b5813570b5c4192a89521fd358a7f58ecd2b0d1c788
F4,research-sp40-f4-field-benchmark,F4/op18/n1,5379,,,,,,,,,,,,research/runs/research-sp40-f4-field-benchmark.json,28851eddb469187d28236b5813570b5c4192a89521fd358a7f58ecd2b0d1c788
F4,research-sp40-f4-field-benchmark,F4/op19/n1,4341,,,,,,,,,,,,research/runs/research-sp40-f4-field-benchmark.json,28851eddb469187d28236b5813570b5c4192a89521fd358a7f58ecd2b0d1c788
F4,research-sp40-f4-field-benchmark,F4/op2/n1,10265,,,,,,,,,,,,research/runs/research-sp40-f4-field-benchmark.json,28851eddb469187d28236b5813570b5c4192a89521fd358a7f58ecd2b0d1c788
F4,research-sp40-f4-field-benchmark,F4/op3/n1,10215,,,,,,,,,,,,research/runs/research-sp40-f4-field-benchmark.json,28851eddb469187d28236b5813570b5c4192a89521fd358a7f58ecd2b0d1c788
F4,research-sp40-f4-field-benchmark,F4/op4/n1,16041,,,,,,,,,,,,research/runs/research-sp40-f4-field-benchmark.json,28851eddb469187d28236b5813570b5c4192a89521fd358a7f58ecd2b0d1c788
F4,research-sp40-f4-field-benchmark,F4/op5/n1,12561,,,,,,,,,,,,research/runs/research-sp40-f4-field-benchmark.json,28851eddb469187d28236b5813570b5c4192a89521fd358a7f58ecd2b0d1c788
F4,research-sp40-f4-field-benchmark,F4/op6/n1,14315,,,,,,,,,,,,research/runs/research-sp40-f4-field-benchmark.json,28851eddb469187d28236b5813570b5c4192a89521fd358a7f58ecd2b0d1c788
F4,research-sp40-f4-field-benchmark,F4/op7/n1,14699,,,,,,,,,,,,research/runs/research-sp40-f4-field-benchmark.json,28851eddb469187d28236b5813570b5c4192a89521fd358a7f58ecd2b0d1c788
F4,research-sp40-f4-field-benchmark,F4/op8/n1,15541,,,,,,,,,,,,research/runs/research-sp40-f4-field-benchmark.json,28851eddb469187d28236b5813570b5c4192a89521fd358a7f58ecd2b0d1c788
F4,research-sp40-f4-field-benchmark,F4/op9/n1,15563,,,,,,,,,,,,research/runs/research-sp40-f4-field-benchmark.json,28851eddb469187d28236b5813570b5c4192a89521fd358a7f58ecd2b0d1c788
F5,research-sp40-f5-field-benchmark,F5/op0/n1,7299,,,,,,,,,,,,research/runs/research-sp40-f5-field-benchmark.json,de6a486dfa903408aaf22422ad88016f619701b9c2110c1877b5cb4c17b9aa18
F5,research-sp40-f5-field-benchmark,F5/op1/n1,7382,,,,,,,,,,,,research/runs/research-sp40-f5-field-benchmark.json,de6a486dfa903408aaf22422ad88016f619701b9c2110c1877b5cb4c17b9aa18
F5,research-sp40-f5-field-benchmark,F5/op10/n1,519645,,,,,,,,,,,,research/runs/research-sp40-f5-field-benchmark.json,de6a486dfa903408aaf22422ad88016f619701b9c2110c1877b5cb4c17b9aa18
F5,research-sp40-f5-field-benchmark,F5/op11/n1,32988,,,,,,,,,,,,research/runs/research-sp40-f5-field-benchmark.json,de6a486dfa903408aaf22422ad88016f619701b9c2110c1877b5cb4c17b9aa18
F5,research-sp40-f5-field-benchmark,F5/op12/n1,8816,,,,,,,,,,,,research/runs/research-sp40-f5-field-benchmark.json,de6a486dfa903408aaf22422ad88016f619701b9c2110c1877b5cb4c17b9aa18
F5,research-sp40-f5-field-benchmark,F5/op13/n128,659464,,,,,,,,,,,,research/runs/research-sp40-f5-field-benchmark.json,de6a486dfa903408aaf22422ad88016f619701b9c2110c1877b5cb4c17b9aa18
F5,research-sp40-f5-field-benchmark,F5/op13/n256,1313998,,,,,,,,,,,,research/runs/research-sp40-f5-field-benchmark.json,de6a486dfa903408aaf22422ad88016f619701b9c2110c1877b5cb4c17b9aa18
F5,research-sp40-f5-field-benchmark,F5/op13/n32,171251,,,,,,,,,,,,research/runs/research-sp40-f5-field-benchmark.json,de6a486dfa903408aaf22422ad88016f619701b9c2110c1877b5cb4c17b9aa18
F5,research-sp40-f5-field-benchmark,F5/op13/n64,333733,,,,,,,,,,,,research/runs/research-sp40-f5-field-benchmark.json,de6a486dfa903408aaf22422ad88016f619701b9c2110c1877b5cb4c17b9aa18
F5,research-sp40-f5-field-benchmark,F5/op14/n16,77910,,,,,,,,,,,,research/runs/research-sp40-f5-field-benchmark.json,de6a486dfa903408aaf22422ad88016f619701b9c2110c1877b5cb4c17b9aa18
F5,research-sp40-f5-field-benchmark,F5/op14/n32,105828,,,,,,,,,,,,research/runs/research-sp40-f5-field-benchmark.json,de6a486dfa903408aaf22422ad88016f619701b9c2110c1877b5cb4c17b9aa18
F5,research-sp40-f5-field-benchmark,F5/op14/n64,161710,,,,,,,,,,,,research/runs/research-sp40-f5-field-benchmark.json,de6a486dfa903408aaf22422ad88016f619701b9c2110c1877b5cb4c17b9aa18
F5,research-sp40-f5-field-benchmark,F5/op15/n16,629651,,,,,,,,,,,,research/runs/research-sp40-f5-field-benchmark.json,de6a486dfa903408aaf22422ad88016f619701b9c2110c1877b5cb4c17b9aa18
F5,research-sp40-f5-field-benchmark,F5/op15/n32,737591,,,,,,,,,,,,research/runs/research-sp40-f5-field-benchmark.json,de6a486dfa903408aaf22422ad88016f619701b9c2110c1877b5cb4c17b9aa18
F5,research-sp40-f5-field-benchmark,F5/op15/n64,954053,,,,,,,,,,,,research/runs/research-sp40-f5-field-benchmark.json,de6a486dfa903408aaf22422ad88016f619701b9c2110c1877b5cb4c17b9aa18
F5,research-sp40-f5-field-benchmark,F5/op16/n64,305721,,,,,,,,,,,,research/runs/research-sp40-f5-field-benchmark.json,de6a486dfa903408aaf22422ad88016f619701b9c2110c1877b5cb4c17b9aa18
F5,research-sp40-f5-field-benchmark,F5/op17/n2,102638,,,,,,,,,,,,research/runs/research-sp40-f5-field-benchmark.json,de6a486dfa903408aaf22422ad88016f619701b9c2110c1877b5cb4c17b9aa18
F5,research-sp40-f5-field-benchmark,F5/op18/n1,5452,,,,,,,,,,,,research/runs/research-sp40-f5-field-benchmark.json,de6a486dfa903408aaf22422ad88016f619701b9c2110c1877b5cb4c17b9aa18
F5,research-sp40-f5-field-benchmark,F5/op19/n1,4412,,,,,,,,,,,,research/runs/research-sp40-f5-field-benchmark.json,de6a486dfa903408aaf22422ad88016f619701b9c2110c1877b5cb4c17b9aa18
F5,research-sp40-f5-field-benchmark,F5/op2/n1,7345,,,,,,,,,,,,research/runs/research-sp40-f5-field-benchmark.json,de6a486dfa903408aaf22422ad88016f619701b9c2110c1877b5cb4c17b9aa18
F5,research-sp40-f5-field-benchmark,F5/op3/n1,7294,,,,,,,,,,,,research/runs/research-sp40-f5-field-benchmark.json,de6a486dfa903408aaf22422ad88016f619701b9c2110c1877b5cb4c17b9aa18
F5,research-sp40-f5-field-benchmark,F5/op4/n1,48241,,,,,,,,,,,,research/runs/research-sp40-f5-field-benchmark.json,de6a486dfa903408aaf22422ad88016f619701b9c2110c1877b5cb4c17b9aa18
F5,research-sp40-f5-field-benchmark,F5/op5/n1,9639,,,,,,,,,,,,research/runs/research-sp40-f5-field-benchmark.json,de6a486dfa903408aaf22422ad88016f619701b9c2110c1877b5cb4c17b9aa18
F5,research-sp40-f5-field-benchmark,F5/op6/n1,8994,,,,,,,,,,,,research/runs/research-sp40-f5-field-benchmark.json,de6a486dfa903408aaf22422ad88016f619701b9c2110c1877b5cb4c17b9aa18
F5,research-sp40-f5-field-benchmark,F5/op7/n1,9104,,,,,,,,,,,,research/runs/research-sp40-f5-field-benchmark.json,de6a486dfa903408aaf22422ad88016f619701b9c2110c1877b5cb4c17b9aa18
F5,research-sp40-f5-field-benchmark,F5/op8/n1,8764,,,,,,,,,,,,research/runs/research-sp40-f5-field-benchmark.json,de6a486dfa903408aaf22422ad88016f619701b9c2110c1877b5cb4c17b9aa18
F5,research-sp40-f5-field-benchmark,F5/op9/n1,8786,,,,,,,,,,,,research/runs/research-sp40-f5-field-benchmark.json,de6a486dfa903408aaf22422ad88016f619701b9c2110c1877b5cb4c17b9aa18
SP-70,research-sp70-sp-70-foundry-components,N1.nullifier,23581,,,,,,,,,,,,research/runs/research-sp70-sp-70-foundry-components.json,0e4ac9e7ee9e28e11d0d2d7e9a2d4ef25528f663daf5faf40594e2ab038a5088
SP-70,research-sp70-sp-70-foundry-components,N1.same_user_pull_credit,45807,,,,,,,,,,,,research/runs/research-sp70-sp-70-foundry-components.json,0e4ac9e7ee9e28e11d0d2d7e9a2d4ef25528f663daf5faf40594e2ab038a5088
SP-70,research-sp70-sp-70-foundry-components,N1.unrelated_user_pull_credit,45807,,,,,,,,,,,,research/runs/research-sp70-sp-70-foundry-components.json,0e4ac9e7ee9e28e11d0d2d7e9a2d4ef25528f663daf5faf40594e2ab038a5088
SP-70,research-sp70-sp-70-foundry-components,N16.nullifier,387798,,,,,,,,,,,,research/runs/research-sp70-sp-70-foundry-components.json,0e4ac9e7ee9e28e11d0d2d7e9a2d4ef25528f663daf5faf40594e2ab038a5088
SP-70,research-sp70-sp-70-foundry-components,N16.same_user_pull_credit,65999,,,,,,,,,,,,research/runs/research-sp70-sp-70-foundry-components.json,0e4ac9e7ee9e28e11d0d2d7e9a2d4ef25528f663daf5faf40594e2ab038a5088
SP-70,research-sp70-sp-70-foundry-components,N16.unrelated_user_pull_credit,722999,,,,,,,,,,,,research/runs/research-sp70-sp-70-foundry-components.json,0e4ac9e7ee9e28e11d0d2d7e9a2d4ef25528f663daf5faf40594e2ab038a5088
SP-70,research-sp70-sp-70-foundry-components,N2.nullifier,46682,,,,,,,,,,,,research/runs/research-sp70-sp-70-foundry-components.json,0e4ac9e7ee9e28e11d0d2d7e9a2d4ef25528f663daf5faf40594e2ab038a5088
SP-70,research-sp70-sp-70-foundry-components,N2.same_user_pull_credit,47170,,,,,,,,,,,,research/runs/research-sp70-sp-70-foundry-components.json,0e4ac9e7ee9e28e11d0d2d7e9a2d4ef25528f663daf5faf40594e2ab038a5088
SP-70,research-sp70-sp-70-foundry-components,N2.unrelated_user_pull_credit,90970,,,,,,,,,,,,research/runs/research-sp70-sp-70-foundry-components.json,0e4ac9e7ee9e28e11d0d2d7e9a2d4ef25528f663daf5faf40594e2ab038a5088
SP-70,research-sp70-sp-70-foundry-components,N32.nullifier,818629,,,,,,,,,,,,research/runs/research-sp70-sp-70-foundry-components.json,0e4ac9e7ee9e28e11d0d2d7e9a2d4ef25528f663daf5faf40594e2ab038a5088
SP-70,research-sp70-sp-70-foundry-components,N32.same_user_pull_credit,87462,,,,,,,,,,,,research/runs/research-sp70-sp-70-foundry-components.json,0e4ac9e7ee9e28e11d0d2d7e9a2d4ef25528f663daf5faf40594e2ab038a5088
SP-70,research-sp70-sp-70-foundry-components,N32.unrelated_user_pull_credit,1445262,,,,,,,,,,,,research/runs/research-sp70-sp-70-foundry-components.json,0e4ac9e7ee9e28e11d0d2d7e9a2d4ef25528f663daf5faf40594e2ab038a5088
SP-70,research-sp70-sp-70-foundry-components,N4.nullifier,93374,,,,,,,,,,,,research/runs/research-sp70-sp-70-foundry-components.json,0e4ac9e7ee9e28e11d0d2d7e9a2d4ef25528f663daf5faf40594e2ab038a5088
SP-70,research-sp70-sp-70-foundry-components,N4.same_user_pull_credit,49873,,,,,,,,,,,,research/runs/research-sp70-sp-70-foundry-components.json,0e4ac9e7ee9e28e11d0d2d7e9a2d4ef25528f663daf5faf40594e2ab038a5088
SP-70,research-sp70-sp-70-foundry-components,N4.unrelated_user_pull_credit,181273,,,,,,,,,,,,research/runs/research-sp70-sp-70-foundry-components.json,0e4ac9e7ee9e28e11d0d2d7e9a2d4ef25528f663daf5faf40594e2ab038a5088
SP-70,research-sp70-sp-70-foundry-components,N64.nullifier,1811596,,,,,,,,,,,,research/runs/research-sp70-sp-70-foundry-components.json,0e4ac9e7ee9e28e11d0d2d7e9a2d4ef25528f663daf5faf40594e2ab038a5088
SP-70,research-sp70-sp-70-foundry-components,N64.same_user_pull_credit,130365,,,,,,,,,,,,research/runs/research-sp70-sp-70-foundry-components.json,0e4ac9e7ee9e28e11d0d2d7e9a2d4ef25528f663daf5faf40594e2ab038a5088
SP-70,research-sp70-sp-70-foundry-components,N64.unrelated_user_pull_credit,2889765,,,,,,,,,,,,research/runs/research-sp70-sp-70-foundry-components.json,0e4ac9e7ee9e28e11d0d2d7e9a2d4ef25528f663daf5faf40594e2ab038a5088
SP-70,research-sp70-sp-70-foundry-components,N8.nullifier,188787,,,,,,,,,,,,research/runs/research-sp70-sp-70-foundry-components.json,0e4ac9e7ee9e28e11d0d2d7e9a2d4ef25528f663daf5faf40594e2ab038a5088
SP-70,research-sp70-sp-70-foundry-components,N8.same_user_pull_credit,55256,,,,,,,,,,,,research/runs/research-sp70-sp-70-foundry-components.json,0e4ac9e7ee9e28e11d0d2d7e9a2d4ef25528f663daf5faf40594e2ab038a5088
SP-70,research-sp70-sp-70-foundry-components,N8.unrelated_user_pull_credit,361856,,,,,,,,,,,,research/runs/research-sp70-sp-70-foundry-components.json,0e4ac9e7ee9e28e11d0d2d7e9a2d4ef25528f663daf5faf40594e2ab038a5088
SP-70,research-sp70-sp-70-foundry-components,successful_pull_claim,32656,,,,,,,,,,,,research/runs/research-sp70-sp-70-foundry-components.json,0e4ac9e7ee9e28e11d0d2d7e9a2d4ef25528f663daf5faf40594e2ab038a5088
SP-72,research-sp72-sp-72-foundry-harness,cleanup_gross,6671,,,,,,,,,,,,research/runs/research-sp72-sp-72-foundry-harness.json,e484115f9d313cd43c410802c6dce27d741f69544c5d585e0c8e0cf675d4be9f
SP-72,research-sp72-sp-72-foundry-harness,part_a,357199,,,,,,,,,,,,research/runs/research-sp72-sp-72-foundry-harness.json,e484115f9d313cd43c410802c6dce27d741f69544c5d585e0c8e0cf675d4be9f
SP-72,research-sp72-sp-72-foundry-harness,part_b_gross,78039,,,,,,,,,,,,research/runs/research-sp72-sp-72-foundry-harness.json,e484115f9d313cd43c410802c6dce27d741f69544c5d585e0c8e0cf675d4be9f
C00/v03-baseline,v03-corpus-01,WITHDRAW_A,15054181,1714540,4254850,16768721,6834952,16768721,10241928,16768721,8495,7494,12867,0,research/runs/v03-corpus-01.json,7de3a5a3b01e09ec06e9394ff4e46c9f5a3ca1adbec619a81f236c8f7561b69f
C00/v03-baseline,v03-corpus-01,WITHDRAW_B,12352236,1715600,4257500,14067836,6839048,14067836,10248072,14067836,2709380,7494,12867,0,research/runs/v03-corpus-01.json,7de3a5a3b01e09ec06e9394ff4e46c9f5a3ca1adbec619a81f236c8f7561b69f
C00/v03-baseline,v03-corpus-01,pool_a_execution,15054181,,,,,,,,,,,,research/runs/v03-corpus-01.json,7de3a5a3b01e09ec06e9394ff4e46c9f5a3ca1adbec619a81f236c8f7561b69f
C00/v03-baseline,v03-corpus-01,pool_a_standard_intrinsic,1714540,,,,,,,,,,,,research/runs/v03-corpus-01.json,7de3a5a3b01e09ec06e9394ff4e46c9f5a3ca1adbec619a81f236c8f7561b69f
C00/v03-baseline,v03-corpus-01,pool_b_execution,12352236,,,,,,,,,,,,research/runs/v03-corpus-01.json,7de3a5a3b01e09ec06e9394ff4e46c9f5a3ca1adbec619a81f236c8f7561b69f
C00/v03-baseline,v03-corpus-01,pool_b_standard_intrinsic,1715600,,,,,,,,,,,,research/runs/v03-corpus-01.json,7de3a5a3b01e09ec06e9394ff4e46c9f5a3ca1adbec619a81f236c8f7561b69f
C00/v03-baseline,v03-corpus-02,WITHDRAW_A,15014251,1696252,4209130,16710503,6761224,16710503,10131336,16710503,66713,7494,12867,0,research/runs/v03-corpus-02.json,d4fadf4db1338135df671adc937813c3db1b3bb60ca175b14e0a86a4525b0730
C00/v03-baseline,v03-corpus-02,WITHDRAW_B,12026735,1575672,3907680,13602407,6277896,13602407,9406344,13602407,3174809,7494,12867,0,research/runs/v03-corpus-02.json,d4fadf4db1338135df671adc937813c3db1b3bb60ca175b14e0a86a4525b0730
C00/v03-baseline,v03-corpus-02,pool_a_execution,15014251,,,,,,,,,,,,research/runs/v03-corpus-02.json,d4fadf4db1338135df671adc937813c3db1b3bb60ca175b14e0a86a4525b0730
C00/v03-baseline,v03-corpus-02,pool_a_standard_intrinsic,1696252,,,,,,,,,,,,research/runs/v03-corpus-02.json,d4fadf4db1338135df671adc937813c3db1b3bb60ca175b14e0a86a4525b0730
C00/v03-baseline,v03-corpus-02,pool_b_execution,12026735,,,,,,,,,,,,research/runs/v03-corpus-02.json,d4fadf4db1338135df671adc937813c3db1b3bb60ca175b14e0a86a4525b0730
C00/v03-baseline,v03-corpus-02,pool_b_standard_intrinsic,1575672,,,,,,,,,,,,research/runs/v03-corpus-02.json,d4fadf4db1338135df671adc937813c3db1b3bb60ca175b14e0a86a4525b0730
C00/v03-baseline,v03-corpus-03,WITHDRAW_A,14971912,1694312,4204280,16666224,6753032,16666224,10119048,16666224,110992,7494,12867,0,research/runs/v03-corpus-03.json,518be01c67a084467baf64388d28522d77ac43d3afbf7b495abe5265b29e6842
C00/v03-baseline,v03-corpus-03,WITHDRAW_B,12297228,1687396,4186990,13984624,6724360,13984624,10076040,13984624,2792592,7494,12867,0,research/runs/v03-corpus-03.json,518be01c67a084467baf64388d28522d77ac43d3afbf7b495abe5265b29e6842
C00/v03-baseline,v03-corpus-03,pool_a_execution,14971912,,,,,,,,,,,,research/runs/v03-corpus-03.json,518be01c67a084467baf64388d28522d77ac43d3afbf7b495abe5265b29e6842
C00/v03-baseline,v03-corpus-03,pool_a_standard_intrinsic,1694312,,,,,,,,,,,,research/runs/v03-corpus-03.json,518be01c67a084467baf64388d28522d77ac43d3afbf7b495abe5265b29e6842
C00/v03-baseline,v03-corpus-03,pool_b_execution,12297228,,,,,,,,,,,,research/runs/v03-corpus-03.json,518be01c67a084467baf64388d28522d77ac43d3afbf7b495abe5265b29e6842
C00/v03-baseline,v03-corpus-03,pool_b_standard_intrinsic,1687396,,,,,,,,,,,,research/runs/v03-corpus-03.json,518be01c67a084467baf64388d28522d77ac43d3afbf7b495abe5265b29e6842
C00/v03-baseline,v03-corpus-04,WITHDRAW_A,14926940,1689156,4191390,16616096,6732552,16616096,10088328,16616096,161120,7494,12867,0,research/runs/v03-corpus-04.json,b28d33a08403cba3e12b14cc79e7ce339a8b2da0ee1e967827e1885a2d97efff
C00/v03-baseline,v03-corpus-04,WITHDRAW_B,12257047,1672036,4148590,13929083,6662920,13929083,9983880,13929083,2848133,7494,12867,0,research/runs/v03-corpus-04.json,b28d33a08403cba3e12b14cc79e7ce339a8b2da0ee1e967827e1885a2d97efff
C00/v03-baseline,v03-corpus-04,pool_a_execution,14926940,,,,,,,,,,,,research/runs/v03-corpus-04.json,b28d33a08403cba3e12b14cc79e7ce339a8b2da0ee1e967827e1885a2d97efff
C00/v03-baseline,v03-corpus-04,pool_a_standard_intrinsic,1689156,,,,,,,,,,,,research/runs/v03-corpus-04.json,b28d33a08403cba3e12b14cc79e7ce339a8b2da0ee1e967827e1885a2d97efff
C00/v03-baseline,v03-corpus-04,pool_b_execution,12257047,,,,,,,,,,,,research/runs/v03-corpus-04.json,b28d33a08403cba3e12b14cc79e7ce339a8b2da0ee1e967827e1885a2d97efff
C00/v03-baseline,v03-corpus-04,pool_b_standard_intrinsic,1672036,,,,,,,,,,,,research/runs/v03-corpus-04.json,b28d33a08403cba3e12b14cc79e7ce339a8b2da0ee1e967827e1885a2d97efff
C00/v03-baseline,v03-corpus-05,WITHDRAW_A,14848937,1657724,4112810,16506661,6605576,16506661,9897864,16506661,270555,7494,12867,0,research/runs/v03-corpus-05.json,a4b1be8b4a75c4b30b7d8fe1fd32018d1e73667e24a48386f0c7e70c90c2d26e
C00/v03-baseline,v03-corpus-05,WITHDRAW_B,12405243,1718720,4265300,14123963,6851336,14123963,10266504,14123963,2653253,7494,12867,0,research/runs/v03-corpus-05.json,a4b1be8b4a75c4b30b7d8fe1fd32018d1e73667e24a48386f0c7e70c90c2d26e
C00/v03-baseline,v03-corpus-05,pool_a_execution,14848937,,,,,,,,,,,,research/runs/v03-corpus-05.json,a4b1be8b4a75c4b30b7d8fe1fd32018d1e73667e24a48386f0c7e70c90c2d26e
C00/v03-baseline,v03-corpus-05,pool_a_standard_intrinsic,1657724,,,,,,,,,,,,research/runs/v03-corpus-05.json,a4b1be8b4a75c4b30b7d8fe1fd32018d1e73667e24a48386f0c7e70c90c2d26e
C00/v03-baseline,v03-corpus-05,pool_b_execution,12405243,,,,,,,,,,,,research/runs/v03-corpus-05.json,a4b1be8b4a75c4b30b7d8fe1fd32018d1e73667e24a48386f0c7e70c90c2d26e
C00/v03-baseline,v03-corpus-05,pool_b_standard_intrinsic,1718720,,,,,,,,,,,,research/runs/v03-corpus-05.json,a4b1be8b4a75c4b30b7d8fe1fd32018d1e73667e24a48386f0c7e70c90c2d26e
C00/v03-baseline,v03-corpus-06,WITHDRAW_A,15007383,1701324,4221810,16708707,6781704,16708707,10162056,16708707,68509,7494,12867,0,research/runs/v03-corpus-06.json,db8017c21d6da2b6fb63b15743fe260cba3277e4433ffefa881a8d8e04161739
C00/v03-baseline,v03-corpus-06,WITHDRAW_B,12368028,1740296,4319240,14108324,6937352,14108324,10395528,14108324,2668892,7494,12867,0,research/runs/v03-corpus-06.json,db8017c21d6da2b6fb63b15743fe260cba3277e4433ffefa881a8d8e04161739
C00/v03-baseline,v03-corpus-06,pool_a_execution,15007383,,,,,,,,,,,,research/runs/v03-corpus-06.json,db8017c21d6da2b6fb63b15743fe260cba3277e4433ffefa881a8d8e04161739
C00/v03-baseline,v03-corpus-06,pool_a_standard_intrinsic,1701324,,,,,,,,,,,,research/runs/v03-corpus-06.json,db8017c21d6da2b6fb63b15743fe260cba3277e4433ffefa881a8d8e04161739
C00/v03-baseline,v03-corpus-06,pool_b_execution,12368028,,,,,,,,,,,,research/runs/v03-corpus-06.json,db8017c21d6da2b6fb63b15743fe260cba3277e4433ffefa881a8d8e04161739
C00/v03-baseline,v03-corpus-06,pool_b_standard_intrinsic,1740296,,,,,,,,,,,,research/runs/v03-corpus-06.json,db8017c21d6da2b6fb63b15743fe260cba3277e4433ffefa881a8d8e04161739
C00/v03-baseline,v03-corpus-07,WITHDRAW_A,14863860,1650496,4094740,16514356,6576904,16514356,9854856,16514356,262860,7494,12867,0,research/runs/v03-corpus-07.json,7ca6aee9ab7deed9f75f4f2dae979aedf6377477199ec55e31779283e30d6e1e
C00/v03-baseline,v03-corpus-07,WITHDRAW_B,12280979,1682012,4173530,13962991,6703880,13962991,10045320,13962991,2814225,7494,12867,0,research/runs/v03-corpus-07.json,7ca6aee9ab7deed9f75f4f2dae979aedf6377477199ec55e31779283e30d6e1e
C00/v03-baseline,v03-corpus-07,pool_a_execution,14863860,,,,,,,,,,,,research/runs/v03-corpus-07.json,7ca6aee9ab7deed9f75f4f2dae979aedf6377477199ec55e31779283e30d6e1e
C00/v03-baseline,v03-corpus-07,pool_a_standard_intrinsic,1650496,,,,,,,,,,,,research/runs/v03-corpus-07.json,7ca6aee9ab7deed9f75f4f2dae979aedf6377477199ec55e31779283e30d6e1e
C00/v03-baseline,v03-corpus-07,pool_b_execution,12280979,,,,,,,,,,,,research/runs/v03-corpus-07.json,7ca6aee9ab7deed9f75f4f2dae979aedf6377477199ec55e31779283e30d6e1e
C00/v03-baseline,v03-corpus-07,pool_b_standard_intrinsic,1682012,,,,,,,,,,,,research/runs/v03-corpus-07.json,7ca6aee9ab7deed9f75f4f2dae979aedf6377477199ec55e31779283e30d6e1e
C00/v03-baseline,v03-corpus-08,WITHDRAW_A,15032022,1735296,4306740,16767318,6916872,16767318,10364808,16767318,9898,7494,12867,0,research/runs/v03-corpus-08.json,26e51065df08450e09934c115098f85a5af9f55f772b73f6772ca984a9e2f745
C00/v03-baseline,v03-corpus-08,WITHDRAW_B,12339973,1718744,4265360,14058717,6851336,14058717,10266504,14058717,2718499,7494,12867,0,research/runs/v03-corpus-08.json,26e51065df08450e09934c115098f85a5af9f55f772b73f6772ca984a9e2f745
C00/v03-baseline,v03-corpus-08,pool_a_execution,15032022,,,,,,,,,,,,research/runs/v03-corpus-08.json,26e51065df08450e09934c115098f85a5af9f55f772b73f6772ca984a9e2f745
C00/v03-baseline,v03-corpus-08,pool_a_standard_intrinsic,1735296,,,,,,,,,,,,research/runs/v03-corpus-08.json,26e51065df08450e09934c115098f85a5af9f55f772b73f6772ca984a9e2f745
C00/v03-baseline,v03-corpus-08,pool_b_execution,12339973,,,,,,,,,,,,research/runs/v03-corpus-08.json,26e51065df08450e09934c115098f85a5af9f55f772b73f6772ca984a9e2f745
C00/v03-baseline,v03-corpus-08,pool_b_standard_intrinsic,1718744,,,,,,,,,,,,research/runs/v03-corpus-08.json,26e51065df08450e09934c115098f85a5af9f55f772b73f6772ca984a9e2f745
C00/v03-baseline,v03-corpus-09,WITHDRAW_A,15072290,1698808,4215520,16771098,6773512,16771098,10149768,16771098,6118,7494,12867,0,research/runs/v03-corpus-09.json,e9d66394d867be95d8aaf2e3b08fc733801013fdcec81510ca09c5603f4b2fd0
C00/v03-baseline,v03-corpus-09,WITHDRAW_B,12181406,1630992,4045980,13812398,6499080,13812398,9738120,13812398,2964818,7494,12867,0,research/runs/v03-corpus-09.json,e9d66394d867be95d8aaf2e3b08fc733801013fdcec81510ca09c5603f4b2fd0
C00/v03-baseline,v03-corpus-09,pool_a_execution,15072290,,,,,,,,,,,,research/runs/v03-corpus-09.json,e9d66394d867be95d8aaf2e3b08fc733801013fdcec81510ca09c5603f4b2fd0
C00/v03-baseline,v03-corpus-09,pool_a_standard_intrinsic,1698808,,,,,,,,,,,,research/runs/v03-corpus-09.json,e9d66394d867be95d8aaf2e3b08fc733801013fdcec81510ca09c5603f4b2fd0
C00/v03-baseline,v03-corpus-09,pool_b_execution,12181406,,,,,,,,,,,,research/runs/v03-corpus-09.json,e9d66394d867be95d8aaf2e3b08fc733801013fdcec81510ca09c5603f4b2fd0
C00/v03-baseline,v03-corpus-09,pool_b_standard_intrinsic,1630992,,,,,,,,,,,,research/runs/v03-corpus-09.json,e9d66394d867be95d8aaf2e3b08fc733801013fdcec81510ca09c5603f4b2fd0
C00/v03-baseline,v03-corpus-10,WITHDRAW_A,15057923,1691120,4196300,16749043,6740744,16749043,10100616,16749043,28173,7494,12867,0,research/runs/v03-corpus-10.json,c80c5f6ba72f5d6977504d2c572fb027089f6b0940a1d68b077688df402dd538
C00/v03-baseline,v03-corpus-10,WITHDRAW_B,12324303,1684252,4179130,14008555,6712072,14008555,10057608,14008555,2768661,7494,12867,0,research/runs/v03-corpus-10.json,c80c5f6ba72f5d6977504d2c572fb027089f6b0940a1d68b077688df402dd538
C00/v03-baseline,v03-corpus-10,pool_a_execution,15057923,,,,,,,,,,,,research/runs/v03-corpus-10.json,c80c5f6ba72f5d6977504d2c572fb027089f6b0940a1d68b077688df402dd538
C00/v03-baseline,v03-corpus-10,pool_a_standard_intrinsic,1691120,,,,,,,,,,,,research/runs/v03-corpus-10.json,c80c5f6ba72f5d6977504d2c572fb027089f6b0940a1d68b077688df402dd538
C00/v03-baseline,v03-corpus-10,pool_b_execution,12324303,,,,,,,,,,,,research/runs/v03-corpus-10.json,c80c5f6ba72f5d6977504d2c572fb027089f6b0940a1d68b077688df402dd538
C00/v03-baseline,v03-corpus-10,pool_b_standard_intrinsic,1684252,,,,,,,,,,,,research/runs/v03-corpus-10.json,c80c5f6ba72f5d6977504d2c572fb027089f6b0940a1d68b077688df402dd538
C00/v03-baseline,v03-corpus-11,WITHDRAW_A,14972421,1705636,4232590,16678057,6798088,16678057,10186632,16678057,99159,7494,12867,0,research/runs/v03-corpus-11.json,b73e102eca803dbbedfb60ca718b42f7156fa62d99b2475120aa807436670798
C00/v03-baseline,v03-corpus-11,WITHDRAW_B,12176301,1666144,4133860,13842445,6638344,13842445,9947016,13842445,2934771,7494,12867,0,research/runs/v03-corpus-11.json,b73e102eca803dbbedfb60ca718b42f7156fa62d99b2475120aa807436670798
C00/v03-baseline,v03-corpus-11,pool_a_execution,14972421,,,,,,,,,,,,research/runs/v03-corpus-11.json,b73e102eca803dbbedfb60ca718b42f7156fa62d99b2475120aa807436670798
C00/v03-baseline,v03-corpus-11,pool_a_standard_intrinsic,1705636,,,,,,,,,,,,research/runs/v03-corpus-11.json,b73e102eca803dbbedfb60ca718b42f7156fa62d99b2475120aa807436670798
C00/v03-baseline,v03-corpus-11,pool_b_execution,12176301,,,,,,,,,,,,research/runs/v03-corpus-11.json,b73e102eca803dbbedfb60ca718b42f7156fa62d99b2475120aa807436670798
C00/v03-baseline,v03-corpus-11,pool_b_standard_intrinsic,1666144,,,,,,,,,,,,research/runs/v03-corpus-11.json,b73e102eca803dbbedfb60ca718b42f7156fa62d99b2475120aa807436670798
C00/v03-baseline,v03-corpus-12,WITHDRAW_A,14758480,1613668,4002670,16372148,6429448,16372148,9633672,16372148,405068,7494,12867,0,research/runs/v03-corpus-12.json,548a37f2b5e6e4835122ff446e2c0ae0b30d2b2a74bd0dd85f16615b15d7c959
C00/v03-baseline,v03-corpus-12,WITHDRAW_B,12202465,1669964,4143410,13872429,6654728,13872429,9971592,13872429,2904787,7494,12867,0,research/runs/v03-corpus-12.json,548a37f2b5e6e4835122ff446e2c0ae0b30d2b2a74bd0dd85f16615b15d7c959
C00/v03-baseline,v03-corpus-12,pool_a_execution,14758480,,,,,,,,,,,,research/runs/v03-corpus-12.json,548a37f2b5e6e4835122ff446e2c0ae0b30d2b2a74bd0dd85f16615b15d7c959
C00/v03-baseline,v03-corpus-12,pool_a_standard_intrinsic,1613668,,,,,,,,,,,,research/runs/v03-corpus-12.json,548a37f2b5e6e4835122ff446e2c0ae0b30d2b2a74bd0dd85f16615b15d7c959
C00/v03-baseline,v03-corpus-12,pool_b_execution,12202465,,,,,,,,,,,,research/runs/v03-corpus-12.json,548a37f2b5e6e4835122ff446e2c0ae0b30d2b2a74bd0dd85f16615b15d7c959
C00/v03-baseline,v03-corpus-12,pool_b_standard_intrinsic,1669964,,,,,,,,,,,,research/runs/v03-corpus-12.json,548a37f2b5e6e4835122ff446e2c0ae0b30d2b2a74bd0dd85f16615b15d7c959
C00/v03-baseline,v03-corpus-13,WITHDRAW_A,15056479,1721684,4272710,16778163,6863624,16778163,10284936,16778163,-947,7494,12867,0,research/runs/v03-corpus-13.json,c88c0096edbc3e9bcc1dd988b734c09163936cac4707c9944940c2e8414d6d0e
C00/v03-baseline,v03-corpus-13,WITHDRAW_B,12318800,1701708,4222770,14020508,6781704,14020508,10162056,14020508,2756708,7494,12867,0,research/runs/v03-corpus-13.json,c88c0096edbc3e9bcc1dd988b734c09163936cac4707c9944940c2e8414d6d0e
C00/v03-baseline,v03-corpus-13,pool_a_execution,15056479,,,,,,,,,,,,research/runs/v03-corpus-13.json,c88c0096edbc3e9bcc1dd988b734c09163936cac4707c9944940c2e8414d6d0e
C00/v03-baseline,v03-corpus-13,pool_a_standard_intrinsic,1721684,,,,,,,,,,,,research/runs/v03-corpus-13.json,c88c0096edbc3e9bcc1dd988b734c09163936cac4707c9944940c2e8414d6d0e
C00/v03-baseline,v03-corpus-13,pool_b_execution,12318800,,,,,,,,,,,,research/runs/v03-corpus-13.json,c88c0096edbc3e9bcc1dd988b734c09163936cac4707c9944940c2e8414d6d0e
C00/v03-baseline,v03-corpus-13,pool_b_standard_intrinsic,1701708,,,,,,,,,,,,research/runs/v03-corpus-13.json,c88c0096edbc3e9bcc1dd988b734c09163936cac4707c9944940c2e8414d6d0e
C00/v03-baseline,v03-corpus-14,WITHDRAW_A,15006321,1682820,4175550,16689141,6707976,16689141,10051464,16689141,88075,7494,12867,0,research/runs/v03-corpus-14.json,a349b99a4904889372c0eff4c52cdc718bf4bd017f44bb35588fc363b7619dc3
C00/v03-baseline,v03-corpus-14,WITHDRAW_B,12168471,1668784,4140460,13837255,6650632,13837255,9965448,13837255,2939961,7494,12867,0,research/runs/v03-corpus-14.json,a349b99a4904889372c0eff4c52cdc718bf4bd017f44bb35588fc363b7619dc3
C00/v03-baseline,v03-corpus-14,pool_a_execution,15006321,,,,,,,,,,,,research/runs/v03-corpus-14.json,a349b99a4904889372c0eff4c52cdc718bf4bd017f44bb35588fc363b7619dc3
C00/v03-baseline,v03-corpus-14,pool_a_standard_intrinsic,1682820,,,,,,,,,,,,research/runs/v03-corpus-14.json,a349b99a4904889372c0eff4c52cdc718bf4bd017f44bb35588fc363b7619dc3
C00/v03-baseline,v03-corpus-14,pool_b_execution,12168471,,,,,,,,,,,,research/runs/v03-corpus-14.json,a349b99a4904889372c0eff4c52cdc718bf4bd017f44bb35588fc363b7619dc3
C00/v03-baseline,v03-corpus-14,pool_b_standard_intrinsic,1668784,,,,,,,,,,,,research/runs/v03-corpus-14.json,a349b99a4904889372c0eff4c52cdc718bf4bd017f44bb35588fc363b7619dc3
C00/v03-baseline,v03-corpus-15,WITHDRAW_A,15045124,1710708,4245270,16755832,6818568,16755832,10217352,16755832,21384,7494,12867,0,research/runs/v03-corpus-15.json,640e51a0548bafa3ffa0bf4aa5bc4a18bc5141b5147f3eac4f7f3b84c92470ac
C00/v03-baseline,v03-corpus-15,WITHDRAW_B,12166480,1665688,4132720,13832168,6638344,13832168,9947016,13832168,2945048,7494,12867,0,research/runs/v03-corpus-15.json,640e51a0548bafa3ffa0bf4aa5bc4a18bc5141b5147f3eac4f7f3b84c92470ac
C00/v03-baseline,v03-corpus-15,pool_a_execution,15045124,,,,,,,,,,,,research/runs/v03-corpus-15.json,640e51a0548bafa3ffa0bf4aa5bc4a18bc5141b5147f3eac4f7f3b84c92470ac
C00/v03-baseline,v03-corpus-15,pool_a_standard_intrinsic,1710708,,,,,,,,,,,,research/runs/v03-corpus-15.json,640e51a0548bafa3ffa0bf4aa5bc4a18bc5141b5147f3eac4f7f3b84c92470ac
C00/v03-baseline,v03-corpus-15,pool_b_execution,12166480,,,,,,,,,,,,research/runs/v03-corpus-15.json,640e51a0548bafa3ffa0bf4aa5bc4a18bc5141b5147f3eac4f7f3b84c92470ac
C00/v03-baseline,v03-corpus-15,pool_b_standard_intrinsic,1665688,,,,,,,,,,,,research/runs/v03-corpus-15.json,640e51a0548bafa3ffa0bf4aa5bc4a18bc5141b5147f3eac4f7f3b84c92470ac
C00/v03-baseline,v03-corpus-16,WITHDRAW_A,14936028,1668616,4140040,16604644,6650632,16604644,9965448,16604644,172572,7494,12867,0,research/runs/v03-corpus-16.json,d429ebcaae0f0e6cde3bbaa44cc448cb40dd29fae5bd682d7e01b89407b04d67
C00/v03-baseline,v03-corpus-16,WITHDRAW_B,12329293,1751056,4346140,14080349,6982408,14080349,10463112,14080349,2696867,7494,12867,0,research/runs/v03-corpus-16.json,d429ebcaae0f0e6cde3bbaa44cc448cb40dd29fae5bd682d7e01b89407b04d67
C00/v03-baseline,v03-corpus-16,pool_a_execution,14936028,,,,,,,,,,,,research/runs/v03-corpus-16.json,d429ebcaae0f0e6cde3bbaa44cc448cb40dd29fae5bd682d7e01b89407b04d67
C00/v03-baseline,v03-corpus-16,pool_a_standard_intrinsic,1668616,,,,,,,,,,,,research/runs/v03-corpus-16.json,d429ebcaae0f0e6cde3bbaa44cc448cb40dd29fae5bd682d7e01b89407b04d67
C00/v03-baseline,v03-corpus-16,pool_b_execution,12329293,,,,,,,,,,,,research/runs/v03-corpus-16.json,d429ebcaae0f0e6cde3bbaa44cc448cb40dd29fae5bd682d7e01b89407b04d67
C00/v03-baseline,v03-corpus-16,pool_b_standard_intrinsic,1751056,,,,,,,,,,,,research/runs/v03-corpus-16.json,d429ebcaae0f0e6cde3bbaa44cc448cb40dd29fae5bd682d7e01b89407b04d67
C00/v03-baseline,v03-corpus-17,WITHDRAW_A,14786753,1634064,4053660,16420817,6511368,16420817,9756552,16420817,356399,7494,12867,0,research/runs/v03-corpus-17.json,78b9d9a23d2ac9d79dea7163690959970d1636cb086446eece76768f73eaf7bd
C00/v03-baseline,v03-corpus-17,WITHDRAW_B,12241083,1660604,4120010,13901687,6617864,13901687,9916296,13901687,2875529,7494,12867,0,research/runs/v03-corpus-17.json,78b9d9a23d2ac9d79dea7163690959970d1636cb086446eece76768f73eaf7bd
C00/v03-baseline,v03-corpus-17,pool_a_execution,14786753,,,,,,,,,,,,research/runs/v03-corpus-17.json,78b9d9a23d2ac9d79dea7163690959970d1636cb086446eece76768f73eaf7bd
C00/v03-baseline,v03-corpus-17,pool_a_standard_intrinsic,1634064,,,,,,,,,,,,research/runs/v03-corpus-17.json,78b9d9a23d2ac9d79dea7163690959970d1636cb086446eece76768f73eaf7bd
C00/v03-baseline,v03-corpus-17,pool_b_execution,12241083,,,,,,,,,,,,research/runs/v03-corpus-17.json,78b9d9a23d2ac9d79dea7163690959970d1636cb086446eece76768f73eaf7bd
C00/v03-baseline,v03-corpus-17,pool_b_standard_intrinsic,1660604,,,,,,,,,,,,research/runs/v03-corpus-17.json,78b9d9a23d2ac9d79dea7163690959970d1636cb086446eece76768f73eaf7bd
C00/v03-baseline,v03-corpus-18,WITHDRAW_A,14990419,1709612,4242530,16700031,6814472,16700031,10211208,16700031,77185,7494,12867,0,research/runs/v03-corpus-18.json,8edfbb5279a317292054f2060b0506bde852a330e96b933d18d9f5799bb7f28b
C00/v03-baseline,v03-corpus-18,WITHDRAW_B,12217085,1705444,4232110,13922529,6798088,13922529,10186632,13922529,2854687,7494,12867,0,research/runs/v03-corpus-18.json,8edfbb5279a317292054f2060b0506bde852a330e96b933d18d9f5799bb7f28b
C00/v03-baseline,v03-corpus-18,pool_a_execution,14990419,,,,,,,,,,,,research/runs/v03-corpus-18.json,8edfbb5279a317292054f2060b0506bde852a330e96b933d18d9f5799bb7f28b
C00/v03-baseline,v03-corpus-18,pool_a_standard_intrinsic,1709612,,,,,,,,,,,,research/runs/v03-corpus-18.json,8edfbb5279a317292054f2060b0506bde852a330e96b933d18d9f5799bb7f28b
C00/v03-baseline,v03-corpus-18,pool_b_execution,12217085,,,,,,,,,,,,research/runs/v03-corpus-18.json,8edfbb5279a317292054f2060b0506bde852a330e96b933d18d9f5799bb7f28b
C00/v03-baseline,v03-corpus-18,pool_b_standard_intrinsic,1705444,,,,,,,,,,,,research/runs/v03-corpus-18.json,8edfbb5279a317292054f2060b0506bde852a330e96b933d18d9f5799bb7f28b
C00/v03-baseline,v03-corpus-19,WITHDRAW_A,14910486,1670664,4145160,16581150,6658824,16581150,9977736,16581150,196066,7494,12867,0,research/runs/v03-corpus-19.json,25ac8388cf676b3df984d7559715db6ff6f37a1f9a9675f9f2fdb99fb09a494a
C00/v03-baseline,v03-corpus-19,WITHDRAW_B,12189491,1676868,4160670,13866359,6683400,13866359,10014600,13866359,2910857,7494,12867,0,research/runs/v03-corpus-19.json,25ac8388cf676b3df984d7559715db6ff6f37a1f9a9675f9f2fdb99fb09a494a
C00/v03-baseline,v03-corpus-19,pool_a_execution,14910486,,,,,,,,,,,,research/runs/v03-corpus-19.json,25ac8388cf676b3df984d7559715db6ff6f37a1f9a9675f9f2fdb99fb09a494a
C00/v03-baseline,v03-corpus-19,pool_a_standard_intrinsic,1670664,,,,,,,,,,,,research/runs/v03-corpus-19.json,25ac8388cf676b3df984d7559715db6ff6f37a1f9a9675f9f2fdb99fb09a494a
C00/v03-baseline,v03-corpus-19,pool_b_execution,12189491,,,,,,,,,,,,research/runs/v03-corpus-19.json,25ac8388cf676b3df984d7559715db6ff6f37a1f9a9675f9f2fdb99fb09a494a
C00/v03-baseline,v03-corpus-19,pool_b_standard_intrinsic,1676868,,,,,,,,,,,,research/runs/v03-corpus-19.json,25ac8388cf676b3df984d7559715db6ff6f37a1f9a9675f9f2fdb99fb09a494a
C00/v03-baseline,v03-corpus-20,WITHDRAW_A,15021113,1716528,4259820,16737641,6843144,16737641,10254216,16737641,39575,7494,12867,0,research/runs/v03-corpus-20.json,76c6552089598478ba37a7dbbf80ac3ad1fc360425ea866ebf7e0cf07f745fd7
C00/v03-baseline,v03-corpus-20,WITHDRAW_B,12395090,1725660,4282650,14120750,6880008,14120750,10309512,14120750,2656466,7494,12867,0,research/runs/v03-corpus-20.json,76c6552089598478ba37a7dbbf80ac3ad1fc360425ea866ebf7e0cf07f745fd7
C00/v03-baseline,v03-corpus-20,pool_a_execution,15021113,,,,,,,,,,,,research/runs/v03-corpus-20.json,76c6552089598478ba37a7dbbf80ac3ad1fc360425ea866ebf7e0cf07f745fd7
C00/v03-baseline,v03-corpus-20,pool_a_standard_intrinsic,1716528,,,,,,,,,,,,research/runs/v03-corpus-20.json,76c6552089598478ba37a7dbbf80ac3ad1fc360425ea866ebf7e0cf07f745fd7
C00/v03-baseline,v03-corpus-20,pool_b_execution,12395090,,,,,,,,,,,,research/runs/v03-corpus-20.json,76c6552089598478ba37a7dbbf80ac3ad1fc360425ea866ebf7e0cf07f745fd7
C00/v03-baseline,v03-corpus-20,pool_b_standard_intrinsic,1725660,,,,,,,,,,,,research/runs/v03-corpus-20.json,76c6552089598478ba37a7dbbf80ac3ad1fc360425ea866ebf7e0cf07f745fd7
C00/v03-baseline,v03-corpus-21,WITHDRAW_A,14823672,1621260,4021650,16444932,6462216,16444932,9682824,16444932,332284,7494,12867,0,research/runs/v03-corpus-21.json,c8d408faca0b1312f431ce5480337785fb6d8830059eea5e08080f8dc68e9046
C00/v03-baseline,v03-corpus-21,WITHDRAW_B,12338033,1696916,4210790,14034949,6765320,14034949,10137480,14034949,2742267,7494,12867,0,research/runs/v03-corpus-21.json,c8d408faca0b1312f431ce5480337785fb6d8830059eea5e08080f8dc68e9046
C00/v03-baseline,v03-corpus-21,pool_a_execution,14823672,,,,,,,,,,,,research/runs/v03-corpus-21.json,c8d408faca0b1312f431ce5480337785fb6d8830059eea5e08080f8dc68e9046
C00/v03-baseline,v03-corpus-21,pool_a_standard_intrinsic,1621260,,,,,,,,,,,,research/runs/v03-corpus-21.json,c8d408faca0b1312f431ce5480337785fb6d8830059eea5e08080f8dc68e9046
C00/v03-baseline,v03-corpus-21,pool_b_execution,12338033,,,,,,,,,,,,research/runs/v03-corpus-21.json,c8d408faca0b1312f431ce5480337785fb6d8830059eea5e08080f8dc68e9046
C00/v03-baseline,v03-corpus-21,pool_b_standard_intrinsic,1696916,,,,,,,,,,,,research/runs/v03-corpus-21.json,c8d408faca0b1312f431ce5480337785fb6d8830059eea5e08080f8dc68e9046
C00/v03-baseline,v03-corpus-22,WITHDRAW_A,14792012,1608164,3988910,16400176,6408968,16400176,9602952,16400176,377040,7494,12867,0,research/runs/v03-corpus-22.json,4dd856697e041fc29e09162904b8d0b0a49622dbff95abed098dd27271c6e270
C00/v03-baseline,v03-corpus-22,WITHDRAW_B,12379925,1726936,4285840,14106861,6884104,14106861,10315656,14106861,2670355,7494,12867,0,research/runs/v03-corpus-22.json,4dd856697e041fc29e09162904b8d0b0a49622dbff95abed098dd27271c6e270
C00/v03-baseline,v03-corpus-22,pool_a_execution,14792012,,,,,,,,,,,,research/runs/v03-corpus-22.json,4dd856697e041fc29e09162904b8d0b0a49622dbff95abed098dd27271c6e270
C00/v03-baseline,v03-corpus-22,pool_a_standard_intrinsic,1608164,,,,,,,,,,,,research/runs/v03-corpus-22.json,4dd856697e041fc29e09162904b8d0b0a49622dbff95abed098dd27271c6e270
C00/v03-baseline,v03-corpus-22,pool_b_execution,12379925,,,,,,,,,,,,research/runs/v03-corpus-22.json,4dd856697e041fc29e09162904b8d0b0a49622dbff95abed098dd27271c6e270
C00/v03-baseline,v03-corpus-22,pool_b_standard_intrinsic,1726936,,,,,,,,,,,,research/runs/v03-corpus-22.json,4dd856697e041fc29e09162904b8d0b0a49622dbff95abed098dd27271c6e270
C00/v03-baseline,v03-corpus-23,WITHDRAW_A,14873074,1629500,4042250,16502574,6494984,16502574,9731976,16502574,274642,7494,12867,0,research/runs/v03-corpus-23.json,950365b7a5739a51b43efef2b74392d138fc6dfb0bc0a023ef914ce988fedd3e
C00/v03-baseline,v03-corpus-23,WITHDRAW_B,12330988,1710240,4244100,14041228,6818568,14041228,10217352,14041228,2735988,7494,12867,0,research/runs/v03-corpus-23.json,950365b7a5739a51b43efef2b74392d138fc6dfb0bc0a023ef914ce988fedd3e
C00/v03-baseline,v03-corpus-23,pool_a_execution,14873074,,,,,,,,,,,,research/runs/v03-corpus-23.json,950365b7a5739a51b43efef2b74392d138fc6dfb0bc0a023ef914ce988fedd3e
C00/v03-baseline,v03-corpus-23,pool_a_standard_intrinsic,1629500,,,,,,,,,,,,research/runs/v03-corpus-23.json,950365b7a5739a51b43efef2b74392d138fc6dfb0bc0a023ef914ce988fedd3e
C00/v03-baseline,v03-corpus-23,pool_b_execution,12330988,,,,,,,,,,,,research/runs/v03-corpus-23.json,950365b7a5739a51b43efef2b74392d138fc6dfb0bc0a023ef914ce988fedd3e
C00/v03-baseline,v03-corpus-23,pool_b_standard_intrinsic,1710240,,,,,,,,,,,,research/runs/v03-corpus-23.json,950365b7a5739a51b43efef2b74392d138fc6dfb0bc0a023ef914ce988fedd3e
C00/v03-baseline,v03-corpus-24,WITHDRAW_A,14919694,1677796,4162990,16597490,6687496,16597490,10020744,16597490,179726,7494,12867,0,research/runs/v03-corpus-24.json,f3a4abad964e8d5c290e248441b02633abcb7b61bc6e7be27b2d6f83cf165b0c
C00/v03-baseline,v03-corpus-24,WITHDRAW_B,12331313,1718200,4264000,14049513,6847240,14049513,10260360,14049513,2727703,7494,12867,0,research/runs/v03-corpus-24.json,f3a4abad964e8d5c290e248441b02633abcb7b61bc6e7be27b2d6f83cf165b0c
C00/v03-baseline,v03-corpus-24,pool_a_execution,14919694,,,,,,,,,,,,research/runs/v03-corpus-24.json,f3a4abad964e8d5c290e248441b02633abcb7b61bc6e7be27b2d6f83cf165b0c
C00/v03-baseline,v03-corpus-24,pool_a_standard_intrinsic,1677796,,,,,,,,,,,,research/runs/v03-corpus-24.json,f3a4abad964e8d5c290e248441b02633abcb7b61bc6e7be27b2d6f83cf165b0c
C00/v03-baseline,v03-corpus-24,pool_b_execution,12331313,,,,,,,,,,,,research/runs/v03-corpus-24.json,f3a4abad964e8d5c290e248441b02633abcb7b61bc6e7be27b2d6f83cf165b0c
C00/v03-baseline,v03-corpus-24,pool_b_standard_intrinsic,1718200,,,,,,,,,,,,research/runs/v03-corpus-24.json,f3a4abad964e8d5c290e248441b02633abcb7b61bc6e7be27b2d6f83cf165b0c
C00/v03-baseline,v03-corpus-25,WITHDRAW_A,15032463,1715624,4257560,16748087,6839048,16748087,10248072,16748087,29129,7494,12867,0,research/runs/v03-corpus-25.json,24069f30cb23ae61979e1aa4f79c9bdd789dbcdfd0d8479521e83e043671da90
C00/v03-baseline,v03-corpus-25,WITHDRAW_B,12265265,1678144,4163860,13943409,6687496,13943409,10020744,13943409,2833807,7494,12867,0,research/runs/v03-corpus-25.json,24069f30cb23ae61979e1aa4f79c9bdd789dbcdfd0d8479521e83e043671da90
C00/v03-baseline,v03-corpus-25,pool_a_execution,15032463,,,,,,,,,,,,research/runs/v03-corpus-25.json,24069f30cb23ae61979e1aa4f79c9bdd789dbcdfd0d8479521e83e043671da90
C00/v03-baseline,v03-corpus-25,pool_a_standard_intrinsic,1715624,,,,,,,,,,,,research/runs/v03-corpus-25.json,24069f30cb23ae61979e1aa4f79c9bdd789dbcdfd0d8479521e83e043671da90
C00/v03-baseline,v03-corpus-25,pool_b_execution,12265265,,,,,,,,,,,,research/runs/v03-corpus-25.json,24069f30cb23ae61979e1aa4f79c9bdd789dbcdfd0d8479521e83e043671da90
C00/v03-baseline,v03-corpus-25,pool_b_standard_intrinsic,1678144,,,,,,,,,,,,research/runs/v03-corpus-25.json,24069f30cb23ae61979e1aa4f79c9bdd789dbcdfd0d8479521e83e043671da90
C00/v03-baseline,v03-corpus-26,WITHDRAW_A,15048354,1730432,4294580,16778786,6900488,16778786,10340232,16778786,-1570,7494,12867,0,research/runs/v03-corpus-26.json,74963dde6ee1696d758ca17b1a79d74cfd6a02dd3ef44755bce56230cc7f8313
C00/v03-baseline,v03-corpus-26,WITHDRAW_B,12311556,1715516,4257290,14027072,6839048,14027072,10248072,14027072,2750144,7494,12867,0,research/runs/v03-corpus-26.json,74963dde6ee1696d758ca17b1a79d74cfd6a02dd3ef44755bce56230cc7f8313
C00/v03-baseline,v03-corpus-26,pool_a_execution,15048354,,,,,,,,,,,,research/runs/v03-corpus-26.json,74963dde6ee1696d758ca17b1a79d74cfd6a02dd3ef44755bce56230cc7f8313
C00/v03-baseline,v03-corpus-26,pool_a_standard_intrinsic,1730432,,,,,,,,,,,,research/runs/v03-corpus-26.json,74963dde6ee1696d758ca17b1a79d74cfd6a02dd3ef44755bce56230cc7f8313
C00/v03-baseline,v03-corpus-26,pool_b_execution,12311556,,,,,,,,,,,,research/runs/v03-corpus-26.json,74963dde6ee1696d758ca17b1a79d74cfd6a02dd3ef44755bce56230cc7f8313
C00/v03-baseline,v03-corpus-26,pool_b_standard_intrinsic,1715516,,,,,,,,,,,,research/runs/v03-corpus-26.json,74963dde6ee1696d758ca17b1a79d74cfd6a02dd3ef44755bce56230cc7f8313
C00/v03-baseline,v03-corpus-27,WITHDRAW_A,15023480,1694312,4204280,16717792,6753032,16717792,10119048,16717792,59424,7494,12867,0,research/runs/v03-corpus-27.json,4379f54de5b4cd38dec7e8a722624f5d6f33ae2935ff2c02e8e742ba50471521
C00/v03-baseline,v03-corpus-27,WITHDRAW_B,12387638,1718492,4264730,14106130,6851336,14106130,10266504,14106130,2671086,7494,12867,0,research/runs/v03-corpus-27.json,4379f54de5b4cd38dec7e8a722624f5d6f33ae2935ff2c02e8e742ba50471521
C00/v03-baseline,v03-corpus-27,pool_a_execution,15023480,,,,,,,,,,,,research/runs/v03-corpus-27.json,4379f54de5b4cd38dec7e8a722624f5d6f33ae2935ff2c02e8e742ba50471521
C00/v03-baseline,v03-corpus-27,pool_a_standard_intrinsic,1694312,,,,,,,,,,,,research/runs/v03-corpus-27.json,4379f54de5b4cd38dec7e8a722624f5d6f33ae2935ff2c02e8e742ba50471521
C00/v03-baseline,v03-corpus-27,pool_b_execution,12387638,,,,,,,,,,,,research/runs/v03-corpus-27.json,4379f54de5b4cd38dec7e8a722624f5d6f33ae2935ff2c02e8e742ba50471521
C00/v03-baseline,v03-corpus-27,pool_b_standard_intrinsic,1718492,,,,,,,,,,,,research/runs/v03-corpus-27.json,4379f54de5b4cd38dec7e8a722624f5d6f33ae2935ff2c02e8e742ba50471521
C00/v03-baseline,v03-corpus-28,WITHDRAW_A,15001663,1702276,4224190,16703939,6785800,16703939,10168200,16703939,73277,7494,12867,0,research/runs/v03-corpus-28.json,01de57380b60e1221885bbb2b6194ad6c8cf04a4350e230f1a7df70e6aef2cab
C00/v03-baseline,v03-corpus-28,WITHDRAW_B,12246198,1705880,4233200,13952078,6802184,13952078,10192776,13952078,2825138,7494,12867,0,research/runs/v03-corpus-28.json,01de57380b60e1221885bbb2b6194ad6c8cf04a4350e230f1a7df70e6aef2cab
C00/v03-baseline,v03-corpus-28,pool_a_execution,15001663,,,,,,,,,,,,research/runs/v03-corpus-28.json,01de57380b60e1221885bbb2b6194ad6c8cf04a4350e230f1a7df70e6aef2cab
C00/v03-baseline,v03-corpus-28,pool_a_standard_intrinsic,1702276,,,,,,,,,,,,research/runs/v03-corpus-28.json,01de57380b60e1221885bbb2b6194ad6c8cf04a4350e230f1a7df70e6aef2cab
C00/v03-baseline,v03-corpus-28,pool_b_execution,12246198,,,,,,,,,,,,research/runs/v03-corpus-28.json,01de57380b60e1221885bbb2b6194ad6c8cf04a4350e230f1a7df70e6aef2cab
C00/v03-baseline,v03-corpus-28,pool_b_standard_intrinsic,1705880,,,,,,,,,,,,research/runs/v03-corpus-28.json,01de57380b60e1221885bbb2b6194ad6c8cf04a4350e230f1a7df70e6aef2cab
C00/v03-baseline,v03-corpus-29,WITHDRAW_A,15127429,1717696,4262740,16845125,6847240,16845125,10260360,16845125,-67909,7494,12867,0,research/runs/v03-corpus-29.json,415dd2ff830820442489a73f4b52f0ffa25853758db3bc4e9f79a73e1d2b5282
C00/v03-baseline,v03-corpus-29,WITHDRAW_B,12286740,1688408,4189520,13975148,6728456,13975148,10082184,13975148,2802068,7494,12867,0,research/runs/v03-corpus-29.json,415dd2ff830820442489a73f4b52f0ffa25853758db3bc4e9f79a73e1d2b5282
C00/v03-baseline,v03-corpus-29,pool_a_execution,15127429,,,,,,,,,,,,research/runs/v03-corpus-29.json,415dd2ff830820442489a73f4b52f0ffa25853758db3bc4e9f79a73e1d2b5282
C00/v03-baseline,v03-corpus-29,pool_a_standard_intrinsic,1717696,,,,,,,,,,,,research/runs/v03-corpus-29.json,415dd2ff830820442489a73f4b52f0ffa25853758db3bc4e9f79a73e1d2b5282
C00/v03-baseline,v03-corpus-29,pool_b_execution,12286740,,,,,,,,,,,,research/runs/v03-corpus-29.json,415dd2ff830820442489a73f4b52f0ffa25853758db3bc4e9f79a73e1d2b5282
C00/v03-baseline,v03-corpus-29,pool_b_standard_intrinsic,1688408,,,,,,,,,,,,research/runs/v03-corpus-29.json,415dd2ff830820442489a73f4b52f0ffa25853758db3bc4e9f79a73e1d2b5282
C00/v03-baseline,v03-corpus-30,WITHDRAW_A,14852250,1663532,4127330,16515782,6630152,16515782,9934728,16515782,261434,7494,12867,0,research/runs/v03-corpus-30.json,b4406f7f24d1993f042338104d28f1717b261a29421656eba2629b2144de3e6e
C00/v03-baseline,v03-corpus-30,WITHDRAW_B,12361262,1770004,4393510,14131266,7056136,14131266,10573704,14131266,2645950,7494,12867,0,research/runs/v03-corpus-30.json,b4406f7f24d1993f042338104d28f1717b261a29421656eba2629b2144de3e6e
C00/v03-baseline,v03-corpus-30,pool_a_execution,14852250,,,,,,,,,,,,research/runs/v03-corpus-30.json,b4406f7f24d1993f042338104d28f1717b261a29421656eba2629b2144de3e6e
C00/v03-baseline,v03-corpus-30,pool_a_standard_intrinsic,1663532,,,,,,,,,,,,research/runs/v03-corpus-30.json,b4406f7f24d1993f042338104d28f1717b261a29421656eba2629b2144de3e6e
C00/v03-baseline,v03-corpus-30,pool_b_execution,12361262,,,,,,,,,,,,research/runs/v03-corpus-30.json,b4406f7f24d1993f042338104d28f1717b261a29421656eba2629b2144de3e6e
C00/v03-baseline,v03-corpus-30,pool_b_standard_intrinsic,1770004,,,,,,,,,,,,research/runs/v03-corpus-30.json,b4406f7f24d1993f042338104d28f1717b261a29421656eba2629b2144de3e6e
C00/v03-baseline,v03-fixed-01,WITHDRAW_A,14992384,1749728,4342820,16742112,6974216,16742112,10450824,16742112,35104,7494,12867,0,research/runs/v03-fixed-01.json,1ea312cd9ef70e08e85b9503bfbe58a1435a49c86da043f05bf4d27b6e824c20
C00/v03-baseline,v03-fixed-01,WITHDRAW_B,12264792,1678964,4165910,13943756,6691592,13943756,10026888,13943756,2833460,7494,12867,0,research/runs/v03-fixed-01.json,1ea312cd9ef70e08e85b9503bfbe58a1435a49c86da043f05bf4d27b6e824c20
C00/v03-baseline,v03-fixed-01,pool_a_execution,14992384,,,,,,,,,,,,research/runs/v03-fixed-01.json,1ea312cd9ef70e08e85b9503bfbe58a1435a49c86da043f05bf4d27b6e824c20
C00/v03-baseline,v03-fixed-01,pool_a_standard_intrinsic,1749728,,,,,,,,,,,,research/runs/v03-fixed-01.json,1ea312cd9ef70e08e85b9503bfbe58a1435a49c86da043f05bf4d27b6e824c20
C00/v03-baseline,v03-fixed-01,pool_b_execution,12264792,,,,,,,,,,,,research/runs/v03-fixed-01.json,1ea312cd9ef70e08e85b9503bfbe58a1435a49c86da043f05bf4d27b6e824c20
C00/v03-baseline,v03-fixed-01,pool_b_standard_intrinsic,1678964,,,,,,,,,,,,research/runs/v03-fixed-01.json,1ea312cd9ef70e08e85b9503bfbe58a1435a49c86da043f05bf4d27b6e824c20
C00/v03-baseline,v03-fixed-02,WITHDRAW_A,15102422,1718900,4265750,16821322,6851336,16821322,10266504,16821322,-44106,7494,12867,0,research/runs/v03-fixed-02.json,9dbfc7e7421dd829c0174915a55b43185e00e03ee957900648937d3ab9c83d7b
C00/v03-baseline,v03-fixed-02,WITHDRAW_B,12172551,1648136,4088840,13820687,6568712,13820687,9842568,13820687,2956529,7494,12867,0,research/runs/v03-fixed-02.json,9dbfc7e7421dd829c0174915a55b43185e00e03ee957900648937d3ab9c83d7b
C00/v03-baseline,v03-fixed-02,pool_a_execution,15102422,,,,,,,,,,,,research/runs/v03-fixed-02.json,9dbfc7e7421dd829c0174915a55b43185e00e03ee957900648937d3ab9c83d7b
C00/v03-baseline,v03-fixed-02,pool_a_standard_intrinsic,1718900,,,,,,,,,,,,research/runs/v03-fixed-02.json,9dbfc7e7421dd829c0174915a55b43185e00e03ee957900648937d3ab9c83d7b
C00/v03-baseline,v03-fixed-02,pool_b_execution,12172551,,,,,,,,,,,,research/runs/v03-fixed-02.json,9dbfc7e7421dd829c0174915a55b43185e00e03ee957900648937d3ab9c83d7b
C00/v03-baseline,v03-fixed-02,pool_b_standard_intrinsic,1648136,,,,,,,,,,,,research/runs/v03-fixed-02.json,9dbfc7e7421dd829c0174915a55b43185e00e03ee957900648937d3ab9c83d7b
C00/v03-baseline,v03-fixed-03,WITHDRAW_A,15125882,1758836,4365590,16884718,7011080,16884718,10506120,16884718,-107502,7494,12867,0,research/runs/v03-fixed-03.json,0876bcbcc3fcc076c43a4134ea50c2e105a730564c789311eb9eaa8821036bbb
C00/v03-baseline,v03-fixed-03,WITHDRAW_B,12243567,1671084,4146210,13914651,6658824,13914651,9977736,13914651,2862565,7494,12867,0,research/runs/v03-fixed-03.json,0876bcbcc3fcc076c43a4134ea50c2e105a730564c789311eb9eaa8821036bbb
C00/v03-baseline,v03-fixed-03,pool_a_execution,15125882,,,,,,,,,,,,research/runs/v03-fixed-03.json,0876bcbcc3fcc076c43a4134ea50c2e105a730564c789311eb9eaa8821036bbb
C00/v03-baseline,v03-fixed-03,pool_a_standard_intrinsic,1758836,,,,,,,,,,,,research/runs/v03-fixed-03.json,0876bcbcc3fcc076c43a4134ea50c2e105a730564c789311eb9eaa8821036bbb
C00/v03-baseline,v03-fixed-03,pool_b_execution,12243567,,,,,,,,,,,,research/runs/v03-fixed-03.json,0876bcbcc3fcc076c43a4134ea50c2e105a730564c789311eb9eaa8821036bbb
C00/v03-baseline,v03-fixed-03,pool_b_standard_intrinsic,1671084,,,,,,,,,,,,research/runs/v03-fixed-03.json,0876bcbcc3fcc076c43a4134ea50c2e105a730564c789311eb9eaa8821036bbb
C00/v03-baseline,v03-fixed-04,WITHDRAW_A,14990555,1697132,4211330,16687687,6765320,16687687,10137480,16687687,89529,7494,12867,0,research/runs/v03-fixed-04.json,87535a14d7c663fa40cc6911dc324e8ca6cc7bd09592edf9f0dbc82bdfecb34f
C00/v03-baseline,v03-fixed-04,WITHDRAW_B,12424944,1727492,4287230,14152436,6888200,14152436,10321800,14152436,2624780,7494,12867,0,research/runs/v03-fixed-04.json,87535a14d7c663fa40cc6911dc324e8ca6cc7bd09592edf9f0dbc82bdfecb34f
C00/v03-baseline,v03-fixed-04,pool_a_execution,14990555,,,,,,,,,,,,research/runs/v03-fixed-04.json,87535a14d7c663fa40cc6911dc324e8ca6cc7bd09592edf9f0dbc82bdfecb34f
C00/v03-baseline,v03-fixed-04,pool_a_standard_intrinsic,1697132,,,,,,,,,,,,research/runs/v03-fixed-04.json,87535a14d7c663fa40cc6911dc324e8ca6cc7bd09592edf9f0dbc82bdfecb34f
C00/v03-baseline,v03-fixed-04,pool_b_execution,12424944,,,,,,,,,,,,research/runs/v03-fixed-04.json,87535a14d7c663fa40cc6911dc324e8ca6cc7bd09592edf9f0dbc82bdfecb34f
C00/v03-baseline,v03-fixed-04,pool_b_standard_intrinsic,1727492,,,,,,,,,,,,research/runs/v03-fixed-04.json,87535a14d7c663fa40cc6911dc324e8ca6cc7bd09592edf9f0dbc82bdfecb34f
C00/v03-baseline,v03-fixed-05,WITHDRAW_A,14917889,1650632,4095080,16568521,6581000,16568521,9861000,16568521,208695,7494,12867,0,research/runs/v03-fixed-05.json,ab4596678915917c38357832e24dd5cc6d0642584768e0774b28eb7a1673736e
C00/v03-baseline,v03-fixed-05,WITHDRAW_B,12278489,1738308,4314270,14016797,6929160,14016797,10383240,14016797,2760419,7494,12867,0,research/runs/v03-fixed-05.json,ab4596678915917c38357832e24dd5cc6d0642584768e0774b28eb7a1673736e
C00/v03-baseline,v03-fixed-05,pool_a_execution,14917889,,,,,,,,,,,,research/runs/v03-fixed-05.json,ab4596678915917c38357832e24dd5cc6d0642584768e0774b28eb7a1673736e
C00/v03-baseline,v03-fixed-05,pool_a_standard_intrinsic,1650632,,,,,,,,,,,,research/runs/v03-fixed-05.json,ab4596678915917c38357832e24dd5cc6d0642584768e0774b28eb7a1673736e
C00/v03-baseline,v03-fixed-05,pool_b_execution,12278489,,,,,,,,,,,,research/runs/v03-fixed-05.json,ab4596678915917c38357832e24dd5cc6d0642584768e0774b28eb7a1673736e
C00/v03-baseline,v03-fixed-05,pool_b_standard_intrinsic,1738308,,,,,,,,,,,,research/runs/v03-fixed-05.json,ab4596678915917c38357832e24dd5cc6d0642584768e0774b28eb7a1673736e
C00/v03-baseline,v03-fixed-06,WITHDRAW_A,14935989,1684772,4180430,16620761,6716168,16620761,10063752,16620761,156455,7494,12867,0,research/runs/v03-fixed-06.json,26341b8a4853a0599cbd708433700aa96775c6af1cc5a3b8ac63ab88d29270c3
C00/v03-baseline,v03-fixed-06,WITHDRAW_B,11815711,1517352,3761880,13333063,6044424,13333063,9056136,13333063,3444153,7494,12867,0,research/runs/v03-fixed-06.json,26341b8a4853a0599cbd708433700aa96775c6af1cc5a3b8ac63ab88d29270c3
C00/v03-baseline,v03-fixed-06,pool_a_execution,14935989,,,,,,,,,,,,research/runs/v03-fixed-06.json,26341b8a4853a0599cbd708433700aa96775c6af1cc5a3b8ac63ab88d29270c3
C00/v03-baseline,v03-fixed-06,pool_a_standard_intrinsic,1684772,,,,,,,,,,,,research/runs/v03-fixed-06.json,26341b8a4853a0599cbd708433700aa96775c6af1cc5a3b8ac63ab88d29270c3
C00/v03-baseline,v03-fixed-06,pool_b_execution,11815711,,,,,,,,,,,,research/runs/v03-fixed-06.json,26341b8a4853a0599cbd708433700aa96775c6af1cc5a3b8ac63ab88d29270c3
C00/v03-baseline,v03-fixed-06,pool_b_standard_intrinsic,1517352,,,,,,,,,,,,research/runs/v03-fixed-06.json,26341b8a4853a0599cbd708433700aa96775c6af1cc5a3b8ac63ab88d29270c3
C00/v03-baseline,v03-fixed-07,WITHDRAW_A,15096795,1711684,4247710,16808479,6822664,16808479,10223496,16808479,-31263,7494,12867,0,research/runs/v03-fixed-07.json,7c47efc86e42bbb953a1b714d6f9dded22cebd67512940fc179826494eabaf77
C00/v03-baseline,v03-fixed-07,WITHDRAW_B,12199791,1675940,4158350,13875731,6679304,13875731,10008456,13875731,2901485,7494,12867,0,research/runs/v03-fixed-07.json,7c47efc86e42bbb953a1b714d6f9dded22cebd67512940fc179826494eabaf77
C00/v03-baseline,v03-fixed-07,pool_a_execution,15096795,,,,,,,,,,,,research/runs/v03-fixed-07.json,7c47efc86e42bbb953a1b714d6f9dded22cebd67512940fc179826494eabaf77
C00/v03-baseline,v03-fixed-07,pool_a_standard_intrinsic,1711684,,,,,,,,,,,,research/runs/v03-fixed-07.json,7c47efc86e42bbb953a1b714d6f9dded22cebd67512940fc179826494eabaf77
C00/v03-baseline,v03-fixed-07,pool_b_execution,12199791,,,,,,,,,,,,research/runs/v03-fixed-07.json,7c47efc86e42bbb953a1b714d6f9dded22cebd67512940fc179826494eabaf77
C00/v03-baseline,v03-fixed-07,pool_b_standard_intrinsic,1675940,,,,,,,,,,,,research/runs/v03-fixed-07.json,7c47efc86e42bbb953a1b714d6f9dded22cebd67512940fc179826494eabaf77
C00/v03-baseline,v03-fixed-08,WITHDRAW_A,14999199,1659748,4117870,16658947,6613768,16658947,9910152,16658947,118269,7494,12867,0,research/runs/v03-fixed-08.json,6b74ea09299663fb8e43c2a605983c269747aa7a86a5ddee54cc8f4e6f43d5a2
C00/v03-baseline,v03-fixed-08,WITHDRAW_B,12263086,1698180,4213950,13961266,6769416,13961266,10143624,13961266,2815950,7494,12867,0,research/runs/v03-fixed-08.json,6b74ea09299663fb8e43c2a605983c269747aa7a86a5ddee54cc8f4e6f43d5a2
C00/v03-baseline,v03-fixed-08,pool_a_execution,14999199,,,,,,,,,,,,research/runs/v03-fixed-08.json,6b74ea09299663fb8e43c2a605983c269747aa7a86a5ddee54cc8f4e6f43d5a2
C00/v03-baseline,v03-fixed-08,pool_a_standard_intrinsic,1659748,,,,,,,,,,,,research/runs/v03-fixed-08.json,6b74ea09299663fb8e43c2a605983c269747aa7a86a5ddee54cc8f4e6f43d5a2
C00/v03-baseline,v03-fixed-08,pool_b_execution,12263086,,,,,,,,,,,,research/runs/v03-fixed-08.json,6b74ea09299663fb8e43c2a605983c269747aa7a86a5ddee54cc8f4e6f43d5a2
C00/v03-baseline,v03-fixed-08,pool_b_standard_intrinsic,1698180,,,,,,,,,,,,research/runs/v03-fixed-08.json,6b74ea09299663fb8e43c2a605983c269747aa7a86a5ddee54cc8f4e6f43d5a2
C00/v03-baseline,v03-fixed-09,WITHDRAW_A,14973862,1671364,4146910,16645226,6662920,16645226,9983880,16645226,131990,7494,12867,0,research/runs/v03-fixed-09.json,dec24f89ee71bab2adcec76a9ec03ea6dce3f94bbf3e58aca0a96b09f1160b96
C00/v03-baseline,v03-fixed-09,WITHDRAW_B,12134834,1674232,4154080,13809066,6675208,13809066,10002312,13809066,2968150,7494,12867,0,research/runs/v03-fixed-09.json,dec24f89ee71bab2adcec76a9ec03ea6dce3f94bbf3e58aca0a96b09f1160b96
C00/v03-baseline,v03-fixed-09,pool_a_execution,14973862,,,,,,,,,,,,research/runs/v03-fixed-09.json,dec24f89ee71bab2adcec76a9ec03ea6dce3f94bbf3e58aca0a96b09f1160b96
C00/v03-baseline,v03-fixed-09,pool_a_standard_intrinsic,1671364,,,,,,,,,,,,research/runs/v03-fixed-09.json,dec24f89ee71bab2adcec76a9ec03ea6dce3f94bbf3e58aca0a96b09f1160b96
C00/v03-baseline,v03-fixed-09,pool_b_execution,12134834,,,,,,,,,,,,research/runs/v03-fixed-09.json,dec24f89ee71bab2adcec76a9ec03ea6dce3f94bbf3e58aca0a96b09f1160b96
C00/v03-baseline,v03-fixed-09,pool_b_standard_intrinsic,1674232,,,,,,,,,,,,research/runs/v03-fixed-09.json,dec24f89ee71bab2adcec76a9ec03ea6dce3f94bbf3e58aca0a96b09f1160b96
C00/v03-baseline,v03-fixed-10,WITHDRAW_A,14852912,1651208,4096520,16504120,6581000,16504120,9861000,16504120,273096,7494,12867,0,research/runs/v03-fixed-10.json,15353daf0a4563485cd2200fec41ca968510e8d2777c1e0a1e45eb03a1326e72
C00/v03-baseline,v03-fixed-10,WITHDRAW_B,12486352,1778140,4413850,14264492,7093000,14264492,10629000,14264492,2512724,7494,12867,0,research/runs/v03-fixed-10.json,15353daf0a4563485cd2200fec41ca968510e8d2777c1e0a1e45eb03a1326e72
C00/v03-baseline,v03-fixed-10,pool_a_execution,14852912,,,,,,,,,,,,research/runs/v03-fixed-10.json,15353daf0a4563485cd2200fec41ca968510e8d2777c1e0a1e45eb03a1326e72
C00/v03-baseline,v03-fixed-10,pool_a_standard_intrinsic,1651208,,,,,,,,,,,,research/runs/v03-fixed-10.json,15353daf0a4563485cd2200fec41ca968510e8d2777c1e0a1e45eb03a1326e72
C00/v03-baseline,v03-fixed-10,pool_b_execution,12486352,,,,,,,,,,,,research/runs/v03-fixed-10.json,15353daf0a4563485cd2200fec41ca968510e8d2777c1e0a1e45eb03a1326e72
C00/v03-baseline,v03-fixed-10,pool_b_standard_intrinsic,1778140,,,,,,,,,,,,research/runs/v03-fixed-10.json,15353daf0a4563485cd2200fec41ca968510e8d2777c1e0a1e45eb03a1326e72
C00/v03-baseline,v03-fixed-11,WITHDRAW_A,14881198,1661868,4123170,16543066,6621960,16543066,9922440,16543066,234150,7494,12867,0,research/runs/v03-fixed-11.json,c8a34facaa20d77687ee2ab2e748cf6664c206dd97c40e46b4a3d23129b14ec1
C00/v03-baseline,v03-fixed-11,WITHDRAW_B,12201399,1691808,4198020,13893207,6744840,13893207,10106760,13893207,2884009,7494,12867,0,research/runs/v03-fixed-11.json,c8a34facaa20d77687ee2ab2e748cf6664c206dd97c40e46b4a3d23129b14ec1
C00/v03-baseline,v03-fixed-11,pool_a_execution,14881198,,,,,,,,,,,,research/runs/v03-fixed-11.json,c8a34facaa20d77687ee2ab2e748cf6664c206dd97c40e46b4a3d23129b14ec1
C00/v03-baseline,v03-fixed-11,pool_a_standard_intrinsic,1661868,,,,,,,,,,,,research/runs/v03-fixed-11.json,c8a34facaa20d77687ee2ab2e748cf6664c206dd97c40e46b4a3d23129b14ec1
C00/v03-baseline,v03-fixed-11,pool_b_execution,12201399,,,,,,,,,,,,research/runs/v03-fixed-11.json,c8a34facaa20d77687ee2ab2e748cf6664c206dd97c40e46b4a3d23129b14ec1
C00/v03-baseline,v03-fixed-11,pool_b_standard_intrinsic,1691808,,,,,,,,,,,,research/runs/v03-fixed-11.json,c8a34facaa20d77687ee2ab2e748cf6664c206dd97c40e46b4a3d23129b14ec1
C00/v03-baseline,v03-fixed-12,WITHDRAW_A,14972764,1681832,4173080,16654596,6703880,16654596,10045320,16654596,122620,7494,12867,0,research/runs/v03-fixed-12.json,ffde0d1e5d8be68ae3c2af50bf9dd81c146bc3d4bc2fa16a0d78dfdb3d21086c
C00/v03-baseline,v03-fixed-12,WITHDRAW_B,12217413,1698952,4215880,13916365,6773512,13916365,10149768,13916365,2860851,7494,12867,0,research/runs/v03-fixed-12.json,ffde0d1e5d8be68ae3c2af50bf9dd81c146bc3d4bc2fa16a0d78dfdb3d21086c
C00/v03-baseline,v03-fixed-12,pool_a_execution,14972764,,,,,,,,,,,,research/runs/v03-fixed-12.json,ffde0d1e5d8be68ae3c2af50bf9dd81c146bc3d4bc2fa16a0d78dfdb3d21086c
C00/v03-baseline,v03-fixed-12,pool_a_standard_intrinsic,1681832,,,,,,,,,,,,research/runs/v03-fixed-12.json,ffde0d1e5d8be68ae3c2af50bf9dd81c146bc3d4bc2fa16a0d78dfdb3d21086c
C00/v03-baseline,v03-fixed-12,pool_b_execution,12217413,,,,,,,,,,,,research/runs/v03-fixed-12.json,ffde0d1e5d8be68ae3c2af50bf9dd81c146bc3d4bc2fa16a0d78dfdb3d21086c
C00/v03-baseline,v03-fixed-12,pool_b_standard_intrinsic,1698952,,,,,,,,,,,,research/runs/v03-fixed-12.json,ffde0d1e5d8be68ae3c2af50bf9dd81c146bc3d4bc2fa16a0d78dfdb3d21086c
C00/v03-baseline,v03-fixed-13,WITHDRAW_A,15027962,1730828,4295570,16758790,6900488,16758790,10340232,16758790,18426,7494,12867,0,research/runs/v03-fixed-13.json,427ba7db35ec18ba4d27df429f4f20601970158446f74afa30c3b3fc5f1690f6
C00/v03-baseline,v03-fixed-13,WITHDRAW_B,12285973,1672280,4149200,13958253,6667016,13958253,9990024,13958253,2818963,7494,12867,0,research/runs/v03-fixed-13.json,427ba7db35ec18ba4d27df429f4f20601970158446f74afa30c3b3fc5f1690f6
C00/v03-baseline,v03-fixed-13,pool_a_execution,15027962,,,,,,,,,,,,research/runs/v03-fixed-13.json,427ba7db35ec18ba4d27df429f4f20601970158446f74afa30c3b3fc5f1690f6
C00/v03-baseline,v03-fixed-13,pool_a_standard_intrinsic,1730828,,,,,,,,,,,,research/runs/v03-fixed-13.json,427ba7db35ec18ba4d27df429f4f20601970158446f74afa30c3b3fc5f1690f6
C00/v03-baseline,v03-fixed-13,pool_b_execution,12285973,,,,,,,,,,,,research/runs/v03-fixed-13.json,427ba7db35ec18ba4d27df429f4f20601970158446f74afa30c3b3fc5f1690f6
C00/v03-baseline,v03-fixed-13,pool_b_standard_intrinsic,1672280,,,,,,,,,,,,research/runs/v03-fixed-13.json,427ba7db35ec18ba4d27df429f4f20601970158446f74afa30c3b3fc5f1690f6
C00/v03-baseline,v03-fixed-14,WITHDRAW_A,14970107,1692952,4200880,16663059,6748936,16663059,10112904,16663059,114157,7494,12867,0,research/runs/v03-fixed-14.json,3c17054a32a2f30af359d5068f7a32a233d62b59cb4de79e276d1586bb5ccfac
C00/v03-baseline,v03-fixed-14,WITHDRAW_B,12066158,1606680,3985200,13672838,6400776,13672838,9590664,13672838,3104378,7494,12867,0,research/runs/v03-fixed-14.json,3c17054a32a2f30af359d5068f7a32a233d62b59cb4de79e276d1586bb5ccfac
C00/v03-baseline,v03-fixed-14,pool_a_execution,14970107,,,,,,,,,,,,research/runs/v03-fixed-14.json,3c17054a32a2f30af359d5068f7a32a233d62b59cb4de79e276d1586bb5ccfac
C00/v03-baseline,v03-fixed-14,pool_a_standard_intrinsic,1692952,,,,,,,,,,,,research/runs/v03-fixed-14.json,3c17054a32a2f30af359d5068f7a32a233d62b59cb4de79e276d1586bb5ccfac
C00/v03-baseline,v03-fixed-14,pool_b_execution,12066158,,,,,,,,,,,,research/runs/v03-fixed-14.json,3c17054a32a2f30af359d5068f7a32a233d62b59cb4de79e276d1586bb5ccfac
C00/v03-baseline,v03-fixed-14,pool_b_standard_intrinsic,1606680,,,,,,,,,,,,research/runs/v03-fixed-14.json,3c17054a32a2f30af359d5068f7a32a233d62b59cb4de79e276d1586bb5ccfac
C00/v03-baseline,v03-fixed-15,WITHDRAW_A,14885107,1649100,4091250,16534207,6572808,16534207,9848712,16534207,243009,7494,12867,0,research/runs/v03-fixed-15.json,a6c582e990d45c179104ce5f06a303f4fcdba7db244d72abb3975b957977a399
C00/v03-baseline,v03-fixed-15,WITHDRAW_B,12324321,1708492,4239730,14032813,6810376,14032813,10205064,14032813,2744403,7494,12867,0,research/runs/v03-fixed-15.json,a6c582e990d45c179104ce5f06a303f4fcdba7db244d72abb3975b957977a399
C00/v03-baseline,v03-fixed-15,pool_a_execution,14885107,,,,,,,,,,,,research/runs/v03-fixed-15.json,a6c582e990d45c179104ce5f06a303f4fcdba7db244d72abb3975b957977a399
C00/v03-baseline,v03-fixed-15,pool_a_standard_intrinsic,1649100,,,,,,,,,,,,research/runs/v03-fixed-15.json,a6c582e990d45c179104ce5f06a303f4fcdba7db244d72abb3975b957977a399
C00/v03-baseline,v03-fixed-15,pool_b_execution,12324321,,,,,,,,,,,,research/runs/v03-fixed-15.json,a6c582e990d45c179104ce5f06a303f4fcdba7db244d72abb3975b957977a399
C00/v03-baseline,v03-fixed-15,pool_b_standard_intrinsic,1708492,,,,,,,,,,,,research/runs/v03-fixed-15.json,a6c582e990d45c179104ce5f06a303f4fcdba7db244d72abb3975b957977a399
C00/v03-baseline,v03-fixed-16,WITHDRAW_A,15136812,1709432,4242080,16846244,6814472,16846244,10211208,16846244,-69028,7494,12867,0,research/runs/v03-fixed-16.json,446c8ec9176e4a39c026ce3980898fb8dd6e37911d3c5f650619f43be648cab0
C00/v03-baseline,v03-fixed-16,WITHDRAW_B,12304222,1699420,4217050,14003642,6773512,14003642,10149768,14003642,2773574,7494,12867,0,research/runs/v03-fixed-16.json,446c8ec9176e4a39c026ce3980898fb8dd6e37911d3c5f650619f43be648cab0
C00/v03-baseline,v03-fixed-16,pool_a_execution,15136812,,,,,,,,,,,,research/runs/v03-fixed-16.json,446c8ec9176e4a39c026ce3980898fb8dd6e37911d3c5f650619f43be648cab0
C00/v03-baseline,v03-fixed-16,pool_a_standard_intrinsic,1709432,,,,,,,,,,,,research/runs/v03-fixed-16.json,446c8ec9176e4a39c026ce3980898fb8dd6e37911d3c5f650619f43be648cab0
C00/v03-baseline,v03-fixed-16,pool_b_execution,12304222,,,,,,,,,,,,research/runs/v03-fixed-16.json,446c8ec9176e4a39c026ce3980898fb8dd6e37911d3c5f650619f43be648cab0
C00/v03-baseline,v03-fixed-16,pool_b_standard_intrinsic,1699420,,,,,,,,,,,,research/runs/v03-fixed-16.json,446c8ec9176e4a39c026ce3980898fb8dd6e37911d3c5f650619f43be648cab0
C00/v03-baseline,v03-fixed-17,WITHDRAW_A,14965519,1681940,4173350,16647459,6703880,16647459,10045320,16647459,129757,7494,12867,0,research/runs/v03-fixed-17.json,c8aa8fdedd27cfd5bee51e60a6b770050b354cb920a467a5a8d247dc339c4c12
C00/v03-baseline,v03-fixed-17,WITHDRAW_B,12211324,1664556,4129890,13875880,6634248,13875880,9940872,13875880,2901336,7494,12867,0,research/runs/v03-fixed-17.json,c8aa8fdedd27cfd5bee51e60a6b770050b354cb920a467a5a8d247dc339c4c12
C00/v03-baseline,v03-fixed-17,pool_a_execution,14965519,,,,,,,,,,,,research/runs/v03-fixed-17.json,c8aa8fdedd27cfd5bee51e60a6b770050b354cb920a467a5a8d247dc339c4c12
C00/v03-baseline,v03-fixed-17,pool_a_standard_intrinsic,1681940,,,,,,,,,,,,research/runs/v03-fixed-17.json,c8aa8fdedd27cfd5bee51e60a6b770050b354cb920a467a5a8d247dc339c4c12
C00/v03-baseline,v03-fixed-17,pool_b_execution,12211324,,,,,,,,,,,,research/runs/v03-fixed-17.json,c8aa8fdedd27cfd5bee51e60a6b770050b354cb920a467a5a8d247dc339c4c12
C00/v03-baseline,v03-fixed-17,pool_b_standard_intrinsic,1664556,,,,,,,,,,,,research/runs/v03-fixed-17.json,c8aa8fdedd27cfd5bee51e60a6b770050b354cb920a467a5a8d247dc339c4c12
C00/v03-baseline,v03-fixed-18,WITHDRAW_A,15203830,1749440,4342100,16953270,6974216,16953270,10450824,16953270,-176054,7494,12867,0,research/runs/v03-fixed-18.json,81f0619a0715f8ff5d023aeb01b573e9cc0ff88af2a1108fb1d8cfbfcef2678d
C00/v03-baseline,v03-fixed-18,WITHDRAW_B,12160166,1671012,4146030,13831178,6658824,13831178,9977736,13831178,2946038,7494,12867,0,research/runs/v03-fixed-18.json,81f0619a0715f8ff5d023aeb01b573e9cc0ff88af2a1108fb1d8cfbfcef2678d
C00/v03-baseline,v03-fixed-18,pool_a_execution,15203830,,,,,,,,,,,,research/runs/v03-fixed-18.json,81f0619a0715f8ff5d023aeb01b573e9cc0ff88af2a1108fb1d8cfbfcef2678d
C00/v03-baseline,v03-fixed-18,pool_a_standard_intrinsic,1749440,,,,,,,,,,,,research/runs/v03-fixed-18.json,81f0619a0715f8ff5d023aeb01b573e9cc0ff88af2a1108fb1d8cfbfcef2678d
C00/v03-baseline,v03-fixed-18,pool_b_execution,12160166,,,,,,,,,,,,research/runs/v03-fixed-18.json,81f0619a0715f8ff5d023aeb01b573e9cc0ff88af2a1108fb1d8cfbfcef2678d
C00/v03-baseline,v03-fixed-18,pool_b_standard_intrinsic,1671012,,,,,,,,,,,,research/runs/v03-fixed-18.json,81f0619a0715f8ff5d023aeb01b573e9cc0ff88af2a1108fb1d8cfbfcef2678d
C00/v03-baseline,v03-fixed-19,WITHDRAW_A,14643477,1536204,3809010,16179681,6118152,16179681,9166728,16179681,597535,7494,12867,0,research/runs/v03-fixed-19.json,4e499046a5bc835d6cb1e1ea10063b1a44e32a17c9e715c38df28f8c95bb81ea
C00/v03-baseline,v03-fixed-19,WITHDRAW_B,12383062,1726648,4285120,14109710,6884104,14109710,10315656,14109710,2667506,7494,12867,0,research/runs/v03-fixed-19.json,4e499046a5bc835d6cb1e1ea10063b1a44e32a17c9e715c38df28f8c95bb81ea
C00/v03-baseline,v03-fixed-19,pool_a_execution,14643477,,,,,,,,,,,,research/runs/v03-fixed-19.json,4e499046a5bc835d6cb1e1ea10063b1a44e32a17c9e715c38df28f8c95bb81ea
C00/v03-baseline,v03-fixed-19,pool_a_standard_intrinsic,1536204,,,,,,,,,,,,research/runs/v03-fixed-19.json,4e499046a5bc835d6cb1e1ea10063b1a44e32a17c9e715c38df28f8c95bb81ea
C00/v03-baseline,v03-fixed-19,pool_b_execution,12383062,,,,,,,,,,,,research/runs/v03-fixed-19.json,4e499046a5bc835d6cb1e1ea10063b1a44e32a17c9e715c38df28f8c95bb81ea
C00/v03-baseline,v03-fixed-19,pool_b_standard_intrinsic,1726648,,,,,,,,,,,,research/runs/v03-fixed-19.json,4e499046a5bc835d6cb1e1ea10063b1a44e32a17c9e715c38df28f8c95bb81ea
C00/v03-baseline,v03-fixed-20,WITHDRAW_A,14927251,1655848,4108120,16583099,6601480,16583099,9891720,16583099,194117,7494,12867,0,research/runs/v03-fixed-20.json,615681087057045e9919adf727af3f50ba9271be8b19e26571238484f0781962
C00/v03-baseline,v03-fixed-20,WITHDRAW_B,12043679,1595528,3957320,13639207,6359816,13639207,9529224,13639207,3138009,7494,12867,0,research/runs/v03-fixed-20.json,615681087057045e9919adf727af3f50ba9271be8b19e26571238484f0781962
C00/v03-baseline,v03-fixed-20,pool_a_execution,14927251,,,,,,,,,,,,research/runs/v03-fixed-20.json,615681087057045e9919adf727af3f50ba9271be8b19e26571238484f0781962
C00/v03-baseline,v03-fixed-20,pool_a_standard_intrinsic,1655848,,,,,,,,,,,,research/runs/v03-fixed-20.json,615681087057045e9919adf727af3f50ba9271be8b19e26571238484f0781962
C00/v03-baseline,v03-fixed-20,pool_b_execution,12043679,,,,,,,,,,,,research/runs/v03-fixed-20.json,615681087057045e9919adf727af3f50ba9271be8b19e26571238484f0781962
C00/v03-baseline,v03-fixed-20,pool_b_standard_intrinsic,1595528,,,,,,,,,,,,research/runs/v03-fixed-20.json,615681087057045e9919adf727af3f50ba9271be8b19e26571238484f0781962
C00/v03-baseline,v03-fixed-21,WITHDRAW_A,15036168,1731588,4297470,16767756,6904584,16767756,10346376,16767756,9460,7494,12867,0,research/runs/v03-fixed-21.json,bf6f4be9f795cbaac0d0a73de4093b185c273fbc77cc01ded35517630794d7d9
C00/v03-baseline,v03-fixed-21,WITHDRAW_B,12293397,1720828,4270570,14014225,6859528,14014225,10278792,14014225,2762991,7494,12867,0,research/runs/v03-fixed-21.json,bf6f4be9f795cbaac0d0a73de4093b185c273fbc77cc01ded35517630794d7d9
C00/v03-baseline,v03-fixed-21,pool_a_execution,15036168,,,,,,,,,,,,research/runs/v03-fixed-21.json,bf6f4be9f795cbaac0d0a73de4093b185c273fbc77cc01ded35517630794d7d9
C00/v03-baseline,v03-fixed-21,pool_a_standard_intrinsic,1731588,,,,,,,,,,,,research/runs/v03-fixed-21.json,bf6f4be9f795cbaac0d0a73de4093b185c273fbc77cc01ded35517630794d7d9
C00/v03-baseline,v03-fixed-21,pool_b_execution,12293397,,,,,,,,,,,,research/runs/v03-fixed-21.json,bf6f4be9f795cbaac0d0a73de4093b185c273fbc77cc01ded35517630794d7d9
C00/v03-baseline,v03-fixed-21,pool_b_standard_intrinsic,1720828,,,,,,,,,,,,research/runs/v03-fixed-21.json,bf6f4be9f795cbaac0d0a73de4093b185c273fbc77cc01ded35517630794d7d9
C00/v03-baseline,v03-fixed-22,WITHDRAW_A,15018881,1699456,4217140,16718337,6773512,16718337,10149768,16718337,58879,7494,12867,0,research/runs/v03-fixed-22.json,8abd6d41b199f0339b8d1027ed03dde18fe15d18e21ad938c3b86c4181836930
C00/v03-baseline,v03-fixed-22,WITHDRAW_B,12228685,1685108,4181270,13913793,6716168,13913793,10063752,13913793,2863423,7494,12867,0,research/runs/v03-fixed-22.json,8abd6d41b199f0339b8d1027ed03dde18fe15d18e21ad938c3b86c4181836930
C00/v03-baseline,v03-fixed-22,pool_a_execution,15018881,,,,,,,,,,,,research/runs/v03-fixed-22.json,8abd6d41b199f0339b8d1027ed03dde18fe15d18e21ad938c3b86c4181836930
C00/v03-baseline,v03-fixed-22,pool_a_standard_intrinsic,1699456,,,,,,,,,,,,research/runs/v03-fixed-22.json,8abd6d41b199f0339b8d1027ed03dde18fe15d18e21ad938c3b86c4181836930
C00/v03-baseline,v03-fixed-22,pool_b_execution,12228685,,,,,,,,,,,,research/runs/v03-fixed-22.json,8abd6d41b199f0339b8d1027ed03dde18fe15d18e21ad938c3b86c4181836930
C00/v03-baseline,v03-fixed-22,pool_b_standard_intrinsic,1685108,,,,,,,,,,,,research/runs/v03-fixed-22.json,8abd6d41b199f0339b8d1027ed03dde18fe15d18e21ad938c3b86c4181836930
C00/v03-baseline,v03-fixed-23,WITHDRAW_A,15007139,1698360,4214400,16705499,6769416,16705499,10143624,16705499,71717,7494,12867,0,research/runs/v03-fixed-23.json,a9eb1e560b931efb8c24b36cbaea5e8d0f57fa6f202fa52dfa913377d31b9441
C00/v03-baseline,v03-fixed-23,WITHDRAW_B,12141808,1647292,4086730,13789100,6564616,13789100,9836424,13789100,2988116,7494,12867,0,research/runs/v03-fixed-23.json,a9eb1e560b931efb8c24b36cbaea5e8d0f57fa6f202fa52dfa913377d31b9441
C00/v03-baseline,v03-fixed-23,pool_a_execution,15007139,,,,,,,,,,,,research/runs/v03-fixed-23.json,a9eb1e560b931efb8c24b36cbaea5e8d0f57fa6f202fa52dfa913377d31b9441
C00/v03-baseline,v03-fixed-23,pool_a_standard_intrinsic,1698360,,,,,,,,,,,,research/runs/v03-fixed-23.json,a9eb1e560b931efb8c24b36cbaea5e8d0f57fa6f202fa52dfa913377d31b9441
C00/v03-baseline,v03-fixed-23,pool_b_execution,12141808,,,,,,,,,,,,research/runs/v03-fixed-23.json,a9eb1e560b931efb8c24b36cbaea5e8d0f57fa6f202fa52dfa913377d31b9441
C00/v03-baseline,v03-fixed-23,pool_b_standard_intrinsic,1647292,,,,,,,,,,,,research/runs/v03-fixed-23.json,a9eb1e560b931efb8c24b36cbaea5e8d0f57fa6f202fa52dfa913377d31b9441
C00/v03-baseline,v03-fixed-24,WITHDRAW_A,14960473,1654316,4104290,16614789,6593288,16614789,9879432,16614789,162427,7494,12867,0,research/runs/v03-fixed-24.json,50b3027d9d5172c8e2ba36501c50ac5a5c5b8533585667bb99c0cbec5f970cf1
C00/v03-baseline,v03-fixed-24,WITHDRAW_B,12130546,1625704,4032760,13756250,6478600,13756250,9707400,13756250,3020966,7494,12867,0,research/runs/v03-fixed-24.json,50b3027d9d5172c8e2ba36501c50ac5a5c5b8533585667bb99c0cbec5f970cf1
C00/v03-baseline,v03-fixed-24,pool_a_execution,14960473,,,,,,,,,,,,research/runs/v03-fixed-24.json,50b3027d9d5172c8e2ba36501c50ac5a5c5b8533585667bb99c0cbec5f970cf1
C00/v03-baseline,v03-fixed-24,pool_a_standard_intrinsic,1654316,,,,,,,,,,,,research/runs/v03-fixed-24.json,50b3027d9d5172c8e2ba36501c50ac5a5c5b8533585667bb99c0cbec5f970cf1
C00/v03-baseline,v03-fixed-24,pool_b_execution,12130546,,,,,,,,,,,,research/runs/v03-fixed-24.json,50b3027d9d5172c8e2ba36501c50ac5a5c5b8533585667bb99c0cbec5f970cf1
C00/v03-baseline,v03-fixed-24,pool_b_standard_intrinsic,1625704,,,,,,,,,,,,research/runs/v03-fixed-24.json,50b3027d9d5172c8e2ba36501c50ac5a5c5b8533585667bb99c0cbec5f970cf1
C00/v03-baseline,v03-fixed-25,WITHDRAW_A,14951083,1698264,4214160,16649347,6769416,16649347,10143624,16649347,127869,7494,12867,0,research/runs/v03-fixed-25.json,9ac7567410fa760e1c768fd395327dcce8afdeee4e3bb93e89864f708380d697
C00/v03-baseline,v03-fixed-25,WITHDRAW_B,12161501,1662748,4125370,13824249,6626056,13824249,9928584,13824249,2952967,7494,12867,0,research/runs/v03-fixed-25.json,9ac7567410fa760e1c768fd395327dcce8afdeee4e3bb93e89864f708380d697
C00/v03-baseline,v03-fixed-25,pool_a_execution,14951083,,,,,,,,,,,,research/runs/v03-fixed-25.json,9ac7567410fa760e1c768fd395327dcce8afdeee4e3bb93e89864f708380d697
C00/v03-baseline,v03-fixed-25,pool_a_standard_intrinsic,1698264,,,,,,,,,,,,research/runs/v03-fixed-25.json,9ac7567410fa760e1c768fd395327dcce8afdeee4e3bb93e89864f708380d697
C00/v03-baseline,v03-fixed-25,pool_b_execution,12161501,,,,,,,,,,,,research/runs/v03-fixed-25.json,9ac7567410fa760e1c768fd395327dcce8afdeee4e3bb93e89864f708380d697
C00/v03-baseline,v03-fixed-25,pool_b_standard_intrinsic,1662748,,,,,,,,,,,,research/runs/v03-fixed-25.json,9ac7567410fa760e1c768fd395327dcce8afdeee4e3bb93e89864f708380d697
C00/v03-baseline,v03-fixed-26,WITHDRAW_A,14968519,1685568,4182420,16654087,6720264,16654087,10069896,16654087,123129,7494,12867,0,research/runs/v03-fixed-26.json,5ac17e51daaed77f9fff05a8f423feff335d3814cc459bffa161b0448eec575e
C00/v03-baseline,v03-fixed-26,WITHDRAW_B,12302782,1719840,4268100,14022622,6855432,14022622,10272648,14022622,2754594,7494,12867,0,research/runs/v03-fixed-26.json,5ac17e51daaed77f9fff05a8f423feff335d3814cc459bffa161b0448eec575e
C00/v03-baseline,v03-fixed-26,pool_a_execution,14968519,,,,,,,,,,,,research/runs/v03-fixed-26.json,5ac17e51daaed77f9fff05a8f423feff335d3814cc459bffa161b0448eec575e
C00/v03-baseline,v03-fixed-26,pool_a_standard_intrinsic,1685568,,,,,,,,,,,,research/runs/v03-fixed-26.json,5ac17e51daaed77f9fff05a8f423feff335d3814cc459bffa161b0448eec575e
C00/v03-baseline,v03-fixed-26,pool_b_execution,12302782,,,,,,,,,,,,research/runs/v03-fixed-26.json,5ac17e51daaed77f9fff05a8f423feff335d3814cc459bffa161b0448eec575e
C00/v03-baseline,v03-fixed-26,pool_b_standard_intrinsic,1719840,,,,,,,,,,,,research/runs/v03-fixed-26.json,5ac17e51daaed77f9fff05a8f423feff335d3814cc459bffa161b0448eec575e
C00/v03-baseline,v03-fixed-27,WITHDRAW_A,14793721,1612164,3998910,16405885,6425352,16405885,9627528,16405885,371331,7494,12867,0,research/runs/v03-fixed-27.json,017b6d59485b5972cdf0d2bc0d65827ca7cb1124dccb3cab8049749c3625111d
C00/v03-baseline,v03-fixed-27,WITHDRAW_B,12313850,1693000,4201000,14006850,6748936,14006850,10112904,14006850,2770366,7494,12867,0,research/runs/v03-fixed-27.json,017b6d59485b5972cdf0d2bc0d65827ca7cb1124dccb3cab8049749c3625111d
C00/v03-baseline,v03-fixed-27,pool_a_execution,14793721,,,,,,,,,,,,research/runs/v03-fixed-27.json,017b6d59485b5972cdf0d2bc0d65827ca7cb1124dccb3cab8049749c3625111d
C00/v03-baseline,v03-fixed-27,pool_a_standard_intrinsic,1612164,,,,,,,,,,,,research/runs/v03-fixed-27.json,017b6d59485b5972cdf0d2bc0d65827ca7cb1124dccb3cab8049749c3625111d
C00/v03-baseline,v03-fixed-27,pool_b_execution,12313850,,,,,,,,,,,,research/runs/v03-fixed-27.json,017b6d59485b5972cdf0d2bc0d65827ca7cb1124dccb3cab8049749c3625111d
C00/v03-baseline,v03-fixed-27,pool_b_standard_intrinsic,1693000,,,,,,,,,,,,research/runs/v03-fixed-27.json,017b6d59485b5972cdf0d2bc0d65827ca7cb1124dccb3cab8049749c3625111d
C00/v03-baseline,v03-fixed-28,WITHDRAW_A,15205581,1740852,4320630,16946433,6941448,16946433,10401672,16946433,-169217,7494,12867,0,research/runs/v03-fixed-28.json,72a15d00f291050b131c247b835fc9dc14f81473be542121e82c06a8e95ce547
C00/v03-baseline,v03-fixed-28,WITHDRAW_B,12277102,1693300,4201750,13970402,6748936,13970402,10112904,13970402,2806814,7494,12867,0,research/runs/v03-fixed-28.json,72a15d00f291050b131c247b835fc9dc14f81473be542121e82c06a8e95ce547
C00/v03-baseline,v03-fixed-28,pool_a_execution,15205581,,,,,,,,,,,,research/runs/v03-fixed-28.json,72a15d00f291050b131c247b835fc9dc14f81473be542121e82c06a8e95ce547
C00/v03-baseline,v03-fixed-28,pool_a_standard_intrinsic,1740852,,,,,,,,,,,,research/runs/v03-fixed-28.json,72a15d00f291050b131c247b835fc9dc14f81473be542121e82c06a8e95ce547
C00/v03-baseline,v03-fixed-28,pool_b_execution,12277102,,,,,,,,,,,,research/runs/v03-fixed-28.json,72a15d00f291050b131c247b835fc9dc14f81473be542121e82c06a8e95ce547
C00/v03-baseline,v03-fixed-28,pool_b_standard_intrinsic,1693300,,,,,,,,,,,,research/runs/v03-fixed-28.json,72a15d00f291050b131c247b835fc9dc14f81473be542121e82c06a8e95ce547
C00/v03-baseline,v03-fixed-29,WITHDRAW_A,14975489,1681036,4171090,16656525,6699784,16656525,10039176,16656525,120691,7494,12867,0,research/runs/v03-fixed-29.json,20df01ce1795273ab98dc226ba68eafb6bd75418f7883bf16b7cb0d282734755
C00/v03-baseline,v03-fixed-29,WITHDRAW_B,12100242,1655460,4107150,13755702,6597384,13755702,9885576,13755702,3021514,7494,12867,0,research/runs/v03-fixed-29.json,20df01ce1795273ab98dc226ba68eafb6bd75418f7883bf16b7cb0d282734755
C00/v03-baseline,v03-fixed-29,pool_a_execution,14975489,,,,,,,,,,,,research/runs/v03-fixed-29.json,20df01ce1795273ab98dc226ba68eafb6bd75418f7883bf16b7cb0d282734755
C00/v03-baseline,v03-fixed-29,pool_a_standard_intrinsic,1681036,,,,,,,,,,,,research/runs/v03-fixed-29.json,20df01ce1795273ab98dc226ba68eafb6bd75418f7883bf16b7cb0d282734755
C00/v03-baseline,v03-fixed-29,pool_b_execution,12100242,,,,,,,,,,,,research/runs/v03-fixed-29.json,20df01ce1795273ab98dc226ba68eafb6bd75418f7883bf16b7cb0d282734755
C00/v03-baseline,v03-fixed-29,pool_b_standard_intrinsic,1655460,,,,,,,,,,,,research/runs/v03-fixed-29.json,20df01ce1795273ab98dc226ba68eafb6bd75418f7883bf16b7cb0d282734755
C00/v03-baseline,v03-fixed-30,WITHDRAW_A,14821960,1602044,3973610,16424004,6384392,16424004,9566088,16424004,353212,7494,12867,0,research/runs/v03-fixed-30.json,2b043b6bad7b938309215eeec4218649721ba30bf05b6ea9f7509c1f579ad41a
C00/v03-baseline,v03-fixed-30,WITHDRAW_B,12366607,1740428,4319570,14107035,6937352,14107035,10395528,14107035,2670181,7494,12867,0,research/runs/v03-fixed-30.json,2b043b6bad7b938309215eeec4218649721ba30bf05b6ea9f7509c1f579ad41a
C00/v03-baseline,v03-fixed-30,pool_a_execution,14821960,,,,,,,,,,,,research/runs/v03-fixed-30.json,2b043b6bad7b938309215eeec4218649721ba30bf05b6ea9f7509c1f579ad41a
C00/v03-baseline,v03-fixed-30,pool_a_standard_intrinsic,1602044,,,,,,,,,,,,research/runs/v03-fixed-30.json,2b043b6bad7b938309215eeec4218649721ba30bf05b6ea9f7509c1f579ad41a
C00/v03-baseline,v03-fixed-30,pool_b_execution,12366607,,,,,,,,,,,,research/runs/v03-fixed-30.json,2b043b6bad7b938309215eeec4218649721ba30bf05b6ea9f7509c1f579ad41a
C00/v03-baseline,v03-fixed-30,pool_b_standard_intrinsic,1740428,,,,,,,,,,,,research/runs/v03-fixed-30.json,2b043b6bad7b938309215eeec4218649721ba30bf05b6ea9f7509c1f579ad41a
