run_id,candidate_id,spike_id,success,gate_status,failure_reason,record_path,record_sha256,record_keccak256,artifact_paths,artifact_sha256,artifact_keccak256
research-sp10-h0-gas,H0,SP-10,true,BENCHMARK_ONLY,,research/runs/research-sp10-h0-gas.json,83684faccc1fba750868f1bc05314c18ae299fe7875830a3f3e34faffb4f8b18,1d7fd0340447ef926c312d9eba2021c74474f010b8af43aad949b1ca40122e0b,"[""research/candidates/hash-compression-common/gas/results.json"",""research/harness/hardware-detect/h1-m4-max.json""]","[""05f543ef50b9d7b266e9fe089107b951108b4a1906e5fb706c92876847064afc"",""b7313d4950b91df216f9857a30e2958713b0c5967998ef96ea064f32a90b0a82""]","[""1a02f2f72bc8e6ee03492f56389f7561045c5a7e4c0e855ca1dbf695f84f8599"",""472d211cd75c3b63a3e66dfc3a1c942d2ce3ce090b4f126fe1b4d95f1a91144c""]"
research-sp10-h0-native,H0,SP-10,true,BENCHMARK_ONLY,,research/runs/research-sp10-h0-native.json,f19a4b6c50653619bda2fd743bace805f8a7ca0722974a0e4e7b822207cca624,d3dff2b8793cafde88b71299e4f003a487d609f69b64eca210d0373f0ec9b70b,"[""research/candidates/hash-compression-common/native/distributions.json"",""research/candidates/hash-compression-common/security/analytical-ceilings.json"",""research/harness/hardware-detect/h1-m4-max.json""]","[""91c0663fe11ae4562755dadf7af21837ea41723fdd6005300c5eb7ae98b3e9ff"",""acd073d1fc73872ac671869ecaedaca4fe2434e0add9712326320a78ac19d6ea"",""b7313d4950b91df216f9857a30e2958713b0c5967998ef96ea064f32a90b0a82""]","[""73b7521f3f91215c9e27d4be5fce30cea2d2cc1923db76caaaf7301d6ba88e2f"",""456b7924de0239d41827f5a4de25b03dfd9b97af96a3849978c0cc1be7153fac"",""472d211cd75c3b63a3e66dfc3a1c942d2ce3ce090b4f126fe1b4d95f1a91144c""]"
research-sp10-h1-gas,H1,SP-10,true,BENCHMARK_ONLY,,research/runs/research-sp10-h1-gas.json,f4bc8be88825516d6855717b70bf97c238d5ae418f217860ea36aae5599a740e,ba792e2300747547aac2a952191651bef611239c281afa7ed9b88eb04ba88677,"[""research/candidates/hash-compression-common/gas/results.json"",""research/harness/hardware-detect/h1-m4-max.json""]","[""05f543ef50b9d7b266e9fe089107b951108b4a1906e5fb706c92876847064afc"",""b7313d4950b91df216f9857a30e2958713b0c5967998ef96ea064f32a90b0a82""]","[""1a02f2f72bc8e6ee03492f56389f7561045c5a7e4c0e855ca1dbf695f84f8599"",""472d211cd75c3b63a3e66dfc3a1c942d2ce3ce090b4f126fe1b4d95f1a91144c""]"
research-sp10-h1-native,H1,SP-10,true,BENCHMARK_ONLY,,research/runs/research-sp10-h1-native.json,4889ab0b09006e65c779952a0fcd55434ffdaf6b96b9239e10153673889f68fd,f928c81cdcb17d75c9c01d605967ad2fad923fa50670e1d71c07ebc77279f8f9,"[""research/candidates/hash-compression-common/native/distributions.json"",""research/candidates/hash-compression-common/security/analytical-ceilings.json"",""research/harness/hardware-detect/h1-m4-max.json""]","[""91c0663fe11ae4562755dadf7af21837ea41723fdd6005300c5eb7ae98b3e9ff"",""acd073d1fc73872ac671869ecaedaca4fe2434e0add9712326320a78ac19d6ea"",""b7313d4950b91df216f9857a30e2958713b0c5967998ef96ea064f32a90b0a82""]","[""73b7521f3f91215c9e27d4be5fce30cea2d2cc1923db76caaaf7301d6ba88e2f"",""456b7924de0239d41827f5a4de25b03dfd9b97af96a3849978c0cc1be7153fac"",""472d211cd75c3b63a3e66dfc3a1c942d2ce3ce090b4f126fe1b4d95f1a91144c""]"
research-sp10-h3-gas,H3,SP-10,true,BENCHMARK_ONLY,,research/runs/research-sp10-h3-gas.json,9299565e7cae06f9238cef7c35c0d9452562bc3b2f6246f463e5c47bd03bf73f,9090c1025bad4bf90baa474d684102d4181397cd7863d4c00b74fab615bfe186,"[""research/candidates/hash-compression-common/gas/results.json"",""research/harness/hardware-detect/h1-m4-max.json""]","[""05f543ef50b9d7b266e9fe089107b951108b4a1906e5fb706c92876847064afc"",""b7313d4950b91df216f9857a30e2958713b0c5967998ef96ea064f32a90b0a82""]","[""1a02f2f72bc8e6ee03492f56389f7561045c5a7e4c0e855ca1dbf695f84f8599"",""472d211cd75c3b63a3e66dfc3a1c942d2ce3ce090b4f126fe1b4d95f1a91144c""]"
research-sp10-h3-native,H3,SP-10,true,BENCHMARK_ONLY,,research/runs/research-sp10-h3-native.json,8f80451cc1f320ee1cea4625566452ac04a6e379ebac3e03eeace797a915cf61,29255b1b20a461a89de84268c9731f69dd5abde453027b9ab6855810f3b285c4,"[""research/candidates/hash-compression-common/native/distributions.json"",""research/candidates/hash-compression-common/security/analytical-ceilings.json"",""research/harness/hardware-detect/h1-m4-max.json""]","[""91c0663fe11ae4562755dadf7af21837ea41723fdd6005300c5eb7ae98b3e9ff"",""acd073d1fc73872ac671869ecaedaca4fe2434e0add9712326320a78ac19d6ea"",""b7313d4950b91df216f9857a30e2958713b0c5967998ef96ea064f32a90b0a82""]","[""73b7521f3f91215c9e27d4be5fce30cea2d2cc1923db76caaaf7301d6ba88e2f"",""456b7924de0239d41827f5a4de25b03dfd9b97af96a3849978c0cc1be7153fac"",""472d211cd75c3b63a3e66dfc3a1c942d2ce3ce090b4f126fe1b4d95f1a91144c""]"
research-sp10-h4-gas,H4,SP-10,true,BENCHMARK_ONLY,,research/runs/research-sp10-h4-gas.json,5fcfc5796be3dbcbdb9978feb3431539f13bf63488192d7c2edfdb29a612a424,fb9e54e830d7e2f5093ef11e92dde71503cf27ef354d006fc79d4e9abd5f4505,"[""research/candidates/hash-compression-common/gas/results.json"",""research/harness/hardware-detect/h1-m4-max.json""]","[""05f543ef50b9d7b266e9fe089107b951108b4a1906e5fb706c92876847064afc"",""b7313d4950b91df216f9857a30e2958713b0c5967998ef96ea064f32a90b0a82""]","[""1a02f2f72bc8e6ee03492f56389f7561045c5a7e4c0e855ca1dbf695f84f8599"",""472d211cd75c3b63a3e66dfc3a1c942d2ce3ce090b4f126fe1b4d95f1a91144c""]"
research-sp10-h4-native,H4,SP-10,true,BENCHMARK_ONLY,,research/runs/research-sp10-h4-native.json,8e9fc3b1c64d88dadbcbd8cbd189d4ec65ebf51d23386a6b6c6579a73fea44b0,b7602b9ed918fed0489aac298706b5343ad9d56a6593a80114c0a031599889f9,"[""research/candidates/hash-compression-common/native/distributions.json"",""research/candidates/hash-compression-common/security/analytical-ceilings.json"",""research/harness/hardware-detect/h1-m4-max.json""]","[""91c0663fe11ae4562755dadf7af21837ea41723fdd6005300c5eb7ae98b3e9ff"",""acd073d1fc73872ac671869ecaedaca4fe2434e0add9712326320a78ac19d6ea"",""b7313d4950b91df216f9857a30e2958713b0c5967998ef96ea064f32a90b0a82""]","[""73b7521f3f91215c9e27d4be5fce30cea2d2cc1923db76caaaf7301d6ba88e2f"",""456b7924de0239d41827f5a4de25b03dfd9b97af96a3849978c0cc1be7153fac"",""472d211cd75c3b63a3e66dfc3a1c942d2ce3ce090b4f126fe1b4d95f1a91144c""]"
research-sp10-h5-gas,H5,SP-10,true,BENCHMARK_ONLY,,research/runs/research-sp10-h5-gas.json,171cb08dfc4cadfe77b3d2f147b2ae146eedf5715cacb1c9de6c87f11c0b7eb9,ec6604b6124999c6269171a7b22ca063d14eb252d170edc96b8c3b8e45a72a9f,"[""research/candidates/hash-compression-common/gas/results.json"",""research/harness/hardware-detect/h1-m4-max.json""]","[""05f543ef50b9d7b266e9fe089107b951108b4a1906e5fb706c92876847064afc"",""b7313d4950b91df216f9857a30e2958713b0c5967998ef96ea064f32a90b0a82""]","[""1a02f2f72bc8e6ee03492f56389f7561045c5a7e4c0e855ca1dbf695f84f8599"",""472d211cd75c3b63a3e66dfc3a1c942d2ce3ce090b4f126fe1b4d95f1a91144c""]"
research-sp10-h5-native,H5,SP-10,true,BENCHMARK_ONLY,,research/runs/research-sp10-h5-native.json,b83e227aa1dc6c7693a3950a1138997e77cfa4d2e78aa57783bd927c50f2b477,ed2c8db55d814de4ecbfd0d463e2d7872090ba7b4057b11d454d140e9cb835ac,"[""research/candidates/hash-compression-common/native/distributions.json"",""research/candidates/hash-compression-common/security/analytical-ceilings.json"",""research/harness/hardware-detect/h1-m4-max.json""]","[""91c0663fe11ae4562755dadf7af21837ea41723fdd6005300c5eb7ae98b3e9ff"",""acd073d1fc73872ac671869ecaedaca4fe2434e0add9712326320a78ac19d6ea"",""b7313d4950b91df216f9857a30e2958713b0c5967998ef96ea064f32a90b0a82""]","[""73b7521f3f91215c9e27d4be5fce30cea2d2cc1923db76caaaf7301d6ba88e2f"",""456b7924de0239d41827f5a4de25b03dfd9b97af96a3849978c0cc1be7153fac"",""472d211cd75c3b63a3e66dfc3a1c942d2ce3ce090b4f126fe1b4d95f1a91144c""]"
research-sp10-h6-gas,H6,SP-10,true,BENCHMARK_ONLY,,research/runs/research-sp10-h6-gas.json,6a36784942e4c5482e5953ac4b0d77e1cc548b2760e6776be7437de5897c9b6f,0dece9466fd9cf0df17d4a4966f214ed0e52d530d079fa4b8141004b4a1393af,"[""research/candidates/hash-compression-common/gas/results.json"",""research/harness/hardware-detect/h1-m4-max.json""]","[""05f543ef50b9d7b266e9fe089107b951108b4a1906e5fb706c92876847064afc"",""b7313d4950b91df216f9857a30e2958713b0c5967998ef96ea064f32a90b0a82""]","[""1a02f2f72bc8e6ee03492f56389f7561045c5a7e4c0e855ca1dbf695f84f8599"",""472d211cd75c3b63a3e66dfc3a1c942d2ce3ce090b4f126fe1b4d95f1a91144c""]"
research-sp10-h6-native,H6,SP-10,true,BENCHMARK_ONLY,,research/runs/research-sp10-h6-native.json,5eaf98cf3fc103048b5553600affb7227b81502834c3929bb527531a86b80bba,adc3cd2f8db905ed9ed9c67ad815f7c886ca6447548cbb0739351b449db0da6c,"[""research/candidates/hash-compression-common/native/distributions.json"",""research/candidates/hash-compression-common/security/analytical-ceilings.json"",""research/harness/hardware-detect/h1-m4-max.json""]","[""91c0663fe11ae4562755dadf7af21837ea41723fdd6005300c5eb7ae98b3e9ff"",""acd073d1fc73872ac671869ecaedaca4fe2434e0add9712326320a78ac19d6ea"",""b7313d4950b91df216f9857a30e2958713b0c5967998ef96ea064f32a90b0a82""]","[""73b7521f3f91215c9e27d4be5fce30cea2d2cc1923db76caaaf7301d6ba88e2f"",""456b7924de0239d41827f5a4de25b03dfd9b97af96a3849978c0cc1be7153fac"",""472d211cd75c3b63a3e66dfc3a1c942d2ce3ce090b4f126fe1b4d95f1a91144c""]"
research-sp10-h7-gas,H7,SP-10,true,BENCHMARK_ONLY,,research/runs/research-sp10-h7-gas.json,af210cf034fe85e577e27353475eae3199e3664816bae792d8c8f08d29cf1105,256a5987c411b9c404cdd85c6de0af2e4784c017a0e643637ae75b430708b2d2,"[""research/candidates/hash-compression-common/gas/results.json"",""research/harness/hardware-detect/h1-m4-max.json""]","[""05f543ef50b9d7b266e9fe089107b951108b4a1906e5fb706c92876847064afc"",""b7313d4950b91df216f9857a30e2958713b0c5967998ef96ea064f32a90b0a82""]","[""1a02f2f72bc8e6ee03492f56389f7561045c5a7e4c0e855ca1dbf695f84f8599"",""472d211cd75c3b63a3e66dfc3a1c942d2ce3ce090b4f126fe1b4d95f1a91144c""]"
research-sp10-h7-native,H7,SP-10,true,BENCHMARK_ONLY,,research/runs/research-sp10-h7-native.json,e63fc79e1ac22da7ad5d105e7ab9ec1a75fc4af2b89140bf298c17679bd8bbff,1f60ea30edd552e1ce16bba2192f68d101ec9a73237d2444aa449df31efa4b54,"[""research/candidates/hash-compression-common/native/distributions.json"",""research/candidates/hash-compression-common/security/analytical-ceilings.json"",""research/harness/hardware-detect/h1-m4-max.json""]","[""91c0663fe11ae4562755dadf7af21837ea41723fdd6005300c5eb7ae98b3e9ff"",""acd073d1fc73872ac671869ecaedaca4fe2434e0add9712326320a78ac19d6ea"",""b7313d4950b91df216f9857a30e2958713b0c5967998ef96ea064f32a90b0a82""]","[""73b7521f3f91215c9e27d4be5fce30cea2d2cc1923db76caaaf7301d6ba88e2f"",""456b7924de0239d41827f5a4de25b03dfd9b97af96a3849978c0cc1be7153fac"",""472d211cd75c3b63a3e66dfc3a1c942d2ce3ce090b4f126fe1b4d95f1a91144c""]"
research-sp11-sp-11-foundry-gas,SP-11,SP-11,true,BENCHMARK_ONLY,,research/runs/research-sp11-sp-11-foundry-gas.json,fc12c3a7c0ef97e42deb9c7f3418fc058e3f071e7dd166ce7301313797371b47,e16624e908a717d6342903308ee0ef5d3b945c3bc2a4554bfc4ee50da062c689,"[""research/candidates/merkle-shape/outputs/foundry-gas.json"",""research/candidates/merkle-shape/outputs/results.json"",""research/harness/hardware-detect/h1-m4-max.json""]","[""e6aabdf9588c34997fd04644b797e7c27b8b08f1e5bb73977e23b636206eb8f4"",""f82a74b043a58d5f1c7fc00c056c64cb172f1194caa953e462939b0003f542ad"",""b7313d4950b91df216f9857a30e2958713b0c5967998ef96ea064f32a90b0a82""]","[""bd9a9e5d9afee7678fad954428330c5de18bfc58fd24194e872c419e88cf82ff"",""bc42d1f94a649390822adc0bef16e61fee8e1fa3a54f5359d5609ac792c5460b"",""472d211cd75c3b63a3e66dfc3a1c942d2ce3ce090b4f126fe1b4d95f1a91144c""]"
research-sp12-sp-12-foundry-gas,SP-12,SP-12,true,BENCHMARK_ONLY,,research/runs/research-sp12-sp-12-foundry-gas.json,a733827719794db9e8645dfa7f4c4db95cda4104339fbba624ca8b0057877a87,b1da1ae7a4d46253a234d3d94ea57e3909c293951980a7fe18b29dc85bb72a00,"[""research/candidates/deposit-batching/outputs/foundry-gas.json"",""research/candidates/deposit-batching/outputs/results.json"",""research/harness/hardware-detect/h1-m4-max.json""]","[""432183e302287c07fc1d58b223bd593b325c238997036f74c10bf548f45d5a70"",""8a78b9996b97866bcfeb309fa0e57525212601db95024d60c0cca2c26c8cc526"",""b7313d4950b91df216f9857a30e2958713b0c5967998ef96ea064f32a90b0a82""]","[""0ca99441434a5031509ef048ab40f9f505fa1d7f11c9535cf4b4218beaeb78b6"",""0bccdbf9bae3f06aa676925e2e3cae919e135afedef473941bf9c91b1779a84e"",""472d211cd75c3b63a3e66dfc3a1c942d2ce3ce090b4f126fe1b4d95f1a91144c""]"
research-sp13-sp-13-digest-width-gas,SP-13,SP-13,true,BENCHMARK_ONLY,,research/runs/research-sp13-sp-13-digest-width-gas.json,b63012a6c325e28887d72e6595d18ed2d367be8447e4a8997a02bcd2e9ee3cc3,6730c6affa421739f1fa7ace0abe2bce9f67e48333f6c0d80544230a9394ebda,"[""research/digest-width/outputs/foundry-gas.json"",""research/digest-width/results.json"",""research/harness/hardware-detect/h1-m4-max.json""]","[""8cb86ab0dfc7921dbd806b0d16d4c44f6b2af08713d120169ceaf6108601d5fa"",""7d525c0599f0fba8eadb6ce2f3a522b5b181144420bc468151e00abc2f020df3"",""b7313d4950b91df216f9857a30e2958713b0c5967998ef96ea064f32a90b0a82""]","[""bfd529f3eecaef2e13392553072c657219663ca6b66188eae19f6dbb02144f4d"",""63d9972bf7b1c481c3d98663fc2f7029e115da4c3f4d7d3d5974de84e2d065ba"",""472d211cd75c3b63a3e66dfc3a1c942d2ce3ce090b4f126fe1b4d95f1a91144c""]"
research-sp31-v1-isolated-benchmark,V1,SP-31,true,BENCHMARK_ONLY,,research/runs/research-sp31-v1-isolated-benchmark.json,3682d863ecadeed8206df04aaec34c9d391949cb7dd14a63b75bea6e95eb7e42,0d1463db4926ede0f2b6fa1befe2100b2e86f8a96f14504e2d39d592caaeb08e,"[""research/candidates/V1/outputs/benchmark.json"",""research/harness/hardware-detect/h1-m4-max.json""]","[""fd0f0961fe7c1352a6160c46d6e2fddb4c5fc79e91feedf3d7be98dddc393a54"",""b7313d4950b91df216f9857a30e2958713b0c5967998ef96ea064f32a90b0a82""]","[""b586dbcad1ab137cb4bb58068451b6d9228ebe9e40d4995141dd6a7611fd67c8"",""472d211cd75c3b63a3e66dfc3a1c942d2ce3ce090b4f126fe1b4d95f1a91144c""]"
research-sp31-v2-isolated-benchmark,V2,SP-31,true,BENCHMARK_ONLY,,research/runs/research-sp31-v2-isolated-benchmark.json,0ffcc8410a5e13662948f1b456ca520075c2e674cf73fb8c2fc2b2de6c39940f,44da027f4edf974d2c9e616eb055b1b15fc8a8ff2eec63cb2d554225eb8529b7,"[""research/candidates/V2/outputs/benchmark.json"",""research/harness/hardware-detect/h1-m4-max.json""]","[""8bf8ddf45f0ad1b5c25702062afac0bdac2d960e6791838ca95104502ddc9a9c"",""b7313d4950b91df216f9857a30e2958713b0c5967998ef96ea064f32a90b0a82""]","[""620ce3c550e2d3792cff017a33e97b18da0bdc2dd347811bb4d7a865cc3c100f"",""472d211cd75c3b63a3e66dfc3a1c942d2ce3ce090b4f126fe1b4d95f1a91144c""]"
research-sp31-v3-isolated-benchmark,V3,SP-31,true,BENCHMARK_ONLY,,research/runs/research-sp31-v3-isolated-benchmark.json,6e932737c853b9a7e10e03fcc11388954cb88bf7de2b2ebe2a81ebb6432eda9c,50634ac38c8786d4c874e4275e453033854d1fd4d189d787cfb1899dc8f9a487,"[""research/candidates/V3/outputs/benchmark.json"",""research/harness/hardware-detect/h1-m4-max.json""]","[""226388349d49e80cad80b76e4818fdefb1fecbb30337fb4ac91e536e6709ebac"",""b7313d4950b91df216f9857a30e2958713b0c5967998ef96ea064f32a90b0a82""]","[""e876fdd83d6c0b12fa97160fe4179359a22452915a92633121c9cb74c917cc63"",""472d211cd75c3b63a3e66dfc3a1c942d2ce3ce090b4f126fe1b4d95f1a91144c""]"
research-sp31-v4-isolated-benchmark,V4,SP-31,true,BENCHMARK_ONLY,,research/runs/research-sp31-v4-isolated-benchmark.json,caeafafcc583c2bcaee6ca48b53df1ddc6fd28ba325269bfe255fa1822bfa21e,dcae67e2da2bdf0659bd1a62fa61150d33b43310d8017495f65a41c59eec5038,"[""research/candidates/V4/outputs/benchmark.json"",""research/harness/hardware-detect/h1-m4-max.json""]","[""1b228b5d76702ccec86f9152ffe31aa315eed662ba7ee1cdefe55e1df8d2cc8f"",""b7313d4950b91df216f9857a30e2958713b0c5967998ef96ea064f32a90b0a82""]","[""b3fb031af832f6c4798ce6a639af463be7107cba5b3b5706aef9c50b92c516c2"",""472d211cd75c3b63a3e66dfc3a1c942d2ce3ce090b4f126fe1b4d95f1a91144c""]"
research-sp31-v5-isolated-benchmark,V5,SP-31,true,BENCHMARK_ONLY,,research/runs/research-sp31-v5-isolated-benchmark.json,00717f86290d40cf008562f267fa02be8a0f909bf0e554a80097fbf4ef8a97b4,b8fb3b6a7ca2ac1fefae539dfae07a7f7e67da610e010c926c0fbb94c47e034b,"[""research/candidates/V5/outputs/benchmark.json"",""research/harness/hardware-detect/h1-m4-max.json""]","[""a3d1d37d5ecd368d9971cf442e146c1192004f04c06672f7d380de936e501d1f"",""b7313d4950b91df216f9857a30e2958713b0c5967998ef96ea064f32a90b0a82""]","[""fb5afea807de047ca9cbefb90a82c911bc0e6e2f215b7e278d81710c1acfdd8e"",""472d211cd75c3b63a3e66dfc3a1c942d2ce3ce090b4f126fe1b4d95f1a91144c""]"
research-sp31-v6-isolated-benchmark,V6,SP-31,true,BENCHMARK_ONLY,,research/runs/research-sp31-v6-isolated-benchmark.json,1eac06619b4cdb8f670255e618c430af39ce2db9e95518c2aa63770a56964673,71b19134c6ea69417504d1073f68478a79c3685b98bd0e33776e6d3935e6704d,"[""research/candidates/V6/outputs/benchmark.json"",""research/harness/hardware-detect/h1-m4-max.json""]","[""32a9534f78e630baf9bb40b5caa6ecb7541edeefac5cff91ddb7fb795b4f054f"",""b7313d4950b91df216f9857a30e2958713b0c5967998ef96ea064f32a90b0a82""]","[""ad980381e96fdeacb1947cd13c64608269fafe6507f3d220d714bae9e5da5505"",""472d211cd75c3b63a3e66dfc3a1c942d2ce3ce090b4f126fe1b4d95f1a91144c""]"
research-sp31-v7-isolated-benchmark,V7,SP-31,true,BENCHMARK_ONLY,,research/runs/research-sp31-v7-isolated-benchmark.json,eaa5775f17a198182f3ab3e6edad93aea11ed8f45bb1e02c62ef31d4bb870711,aea71eaa991f25aa2b0339f0448c7f13409dca06d22024d7ca002b1499e48afb,"[""research/candidates/V7/outputs/benchmark.json"",""research/harness/hardware-detect/h1-m4-max.json""]","[""987dcbd55dc466c65f64c5572e964bf3e4d0cf65e99de1ecfdd05d875ec00020"",""b7313d4950b91df216f9857a30e2958713b0c5967998ef96ea064f32a90b0a82""]","[""c1a876743610b6dba016423035055d8302b4dfad32876914da69f22df0efb52a"",""472d211cd75c3b63a3e66dfc3a1c942d2ce3ce090b4f126fe1b4d95f1a91144c""]"
research-sp31-v8-isolated-benchmark,V8,SP-31,true,BENCHMARK_ONLY,,research/runs/research-sp31-v8-isolated-benchmark.json,1737b6b309b03d6fa238a1ff8c0baae32ed8ab699ec29b9b73dfe9bb9fc88432,3b0e36d7ac46a9f54c57afbc5f9b41e1bacc73da9d5aa7880a7ba24658e3e898,"[""research/candidates/V8/outputs/benchmark.json"",""research/harness/hardware-detect/h1-m4-max.json""]","[""c9481cc6c9b6160bdbc5289d277da9d64d5f29e6f7c3db039ca57032e60c12d5"",""b7313d4950b91df216f9857a30e2958713b0c5967998ef96ea064f32a90b0a82""]","[""293ca2db4a62c97e5c43be5ec71e947671ab0b9f009a04b66da7930387cba314"",""472d211cd75c3b63a3e66dfc3a1c942d2ce3ce090b4f126fe1b4d95f1a91144c""]"
research-sp31-v9-isolated-benchmark,V9,SP-31,true,BENCHMARK_ONLY,,research/runs/research-sp31-v9-isolated-benchmark.json,e33f0a1c32fe94fc99de6cb642f06bd3b1cbe169f5b707347158da55fc441558,ac9bf0d0290cd7eedc302ba05542ee8c073abd5f084c0c4dbf576e5a6bada708,"[""research/candidates/V9/outputs/benchmark.json"",""research/harness/hardware-detect/h1-m4-max.json""]","[""fe73c1a12d2445bf175d462b88d25dcf297e046b43de63e4b532d57fa87ce5bd"",""b7313d4950b91df216f9857a30e2958713b0c5967998ef96ea064f32a90b0a82""]","[""59c872f6b32ca45e67b76c926897b3c907fa3675651272835912e4a668fb0569"",""472d211cd75c3b63a3e66dfc3a1c942d2ce3ce090b4f126fe1b4d95f1a91144c""]"
research-sp40-f0-field-benchmark,F0,SP-40,true,BENCHMARK_ONLY,,research/runs/research-sp40-f0-field-benchmark.json,57f3e17003118fb31d054ff3aee6091ac28472c203998f74a80a368580257c53,bd8464df3c30a4ca232acead798c90c178f9192b4c85b4a9422efc77e0b88af3,"[""research/candidates/field-bakeoff-common/outputs/native-latest.json"",""research/candidates/field-bakeoff-common/outputs/solidity-latest.json"",""research/harness/hardware-detect/h1-m4-max.json""]","[""f0da5cdf05d3035d25262a06a9c82fa3e0eaa65d68a229fea3502e6ce1affbe2"",""850514cd4cbbf7dc7c4671bb86933fb61b57f3e90af0cc180077adfbb3ceb01c"",""b7313d4950b91df216f9857a30e2958713b0c5967998ef96ea064f32a90b0a82""]","[""18956006fb033f425b02bba739bc09874874b577acd6fa3b6713170b89a715dc"",""a9eb37c50ecaee8cde1e2a49960020a767084c571d4317e9cdf61aad4a30934f"",""472d211cd75c3b63a3e66dfc3a1c942d2ce3ce090b4f126fe1b4d95f1a91144c""]"
research-sp40-f1-field-benchmark,F1,SP-40,true,BENCHMARK_ONLY,,research/runs/research-sp40-f1-field-benchmark.json,d6d6f216eef48da3670b8d04919d201786b31f043038802b072549d523349c53,f5d093b793e20882cdf2f2380c011f1ee4d0271cc494544ca5f110993f9015e0,"[""research/candidates/field-bakeoff-common/outputs/native-latest.json"",""research/candidates/field-bakeoff-common/outputs/solidity-latest.json"",""research/harness/hardware-detect/h1-m4-max.json""]","[""f0da5cdf05d3035d25262a06a9c82fa3e0eaa65d68a229fea3502e6ce1affbe2"",""850514cd4cbbf7dc7c4671bb86933fb61b57f3e90af0cc180077adfbb3ceb01c"",""b7313d4950b91df216f9857a30e2958713b0c5967998ef96ea064f32a90b0a82""]","[""18956006fb033f425b02bba739bc09874874b577acd6fa3b6713170b89a715dc"",""a9eb37c50ecaee8cde1e2a49960020a767084c571d4317e9cdf61aad4a30934f"",""472d211cd75c3b63a3e66dfc3a1c942d2ce3ce090b4f126fe1b4d95f1a91144c""]"
research-sp40-f2-field-benchmark,F2,SP-40,true,BENCHMARK_ONLY,,research/runs/research-sp40-f2-field-benchmark.json,f8424b2eb09f71e6c06b4fa9453feb95431447c672d55a9c5c12b7ccb161d3e4,845f2d72e483b47033f4aae6c438d99f7530df3234977b1f00240e5c943b98f3,"[""research/candidates/field-bakeoff-common/outputs/native-latest.json"",""research/candidates/field-bakeoff-common/outputs/solidity-latest.json"",""research/harness/hardware-detect/h1-m4-max.json""]","[""f0da5cdf05d3035d25262a06a9c82fa3e0eaa65d68a229fea3502e6ce1affbe2"",""850514cd4cbbf7dc7c4671bb86933fb61b57f3e90af0cc180077adfbb3ceb01c"",""b7313d4950b91df216f9857a30e2958713b0c5967998ef96ea064f32a90b0a82""]","[""18956006fb033f425b02bba739bc09874874b577acd6fa3b6713170b89a715dc"",""a9eb37c50ecaee8cde1e2a49960020a767084c571d4317e9cdf61aad4a30934f"",""472d211cd75c3b63a3e66dfc3a1c942d2ce3ce090b4f126fe1b4d95f1a91144c""]"
research-sp40-f3-field-benchmark,F3,SP-40,true,BENCHMARK_ONLY,,research/runs/research-sp40-f3-field-benchmark.json,a057aab3115bb6856df16b37058facbfd5a08a5db0c73f9460d9cc4bd83855f7,dbf6fe6f12d0368e7182664bac54cf5b994ae838e22efcfcbec5f0de61a46930,"[""research/candidates/field-bakeoff-common/outputs/native-latest.json"",""research/candidates/field-bakeoff-common/outputs/solidity-latest.json"",""research/harness/hardware-detect/h1-m4-max.json""]","[""f0da5cdf05d3035d25262a06a9c82fa3e0eaa65d68a229fea3502e6ce1affbe2"",""850514cd4cbbf7dc7c4671bb86933fb61b57f3e90af0cc180077adfbb3ceb01c"",""b7313d4950b91df216f9857a30e2958713b0c5967998ef96ea064f32a90b0a82""]","[""18956006fb033f425b02bba739bc09874874b577acd6fa3b6713170b89a715dc"",""a9eb37c50ecaee8cde1e2a49960020a767084c571d4317e9cdf61aad4a30934f"",""472d211cd75c3b63a3e66dfc3a1c942d2ce3ce090b4f126fe1b4d95f1a91144c""]"
research-sp40-f4-field-benchmark,F4,SP-40,true,BENCHMARK_ONLY,,research/runs/research-sp40-f4-field-benchmark.json,72b40fdf155138a7d48b5a65d2c7a3b322ffc96c97b65ebd9151ff9c180c1c9e,ad0c729198eb70bde2a0370ad1848bf9a1154b5f22c2774181ea03bbeb65e2c1,"[""research/candidates/field-bakeoff-common/outputs/native-latest.json"",""research/candidates/field-bakeoff-common/outputs/solidity-latest.json"",""research/harness/hardware-detect/h1-m4-max.json""]","[""f0da5cdf05d3035d25262a06a9c82fa3e0eaa65d68a229fea3502e6ce1affbe2"",""850514cd4cbbf7dc7c4671bb86933fb61b57f3e90af0cc180077adfbb3ceb01c"",""b7313d4950b91df216f9857a30e2958713b0c5967998ef96ea064f32a90b0a82""]","[""18956006fb033f425b02bba739bc09874874b577acd6fa3b6713170b89a715dc"",""a9eb37c50ecaee8cde1e2a49960020a767084c571d4317e9cdf61aad4a30934f"",""472d211cd75c3b63a3e66dfc3a1c942d2ce3ce090b4f126fe1b4d95f1a91144c""]"
research-sp40-f5-field-benchmark,F5,SP-40,true,BENCHMARK_ONLY,,research/runs/research-sp40-f5-field-benchmark.json,c0f1a1b88573b0231aa765a62c3e63fd39379da516db472cb30f0e33fa6d10a9,7b86b1ccc25b98ea869f611e4d4fa1c2aab9ee4b411ed94d4834301232969b67,"[""research/candidates/field-bakeoff-common/outputs/native-latest.json"",""research/candidates/field-bakeoff-common/outputs/solidity-latest.json"",""research/harness/hardware-detect/h1-m4-max.json""]","[""f0da5cdf05d3035d25262a06a9c82fa3e0eaa65d68a229fea3502e6ce1affbe2"",""850514cd4cbbf7dc7c4671bb86933fb61b57f3e90af0cc180077adfbb3ceb01c"",""b7313d4950b91df216f9857a30e2958713b0c5967998ef96ea064f32a90b0a82""]","[""18956006fb033f425b02bba739bc09874874b577acd6fa3b6713170b89a715dc"",""a9eb37c50ecaee8cde1e2a49960020a767084c571d4317e9cdf61aad4a30934f"",""472d211cd75c3b63a3e66dfc3a1c942d2ce3ce090b4f126fe1b4d95f1a91144c""]"
research-sp50-c10-fri-b3-q111-c16x16-f0-r4-r0,C10-fri,SP-50,true,BENCHMARK_ONLY,,research/runs/research-sp50-c10-fri-b3-q111-c16x16-f0-r4-r0.json,4efb8840303e6fc9f46b06e2dd8d0ea50dc8e8ef5211309d6acc81b950365046,8f7c596370dd6a403bab5079f0a73e7b277aa58f180ceb336415508ce5023717,"[""research/fri-pareto/outputs/anchors/b3-q111-c16x16-f0-r4/measurements.json"",""research/fri-pareto/outputs/security/b3-q111-c16x16-f0-r4.json"",""research/harness/hardware-detect/h1-m4-max.json""]","[""be53a6c0237720a8908d1eb4d239605cbec6bd82403c96a54d41a495a16754a2"",""dffbac4a21a71a925f64e4093eb19daf81fb242b4a9706fac9ba1603a56d32d0"",""b7313d4950b91df216f9857a30e2958713b0c5967998ef96ea064f32a90b0a82""]","[""bcbb61f49c06452451eb06ff07ae96c86a7e344fa7fbb51983135d26ef1598e5"",""ec16258b72302ad05987be34d13efe42ea147bceba6c622844cef1e3693e3310"",""472d211cd75c3b63a3e66dfc3a1c942d2ce3ce090b4f126fe1b4d95f1a91144c""]"
research-sp50-c10-fri-b3-q111-c16x16-f0-r4-r1,C10-fri,SP-50,true,BENCHMARK_ONLY,,research/runs/research-sp50-c10-fri-b3-q111-c16x16-f0-r4-r1.json,a137214aff89aa37a5adcb820596b7b7a082f0e27e4dcfd8f8fd1d38c5da2a06,ee710a05eb6502e239772e9f37695b70b40a897914430ddcb7f645edc56173d3,"[""research/fri-pareto/outputs/anchors/b3-q111-c16x16-f0-r4/measurements.json"",""research/fri-pareto/outputs/security/b3-q111-c16x16-f0-r4.json"",""research/harness/hardware-detect/h1-m4-max.json""]","[""be53a6c0237720a8908d1eb4d239605cbec6bd82403c96a54d41a495a16754a2"",""dffbac4a21a71a925f64e4093eb19daf81fb242b4a9706fac9ba1603a56d32d0"",""b7313d4950b91df216f9857a30e2958713b0c5967998ef96ea064f32a90b0a82""]","[""bcbb61f49c06452451eb06ff07ae96c86a7e344fa7fbb51983135d26ef1598e5"",""ec16258b72302ad05987be34d13efe42ea147bceba6c622844cef1e3693e3310"",""472d211cd75c3b63a3e66dfc3a1c942d2ce3ce090b4f126fe1b4d95f1a91144c""]"
research-sp50-c10-fri-b4-q32-c16x16-f0-r4-r0,C10-fri,SP-50,true,BENCHMARK_ONLY,,research/runs/research-sp50-c10-fri-b4-q32-c16x16-f0-r4-r0.json,7c94c5c8d04b64bc59b295ccdc29f6c032854aa6c51ceead1f2ecb7f6b0ddbe0,ccf14ff14b8e40b78b3945b633a79d5b3202ed3a2e0e489feb803a0d80764322,"[""research/fri-pareto/outputs/anchors/b4-q32-c16x16-f0-r4/measurements.json"",""research/fri-pareto/outputs/security/b4-q32-c16x16-f0-r4.json"",""research/harness/hardware-detect/h1-m4-max.json""]","[""3b8f8acea70b0d3ff9df5cef32a08a773d41ab80dd23724dd6bc5f872f71ba2a"",""1786219f9d6fb69d53eeef9de0ca664c110d1215deff727caca9204565d2848e"",""b7313d4950b91df216f9857a30e2958713b0c5967998ef96ea064f32a90b0a82""]","[""deb69cf604b58d40833fa57aa6b0fdecaf0b80a233a7f4c6b55cc8ec9fb17016"",""89ee6e5c1e8490867fd3b2f898f5699a212e0ef7c261b0ebdfa58c1de1138da4"",""472d211cd75c3b63a3e66dfc3a1c942d2ce3ce090b4f126fe1b4d95f1a91144c""]"
research-sp50-c10-fri-b4-q32-c16x16-f0-r4-r1,C10-fri,SP-50,true,BENCHMARK_ONLY,,research/runs/research-sp50-c10-fri-b4-q32-c16x16-f0-r4-r1.json,b070e3d79e7258c2e8b315e776fa6dfe3f573b888c0934fd763cdb25ca0c676d,e1e949d215af812f4f1e22f13c0aa4993a92035bfef47953934edebb4777d6df,"[""research/fri-pareto/outputs/anchors/b4-q32-c16x16-f0-r4/measurements.json"",""research/fri-pareto/outputs/security/b4-q32-c16x16-f0-r4.json"",""research/harness/hardware-detect/h1-m4-max.json""]","[""3b8f8acea70b0d3ff9df5cef32a08a773d41ab80dd23724dd6bc5f872f71ba2a"",""1786219f9d6fb69d53eeef9de0ca664c110d1215deff727caca9204565d2848e"",""b7313d4950b91df216f9857a30e2958713b0c5967998ef96ea064f32a90b0a82""]","[""deb69cf604b58d40833fa57aa6b0fdecaf0b80a233a7f4c6b55cc8ec9fb17016"",""89ee6e5c1e8490867fd3b2f898f5699a212e0ef7c261b0ebdfa58c1de1138da4"",""472d211cd75c3b63a3e66dfc3a1c942d2ce3ce090b4f126fe1b4d95f1a91144c""]"
research-sp50-c10-fri-b4-q48-c16x16-f0-r4-r0,C10-fri,SP-50,true,BENCHMARK_ONLY,,research/runs/research-sp50-c10-fri-b4-q48-c16x16-f0-r4-r0.json,75db53dda7fefda08fdddb80040dc367a11a394fa9f56b1578cc4b8d41ab53ef,84fe9b3af4ae0d1ab8f1db0ef19d686cdb85e5b299c9dd05f7d84d6029f7d5aa,"[""research/fri-pareto/outputs/anchors/b4-q48-c16x16-f0-r4/measurements.json"",""research/fri-pareto/outputs/security/b4-q48-c16x16-f0-r4.json"",""research/harness/hardware-detect/h1-m4-max.json""]","[""acca93f33ead63850b61b212ab3a36aaec8ef3ba2b18d883df211d4dad16b952"",""f300695d33f5cfad7383e383e4dcbca893197a788696e8c76cd5e8e6663cdcf5"",""b7313d4950b91df216f9857a30e2958713b0c5967998ef96ea064f32a90b0a82""]","[""98ddee3a43965d5587b2076213e84a8ddc2dfae51b0ba1ecfbc6abc99e82a68c"",""235f8d74f95de5f2fee54b51b3fa880ecd9508f336473b77af456603ac683f0a"",""472d211cd75c3b63a3e66dfc3a1c942d2ce3ce090b4f126fe1b4d95f1a91144c""]"
research-sp50-c10-fri-b4-q48-c16x16-f0-r4-r1,C10-fri,SP-50,true,BENCHMARK_ONLY,,research/runs/research-sp50-c10-fri-b4-q48-c16x16-f0-r4-r1.json,10ba73ae4c6a6bdacc0b98f0cfe5d4511d922a9aa11c2be9950a7087361c0423,846890b6fadb975e350b7ee1b74baabef20d036a865fc384fd7e3060b8fc625d,"[""research/fri-pareto/outputs/anchors/b4-q48-c16x16-f0-r4/measurements.json"",""research/fri-pareto/outputs/security/b4-q48-c16x16-f0-r4.json"",""research/harness/hardware-detect/h1-m4-max.json""]","[""acca93f33ead63850b61b212ab3a36aaec8ef3ba2b18d883df211d4dad16b952"",""f300695d33f5cfad7383e383e4dcbca893197a788696e8c76cd5e8e6663cdcf5"",""b7313d4950b91df216f9857a30e2958713b0c5967998ef96ea064f32a90b0a82""]","[""98ddee3a43965d5587b2076213e84a8ddc2dfae51b0ba1ecfbc6abc99e82a68c"",""235f8d74f95de5f2fee54b51b3fa880ecd9508f336473b77af456603ac683f0a"",""472d211cd75c3b63a3e66dfc3a1c942d2ce3ce090b4f126fe1b4d95f1a91144c""]"
research-sp51-c20-native-r0,C20,SP-51,true,DEFERRED,,research/runs/research-sp51-c20-native-r0.json,63cea82c521a4beb357556dd0a48ccb1e51413c7b416a4bebe4fd5d82b0779cc,d3aedf2bb9b4d2c1d9a432ceac76accc829919e28f49f95996324de8ff5e920c,"[""research/candidates/C20-hvzk-whir/outputs/latest.json"",""research/harness/hardware-detect/h1-m4-max.json""]","[""913c955640565ce1dc33c9a906c0ca8142e5fdb5ee29e594d1be144f3d0a1bb6"",""b7313d4950b91df216f9857a30e2958713b0c5967998ef96ea064f32a90b0a82""]","[""87abbfd0ec32ced98ffd8ae38f8d8fcb6aacb47312cc00276c419bba2f007dfb"",""472d211cd75c3b63a3e66dfc3a1c942d2ce3ce090b4f126fe1b4d95f1a91144c""]"
research-sp51-c20-native-r1,C20,SP-51,true,DEFERRED,,research/runs/research-sp51-c20-native-r1.json,83911a82c338cba35479db86da7e56a59c8e518c411782192b68397c0a691360,e36d8862c31f61a277c2f4a4ed586ea4368fd0738715cbeaaa00ae4e736e679e,"[""research/candidates/C20-hvzk-whir/outputs/latest.json"",""research/harness/hardware-detect/h1-m4-max.json""]","[""913c955640565ce1dc33c9a906c0ca8142e5fdb5ee29e594d1be144f3d0a1bb6"",""b7313d4950b91df216f9857a30e2958713b0c5967998ef96ea064f32a90b0a82""]","[""87abbfd0ec32ced98ffd8ae38f8d8fcb6aacb47312cc00276c419bba2f007dfb"",""472d211cd75c3b63a3e66dfc3a1c942d2ce3ce090b4f126fe1b4d95f1a91144c""]"
research-sp52-c30-native,C30,SP-52,true,BENCHMARK_ONLY,,research/runs/research-sp52-c30-native.json,28bc2e22dabb858f83e0a36efabf714dbfe602edb506545833642cfe7fa51207,01417a72fdccd585fad4fe2bbc0a5da9b1ffba300a6ff6210bfa6bc3a37471c7,"[""research/candidates/C30-stir/outputs/latest.json"",""research/harness/hardware-detect/h1-m4-max.json""]","[""9ec4b784e26ea55557273d1c1c62c92b94639fbccf435587da3e7012f88c7e9a"",""b7313d4950b91df216f9857a30e2958713b0c5967998ef96ea064f32a90b0a82""]","[""b17524d8377761d2b4910e6a9bfde892cadca3706f64dcd5526037eee71154d7"",""472d211cd75c3b63a3e66dfc3a1c942d2ce3ce090b4f126fe1b4d95f1a91144c""]"
research-sp60-c50-gas-failed,C50,SP-60,false,FAIL,UNEXECUTABLE_UPSTREAM_HARNESS_AT_PIN: target_contract array is unbound,research/runs/research-sp60-c50-gas-failed.json,88672c286678dcd1a90146817a0fb359ee89a3a123d79d73f45b7844323dbd68,326ebf0a77124ce7229491d4ea3e630ea51f56eb6635f07a452491e3ad138e81,"[""research/candidates/C50-spartan-whir/outputs/solidity-gas/result.json"",""research/candidates/C50-spartan-whir/outputs/solidity-gas/stderr.log"",""research/candidates/C50-spartan-whir/outputs/solidity-gas/stdout.log"",""research/harness/hardware-detect/h1-m4-max.json""]","[""e9bcaaa8d97d643360451e5f90b9b4fec25f6884057af9f81dbe1114d25ac430"",""6c0a35829dfba9968648e347569087bff799d015f23e713f476778ff112852ce"",""e3b0c44298fc1c149afbf4c8996fb92427ae41e4649b934ca495991b7852b855"",""b7313d4950b91df216f9857a30e2958713b0c5967998ef96ea064f32a90b0a82""]","[""eee7751f63c01ad5887109e311de21e393f5fedd4237938a190bebdf38611a7d"",""c074e222954785c49d0b955b5096ddd7c52682cb93f9700707c6d27f800ad769"",""c5d2460186f7233c927e7db2dcc703c0e500b653ca82273b7bfad8045d85a470"",""472d211cd75c3b63a3e66dfc3a1c942d2ce3ce090b4f126fe1b4d95f1a91144c""]"
research-sp60-c50-native-failed,C50,SP-60,false,FAIL,NOT_EVALUATED: missing circom prerequisite,research/runs/research-sp60-c50-native-failed.json,64666c4628e2b608ce12e28b6650b3205c3028928dc0b92981a4465b5a8e069b,c033542564dcda6ff447cc70e7a967d40676d0e0df55d4de92b23b2f9a76099f,"[""research/candidates/C50-spartan-whir/outputs/native/result.json"",""research/candidates/C50-spartan-whir/outputs/native/step-01.stderr.log"",""research/candidates/C50-spartan-whir/outputs/native/step-01.stdout.log"",""research/candidates/C50-spartan-whir/outputs/native/step-02.stderr.log"",""research/candidates/C50-spartan-whir/outputs/native/step-02.stdout.log"",""research/harness/hardware-detect/h1-m4-max.json""]","[""9e1a82640a17730c99b30b44ac6852c582cceb195d4610173c95cc7c81d44b56"",""e3b0c44298fc1c149afbf4c8996fb92427ae41e4649b934ca495991b7852b855"",""e3b0c44298fc1c149afbf4c8996fb92427ae41e4649b934ca495991b7852b855"",""655fc2c135d7c6a48e78aeef2d560f30ec5acaebe87b78e18da060162aee6a3c"",""e3b0c44298fc1c149afbf4c8996fb92427ae41e4649b934ca495991b7852b855"",""b7313d4950b91df216f9857a30e2958713b0c5967998ef96ea064f32a90b0a82""]","[""6e0c636de40985c88a427076de1e8b75bc68aa9f862ee89ed9a57cef000bb070"",""c5d2460186f7233c927e7db2dcc703c0e500b653ca82273b7bfad8045d85a470"",""c5d2460186f7233c927e7db2dcc703c0e500b653ca82273b7bfad8045d85a470"",""e244418796e60eeb22077e021278725b83409929aa7e4a817b4a2b24b328ec7c"",""c5d2460186f7233c927e7db2dcc703c0e500b653ca82273b7bfad8045d85a470"",""472d211cd75c3b63a3e66dfc3a1c942d2ce3ce090b4f126fe1b4d95f1a91144c""]"
research-sp61-c60-architecture-smoke,C60,SP-61,true,DEFERRED,,research/runs/research-sp61-c60-architecture-smoke.json,d3fc11d96e491126672780f0cace1fece1c4f744c6a9ca47230f55f719ca3cee,088e1eb81b2dbdadfb693af31cdcef04f0b6763c0f56cc51425e602208b49cc3,"[""research/candidates/C60-recursion/outputs/architecture-smoke/result.json"",""research/candidates/C60-recursion/outputs/architecture-smoke/stderr.log"",""research/candidates/C60-recursion/outputs/architecture-smoke/stdout.log"",""research/harness/hardware-detect/h1-m4-max.json""]","[""32cc8a7bb1fabcbafb1e8cf0a67ecf1cf03e6b3fce5ec109344667d5229cfe97"",""17345a2647aab16e6e4402eab371e454799d659114ad9c0bf78de462e5e451d2"",""bf488d521519615b896cd00e1749cfd6ebc13ca9c2102aaf8ec63b669fe3dbb4"",""b7313d4950b91df216f9857a30e2958713b0c5967998ef96ea064f32a90b0a82""]","[""730a4d79dec1c089c3a68956b82d8331053a423494e31658123c0b44e816d634"",""e5b60151f3dbb67c8f94f64ae7b66b579536b13fd1296228670aaf0233075c1a"",""291d219c6b9a6d7a6e438c965a137e3bf68e6969d4a13b95432077c9f2e726ab"",""472d211cd75c3b63a3e66dfc3a1c942d2ce3ce090b4f126fe1b4d95f1a91144c""]"
research-sp62-c70-historical-benchmark-failed,C70,SP-62,false,FAIL,Pinned batch-44 benchmark panicked because no Ligerito m=21 fast-profile security configuration exists,research/runs/research-sp62-c70-historical-benchmark-failed.json,b48e65678f0025a2b862b2b20d456358ed2ca812649f699642053abaf3c3ef9c,6710e625e9384afa4f40e514d733a2832b632d2c6c5a91416acd190ba00fe52e,"[""research/candidates/C70-flock-veil/outputs/flock-benchmark/result.json"",""research/candidates/C70-flock-veil/outputs/flock-benchmark/stderr.log"",""research/candidates/C70-flock-veil/outputs/flock-benchmark/stdout.log"",""research/harness/hardware-detect/h1-m4-max.json""]","[""68e5c32f5df7770715fe7528206455c86559c79e2b4c816c705d3c8289c01723"",""9a2da03677f48da394bfbccd4db4512817590187e81e7ca62af41f1960f910c3"",""08f298fa09504603823ff50b9d6b05aec1cb37e34c9216592ac1069efc631592"",""b7313d4950b91df216f9857a30e2958713b0c5967998ef96ea064f32a90b0a82""]","[""16f0f87d68c121ca5ec60ea08dc88fc11f60758c264a5f0f4a2aee883e2b46b0"",""17be8690ece198d98f62a1be904ff3774aceffdcf3e5e988e12fa4648a145a50"",""dfd170a9a383a04997abfc7b77817d9a52851591eaf56cb9c420c8399dd5c7eb"",""472d211cd75c3b63a3e66dfc3a1c942d2ce3ce090b4f126fe1b4d95f1a91144c""]"
research-sp70-sp-70-foundry-components,SP-70,SP-70,true,DEFERRED,,research/runs/research-sp70-sp-70-foundry-components.json,27337fd9a44b28e359b2c6795bbc349c30fc80ae5f04ecca11b74e25986666ba,a4545bc49b2edddd1622eeff3b9c60b54325d510842a8d4cd4b4b0e7239a83af,"[""research/aggregation/outputs/foundry-components.json"",""research/aggregation/outputs/results.json"",""research/harness/hardware-detect/h1-m4-max.json""]","[""9e84045da5b1e79fc62e381f81ef946601839538acf0262f6a17df8cd03b72c0"",""81e110572fded278d5bfc3066b39196aa84a439c06ba1412c289c7591989163a"",""b7313d4950b91df216f9857a30e2958713b0c5967998ef96ea064f32a90b0a82""]","[""3f9030860b6d877269d901229052f250e79940bb279d3d2e834a41260781b622"",""1fc7d3b7f14c0e2d71a8c073f7cd3671e56b540f75300ee959ba4b760b9c70f0"",""472d211cd75c3b63a3e66dfc3a1c942d2ce3ce090b4f126fe1b4d95f1a91144c""]"
research-sp72-sp-72-foundry-harness,SP-72,SP-72,false,FAIL,Harness-only projection exceeds the complete two-call gate; full verifier path is NOT_EVALUATED,research/runs/research-sp72-sp-72-foundry-harness.json,2afe64289706eb948424989b2235de16a62d215c1acc6fb8f01581e957034d84,fe6bce66f7e531cd97173142359e54d1daf14c2f50249804aab4e50a20b5f995,"[""research/two-call-state/outputs/harness-gas.json"",""research/two-call-state/outputs/results.json"",""research/harness/hardware-detect/h1-m4-max.json""]","[""33f3afa66487d460c3dc07d57ec186529574d5a31ac27e2e3baa97e1042cf8b9"",""d3b8fd83db276eca533a314e13d2f3933e7a24a6e18061dbed36849687232a12"",""b7313d4950b91df216f9857a30e2958713b0c5967998ef96ea064f32a90b0a82""]","[""adc7844a7aab123d8f854272f8cdab480de12e3d310059eeeeb6b39a13d53b67"",""973327f17d021770057ad89ea8b866945eb974caba6af075535844fc90a2baa7"",""472d211cd75c3b63a3e66dfc3a1c942d2ce3ce090b4f126fe1b4d95f1a91144c""]"
v03-corpus-01,C00/v03-baseline,SP-00,true,FAIL,SP-00 FAIL: 9/60 valid fresh part-A transactions exceed the EIP-7825 cap; pool internal CREATE gas exceeds the cap; the -1.036% Part-B total-gas delta lacks isolated attribution; top-level pool deployment and mined receipts remain NOT_EVALUATED.,research/runs/v03-corpus-01.json,7de3a5a3b01e09ec06e9394ff4e46c9f5a3ca1adbec619a81f236c8f7561b69f,8a7f7d10f93db8ddc9f3933878bde4175e9d5c46ef1901851cc139050e2e8b8f,"[""research/candidates/v03-baseline/proofs/v03-corpus-01/statement.json"",""research/candidates/v03-baseline/proofs/v03-corpus-01/witness.json"",""research/candidates/v03-baseline/proofs/v03-corpus-01/derived-case.json"",""research/candidates/v03-baseline/proofs/v03-corpus-01/mapping.json"",""research/candidates/v03-baseline/proofs/v03-corpus-01/part-a.pqtc"",""research/candidates/v03-baseline/proofs/v03-corpus-01/part-b.pqtc"",""research/candidates/v03-baseline/proofs/v03-corpus-01/part-a.calldata"",""research/candidates/v03-baseline/proofs/v03-corpus-01/part-b.calldata""]","[""d32d6bd78f570d022303179c3eb80c579b08b9cddad3bffc48de0b65e1a16f27"",""07a31b3f825e4651da4a087f1fb9fdba369e29354e4a2bee62d9d6d30845988e"",""048d9dc218d9be58221532a962c8d37d1e239d7177ded9d1a0154abb53da3541"",""fdd5b5cbb6e1d8fd2e964bf51911c91ab53513b1a37cda6849039fb76e497919"",""8a216406eb724deca1e2c72a3ae810e01fb2cc57ce3a63f0f1aad7217eef10fa"",""1eed9ea3f78bed45fe874d5411179d61012bcba95fb83861c81308cb46940a2c"",""402f198235760403ab2b898b56ffcccbd705d755c601a4867101beb8b762bdbc"",""ec0d1899c791209ae95dca1e10c7985b993d793dfaeee64ce795510ae5758681""]","[""d1bb06374a6419e22b03e5884f6a4332f1c67fa1591bb5bb442ca6e61ac94264"",""a297988f4ad4172540c9b80387096a8651e59482cbfaccd85287209af8a692f3"",""0623ff62f0b617365ed2df8c7b7ff28dee032c55f5127f45b2cf5868df2bc144"",""c0a4b2e3611d6ca2d5b033eda5dc5c2b6467f58d2d9e5b89625fbd1f5770e8bc"",""e6a0f993fa22973e31ec1273feddf497114feb716775aaea53b6d1654cf75f3b"",""1539e8c8cc45e8e059266d6118301277522294ebf6edb106620df5639378c976"",""f103c1749229031d31518236a713f455ca6d4aa8952910b37652080b8e3d8f23"",""4eda2f8bfda8eec30bb73d31a45b74c80d509d405e23524f6720a105f95e033e""]"
v03-corpus-02,C00/v03-baseline,SP-00,true,FAIL,SP-00 FAIL: 9/60 valid fresh part-A transactions exceed the EIP-7825 cap; pool internal CREATE gas exceeds the cap; the -1.036% Part-B total-gas delta lacks isolated attribution; top-level pool deployment and mined receipts remain NOT_EVALUATED.,research/runs/v03-corpus-02.json,d4fadf4db1338135df671adc937813c3db1b3bb60ca175b14e0a86a4525b0730,21b695f4a3e7eb6f799eab702d940a967d467a8998831ff85d45836c2afacc45,"[""research/candidates/v03-baseline/proofs/v03-corpus-02/statement.json"",""research/candidates/v03-baseline/proofs/v03-corpus-02/witness.json"",""research/candidates/v03-baseline/proofs/v03-corpus-02/derived-case.json"",""research/candidates/v03-baseline/proofs/v03-corpus-02/mapping.json"",""research/candidates/v03-baseline/proofs/v03-corpus-02/part-a.pqtc"",""research/candidates/v03-baseline/proofs/v03-corpus-02/part-b.pqtc"",""research/candidates/v03-baseline/proofs/v03-corpus-02/part-a.calldata"",""research/candidates/v03-baseline/proofs/v03-corpus-02/part-b.calldata""]","[""2f10971b6bbacf34cbec90be715d5268f506b3db566e1b3fa934bfc3294c6e6f"",""80bc0a9a3d28b4ed2ea58374c3e83f02866129a481e0a935c15fc8951e62e7c9"",""7769e5ab3609c3e0d7c17bd43bb7f228312f8659cc39afd2417ee7e2d94879a8"",""5f73310e86ef29026b83b03ef7a015479ac71a1a064bbc939bc91f614d4ed086"",""f4934efa046e131225fa512db1513e08cbcc1564c463571a6898268d892e093e"",""d8983cd2ba70e01750fa09ac0c116441b627b09c398212e247c0ed8877735b19"",""2571f5c5a416341c2e6a3d5cc4cc6dc44e68336b9410a9cc26480fa5b72da371"",""4a9252435d1294f5b3764b3aa5d6134929f66f55f441227a26aa2820908450ea""]","[""95573baea013e25ba86fd3f1b51f10bd365866f270dc934a2515af71ab96cfc3"",""9d2cf3a3ca1ca9e668a7f20ea89cfedfe3b47176266fde0f3e5a475f00207f24"",""f1cab08f0cba032c6ddcf715709b2bbd94fe04112ed29d61da6dfe49217b1559"",""ecbbb4fc240d8cd80d38809b45e946db9c983bb3385512c80a2b12b1ddf12e62"",""91202e62eb32d8d0acdcfeeaab8aa2c1d57b1c9737fc08953cbe1a8547ef628d"",""ef231506a8b3e8ee8733ea4345464807e9ad2032a4aa92c819960387a6922427"",""708b8d38fd29972ff4a927c4a73679e1b90040bf6e1ff7bb052ad27a04663e9f"",""fada0e38dae3ce0fc0d47799ca33f78a4a8de4b0badf4dc43931001c87bb0425""]"
v03-corpus-03,C00/v03-baseline,SP-00,true,FAIL,SP-00 FAIL: 9/60 valid fresh part-A transactions exceed the EIP-7825 cap; pool internal CREATE gas exceeds the cap; the -1.036% Part-B total-gas delta lacks isolated attribution; top-level pool deployment and mined receipts remain NOT_EVALUATED.,research/runs/v03-corpus-03.json,518be01c67a084467baf64388d28522d77ac43d3afbf7b495abe5265b29e6842,cb845e6c4fe329e174b6b75d9f5a6127b648cea045dce03ef47dd4fc525d0dc4,"[""research/candidates/v03-baseline/proofs/v03-corpus-03/statement.json"",""research/candidates/v03-baseline/proofs/v03-corpus-03/witness.json"",""research/candidates/v03-baseline/proofs/v03-corpus-03/derived-case.json"",""research/candidates/v03-baseline/proofs/v03-corpus-03/mapping.json"",""research/candidates/v03-baseline/proofs/v03-corpus-03/part-a.pqtc"",""research/candidates/v03-baseline/proofs/v03-corpus-03/part-b.pqtc"",""research/candidates/v03-baseline/proofs/v03-corpus-03/part-a.calldata"",""research/candidates/v03-baseline/proofs/v03-corpus-03/part-b.calldata""]","[""c8558275aaaa590a7e69edde6690b2f0f9d12067391cb40a2b77b7b0d856b0e3"",""a85b48d742722b69bfc4da3aceae7fca790240c792adc85f3fdb6a38e4cc5d25"",""107c5f3a0130bfc1e2f5d0698d379a37f9f338d34b47dbe4d9f4239590545e69"",""cfca88322dff471d9538e8522cab0ef0545927d7503b4321d235c8dede3bc96d"",""214f09da86afb4ce6d2779d5bbd23cb89c9a9969fce7fd975ec8eefddc02fd2d"",""9f2f7221dbcbd1ce369a8656d24c143b505258dd5c4dbd0e58e3227857f3b670"",""f13cf2a97b545ce2ff7151a95802a5f559a7458d1d012fe44a448220ca906044"",""de010d3caf2609968386d0e518a3dece6816866aa38a975edd7e38a45b383fb6""]","[""14d433b99ea9e56ff5a0e3af876300da37cbe0689528bc0d82d58662a2b65925"",""79bf421b7b685684fcdc4f799b711715913894f2bd59a862c3f7a473085b5bd5"",""03f2ccd9ea40a14fba87ce796e6dba3be979e2b180d45e8b161d1059ef65fa06"",""e2f008e42d4c48e5a60d7f1e7a7c8464c1e26125f35e6092e160991f1a829890"",""a9311cdbd9be9311520d66a6927608f8694bc155dec84c564a32787d9b898f01"",""00e77104337727fd80c27a85113bccdbd93d42f8cfc3472f405fbcbfdc407c33"",""bd9c9f2991ba8c0be07361260d76eae3c64bfe41a392f6967cc9108df0118358"",""db75d6e32b0cc9a684862ce7adbe6fcf1b28ac4de1335c6801fc46f2f06db691""]"
v03-corpus-04,C00/v03-baseline,SP-00,true,FAIL,SP-00 FAIL: 9/60 valid fresh part-A transactions exceed the EIP-7825 cap; pool internal CREATE gas exceeds the cap; the -1.036% Part-B total-gas delta lacks isolated attribution; top-level pool deployment and mined receipts remain NOT_EVALUATED.,research/runs/v03-corpus-04.json,b28d33a08403cba3e12b14cc79e7ce339a8b2da0ee1e967827e1885a2d97efff,d0ef87575ec059ac45958ef71dede9fbd662f54351efb5ff1787af3138f038c1,"[""research/candidates/v03-baseline/proofs/v03-corpus-04/statement.json"",""research/candidates/v03-baseline/proofs/v03-corpus-04/witness.json"",""research/candidates/v03-baseline/proofs/v03-corpus-04/derived-case.json"",""research/candidates/v03-baseline/proofs/v03-corpus-04/mapping.json"",""research/candidates/v03-baseline/proofs/v03-corpus-04/part-a.pqtc"",""research/candidates/v03-baseline/proofs/v03-corpus-04/part-b.pqtc"",""research/candidates/v03-baseline/proofs/v03-corpus-04/part-a.calldata"",""research/candidates/v03-baseline/proofs/v03-corpus-04/part-b.calldata""]","[""0f88e3cbbae36a8af63f5c2d9ea2586f56805f25687b9e87a4c084ede696f85a"",""9beae8af9a0188542581b5129fbba4be813c4ce38eb1b478cbb1ee9066568729"",""4753d5933c1ac0a4db0ac628081a59053111f5c1f306586e14250a61c381ca78"",""af568e03350ebd925e1fa8c8427bef7c26662ffb0d35fb1a0e1fe9bfcd6521b2"",""6d888009905b664784b529dfa376d82a0ac6e996a8ec3963c5eb3b67bc55e9f5"",""ad446415736e38d83f9a10a610634b33ef5d6a2726c563e4b7c0effeac77dcf1"",""90ec8b2223804ca36d18b685c157dbecfcfd8410d4718f99b75200feca62eb63"",""669763475c1df57b8f0014d21c82d45a1e012e345451de680c1bbd3fe3ba65e0""]","[""7bc4c7dc47d6d2341d3f116969713baadb3a391d0318206d7613ffc1755cd933"",""07747763b2d2d543fe7e23374c564725f2556e312762b2f397e8d66a3c24c869"",""d6b04fd3b6ee3482ec2c361b56bbbe2797ddc9a919812ef467c5e0ae27d0e7b8"",""16867bf5dd58ab069fa7d42841e9c0e5038803e968738b3a5f3860e018b0908e"",""2bea152bf68cfe48a3df5b2f84f213c3fccf7cd937c86bbe2b3811f821d8ace6"",""c1b78e103466ca25b3945af0c26eb00125019d03c497658855aa788671cf3679"",""e523ac84a6c04db1d7c42c60744960dfa821637950fd608372f37ae0d91fcbdd"",""a96496a4c6018df6a07916235a846a6f487a12a8136fcd3b32de95910733681e""]"
v03-corpus-05,C00/v03-baseline,SP-00,true,FAIL,SP-00 FAIL: 9/60 valid fresh part-A transactions exceed the EIP-7825 cap; pool internal CREATE gas exceeds the cap; the -1.036% Part-B total-gas delta lacks isolated attribution; top-level pool deployment and mined receipts remain NOT_EVALUATED.,research/runs/v03-corpus-05.json,a4b1be8b4a75c4b30b7d8fe1fd32018d1e73667e24a48386f0c7e70c90c2d26e,9933eeec1a7a9b56d2a4e1f2e6ef2bbe224f52dbc06e279d2345f1620ac61460,"[""research/candidates/v03-baseline/proofs/v03-corpus-05/statement.json"",""research/candidates/v03-baseline/proofs/v03-corpus-05/witness.json"",""research/candidates/v03-baseline/proofs/v03-corpus-05/derived-case.json"",""research/candidates/v03-baseline/proofs/v03-corpus-05/mapping.json"",""research/candidates/v03-baseline/proofs/v03-corpus-05/part-a.pqtc"",""research/candidates/v03-baseline/proofs/v03-corpus-05/part-b.pqtc"",""research/candidates/v03-baseline/proofs/v03-corpus-05/part-a.calldata"",""research/candidates/v03-baseline/proofs/v03-corpus-05/part-b.calldata""]","[""ab1eb59b5bece5f14d8cb52b939d215f17fe6c4174c89e7d1e416fb7c30051c9"",""02cc712b257249aacdac6b1bf7a5f8444ee781938eb9abb5f630ae650ea89f32"",""1f29305b2758aa38fb3f94f663d9a083db1224cff1f7ff71b12d404d90fc4b3a"",""cba64854c7d1191b7deb9d9b8a2f8536c48c167d3dc835a5d5363f585c4b5471"",""ab3613363619e86c22acb30c215637a7a4733eac6d61d772e78459c5eaa65e26"",""99196c915a12c210282fe11321b7f5e924743eb1de0d37e3f327fbdc14dcc58d"",""8063ad565043a8f44e323018b2792fc0e88a736879fea727db83be2906a7b5df"",""c8ec216d4f8672e7845c073468fe9112acad78f33a4d59042b8f048714ac67ca""]","[""ac163cd1bae82aa8243a6f744627aaeff8f1351437552a6bbbbd9618f63deead"",""06d21b5f59b77418e44a4c9b1a293c091a4db98a037624d2beed8ffc5ea4b7a0"",""8891329f0789be2013526d655adf7c797011ad6b9a5ebdca374012028d66ddaf"",""844c7ab05b2ce520a8df7e2d684a79f1d3547957e7550bb5ab1777ba6807c39e"",""29e56007e1346fc4d960cd57dc26344469a86700ffdf26910d49fa32736ad5c6"",""a08dfcf9e2de0a3f4303eb3a89ac044064eb886b272e1143d441dc5b41a131e1"",""bec23ead1c11c0153746b45f07d0e9a57285cf09c7b333a7cada05aa8304df38"",""2b0ddf0634653548e0a8b65ea25e790de1473c42cf86d0ec837e0194dbee5d96""]"
v03-corpus-06,C00/v03-baseline,SP-00,true,FAIL,SP-00 FAIL: 9/60 valid fresh part-A transactions exceed the EIP-7825 cap; pool internal CREATE gas exceeds the cap; the -1.036% Part-B total-gas delta lacks isolated attribution; top-level pool deployment and mined receipts remain NOT_EVALUATED.,research/runs/v03-corpus-06.json,db8017c21d6da2b6fb63b15743fe260cba3277e4433ffefa881a8d8e04161739,d49cbb49885656927c9dbc313952987b02424af48b0bccf21a1cea7348e59e30,"[""research/candidates/v03-baseline/proofs/v03-corpus-06/statement.json"",""research/candidates/v03-baseline/proofs/v03-corpus-06/witness.json"",""research/candidates/v03-baseline/proofs/v03-corpus-06/derived-case.json"",""research/candidates/v03-baseline/proofs/v03-corpus-06/mapping.json"",""research/candidates/v03-baseline/proofs/v03-corpus-06/part-a.pqtc"",""research/candidates/v03-baseline/proofs/v03-corpus-06/part-b.pqtc"",""research/candidates/v03-baseline/proofs/v03-corpus-06/part-a.calldata"",""research/candidates/v03-baseline/proofs/v03-corpus-06/part-b.calldata""]","[""5f7f9d9e7469100032a842437ca3ee5faaf66ec105a15f7fa7022fe6924855c1"",""30a0450072779ced3b2b421ed93f3411e2118a316ec2ba383287fbd2ab9ecd41"",""0bacbd683848e157fabcca101a4aeb31c3eb46fe5053e6e135542a9d92b1e6ce"",""3028e858311ac1c4ceb33f8a893ed5935dfc39de6929bfab71c4cb0210df7927"",""2ac4d27d11a2d366eb12ef8ea0d2ab78abe10fc556b9591e5615311f1974c848"",""8043485758b6d3fca8ff415f1dc0e5f109fa15474da072cfd40e70b294f77d50"",""5cde2f8ae4d38108ed92d3b63a62ba277ba28e580b18ad3da18d0058fa5ca646"",""b3ec02d6cfc4b250e5f0f32ed00a2eb6bb7fc925b2d7ea7e2f4c65ee19fcaa56""]","[""f97a3ded2db873c9fa604e13bf1e753e1bbadd1c4df16ed1cd48ce6b812062e6"",""1263857a39cff1fe12ad4a031b2ae542be712c8dc4b6f71c5578cf348257feb1"",""cdf3ae432f736dc4d3e387a858ebfb423bb9402fd22dfde7558fbbb063872d0d"",""a7b7515341d4ddd9b381bb54da07cdda4f660aeebe7402b09521ca1969158750"",""cdf52991ddf44cc1c154fea3324a0988e863fdcf0f226b87b17151034bcbeeac"",""5b60362f677cfd7606eaecd0195f071bda98cdb778f2407067fd94a5d1a92a34"",""5425b21b4aed2cec772ab9e9bdf7cd5e7c568c179c0ddd6dd6da6d4506e8378d"",""9486de68bed5160a4c900cb503d3786ea377f9cea8b08cae57b389185e09f1dd""]"
v03-corpus-07,C00/v03-baseline,SP-00,true,FAIL,SP-00 FAIL: 9/60 valid fresh part-A transactions exceed the EIP-7825 cap; pool internal CREATE gas exceeds the cap; the -1.036% Part-B total-gas delta lacks isolated attribution; top-level pool deployment and mined receipts remain NOT_EVALUATED.,research/runs/v03-corpus-07.json,7ca6aee9ab7deed9f75f4f2dae979aedf6377477199ec55e31779283e30d6e1e,16c87c5bbe7ad2b7ea3c48f332adf2eb098a75455ecd88a792919b72c8f605cb,"[""research/candidates/v03-baseline/proofs/v03-corpus-07/statement.json"",""research/candidates/v03-baseline/proofs/v03-corpus-07/witness.json"",""research/candidates/v03-baseline/proofs/v03-corpus-07/derived-case.json"",""research/candidates/v03-baseline/proofs/v03-corpus-07/mapping.json"",""research/candidates/v03-baseline/proofs/v03-corpus-07/part-a.pqtc"",""research/candidates/v03-baseline/proofs/v03-corpus-07/part-b.pqtc"",""research/candidates/v03-baseline/proofs/v03-corpus-07/part-a.calldata"",""research/candidates/v03-baseline/proofs/v03-corpus-07/part-b.calldata""]","[""f37647e718541642183a51bc28208d0c5cd95adc68bbe49ee5a18b174b65d2dc"",""4427d7b08934d3218466faeb663005ec265e43d4a316ab62470c40c1b9d0c994"",""bc138cddf3255fdd4b93d94f96bf0240529b89e653070f41c2ca4661cc3323b9"",""6a216512f241f34a8d5580f280318af7a256ea9420bd10d3e119a2498d3c21bc"",""f85dbdafbf943a05b76dadeb332e8c364cc835e286be8ef1a111abc9aaa8f413"",""04bc81b179954b6ecb505ef14757989cad32a9e8a40d2d12dd22ae4bb6a55bf0"",""480f5a6e887d646e40beef1695e142f34360800f8459f1505a93e4261bc14c65"",""600e1d187dc803386ce76adb36068eb5b678fb02ad166fdd54f8dceeb2cdcc40""]","[""3c246d339a53fe4d66e0379c52f6a7bb06305a4672cb4a02f49e633186726ad0"",""df85a43783eeb912cc9d13e0e91f94705f747433f341a6cc0f9da7da948900d0"",""1039ce79b97c8cf8e6b59bbce8dff448dac169d6f2cdbaedef28856a6462609a"",""af01ce94aa827058aa34bffd3f958fb49951138df4a010487ad7bdc6a4bc3244"",""3a658b201e7a1d649a9d453a2608cb48c0c1d7d103567479dc7b39485add780c"",""0fcb3b7e8833bb16e216f7589ce5e486f6f0f1a0759db8b93b71e7d3e587eccb"",""02d24a4fb2bb1f74d5b5aa26be6ad822b97965eb30862b9e89537b393f809077"",""ef9e253689178db445b0c003076d2b9436b93c07e5a891f063bc902edd20f985""]"
v03-corpus-08,C00/v03-baseline,SP-00,true,FAIL,SP-00 FAIL: 9/60 valid fresh part-A transactions exceed the EIP-7825 cap; pool internal CREATE gas exceeds the cap; the -1.036% Part-B total-gas delta lacks isolated attribution; top-level pool deployment and mined receipts remain NOT_EVALUATED.,research/runs/v03-corpus-08.json,26e51065df08450e09934c115098f85a5af9f55f772b73f6772ca984a9e2f745,74e233c8b0590152ec4518f76372a00285902d9e895b64c58039f10ea8c843fc,"[""research/candidates/v03-baseline/proofs/v03-corpus-08/statement.json"",""research/candidates/v03-baseline/proofs/v03-corpus-08/witness.json"",""research/candidates/v03-baseline/proofs/v03-corpus-08/derived-case.json"",""research/candidates/v03-baseline/proofs/v03-corpus-08/mapping.json"",""research/candidates/v03-baseline/proofs/v03-corpus-08/part-a.pqtc"",""research/candidates/v03-baseline/proofs/v03-corpus-08/part-b.pqtc"",""research/candidates/v03-baseline/proofs/v03-corpus-08/part-a.calldata"",""research/candidates/v03-baseline/proofs/v03-corpus-08/part-b.calldata""]","[""5a5befaddc8785dcd7560f8785ce2b49a47f8526fa6f459ba06b5544225b6dcb"",""2a20cc2ff1ead020c0d78077ef130bd551f03d41f26b0c045513b9c183d73dd9"",""bc6dc3fb6abd79ceafd5e0e34e62b105e41ccb89a40855caf42a7ed0627c8e01"",""6d80ea702a16c4b5e310654f4257e42cb827a3444d3036136abd013b79153c8d"",""a33238694ce5c96e78d0220caf0de84a08dca26c98b01304bd15f44c362c86f7"",""1d780db0dd34f64f428cf71f0e160e85ccf0718633a59e9d803505e28af0e5a4"",""5d643c466403bf6d1177df43ed6df7f2ccbc1f21ec63a602eee2f92909530dbc"",""469da6a36296c2346ee2f254ff9da49492da70aaff0e6dee08a60498567502b8""]","[""4dde79416f9f5fce24026cfaf28266e0345eea7e286050223eb0e5c9b3ffc375"",""ae7faa056a63886f66eb6065a7f43fe80b27e8514f0023f7a69f7a36255ed621"",""b953fe6ee8c7253dedce5434d041cf7b45d0dc728ce62fd0e7260e78cd187856"",""b78b88875a1e11c7f43bf7bdbf8e32da8845118b81607343147a46548ea88653"",""4190337e5604d8ae49cea467d129e4317173d120ab8981c75488ea4096ba53d5"",""eedf47608b736aa0fc109510c512f47ca1f4c6808e68641469eacb1ef42d3158"",""9f62df284d6f886e65e77d82f47e862f77a2d3aace4a1da99ca05dc7b3ab4348"",""e2b03cad631d460104e3ab3f9d2feef40aef5dc1110d4a0ddd6a5cb046e2699e""]"
v03-corpus-09,C00/v03-baseline,SP-00,true,FAIL,SP-00 FAIL: 9/60 valid fresh part-A transactions exceed the EIP-7825 cap; pool internal CREATE gas exceeds the cap; the -1.036% Part-B total-gas delta lacks isolated attribution; top-level pool deployment and mined receipts remain NOT_EVALUATED.,research/runs/v03-corpus-09.json,e9d66394d867be95d8aaf2e3b08fc733801013fdcec81510ca09c5603f4b2fd0,3033db208ea4dd7ac4b5e9c5ed062af5e265b856ccd2a43168306c05ce794620,"[""research/candidates/v03-baseline/proofs/v03-corpus-09/statement.json"",""research/candidates/v03-baseline/proofs/v03-corpus-09/witness.json"",""research/candidates/v03-baseline/proofs/v03-corpus-09/derived-case.json"",""research/candidates/v03-baseline/proofs/v03-corpus-09/mapping.json"",""research/candidates/v03-baseline/proofs/v03-corpus-09/part-a.pqtc"",""research/candidates/v03-baseline/proofs/v03-corpus-09/part-b.pqtc"",""research/candidates/v03-baseline/proofs/v03-corpus-09/part-a.calldata"",""research/candidates/v03-baseline/proofs/v03-corpus-09/part-b.calldata""]","[""beb8da5174d8a51ff814eb122809aa7aee664550c4e67e30b379210e5d790bae"",""28849b5d78d85502edaf6ac7d1cee403b506b94da35d5a81a61f1809ceeeee96"",""70a1d50663ce8dadeb35343cdcbe43811168c748c25f3b871a1ae46bc17de711"",""b57c1dd8ec2cf8099b4be7f0fcadd8bc5217b1e82cf7d4f8c5df30d920f63ccd"",""94c617b0feb07fefa7705558dfd6e7e2b5746a3b02182cc1aa2d1777fee0c285"",""2170ffaa690519717df360ce9bdba62250ef0963554ea4c6dabbe5415f2a76fd"",""339c8f0a1b95646e63837567b64d5af613f8fdd605d0acfc5d1666b132812e4b"",""f39972199ed9f6edf67497be0dd4fef020ce1f9d55f4cbf8b6c0badb0a909446""]","[""cf8156e6552e0ba72375c275d329e5a14478d74555b3cd58019766be5e79e4c7"",""d9a875fbed3aab028e298219355f3d505fc88ad92bc41b52be220ce07c87970c"",""f9896fbf3ec2aa84dad9011f5951e1ef682d3f2ab0607cddc719e7da8c0b8a49"",""edea5cce18b64eb6d52b5348aeb87b03df56390bc23b0353ef5ce123fdb525b3"",""8c58f3e0a132bd0270f67e2e8a8700dbb5703c8d2fa2b3c7ee6d970b38a54e8e"",""bf163d9fdc81c47e2588d019269af05e023e434b63f2700cb6eb3f16e1fd2356"",""ce4aee75def161ad28c3c66d833b39c88da9abad443258512b30c5bc21be5fe9"",""65207508502472b8e5a16e72280d844b5cf9ead53680af3c0e84748574e9adf6""]"
v03-corpus-10,C00/v03-baseline,SP-00,true,FAIL,SP-00 FAIL: 9/60 valid fresh part-A transactions exceed the EIP-7825 cap; pool internal CREATE gas exceeds the cap; the -1.036% Part-B total-gas delta lacks isolated attribution; top-level pool deployment and mined receipts remain NOT_EVALUATED.,research/runs/v03-corpus-10.json,c80c5f6ba72f5d6977504d2c572fb027089f6b0940a1d68b077688df402dd538,66e7ae50a6fda72a7a22ac4b48f3bde0b28a0508ab6ed027ef954d3306c4b062,"[""research/candidates/v03-baseline/proofs/v03-corpus-10/statement.json"",""research/candidates/v03-baseline/proofs/v03-corpus-10/witness.json"",""research/candidates/v03-baseline/proofs/v03-corpus-10/derived-case.json"",""research/candidates/v03-baseline/proofs/v03-corpus-10/mapping.json"",""research/candidates/v03-baseline/proofs/v03-corpus-10/part-a.pqtc"",""research/candidates/v03-baseline/proofs/v03-corpus-10/part-b.pqtc"",""research/candidates/v03-baseline/proofs/v03-corpus-10/part-a.calldata"",""research/candidates/v03-baseline/proofs/v03-corpus-10/part-b.calldata""]","[""85a4f121074eeaf74d24ac40a85e11ddd38f6908bec6682351b01580fb94674a"",""e03e2d3ff6a2908dcc14fd28c21abb5dce4bbf202a43f4f0072a383a7a6e0ca9"",""71d7d0c637121a3a69b382fed2d1139f6ce3e6de761b5230c62decfce4d1154a"",""2418752103bed00e2fbdbe47cf52b8e69c7e450c5a7e1c48e010faef84a623a8"",""b600e91f27dd66d32b28a93a8c18a5433da83e44a171fc94b258fc657d21cdf8"",""e592b26f4f1f86a7c96e2f68acb7251f32a159d13fade4607ae438dd8796a85e"",""2394913d2c00687ca7afda76c568e8ee747d4daa51ce9fbb24db8532f8b7ef68"",""814d03c20bb67431c12e1ce5019181c56400ada2dd3dbc091e11dc4640946890""]","[""9e0552dd490014f8e4792e15f85e5f330a7aed6bbdd9abc65a19056394f79aaa"",""ee4617b69932f412ac8f2dbaa4097007afb87a228b5c6f67d7a135d82081e9e7"",""3d5ac6e2dc674cf2d5e1fb48c2c741673f85a2ae32d9dade3cb1aad66735594b"",""01fb4a20a513aca0807fef90378294847c38136284c97ce7dd710536c4695d2e"",""af8e683222e011a1fe2c516fe380a50d66f0d3a3799a8d26a46e1e198f8fc6b1"",""655b447e76e9e1dae8e377c9c84e5574f25199ce8452c3f598c11d37c97b9381"",""9c97bfb0ed8f6d21527a735a35e610c0fbe13ecde2bb5ccee87297cf669137a4"",""51cdea530b2af9dfbcc9f143db80aa0466d7ffef01a6245a1648a35e90625b52""]"
v03-corpus-11,C00/v03-baseline,SP-00,true,FAIL,SP-00 FAIL: 9/60 valid fresh part-A transactions exceed the EIP-7825 cap; pool internal CREATE gas exceeds the cap; the -1.036% Part-B total-gas delta lacks isolated attribution; top-level pool deployment and mined receipts remain NOT_EVALUATED.,research/runs/v03-corpus-11.json,b73e102eca803dbbedfb60ca718b42f7156fa62d99b2475120aa807436670798,a1a8ae75f0c1635442777522862b3749462a9ba66f63986f31a35f3dc6f47f8e,"[""research/candidates/v03-baseline/proofs/v03-corpus-11/statement.json"",""research/candidates/v03-baseline/proofs/v03-corpus-11/witness.json"",""research/candidates/v03-baseline/proofs/v03-corpus-11/derived-case.json"",""research/candidates/v03-baseline/proofs/v03-corpus-11/mapping.json"",""research/candidates/v03-baseline/proofs/v03-corpus-11/part-a.pqtc"",""research/candidates/v03-baseline/proofs/v03-corpus-11/part-b.pqtc"",""research/candidates/v03-baseline/proofs/v03-corpus-11/part-a.calldata"",""research/candidates/v03-baseline/proofs/v03-corpus-11/part-b.calldata""]","[""bf7aa3efdb297dcc77b2a9ca3e791f3df9ced7f7ce0f7a404fd428a78396d13f"",""d2558ea15cb34526592ec9e89df6b42ba404b0515da02577668020e036acfa4f"",""1a3452f2d57dc9ff08b678853ecc4e504cd4c95d2057761bac65a4a8911560a5"",""cd2569c5b64c9dddda50350af59e1d4978a827fe202b96d0c4ccc60b69055f3a"",""e3d322c350be01d0cf8cac495479a1ff9ad78ab412c0de297d9923189b9c5a43"",""aa2f4639ceae8158f0cea41635b3675f2ce560374faa5ac4236bf4ae59147ae4"",""e2ab515e69cee37b2a1a65f8b4daf844651d037d01ea15c3a3e12c98370b4f31"",""78b311335d6c47950bfc82df2d1cb4ebf4f7627b4747356f06025ae0c342bb82""]","[""696bc9069174e252bc9eede65ebce6541f7bfb2bcafbf49f17bf28377a93bbb1"",""e9583d7c7c6b0b9bb243e45ee08d67973ebdd87be2230e5f8c5aba9d8392d935"",""2f7d6badf7b62e27205255155133188aeb62f046cabe921e02a6cee679f5c9a4"",""cbc6cede97ad81b93febd233adc568a6ac5bbe3393c4f0616d52a02729ffc3b3"",""c1b6c1afb6272805783e93af09b807c606cce1fa7cde362a25d398b24d98fe11"",""3d0d931d0667e0141ef323085ba0a425513cc95877e9cf76ccd82db446aa7a62"",""00b09e8ef14c238836e9adb41755f3573ef7d69bccb74b195e17c3f697410de5"",""cfbf31f37ef8af678044d50d165595e591f1fc268031258685d27e6c1dc5c3b6""]"
v03-corpus-12,C00/v03-baseline,SP-00,true,FAIL,SP-00 FAIL: 9/60 valid fresh part-A transactions exceed the EIP-7825 cap; pool internal CREATE gas exceeds the cap; the -1.036% Part-B total-gas delta lacks isolated attribution; top-level pool deployment and mined receipts remain NOT_EVALUATED.,research/runs/v03-corpus-12.json,548a37f2b5e6e4835122ff446e2c0ae0b30d2b2a74bd0dd85f16615b15d7c959,4a92ca3f92f0cc1063d177f404624a78956db226eed2753dfcf6a222539986a2,"[""research/candidates/v03-baseline/proofs/v03-corpus-12/statement.json"",""research/candidates/v03-baseline/proofs/v03-corpus-12/witness.json"",""research/candidates/v03-baseline/proofs/v03-corpus-12/derived-case.json"",""research/candidates/v03-baseline/proofs/v03-corpus-12/mapping.json"",""research/candidates/v03-baseline/proofs/v03-corpus-12/part-a.pqtc"",""research/candidates/v03-baseline/proofs/v03-corpus-12/part-b.pqtc"",""research/candidates/v03-baseline/proofs/v03-corpus-12/part-a.calldata"",""research/candidates/v03-baseline/proofs/v03-corpus-12/part-b.calldata""]","[""da9a90b27a60890d643ef9243b16a3fc22c58dd0667ccbaf463c1f56481b3939"",""cfec94e8e652888b214ad75d08d86256a7d0b8f78114915f9157b6350a35e056"",""40bbfd2ebeab2d07a2b0eeb9fd8eaf915ce625843764d14b76ad1256dd678919"",""6815dd266a60c857923d54b0c24844b4b3c4cabbd0634c800ac9c124535d2d7b"",""adb2dfef5c7547a31a049687bf878902ee2f23a6c02836ade34e4b7e29b2c427"",""73a9bf8f1dc49b1cde073c04c5f0b71a5c622369d41a04641b64a720e49a1e2b"",""20774668d395f60220ba8c84a11acd807436b1c76f4188c0397a6cf28cd23bbd"",""2d7847c2073d99158603f9c25eeae82a7c2ea86dbdc0a078c631657ae6b88306""]","[""440198925b7e15bdb98095395c3ac70a5e4494b84976a9607cf619b5e50700d5"",""e832e48efc4dfeb5bee2d1071afe03ce1143968a14966ae5ceb5358ac49d7b3e"",""2941981aae075c255e9d28857c892600c07f7156ad7d8a1153e239395cfd4b98"",""f9966be9d936eb418a622b48f00bd87a0bb61a1a025074bceddf6978a3fe7253"",""32d2c839dbeb9ac47d8d0b1c3837a353962c054bc800e025941d7c9501d687cf"",""c0ae0d6d3c0b55e1c1bd73c252d7acd35d7f22a975a8529c88d67d2d205e8c24"",""698262cf448d213127118fb54162959eddb8d7e32261f43a93ed500ad1b08497"",""1e161c72b712bf57cb19b4dbf6ee5221c53ada4753aa54adedfc8424255ceffe""]"
v03-corpus-13,C00/v03-baseline,SP-00,true,FAIL,SP-00 FAIL: 9/60 valid fresh part-A transactions exceed the EIP-7825 cap; pool internal CREATE gas exceeds the cap; the -1.036% Part-B total-gas delta lacks isolated attribution; top-level pool deployment and mined receipts remain NOT_EVALUATED.,research/runs/v03-corpus-13.json,c88c0096edbc3e9bcc1dd988b734c09163936cac4707c9944940c2e8414d6d0e,43b149d53d1dba35aa789f85cec370f843f521a26eccc705f7c1f518166527a7,"[""research/candidates/v03-baseline/proofs/v03-corpus-13/statement.json"",""research/candidates/v03-baseline/proofs/v03-corpus-13/witness.json"",""research/candidates/v03-baseline/proofs/v03-corpus-13/derived-case.json"",""research/candidates/v03-baseline/proofs/v03-corpus-13/mapping.json"",""research/candidates/v03-baseline/proofs/v03-corpus-13/part-a.pqtc"",""research/candidates/v03-baseline/proofs/v03-corpus-13/part-b.pqtc"",""research/candidates/v03-baseline/proofs/v03-corpus-13/part-a.calldata"",""research/candidates/v03-baseline/proofs/v03-corpus-13/part-b.calldata""]","[""be3b64b1192ac3e4b6a85b38d30d30de5d3a801d13b298f03f99e8a4055532a1"",""8dcc2cb6429e0ce1f9f6421bff74d9bd9f81001c8d4f523040df69cf00ad1de5"",""af53e36b566b6598fdfa025968ce75890fb07e1f839c6b65114513cae85dcb59"",""ebb5f51747c7e6b3c52d6bf9406ea50380daded969117461bb0ad9ff63caa200"",""c7186096190d169bffb17186fd0d8b405678976971aa486e1ca1178363ebff61"",""ab941820c1ccac2a81c6a8729b5dd539d202c538a955deb13862aebe406eee97"",""86573c77824274fb537b9d6b94b01de6beadab9437d43bbf29e47eac0204ef0b"",""fdcf2a5c229fe585bd3331a52517fa96010b8a73503c5109045b90fa89e33d32""]","[""3a0a73f7024c1236dca2206558a447fe68f3ca7f99bb6a41f725192c140eeea0"",""5eda11a665f08a2264c0f7aa3f10a587d827e8ac4347cb34caff2d3b6cb0ee19"",""e89f06306de1a877dd5c9165217a595cf9c624eb821ff110293cb86d0f49bcb4"",""1ea1d5b4d67f088e7b0d5b809d66c581eaae93a2a0a4c0f48173fcdc9e29663a"",""edace07449462105c4f2ae9d6260e1c8e03cede24d7bf7f2176bc26d94ebcbce"",""50b7d3e81dacd725a33db5067df3b64a019181853c8bc89f7f4d207bde79531e"",""1ec8d0c1f0dd2374a6a1cb3cae3bf508a1672a3cace8dba843690b48b169662b"",""7e72837e8bbe19879a04e92472a584a943bf58bc6290c1e38dbd0c12314673e8""]"
v03-corpus-14,C00/v03-baseline,SP-00,true,FAIL,SP-00 FAIL: 9/60 valid fresh part-A transactions exceed the EIP-7825 cap; pool internal CREATE gas exceeds the cap; the -1.036% Part-B total-gas delta lacks isolated attribution; top-level pool deployment and mined receipts remain NOT_EVALUATED.,research/runs/v03-corpus-14.json,a349b99a4904889372c0eff4c52cdc718bf4bd017f44bb35588fc363b7619dc3,f60767f848bfd053e8e7f02c2ce244dfa2d20838716983149431e4259496c958,"[""research/candidates/v03-baseline/proofs/v03-corpus-14/statement.json"",""research/candidates/v03-baseline/proofs/v03-corpus-14/witness.json"",""research/candidates/v03-baseline/proofs/v03-corpus-14/derived-case.json"",""research/candidates/v03-baseline/proofs/v03-corpus-14/mapping.json"",""research/candidates/v03-baseline/proofs/v03-corpus-14/part-a.pqtc"",""research/candidates/v03-baseline/proofs/v03-corpus-14/part-b.pqtc"",""research/candidates/v03-baseline/proofs/v03-corpus-14/part-a.calldata"",""research/candidates/v03-baseline/proofs/v03-corpus-14/part-b.calldata""]","[""5e7fa4190d86bcc6f6188307817a803ac57c4a9206a0bd4aa58ce9fa30ac9108"",""74f3da3999ea4e98d3b06820c30ff9caa57bad47756e75ce7c616a5e8139c449"",""c9bd998a725c31622c19986896b8f235131dd225aec8277cf9d5b1b7a2ab77e9"",""559948db860459651b62b29ce896ae107acfe33353e829e181157fd644d51e7b"",""47b42bb21b49eb1d5522313f2d86d4b28a911f52dbb7b0637775f711ac41e5a1"",""355681067888458a3a7acc2b27a1c3e1dd38e9a13b64f41ddcba2fc998dae710"",""d5952ac79344e999d5bc827c2b2d9dd07d2c10e870447d253220a43adc6af90c"",""597071bd549368027669ddf2b008d2b195c3891a33f0c4cca57aac16381a65ba""]","[""e4eceea98ac47b920e6b02d206f4a44d4b592279596dc78abe1009d9aca3e676"",""76c21795941994988f93ec312e7b435f1e7f990b4d09fe7295b34b91e49388ac"",""16fa3466e25da98e4402b0466125795ceefb15e4c656eece60cab22e42fd592b"",""475ef85c9166935ac63372558d4402f36609ad4a5ed9e930cceec78de4bac492"",""ff2742683d1564faf7a1668905782b3e3458b650f01ba4cce3caeed8f7c804a0"",""a7b10954642f0a2e68b0b03857d78c54bfab1a7caae1d489a8e3cb3b3d237d60"",""592ced7ef3cd08950bafcfef94f4df4fc2eb0fc1a997f0e0a304c6ea64379e4e"",""6af0c3e5a7ebaf0b8f23ac9db7cb243b7a97414274907341eeb2ad30c8d7084c""]"
v03-corpus-15,C00/v03-baseline,SP-00,true,FAIL,SP-00 FAIL: 9/60 valid fresh part-A transactions exceed the EIP-7825 cap; pool internal CREATE gas exceeds the cap; the -1.036% Part-B total-gas delta lacks isolated attribution; top-level pool deployment and mined receipts remain NOT_EVALUATED.,research/runs/v03-corpus-15.json,640e51a0548bafa3ffa0bf4aa5bc4a18bc5141b5147f3eac4f7f3b84c92470ac,d6bc1c8ccdde3cf4d7ff717b5c6d94d4d2291422d4214fdf8792e4058483fca4,"[""research/candidates/v03-baseline/proofs/v03-corpus-15/statement.json"",""research/candidates/v03-baseline/proofs/v03-corpus-15/witness.json"",""research/candidates/v03-baseline/proofs/v03-corpus-15/derived-case.json"",""research/candidates/v03-baseline/proofs/v03-corpus-15/mapping.json"",""research/candidates/v03-baseline/proofs/v03-corpus-15/part-a.pqtc"",""research/candidates/v03-baseline/proofs/v03-corpus-15/part-b.pqtc"",""research/candidates/v03-baseline/proofs/v03-corpus-15/part-a.calldata"",""research/candidates/v03-baseline/proofs/v03-corpus-15/part-b.calldata""]","[""512f7c61ae7c0f71956a0156a9a49f3f71ab5932f2a69dc334a57522622b65f1"",""bfd53795d122e689b36e93f59176dc94914cb926eec0bdd937ba5d3dedcd2210"",""8dc6282a864891a0a042c81d18a31d5db50fee170b99094a8465917455a66390"",""73c456168329eba010c987981845e2abc47cb0b62ed1504631714e8eddee35ec"",""07cd2f7074c9f465220269804ae38ad632d3c62efd6936b9fa5122a953e54ad2"",""4212805375c35e75a572d0956cce6d55aee3ed966a05033e6143db5186bdf8bd"",""0314e4642f30d94ac7f71c02409a44c0de57adf5155cdb3065c884babb29f022"",""d409779ea975f458efae813c01d3313835ec67d09d5d605e8140eb7a563534fe""]","[""ee40ca7bbeeeb42cdf9e7645b060ab705083da63a16f69c54ea9d318b29ae73d"",""2fe257a26ac280adc2363ffb19bde36b0594dc963983e3886ece5e7cb86b3f12"",""050c5e4d4a955179fd05b9e2bb2b6cc83ea0bab9aa4731c91a70b8e20fb50ef5"",""b8ed7896b02b5a1e352f67e6fa5c6b700bcd08890447f467f1fe68a02098b318"",""5947870009f618535c857fa6b800efa82a02beb552f889ac1f9be157a45f3e8a"",""e06087335ba5e04fbf0765162fc62ede11f24ea961c9288ba4d758a4c43cc60a"",""09b95c3a46e26fa845838d0e2c12d3c8060b85cf231967acf81a38fa6590e10f"",""6f76497108793d2adfc12fcf111153eac6692e0988552fe3c39ba774dcb9934b""]"
v03-corpus-16,C00/v03-baseline,SP-00,true,FAIL,SP-00 FAIL: 9/60 valid fresh part-A transactions exceed the EIP-7825 cap; pool internal CREATE gas exceeds the cap; the -1.036% Part-B total-gas delta lacks isolated attribution; top-level pool deployment and mined receipts remain NOT_EVALUATED.,research/runs/v03-corpus-16.json,d429ebcaae0f0e6cde3bbaa44cc448cb40dd29fae5bd682d7e01b89407b04d67,2bfa6a7e39c85b1d4a07e189193f726b57360eff611bd53d96002cd25ade2ea7,"[""research/candidates/v03-baseline/proofs/v03-corpus-16/statement.json"",""research/candidates/v03-baseline/proofs/v03-corpus-16/witness.json"",""research/candidates/v03-baseline/proofs/v03-corpus-16/derived-case.json"",""research/candidates/v03-baseline/proofs/v03-corpus-16/mapping.json"",""research/candidates/v03-baseline/proofs/v03-corpus-16/part-a.pqtc"",""research/candidates/v03-baseline/proofs/v03-corpus-16/part-b.pqtc"",""research/candidates/v03-baseline/proofs/v03-corpus-16/part-a.calldata"",""research/candidates/v03-baseline/proofs/v03-corpus-16/part-b.calldata""]","[""a7cd2a8798b900761e009cfe855cecbb5f03089e8e6e7b5fea045ff33373ebee"",""e6bcc0dc25ba9e5734fe07a35c56bd07c188f05549593c2159a9dba5b542c608"",""603bf519ea65bd208f749e334554e3077eb8f5394b9c6db8c1842f420cb65bcd"",""109362472de1dfa173bcb9d658cb9c65de7f4aee8ecbfdf7378eb1cf7b2b21ed"",""5f7d55a4b1fedabfa81e26492340914e2c5745304cfddb985ca08824f40c5080"",""9a88effeb50b54f0a2d66a3fe6f2de522ef810ce38c62e61d39d403357927e53"",""5d62438ce5262fb839adb9c3898aad1910f3f0860e0853f825c9aa72722d778f"",""0be94a9747da4733861274730accfcf891fca2dcb234857378af80c92c6e4058""]","[""b0fcc4d4484353be5d6446711034d2ea9143b8395bd488e0356036b220f05600"",""a39fa2050200109fd145fbc17cb1b5c1c684dabd38a8ac99e36176d1b0daafa3"",""5d28eaf311181aa3f8220ff5bd053bbd32d5ca8c33afc51f23b53f28d493718f"",""f7c9d79e0c21b797efdaed3f9ea4f367ddcd574b7d420a951930fcb2de47f9fb"",""51c1b11bf669713e8b2844af2907b32602c096271a2de59732eb9168819d7e9e"",""901ef29e5e89f4c6a8aa9fc9db710c7837ceaf749207cb03580af9a0035a8259"",""5416c48ba3acad345af532b6e9bf5fb9f676c64d137629b2f0db09bc8a7bae0c"",""833082786cd3ff35ce2cd2aa9f97e07df37d7f2c80adfb65458093e0dd1bb715""]"
v03-corpus-17,C00/v03-baseline,SP-00,true,FAIL,SP-00 FAIL: 9/60 valid fresh part-A transactions exceed the EIP-7825 cap; pool internal CREATE gas exceeds the cap; the -1.036% Part-B total-gas delta lacks isolated attribution; top-level pool deployment and mined receipts remain NOT_EVALUATED.,research/runs/v03-corpus-17.json,78b9d9a23d2ac9d79dea7163690959970d1636cb086446eece76768f73eaf7bd,cd66ace7ccefa7f3a9f0cb99586998240dcf558833e550e9d27efb07e39e542f,"[""research/candidates/v03-baseline/proofs/v03-corpus-17/statement.json"",""research/candidates/v03-baseline/proofs/v03-corpus-17/witness.json"",""research/candidates/v03-baseline/proofs/v03-corpus-17/derived-case.json"",""research/candidates/v03-baseline/proofs/v03-corpus-17/mapping.json"",""research/candidates/v03-baseline/proofs/v03-corpus-17/part-a.pqtc"",""research/candidates/v03-baseline/proofs/v03-corpus-17/part-b.pqtc"",""research/candidates/v03-baseline/proofs/v03-corpus-17/part-a.calldata"",""research/candidates/v03-baseline/proofs/v03-corpus-17/part-b.calldata""]","[""3ff1ac4eede68cd83b90234f461dd326fb491361da6307df5284d3002dc8d378"",""ef77e22e1f6ac972331141b3d7d9489fb06b2ba884d8e66b664daaf298d1d572"",""1b1b63affb8520b01be5ff38521b0e75e3d551019563429c18a74d73f9754bcd"",""770f947d5cbe61c0df3f008535368cf8299c250943ca9d7175b2e0cf5acc6642"",""6b0327cdd4aa285abe278a4fca4a9af47c942ece985179cbc3d3053598964bb1"",""a8028160c79d3db8d96bd1ae5210c8684fe649e64a7ab4c883bf3593e4be3344"",""0d4acebc6a431d74153feef61518ccb6f042e6a2414c3b182b63dbcf20c9fbbd"",""0f1fdd790ea7d391d29d8e20892483b23d5b30623c176540d647ce3c271ca889""]","[""31feebca2fade5be4f4533812b9f91c750c20dece2fb2f406f6b480fe8d7066d"",""b58fc751f48cff6136582ace1e8a1b26eeae7ea85618107b001beea3f1698d05"",""a619437a83f529eb84384352a63962cdaf41b9340b8a207cb874e7da52660c46"",""a064affa65c117e3111ea2c059131427946369e7ecf6ee1f0a2dcc6d652f671d"",""0ab123b60632daa6c400ffbcd9748e4f0c5e0adad0ad0c6bcebf74589d5454ed"",""5fb59ed9e83a67d7cf3461ce35fa170a74739883ac6ae14c33d24d5876e69ba8"",""37c657edd95c36dbafef0ab168c24d7e7c86375deeb4f24db4e84df6bd893970"",""9704cf2b481018bf0f2940409d52e8160025b845759546c419c97f56bb5986c6""]"
v03-corpus-18,C00/v03-baseline,SP-00,true,FAIL,SP-00 FAIL: 9/60 valid fresh part-A transactions exceed the EIP-7825 cap; pool internal CREATE gas exceeds the cap; the -1.036% Part-B total-gas delta lacks isolated attribution; top-level pool deployment and mined receipts remain NOT_EVALUATED.,research/runs/v03-corpus-18.json,8edfbb5279a317292054f2060b0506bde852a330e96b933d18d9f5799bb7f28b,206c1a3bfae2bcc5e094ea857692e67f2d5edb9d06210c33ff27d398460d1124,"[""research/candidates/v03-baseline/proofs/v03-corpus-18/statement.json"",""research/candidates/v03-baseline/proofs/v03-corpus-18/witness.json"",""research/candidates/v03-baseline/proofs/v03-corpus-18/derived-case.json"",""research/candidates/v03-baseline/proofs/v03-corpus-18/mapping.json"",""research/candidates/v03-baseline/proofs/v03-corpus-18/part-a.pqtc"",""research/candidates/v03-baseline/proofs/v03-corpus-18/part-b.pqtc"",""research/candidates/v03-baseline/proofs/v03-corpus-18/part-a.calldata"",""research/candidates/v03-baseline/proofs/v03-corpus-18/part-b.calldata""]","[""4ec37bba7ef1ad6a93d5b19d64e348be42c2347d042cb0955c82b6ba9dd5a8ac"",""aa40d25e6c4708f0543e882b7fe0a6e575bc36a61763ab3da605437ea5aa4240"",""1a5e15a380873716d2c4ae9ccf7b839cc1cea9263ba6edd886655cf7cee72907"",""b800adfa6e0a320f5a3e31c7e4d46fdecf558a829bd58d032ade60cdf462adeb"",""601e1be484ba06006c0920ac945309e9820d85926ff55f3f3dfc913aee1f10d5"",""5311949e7274912a3f65a14a2630b94cc4b5e8957cf57aa8b76042a458808540"",""f62363d32b9d62ad15feb28061ef709ca8d8058806fb67f74e4c3fec65bdd4f8"",""2cb270dec1878d8470d58bf4a98ea1729bacefceb5102a829a18d25ca70076e0""]","[""f25cac9ca060663bcfa18c687842ad2b9a95d70ff54b03762e4e809bd26397fa"",""6e0b597208dcaf7c225a28fb71790ebb987fc706d041cbb7942c22a36f09e82d"",""862ef472f14728d7dac54bae35962d3b806700b40ae2df745ce1d30f9ed6c8e1"",""08cbb4b18957bd4933b77de2c5b2b9436323f20dd6a329be377398c2aee408ce"",""b2a4a6cb55043a35acace2dbb449f9a6326e21d119a699dfa023a446e4a5c2cc"",""0d57f60533b6d9761329113ae6010c147cd21fa035c4b5ec9285f0437ac25600"",""658a3134492c21159d02b5f290dc18528d94802f1e57e61904399794621fff5d"",""fda8da6e27b793876277d475079c535e1607f555f83e72e7c6e5e078554da743""]"
v03-corpus-19,C00/v03-baseline,SP-00,true,FAIL,SP-00 FAIL: 9/60 valid fresh part-A transactions exceed the EIP-7825 cap; pool internal CREATE gas exceeds the cap; the -1.036% Part-B total-gas delta lacks isolated attribution; top-level pool deployment and mined receipts remain NOT_EVALUATED.,research/runs/v03-corpus-19.json,25ac8388cf676b3df984d7559715db6ff6f37a1f9a9675f9f2fdb99fb09a494a,757615b8e3b7cfdb3c4b4f3571b868a807cf701cc09e87d39f23f9bef856bac6,"[""research/candidates/v03-baseline/proofs/v03-corpus-19/statement.json"",""research/candidates/v03-baseline/proofs/v03-corpus-19/witness.json"",""research/candidates/v03-baseline/proofs/v03-corpus-19/derived-case.json"",""research/candidates/v03-baseline/proofs/v03-corpus-19/mapping.json"",""research/candidates/v03-baseline/proofs/v03-corpus-19/part-a.pqtc"",""research/candidates/v03-baseline/proofs/v03-corpus-19/part-b.pqtc"",""research/candidates/v03-baseline/proofs/v03-corpus-19/part-a.calldata"",""research/candidates/v03-baseline/proofs/v03-corpus-19/part-b.calldata""]","[""969c000c95e26222b32ae0d1e25bcab1ac7c596811414e1161e8ac3d4df5753f"",""a25962a1a6c2fdb3e273015a932f5d36fb5c5d6b00b92cd54192cfd3a782a6f4"",""02ef62a77398a96c4af59dfd3e7e64f2d8f91b5b176861b85efd97a359208786"",""f95d1d6818928a2b2ebb9f622befe003165508e1dcd6efb6d93b090b78d58b06"",""c3f48d9023543d42e80a2b9cc7987525bd5f5312e2da4e249d36d201ef7752da"",""44c8b08c2e8ffe760efbd380a64eb707e8e3b44c73ed4105c8eaee34d520e716"",""620af43ff296ef8ef028aa14670e6fef46ef45fe87c38b9d07d25c3daaa34c31"",""67270d0437a0495b7e4f5e7f05ced98c96db0bc4be2a22b63b72f2d650a45895""]","[""3943792ecb81e9c296865a4da26420125e3e5f6c0f2bb84094e0d26e6b04b884"",""2d6241f00301ad89d9f37d1bac5dcbb70e229bd4e4e105f60d5b93b40a7ffc72"",""76e7c3c1422c3c523539c72ad260dd3c437be89dfe6b9e49964718a97f3b162e"",""fb6ecd95e72225881fec9e22c85a31d71fb2cb977713e3fabd738c57f285151f"",""3ef6ded8eed43f2a0f997ea58f3f644d3d5484a566b7b84129d08fdd3af4d3cd"",""e9153d0423d58c6099b1fff2dc7894a0012a67126c3770c035e8430b58f65174"",""ec4509205fadfc41761cb0c108aece018abfbf3bfbaa7c6037f52c0f7c530f90"",""c273bb97629b829bb045a213e8cd8894e3098ac3c3c0227944feef7c3e1e62ba""]"
v03-corpus-20,C00/v03-baseline,SP-00,true,FAIL,SP-00 FAIL: 9/60 valid fresh part-A transactions exceed the EIP-7825 cap; pool internal CREATE gas exceeds the cap; the -1.036% Part-B total-gas delta lacks isolated attribution; top-level pool deployment and mined receipts remain NOT_EVALUATED.,research/runs/v03-corpus-20.json,76c6552089598478ba37a7dbbf80ac3ad1fc360425ea866ebf7e0cf07f745fd7,397b9b272530e4e3e19261a9b9338433178d4086b4c56cc07258710617862033,"[""research/candidates/v03-baseline/proofs/v03-corpus-20/statement.json"",""research/candidates/v03-baseline/proofs/v03-corpus-20/witness.json"",""research/candidates/v03-baseline/proofs/v03-corpus-20/derived-case.json"",""research/candidates/v03-baseline/proofs/v03-corpus-20/mapping.json"",""research/candidates/v03-baseline/proofs/v03-corpus-20/part-a.pqtc"",""research/candidates/v03-baseline/proofs/v03-corpus-20/part-b.pqtc"",""research/candidates/v03-baseline/proofs/v03-corpus-20/part-a.calldata"",""research/candidates/v03-baseline/proofs/v03-corpus-20/part-b.calldata""]","[""edf282e0746347852608863debe1872d208bb6b098104a933269dbf0106dd2ff"",""ef9828aebd75f51533c255b6e078eef974688827fab5ea1a786e7cfe974bb6e2"",""7effad975b2cc31fc4f19f6e8ceacba354c5588799c9819dd96a16ae345c00e3"",""bb1850065345233be4e79fd84d16996a9a45a05d24f2140299bd962af33dc87c"",""984e7f1f96003bba4111a27eeeca718714f44a15f7d5a77f2bd03316abe18131"",""df0ca2e005d31f2265f05293ee28131fd17d3bb22f26bd068ed7f009df228707"",""f8ce8d26d68136ad409b310490ed73051cd014437c626adbd5e146812811dc22"",""6bcd7af858ffe9ee92862a470c58d9d7e5dd7827aedc5ba9121600cae808948f""]","[""424e51c157e78a7879f4efb1d150c47d97c23fd3fa359092c80fdf5d3a287c0c"",""10ca9819b16c016c25ff2679594dd624220aff44faf70b6cc7c8cbad40192306"",""8102c86fac10ceb77c30053805c1ad112fff4f88d18eb39025b1142c24a9bfd8"",""716fb5b9fe6c3be00ab8b6f36170a600f16eec3c4c0278fea7eca25ff79ebf2a"",""9aca491a14e812dcb5797abba80c7e6491e2e62f8d74a50498307f3861c037e7"",""3726397d699bcdcdd7c62f06dfc2b703175e5ded8d833b19a795d8dffcee0cb0"",""23ed0195f9c56ab7bee8750b8259f5d4bcbb5c4989d550ac30eed9cd3a226fae"",""46e310ec6f35f78edf8e645bd36e7598a4ac457142afb5b2e0595315e5389c92""]"
v03-corpus-21,C00/v03-baseline,SP-00,true,FAIL,SP-00 FAIL: 9/60 valid fresh part-A transactions exceed the EIP-7825 cap; pool internal CREATE gas exceeds the cap; the -1.036% Part-B total-gas delta lacks isolated attribution; top-level pool deployment and mined receipts remain NOT_EVALUATED.,research/runs/v03-corpus-21.json,c8d408faca0b1312f431ce5480337785fb6d8830059eea5e08080f8dc68e9046,9aac371faa4431b9fd136db0cb1ae8391a2393a37d9db13626ee28baf53d48db,"[""research/candidates/v03-baseline/proofs/v03-corpus-21/statement.json"",""research/candidates/v03-baseline/proofs/v03-corpus-21/witness.json"",""research/candidates/v03-baseline/proofs/v03-corpus-21/derived-case.json"",""research/candidates/v03-baseline/proofs/v03-corpus-21/mapping.json"",""research/candidates/v03-baseline/proofs/v03-corpus-21/part-a.pqtc"",""research/candidates/v03-baseline/proofs/v03-corpus-21/part-b.pqtc"",""research/candidates/v03-baseline/proofs/v03-corpus-21/part-a.calldata"",""research/candidates/v03-baseline/proofs/v03-corpus-21/part-b.calldata""]","[""9f28ffad3d3c10d637705dc47ddb2fabe1519e10cb4bb10f3bd56e3b70c3a77e"",""53a8f356b4ce1755bf6e68f918a42bc6094d7a90cca0975ae8e91ee869fbcdde"",""aa9c6e1576643d94cb56fabc2323021b1d368518fe5ebcb6d596888c065a35ea"",""f0c179f9da6743d2a84196b4de627dfde36bd2db37b06808c7f6554a1dd9a791"",""d699d9c5bde4fd34a569e6e9cffb9611aba3c550868a7de1990a2c40e6176c73"",""ddc77f33772f6d56ef66a51f94c31511aebe0e835aa1a2ea4292971d062346f8"",""66fa92f145cae838599c85b82df6c68eb8134a5f40bb1c1f03fc1d0853469bc9"",""41809fb094b3acf1295011f650aeed9fd88099e83230b68a37a2a34f4da419f1""]","[""1f87bb7b9cdd1a3565176bf6980fef45f5f42a8e97a4147c4e3d4159e908d923"",""0e77ea73bbb7a289839bdf953253cba42efad8baf2b9d83cc351e168b84e12a6"",""5add99ebc6d9891ff01d1db14804f2413ec0f4f3add7a8889196e85a0dc91632"",""7bd5851053e70cda477bf12fe4acfc6b0380df141d9c96edd0a2327f90d03320"",""9a1fafc03adfa3802f874c66a91d291fdef742c47318015bc4e98551369e11a1"",""fd3502f2ea5241da2b10d20e7c0af2c3ad25e2da390bf3408043fb9c371b91fc"",""2c949963ff263e064d54a6e7c20948dea4a2b30465ef1a25ef22f738bc3a529e"",""40f3c966cb08bad1f8c8185c9c06197005f4928e8fc3d443880ac92dc37fc3d5""]"
v03-corpus-22,C00/v03-baseline,SP-00,true,FAIL,SP-00 FAIL: 9/60 valid fresh part-A transactions exceed the EIP-7825 cap; pool internal CREATE gas exceeds the cap; the -1.036% Part-B total-gas delta lacks isolated attribution; top-level pool deployment and mined receipts remain NOT_EVALUATED.,research/runs/v03-corpus-22.json,4dd856697e041fc29e09162904b8d0b0a49622dbff95abed098dd27271c6e270,790ea82d3edf18ebb1e46c8e67f2e5e98b35bcfe78be780c76c78ae99fcb13df,"[""research/candidates/v03-baseline/proofs/v03-corpus-22/statement.json"",""research/candidates/v03-baseline/proofs/v03-corpus-22/witness.json"",""research/candidates/v03-baseline/proofs/v03-corpus-22/derived-case.json"",""research/candidates/v03-baseline/proofs/v03-corpus-22/mapping.json"",""research/candidates/v03-baseline/proofs/v03-corpus-22/part-a.pqtc"",""research/candidates/v03-baseline/proofs/v03-corpus-22/part-b.pqtc"",""research/candidates/v03-baseline/proofs/v03-corpus-22/part-a.calldata"",""research/candidates/v03-baseline/proofs/v03-corpus-22/part-b.calldata""]","[""d6d630eccba031bd30bae68a3d7afb5c1f074255831952a7d053d7ee171a0676"",""64a06fb74ca21c8c78aeecb59cd931dbcab8f2872bf2dbd11edd6a2b581c5f0b"",""dd9341b87de36be2f0cb47cecbc29a764d51595dced2d70ebc2a2b0cd011df71"",""e27167539bf557036d5fc6a749c67bdf3bccca5ee1c138b177948a807a920991"",""b422d7d39fa3bf6a986ffe7c1660148ec7fe7511ddfb57cd1607fcaff2b3d558"",""002b58e184f5e9e6facac83713b11ab5a7dc7bcf4ada97626363bcfb44b00a29"",""1db807841da378f6ad87cebdb5abb7b5e5036a6cbd91f0a765788fbf1a2c63c0"",""b89cdbee9ddc02076190760c454485d9d7fc3698eb4ceca8a71a60c86336e563""]","[""5d8a3ee4a09e391cae0c429d1746a76954b8f14aa7caf5aa4953a6ecbf909c96"",""6a3bfc73e607b1386b50fd272fb97b4d46f236025b3931688a1ea7555659bd2e"",""47364d91621448c802173b7e0ab0ad664f1b862a97cadb1376a79caf28c1c6ba"",""252bf09dd3fcfe76a74a697b6827aeebd1a42d5814bf4b275728d06d1c69827c"",""366445d41e52c0a77a166b8050b708cc1acb87e54ee014ad6f21ceb22472e9f3"",""a7e2cdcd9ecc56beac5de4988b5acf61501eb085230ebe52209802e3f9f61b92"",""fc2769967f99ead9cdb5c2a887ac789194a41d7ed714b4788c0fd3c8683930b6"",""5ec401130f4776def9cdd15d58a79cde3affdd659d3aa8899870c236efe4ca90""]"
v03-corpus-23,C00/v03-baseline,SP-00,true,FAIL,SP-00 FAIL: 9/60 valid fresh part-A transactions exceed the EIP-7825 cap; pool internal CREATE gas exceeds the cap; the -1.036% Part-B total-gas delta lacks isolated attribution; top-level pool deployment and mined receipts remain NOT_EVALUATED.,research/runs/v03-corpus-23.json,950365b7a5739a51b43efef2b74392d138fc6dfb0bc0a023ef914ce988fedd3e,88c3d7b736d18fd85dfd3db5d30d6a118f3f4576c3f71cdff5c31f4dc166b8b5,"[""research/candidates/v03-baseline/proofs/v03-corpus-23/statement.json"",""research/candidates/v03-baseline/proofs/v03-corpus-23/witness.json"",""research/candidates/v03-baseline/proofs/v03-corpus-23/derived-case.json"",""research/candidates/v03-baseline/proofs/v03-corpus-23/mapping.json"",""research/candidates/v03-baseline/proofs/v03-corpus-23/part-a.pqtc"",""research/candidates/v03-baseline/proofs/v03-corpus-23/part-b.pqtc"",""research/candidates/v03-baseline/proofs/v03-corpus-23/part-a.calldata"",""research/candidates/v03-baseline/proofs/v03-corpus-23/part-b.calldata""]","[""f6473ea473af0460c5bfdf7b7b2231d9e91476e319e3d4d0fa9526962b3ef5e1"",""fe7ff41da1b7539f4e18883977ad40c8f28c0918d648c60056966d9a30efdd4e"",""e555ce1e354554520a379ac9f24b0dadc729885c6e711394acc186661e62d180"",""39ad7c2ea89336655ccf8e48b9ce376a10c48e63e05b5ad9c90f6be678b35a77"",""7f8b4614a76ff15a573eabf547913457ca0e2f36c02fb6dbd7e6285287297f98"",""e186daa2b7996e5adce61914334ad71064f0e89257646ff111d5556cdcc74cb2"",""f8fb93c3120b7ac3293112276ff7469c7057e26ba78b059701fc88c5d6289b25"",""7e355e8ea6e9284c14e6dffa41af7b23d7a766465d1c31a8c236a314cbef1e91""]","[""6709922dc031b67a05be30d3f748e2bd90fd87cb188263adeaaadc2fb77e9946"",""b1667dd67fcd089c0f8940ba3d1b11e41d39ab9051073caeee1ba2765f2806d0"",""8b5cd3b4ed7cadecbc242f567b4ee90c45a2d2e14c59fe3d4c44e256e9f940be"",""d5702bcb83b84a81bbdae6b99fa75efd099a42a811adcac05779c4cecc112bc8"",""e1e5ef1ae7bca2ecbbe9ef5e6f87427cc1e1f86e15541ad5b5927113b85d9675"",""55d88a1ff53fa2637bb3303d35c511bdc8875532a53705eadcfa7fd0b800f312"",""31e975574fc8b90eb6fb3c4c886dfebf27fc4dab9d88301713bdb6882e3e4d81"",""1a9f4f55383e2f5291dc9661082caecac46d075342ab9a0cb9bec79180f4fe38""]"
v03-corpus-24,C00/v03-baseline,SP-00,true,FAIL,SP-00 FAIL: 9/60 valid fresh part-A transactions exceed the EIP-7825 cap; pool internal CREATE gas exceeds the cap; the -1.036% Part-B total-gas delta lacks isolated attribution; top-level pool deployment and mined receipts remain NOT_EVALUATED.,research/runs/v03-corpus-24.json,f3a4abad964e8d5c290e248441b02633abcb7b61bc6e7be27b2d6f83cf165b0c,b4480d852bebc506cdcf1b4246ee09b417524ed110cf3efcbc6d416c796080d6,"[""research/candidates/v03-baseline/proofs/v03-corpus-24/statement.json"",""research/candidates/v03-baseline/proofs/v03-corpus-24/witness.json"",""research/candidates/v03-baseline/proofs/v03-corpus-24/derived-case.json"",""research/candidates/v03-baseline/proofs/v03-corpus-24/mapping.json"",""research/candidates/v03-baseline/proofs/v03-corpus-24/part-a.pqtc"",""research/candidates/v03-baseline/proofs/v03-corpus-24/part-b.pqtc"",""research/candidates/v03-baseline/proofs/v03-corpus-24/part-a.calldata"",""research/candidates/v03-baseline/proofs/v03-corpus-24/part-b.calldata""]","[""23ec8be5636d0410253e67bd3b1e89039196bcfaa1c5c51601ae5b2775b4c97f"",""675ea58c5ce81140e7994aa63c3bf20248dcc4e3d35565ba6be3a05ce9f982fe"",""6d4ca7d23c22f9cd5057a355b8e6fcd7e111ca15f82d0c8f0a38463e36375aca"",""c03c5b21fe64e38fb5297857ac2934698363e1eb43692868183ebfa09021c857"",""953d00a917b59622374eb1342b713e2433ee889c00989990867a15bd598053d5"",""2cc9068ff01184425a43427c3bd681b04068aa042287ca3caf3bc15b11846d16"",""18f2e2b28bc41a045390df594e4f1b6c7b477699c73a950e2a5f4e4f7145c2d8"",""f1c49cc3e0dd0db7656a31c18c04b4f1485fde0543bc70fdf893976e16e064c3""]","[""c11f6dd104687a69450500975321ef84325ed16c55931eb731fa32fc813e0375"",""aee0d74b18214458d42b073e2fe91eb72d9401718142596769858ef442f7e836"",""00b43b27b84a2c62051726d1425b75e750bb2e0c347b764e67778d708ae382fa"",""9b921c0a94f8f3c9f84480a1c009bffe8bdb6cc9b17112919f1f8c921742f918"",""e0d70a295741a9375ea48a7894e70ea0e8a55d3d1455b3a26076e2578a252494"",""859345749a896c1c2088d4a8a21f7779c22e0c46996e078471b008859eea2819"",""248f5664e859e9a8de0e5631f58fbab939c88fb56411ce85e25f52176337d31a"",""64add57d66250d32f60d5f0ea51e98adf0b2e132423e5cd14c23025a325cc310""]"
v03-corpus-25,C00/v03-baseline,SP-00,true,FAIL,SP-00 FAIL: 9/60 valid fresh part-A transactions exceed the EIP-7825 cap; pool internal CREATE gas exceeds the cap; the -1.036% Part-B total-gas delta lacks isolated attribution; top-level pool deployment and mined receipts remain NOT_EVALUATED.,research/runs/v03-corpus-25.json,24069f30cb23ae61979e1aa4f79c9bdd789dbcdfd0d8479521e83e043671da90,e5b05f71fda9fbc24ddb3027cc57e650ed2517ef0c14c2ec314bd54d9e465311,"[""research/candidates/v03-baseline/proofs/v03-corpus-25/statement.json"",""research/candidates/v03-baseline/proofs/v03-corpus-25/witness.json"",""research/candidates/v03-baseline/proofs/v03-corpus-25/derived-case.json"",""research/candidates/v03-baseline/proofs/v03-corpus-25/mapping.json"",""research/candidates/v03-baseline/proofs/v03-corpus-25/part-a.pqtc"",""research/candidates/v03-baseline/proofs/v03-corpus-25/part-b.pqtc"",""research/candidates/v03-baseline/proofs/v03-corpus-25/part-a.calldata"",""research/candidates/v03-baseline/proofs/v03-corpus-25/part-b.calldata""]","[""6753a72c7d407fbb0d9c7844601b467ba00d839551d4ecab508fb8c77950f8cf"",""0ef44389c9e4acc4c40c6e158df027220bd167ff28bfd9a5f49afbd3b1d614c7"",""583bf971d7a17717e494d1a602f08267c169c4c6b5cc3c27301f1855475d6d31"",""1861f186ac0b024a892f369239133284a8b4b984651fbf90992efe9406376d1b"",""4d50c48712a1a8356a4009c5d13bf77ec627c8c595799fb227606f9d7ad7f4a6"",""3253359b6b05c5646d69eae49b33dec6c1e48bbec076158b4a19634eeadbaa0a"",""08d1ce7e3435fd3461d5668fa396d91d3cb56a1a96b600350d52ad5d7b410a3b"",""7cbf74195ead6dbed7936499e72364ce45ff14cc80106c2a2ec1b726cde792b9""]","[""1fedbb7eae1df201acb0bdd2fb3070fb2d0e99877fe7578b7c9e135f629d674b"",""fef18e53d3f4ec6aa08f0260d6fd60a28fac36b9f5c5d1802f35fe883d059efb"",""39819a8f367e1f1ee89e722523456125d1912e18c17e9be7a0fed6ea121ac640"",""9bfb0a524935e21628bc35c4077360542477d756b02dd553d6264767c250f94c"",""1b3ff1ddf8fb3d292eeb94e588f53f692b7d42120b1c9968d624382731963a3f"",""a5fbf25e1049657cea90e08445b375927cd32b575dff9605c7933d5df4d35116"",""21ad3504708a7a32afdcf8093a964ce9873e2cb44a20b21a6c4132a9d986b686"",""71c07a64ab2950c0ea67b2690a06ab2d94ce34114ef23b50fa856c3e70ad24c7""]"
v03-corpus-26,C00/v03-baseline,SP-00,true,FAIL,SP-00 FAIL: 9/60 valid fresh part-A transactions exceed the EIP-7825 cap; pool internal CREATE gas exceeds the cap; the -1.036% Part-B total-gas delta lacks isolated attribution; top-level pool deployment and mined receipts remain NOT_EVALUATED.,research/runs/v03-corpus-26.json,74963dde6ee1696d758ca17b1a79d74cfd6a02dd3ef44755bce56230cc7f8313,7dc309b712b9ea3c71935bb822b1953edb4b3121d423b7ea6cdda02d3dc56769,"[""research/candidates/v03-baseline/proofs/v03-corpus-26/statement.json"",""research/candidates/v03-baseline/proofs/v03-corpus-26/witness.json"",""research/candidates/v03-baseline/proofs/v03-corpus-26/derived-case.json"",""research/candidates/v03-baseline/proofs/v03-corpus-26/mapping.json"",""research/candidates/v03-baseline/proofs/v03-corpus-26/part-a.pqtc"",""research/candidates/v03-baseline/proofs/v03-corpus-26/part-b.pqtc"",""research/candidates/v03-baseline/proofs/v03-corpus-26/part-a.calldata"",""research/candidates/v03-baseline/proofs/v03-corpus-26/part-b.calldata""]","[""466c924fc2c9fef8b246df42e29282c67ad660f9eea09d3a40474e7231aa3681"",""7be6d0326c1aed0d126a63a1c083533751e70b6fbc1f0adf5a7591a5e87333e8"",""fc540637116f67167d222d2aec3931e1562addcaee6ca13bdda92f7df6befbb1"",""fee9ae10cd3d30f11c4c7f05cf82610409f0a03162616cbe680d9eb150ad16e1"",""4deb092009678ec7b93360699aa02573b7243a12df983012a6dfa44b16dd6fa8"",""381cae798cb539cc337093bc91628a16d169d2ec59139049d534531e5f6d65ea"",""7c014382aabbb55fff3f2ee5e1f2726fe1a3bd595e02640726ff04985e0ffcb5"",""c556f625fdfb51ac1bbe7e7abdedb7277ec8177152aba42310aa78b90d274f77""]","[""7349401a79e69a1f83a997ab28e015424018ea6b01f30d83123ede1aeb88d907"",""938840bf419983573b6147c5166f4ff1d160897e56776a535dbe34751afafb23"",""50f46dbe54d4b8c6a8c0bfd9c0e855c9b471370440d78a9d110855c44d5ae2e8"",""77d3fa1ae82d7f78b4bf21dab06a4867679d4d4b7181f17672fcb3c6122e6e13"",""c67a9d69d753f44e659bf05a799fa0fddb3269ee26cc5afa153e1240e6110138"",""627a8d05e094cf0c13f0c1574b4b2b57b9bcc82838400fb7a77d5a2419769cb7"",""081f2e452926f2d92d5914dfa29e7d396cfbaffbadbbfb54c137ebc389597f71"",""a0bf7aa07f64dbfbc9e469a83be184fa1d07b21a6e9e26bc79866feab165eff5""]"
v03-corpus-27,C00/v03-baseline,SP-00,true,FAIL,SP-00 FAIL: 9/60 valid fresh part-A transactions exceed the EIP-7825 cap; pool internal CREATE gas exceeds the cap; the -1.036% Part-B total-gas delta lacks isolated attribution; top-level pool deployment and mined receipts remain NOT_EVALUATED.,research/runs/v03-corpus-27.json,4379f54de5b4cd38dec7e8a722624f5d6f33ae2935ff2c02e8e742ba50471521,d79593020da2e0f407ee8254ba68d3600a3409064b168bb49626ba00c249c36d,"[""research/candidates/v03-baseline/proofs/v03-corpus-27/statement.json"",""research/candidates/v03-baseline/proofs/v03-corpus-27/witness.json"",""research/candidates/v03-baseline/proofs/v03-corpus-27/derived-case.json"",""research/candidates/v03-baseline/proofs/v03-corpus-27/mapping.json"",""research/candidates/v03-baseline/proofs/v03-corpus-27/part-a.pqtc"",""research/candidates/v03-baseline/proofs/v03-corpus-27/part-b.pqtc"",""research/candidates/v03-baseline/proofs/v03-corpus-27/part-a.calldata"",""research/candidates/v03-baseline/proofs/v03-corpus-27/part-b.calldata""]","[""c5006774f810689444241c78eb3b17420558631457432a7b78c7fd18633a650e"",""8b130eeb78e03b47739faf2589ee47483f23708c0ccc4cf508801038909d7f57"",""f203daabc337d50b2c5906f8b286490b0e03938067ea2760df89b9214e5b66c8"",""38983d6526e4386c888321831764b7696d03b669f51f3e74d2ff9e5a96004853"",""9d07c9796e21ee5e644ef457e5c60ec56845ddc6b35910c8dd7e15dff82aff3d"",""772ef8287c385eec8a1e0162d34bdaaf5c1db56eda7ba563db7b402a95647362"",""080a82fdf920badd3aca22da37490e9dcc2060763ffd2fe7a1b99de97ba4e27a"",""9520bb97552b3e821ee9e11269a96cd39392ae25903421abd585d2cd68fb3bfd""]","[""d438adf2a25d8c9b705cbc2d645b4b9b1350b097922939ee9c368c881f402148"",""8bf14d3d7ca7a89fa9ae51198b6841334edf9d0fc2cac5c07c7afc17a7dae73f"",""ecf723eb5386649ef377dcf171a1df32cc27a0a5a06ec7b57d15302ad00c009e"",""c7b99967e3edfc46b3611f4dbe9a8846075a6eb98232fa9fdf8cd0b4b35997a6"",""a0f41c3153db5f4239dd5ca27f162140b63862a510d96f8fba8aee00503748c4"",""47babb19bec5c013cab79ea19551a8e437db6d3a86f83242846059e82485e238"",""5cbaea80dae09f08506ad4286402214bb83284916de114183a700d40e8e4a2ed"",""04b6d3bf320bb4f3c48dfa98b0c1cf339c58cd4e7415143092f64db7e9678ec4""]"
v03-corpus-28,C00/v03-baseline,SP-00,true,FAIL,SP-00 FAIL: 9/60 valid fresh part-A transactions exceed the EIP-7825 cap; pool internal CREATE gas exceeds the cap; the -1.036% Part-B total-gas delta lacks isolated attribution; top-level pool deployment and mined receipts remain NOT_EVALUATED.,research/runs/v03-corpus-28.json,01de57380b60e1221885bbb2b6194ad6c8cf04a4350e230f1a7df70e6aef2cab,ac3db04645b082da26914a980c230a60d94c49ade521e2c3adc96058073a5666,"[""research/candidates/v03-baseline/proofs/v03-corpus-28/statement.json"",""research/candidates/v03-baseline/proofs/v03-corpus-28/witness.json"",""research/candidates/v03-baseline/proofs/v03-corpus-28/derived-case.json"",""research/candidates/v03-baseline/proofs/v03-corpus-28/mapping.json"",""research/candidates/v03-baseline/proofs/v03-corpus-28/part-a.pqtc"",""research/candidates/v03-baseline/proofs/v03-corpus-28/part-b.pqtc"",""research/candidates/v03-baseline/proofs/v03-corpus-28/part-a.calldata"",""research/candidates/v03-baseline/proofs/v03-corpus-28/part-b.calldata""]","[""1eab2b99511d7d56d084df2f161bf65bc90eaf85a42207ee2ec25119d349c632"",""ee08b86bc51fca12b6e2b546da43484fcd67498c2760020607002d6d9a7d8853"",""a5bbb1337f53fc38cb11fe7398883ee2a39b9ce6ca5a3eac391b2b74690f4467"",""9670dc3eff403905c4f130fc6d872e7b940bdcd5e20ab23dee6284982afc6d36"",""cb35461f21147313faf1edf5b8e18d6a7262f609bedb6f7accada4a5b9e10b88"",""a669dde913f11347e140e45ed2d6878674b730657f158b0edd5828877fa50620"",""e12af901bc4e11a8285ab11a70aa71024596eec04b7fb7271e24865619d64386"",""a88d979b4a484e691a2466ecf3f7dc2298536b921a37faed06b46fc86b5eaf73""]","[""184a43945618530f336d68cfa974b57cfb89a2ac0fbfaf8d2a290fe57aa1b631"",""8d0fc64819ef4f8a627558f3d746c1fc74f7eb6bde64630ac466787d479ced68"",""7c3043754cd271271aeb95b17bbfdc402370a6de66662f2b8cc92f9f997d2ffb"",""a7b1cd90d1b15815c60bb1699ef40d37484c97e5daf4a79f363710cb47c23727"",""d8736775b349184c2f57f2201fde117d5204eae858e06c3cfbbc1dcd9721aacd"",""1432d253cf0d8a2b0812c32c0cc779e5f825fc4e529aa20b10c0545db8b26f29"",""0caf0ca685cb9f533ac3f942239e11b5bbf598331af793db1d0ee5111ab550c7"",""477736c622a031919ef2bb69e05b84de38a452e18870eb2d8ea6dd56a1d10f90""]"
v03-corpus-29,C00/v03-baseline,SP-00,true,FAIL,SP-00 FAIL: 9/60 valid fresh part-A transactions exceed the EIP-7825 cap; pool internal CREATE gas exceeds the cap; the -1.036% Part-B total-gas delta lacks isolated attribution; top-level pool deployment and mined receipts remain NOT_EVALUATED.,research/runs/v03-corpus-29.json,415dd2ff830820442489a73f4b52f0ffa25853758db3bc4e9f79a73e1d2b5282,03b6ef92b8b763ecf42cca28feb5bde008e69309cd70c4c91a7dc5e817caf21f,"[""research/candidates/v03-baseline/proofs/v03-corpus-29/statement.json"",""research/candidates/v03-baseline/proofs/v03-corpus-29/witness.json"",""research/candidates/v03-baseline/proofs/v03-corpus-29/derived-case.json"",""research/candidates/v03-baseline/proofs/v03-corpus-29/mapping.json"",""research/candidates/v03-baseline/proofs/v03-corpus-29/part-a.pqtc"",""research/candidates/v03-baseline/proofs/v03-corpus-29/part-b.pqtc"",""research/candidates/v03-baseline/proofs/v03-corpus-29/part-a.calldata"",""research/candidates/v03-baseline/proofs/v03-corpus-29/part-b.calldata""]","[""7012ff40ed0c1d5b45a4af79c7efd8590e359996f41fbd0208e3bf52af51a0d7"",""6fe185b5f7a698e7f06ab6d7ca6c33290be367558fe567f58c59a101546dcdba"",""075716f61558c80c1f3d25726845bedb5f2864c3e64833df306858b93cb0e6c5"",""df9d515b57b36d2e675ac586da1888f590ec3957ddc0e17df932e5696365ff6b"",""0b82d9f1906cd8799b5c5149f40e7b398b709436b60cbc043e3558dce7a43c72"",""986a0abfa6b8712c925f7c0cddb314bfa38736b1e191513743d2a3f51fffe308"",""f544e430aaeb87d9306aaa3e7917ae30c8d82f32b9f8e4282315ec6cf54e46e2"",""ac8424488bb66bb6bd463f9f364f86684db67b9edbd0a683af20e67acdef6194""]","[""0926733aae2a04adf4fcb14e1eab009f734018eda6cec99d0e30c0e05d06988e"",""90d464bc31dbf8d887a9e6e3a7e8b951fbc490f4d61af5e755816f124444c6cb"",""db1251d53445ffa9e7fce14173e9aec85b0e08c5de507ae7f7dbd12031ad2118"",""dafeca58eff1af6bd74cb18a8cf7a935f4ffedd03f3538b14a43d2aa04bf5ad7"",""2da4aec84d6bf2885c9082efa9fdf33727a900bc7af0dd22f217bb7ba98686f8"",""faccabcdb38b5612f0650a8faca44d017f126653e20b11da9318a2d9d771fdd8"",""62cf64602db7afbd00091f34b522e8bf4ddcc17ec3eef2b631497cffc6bb1bf8"",""803ac877e770cdfd90278b35f5b4aec6781bad4c58ff0d8e133120c7a3001663""]"
v03-corpus-30,C00/v03-baseline,SP-00,true,FAIL,SP-00 FAIL: 9/60 valid fresh part-A transactions exceed the EIP-7825 cap; pool internal CREATE gas exceeds the cap; the -1.036% Part-B total-gas delta lacks isolated attribution; top-level pool deployment and mined receipts remain NOT_EVALUATED.,research/runs/v03-corpus-30.json,b4406f7f24d1993f042338104d28f1717b261a29421656eba2629b2144de3e6e,566cd0f0ffb70640640fc092f02c324b3cbdb7f0c4a381e0e5e6a225788a1bb0,"[""research/candidates/v03-baseline/proofs/v03-corpus-30/statement.json"",""research/candidates/v03-baseline/proofs/v03-corpus-30/witness.json"",""research/candidates/v03-baseline/proofs/v03-corpus-30/derived-case.json"",""research/candidates/v03-baseline/proofs/v03-corpus-30/mapping.json"",""research/candidates/v03-baseline/proofs/v03-corpus-30/part-a.pqtc"",""research/candidates/v03-baseline/proofs/v03-corpus-30/part-b.pqtc"",""research/candidates/v03-baseline/proofs/v03-corpus-30/part-a.calldata"",""research/candidates/v03-baseline/proofs/v03-corpus-30/part-b.calldata""]","[""1dd2b510a39dc77dd21048b4516e3465f3d76d34f8538603e79ec3a4d475c101"",""e2981ec445e5aa95d897047bab87ca331a21a434016364dd1fbf3d74282d6fd1"",""31f55908b7307d4f2d04396e34490223c0103f7b765ecdf1f10376aee923a3b5"",""d25c0bfb00051b0f9784529616265dc92630c546d831e4f2fcd2e4a669049ea2"",""426a7943b0469f38e5fd748188ba2ef5b4fb0752872617f642752c7fbcc6bd6b"",""c108a93518f6c222db7d12efe10b52da18f236ac03b800469a86d2f0656ee3f5"",""39fcb2499922f3adf83f079b130c539d3fcf6ae34755be3f89562942ad68e4b0"",""c725f12e97a7fb4113ac38ec37147fd1399dd2b14e65e2036475966d5c361866""]","[""3be838879ecbfb874f51f5f6038509860ac50f344bcc016e7f805854f33394d2"",""9d532c3aa253fb8046b12365cae4bd0271ebbdffa5442afae7bfad459194134a"",""6bf23835f2cdae3acc53778a479a66bed587d0bb9ca41b1ccf4d7718752a94ac"",""b85d1d89e893a922247903ba8f0cb05d13fb1cce5ae514f18f63e5437073521a"",""cca52106e5c2774e631defa82acf09ee80bc72b34e1fadd725f612137a2da96e"",""405b54d7032e85fe760c596bc52f410f00d80789d7718c75b932b4606e7d53ef"",""209d9ad6d02f3f2f381f66d5b5927b456b93a98d7d1af7b0bb105d46a3ab6c34"",""d514b8d5601792110c0c2d147ad50fc1c7c85126abe6dc56e220318819cb5393""]"
v03-fixed-01,C00/v03-baseline,SP-00,true,FAIL,SP-00 FAIL: 9/60 valid fresh part-A transactions exceed the EIP-7825 cap; pool internal CREATE gas exceeds the cap; the -1.036% Part-B total-gas delta lacks isolated attribution; top-level pool deployment and mined receipts remain NOT_EVALUATED.,research/runs/v03-fixed-01.json,1ea312cd9ef70e08e85b9503bfbe58a1435a49c86da043f05bf4d27b6e824c20,d9b3122450e9a4fd563cca235cdb29d98a05c4b5fc4e9f941f2d85e9f4e8e7bf,"[""research/candidates/v03-baseline/proofs/v03-fixed-01/statement.json"",""research/candidates/v03-baseline/proofs/v03-fixed-01/witness.json"",""research/candidates/v03-baseline/proofs/v03-fixed-01/derived-case.json"",""research/candidates/v03-baseline/proofs/v03-fixed-01/mapping.json"",""research/candidates/v03-baseline/proofs/v03-fixed-01/part-a.pqtc"",""research/candidates/v03-baseline/proofs/v03-fixed-01/part-b.pqtc"",""research/candidates/v03-baseline/proofs/v03-fixed-01/part-a.calldata"",""research/candidates/v03-baseline/proofs/v03-fixed-01/part-b.calldata""]","[""ceb1c877c4488d13c13ea88b3e924dd8a4138a4d4dec9323561089e139cdfc4d"",""29885fead4e9cf1e79969eeaf37768b1dfa221962852cce98d08d8dd0b3ed00f"",""ca5b06f884e9ca4600f45e9c67772d214c09aafb5ab75e36d566f3b591463cd4"",""9648c1acc99a74e692c408f1487bfcde444f49e429894046af4c6253db92e9fe"",""690bc22d2da46384129125918269ba1888b2c20ef1b9c92801649388c545c514"",""7d8fe1b14ae60a8076665f7e0599839a6e2440922e759d31d1607b54636eb701"",""af6a132e60ed7879b36ed2ca79d671714475faf2555d499af74b57b01addf03e"",""3b42e9cbe0af2c24a4eebf0fc381b4f31b0b4a58222fe951c5a3142c3bab11ad""]","[""b325d0a9452668aece9ecaa349238f8292df6e2f95ecf497ad3af41c2b7f643d"",""e5d72832dc8c8547e5c39d38b01852c642915afcc538a1b11a53ebb7c625bc2f"",""e929ba235e0dd6735643507819fed80e9026090295ec8771177c56d9328552b8"",""aaa8ed384ef1d164745944c950354057da2b4a769e37edc3ce8820b336882f61"",""ed7d33043bd3a3bd265da2cb2587a349275be9b63cbe7b7490e40c10fe6c7cb8"",""3b7219df4764857635d81676db46d8e34bc3e81ba49e80190c990cf4cc0eab68"",""46bbd9cf96d54b43e6b262021dcb0a5c797ffc735767d44522f48c3c532f45b2"",""ff2f421479ed58a8cb13e443826034ff575d585f4be2e959086e724baa96af72""]"
v03-fixed-02,C00/v03-baseline,SP-00,true,FAIL,SP-00 FAIL: 9/60 valid fresh part-A transactions exceed the EIP-7825 cap; pool internal CREATE gas exceeds the cap; the -1.036% Part-B total-gas delta lacks isolated attribution; top-level pool deployment and mined receipts remain NOT_EVALUATED.,research/runs/v03-fixed-02.json,9dbfc7e7421dd829c0174915a55b43185e00e03ee957900648937d3ab9c83d7b,7cc35a05ecdb2259cf90100fd9bec9df04efec64b49a37bece788b93872f9c77,"[""research/candidates/v03-baseline/proofs/v03-fixed-02/statement.json"",""research/candidates/v03-baseline/proofs/v03-fixed-02/witness.json"",""research/candidates/v03-baseline/proofs/v03-fixed-02/derived-case.json"",""research/candidates/v03-baseline/proofs/v03-fixed-02/mapping.json"",""research/candidates/v03-baseline/proofs/v03-fixed-02/part-a.pqtc"",""research/candidates/v03-baseline/proofs/v03-fixed-02/part-b.pqtc"",""research/candidates/v03-baseline/proofs/v03-fixed-02/part-a.calldata"",""research/candidates/v03-baseline/proofs/v03-fixed-02/part-b.calldata""]","[""ceb1c877c4488d13c13ea88b3e924dd8a4138a4d4dec9323561089e139cdfc4d"",""29885fead4e9cf1e79969eeaf37768b1dfa221962852cce98d08d8dd0b3ed00f"",""ca5b06f884e9ca4600f45e9c67772d214c09aafb5ab75e36d566f3b591463cd4"",""9648c1acc99a74e692c408f1487bfcde444f49e429894046af4c6253db92e9fe"",""059c1221d28ca8c7c9998aa8759d347c51f620f427ad5d9d1aadc558f455d7a9"",""5839769cbedca3490586ef89224978d32307a248b2b054fa8697d8abf2b6308f"",""cf9874c016e84c639d4c5a3416920899ef764570fa9ab3bc5535312e5db8bbf1"",""2b072e21f13202cf6f3a9ecb96b270b1de45dafbf4392bad5318aef57bb8ab43""]","[""b325d0a9452668aece9ecaa349238f8292df6e2f95ecf497ad3af41c2b7f643d"",""e5d72832dc8c8547e5c39d38b01852c642915afcc538a1b11a53ebb7c625bc2f"",""e929ba235e0dd6735643507819fed80e9026090295ec8771177c56d9328552b8"",""aaa8ed384ef1d164745944c950354057da2b4a769e37edc3ce8820b336882f61"",""fa7307d8b3b4687cd4894788a18b1164abd84454a7f4d8e8633a8700b6c1c340"",""ed2a5327a4729ca7d2d1060f23713da01a0d4f424f10413b464e6ddf31c3debd"",""1ca9cfd621f86736bcfea05c11b7f14747d4582edd283b6c42865f09b918fd3c"",""c99b712aae0c2e239eb852f015f4a75922402a843ed8d7e302c9349ccee2cf7b""]"
v03-fixed-03,C00/v03-baseline,SP-00,true,FAIL,SP-00 FAIL: 9/60 valid fresh part-A transactions exceed the EIP-7825 cap; pool internal CREATE gas exceeds the cap; the -1.036% Part-B total-gas delta lacks isolated attribution; top-level pool deployment and mined receipts remain NOT_EVALUATED.,research/runs/v03-fixed-03.json,0876bcbcc3fcc076c43a4134ea50c2e105a730564c789311eb9eaa8821036bbb,a2bf385810a188e4654b30893a4095b802ab138d341fed98dd94195539f40d5c,"[""research/candidates/v03-baseline/proofs/v03-fixed-03/statement.json"",""research/candidates/v03-baseline/proofs/v03-fixed-03/witness.json"",""research/candidates/v03-baseline/proofs/v03-fixed-03/derived-case.json"",""research/candidates/v03-baseline/proofs/v03-fixed-03/mapping.json"",""research/candidates/v03-baseline/proofs/v03-fixed-03/part-a.pqtc"",""research/candidates/v03-baseline/proofs/v03-fixed-03/part-b.pqtc"",""research/candidates/v03-baseline/proofs/v03-fixed-03/part-a.calldata"",""research/candidates/v03-baseline/proofs/v03-fixed-03/part-b.calldata""]","[""ceb1c877c4488d13c13ea88b3e924dd8a4138a4d4dec9323561089e139cdfc4d"",""29885fead4e9cf1e79969eeaf37768b1dfa221962852cce98d08d8dd0b3ed00f"",""ca5b06f884e9ca4600f45e9c67772d214c09aafb5ab75e36d566f3b591463cd4"",""9648c1acc99a74e692c408f1487bfcde444f49e429894046af4c6253db92e9fe"",""6d9598f49f829c99e5e9b3d14205fb6df79b75a2baf20db36052c0ef2865b2d3"",""dc8561910823e4ab91de2d0387755b77732a55f15597fb190604ef01120f04f4"",""35adf36169c467b09460866277dd74f8c52259af2d5b9a255ada0a451636cb5a"",""afdea33220552ebfbe9b3b4589ef69678333dbdb16ae14335c359a45255eacdd""]","[""b325d0a9452668aece9ecaa349238f8292df6e2f95ecf497ad3af41c2b7f643d"",""e5d72832dc8c8547e5c39d38b01852c642915afcc538a1b11a53ebb7c625bc2f"",""e929ba235e0dd6735643507819fed80e9026090295ec8771177c56d9328552b8"",""aaa8ed384ef1d164745944c950354057da2b4a769e37edc3ce8820b336882f61"",""641a65cc97da29085d138d0b40b742d9025564b3599ae8278c9771dd5d4e8fd1"",""6823f394f5f6f660931c736771b729a19bde4b89739a41c07baa1f0b27669e0c"",""ffcdef754e327e22d6a7342fa04fc49042be176c1bc8420102f119e232bffc48"",""079ea30ebd2dc4042cddb95f40557d6672d635049c53e6a7ccf719ca517dab75""]"
v03-fixed-04,C00/v03-baseline,SP-00,true,FAIL,SP-00 FAIL: 9/60 valid fresh part-A transactions exceed the EIP-7825 cap; pool internal CREATE gas exceeds the cap; the -1.036% Part-B total-gas delta lacks isolated attribution; top-level pool deployment and mined receipts remain NOT_EVALUATED.,research/runs/v03-fixed-04.json,87535a14d7c663fa40cc6911dc324e8ca6cc7bd09592edf9f0dbc82bdfecb34f,27f4ee9cc6568a06d4818f79ecc649a34532190e78038b163db15fb92bb11213,"[""research/candidates/v03-baseline/proofs/v03-fixed-04/statement.json"",""research/candidates/v03-baseline/proofs/v03-fixed-04/witness.json"",""research/candidates/v03-baseline/proofs/v03-fixed-04/derived-case.json"",""research/candidates/v03-baseline/proofs/v03-fixed-04/mapping.json"",""research/candidates/v03-baseline/proofs/v03-fixed-04/part-a.pqtc"",""research/candidates/v03-baseline/proofs/v03-fixed-04/part-b.pqtc"",""research/candidates/v03-baseline/proofs/v03-fixed-04/part-a.calldata"",""research/candidates/v03-baseline/proofs/v03-fixed-04/part-b.calldata""]","[""ceb1c877c4488d13c13ea88b3e924dd8a4138a4d4dec9323561089e139cdfc4d"",""29885fead4e9cf1e79969eeaf37768b1dfa221962852cce98d08d8dd0b3ed00f"",""ca5b06f884e9ca4600f45e9c67772d214c09aafb5ab75e36d566f3b591463cd4"",""9648c1acc99a74e692c408f1487bfcde444f49e429894046af4c6253db92e9fe"",""703b21f3c5f28d562f5731cf72da086292969f9bdd9b13034e951919e93a7c14"",""dc2946e3751b435d9209cbbadf4444ea5c5a20ebe029bdcaaa06180980dc5bd6"",""8450fa6ab101e644cb4ff334b5fe672f8b5fc02f0799093de0780fbf49602f21"",""ef62e4f91232b2412f0473bac98700bec41f7ebfc77e416eeb2f60809edfef61""]","[""b325d0a9452668aece9ecaa349238f8292df6e2f95ecf497ad3af41c2b7f643d"",""e5d72832dc8c8547e5c39d38b01852c642915afcc538a1b11a53ebb7c625bc2f"",""e929ba235e0dd6735643507819fed80e9026090295ec8771177c56d9328552b8"",""aaa8ed384ef1d164745944c950354057da2b4a769e37edc3ce8820b336882f61"",""d701ce1bf9a48dea6cd2154d7af3d34c537f60186e99a1250e8f317f9ab00797"",""edad30e81837af665cde5105c2b80ce5cfc8bf2a34c9a6d78558ae0da57ecc65"",""6cf460c8c54df1c7dd8b6bb43c36792a9f24362e99710c7fbbdb8cf1c3494fb9"",""3b451235bf45d539cb31ac3e9c553fcdfa74d41f1c0834e866762d752b590c85""]"
v03-fixed-05,C00/v03-baseline,SP-00,true,FAIL,SP-00 FAIL: 9/60 valid fresh part-A transactions exceed the EIP-7825 cap; pool internal CREATE gas exceeds the cap; the -1.036% Part-B total-gas delta lacks isolated attribution; top-level pool deployment and mined receipts remain NOT_EVALUATED.,research/runs/v03-fixed-05.json,ab4596678915917c38357832e24dd5cc6d0642584768e0774b28eb7a1673736e,04c8f4b7b4d0410a58bbe63846c348d7db01a11d43716585979c0c8ace5827f6,"[""research/candidates/v03-baseline/proofs/v03-fixed-05/statement.json"",""research/candidates/v03-baseline/proofs/v03-fixed-05/witness.json"",""research/candidates/v03-baseline/proofs/v03-fixed-05/derived-case.json"",""research/candidates/v03-baseline/proofs/v03-fixed-05/mapping.json"",""research/candidates/v03-baseline/proofs/v03-fixed-05/part-a.pqtc"",""research/candidates/v03-baseline/proofs/v03-fixed-05/part-b.pqtc"",""research/candidates/v03-baseline/proofs/v03-fixed-05/part-a.calldata"",""research/candidates/v03-baseline/proofs/v03-fixed-05/part-b.calldata""]","[""ceb1c877c4488d13c13ea88b3e924dd8a4138a4d4dec9323561089e139cdfc4d"",""29885fead4e9cf1e79969eeaf37768b1dfa221962852cce98d08d8dd0b3ed00f"",""ca5b06f884e9ca4600f45e9c67772d214c09aafb5ab75e36d566f3b591463cd4"",""9648c1acc99a74e692c408f1487bfcde444f49e429894046af4c6253db92e9fe"",""b0b051bf4439ea5b2346a178ffbe122b2e086ed942dc02db76ff7dd330dd4149"",""1bcd6d03f2224d98a6aab174762d0191cc30a3095a435af41af1953554370714"",""e104b0e9dadcf83f6dff24f6bd1064402ba4f552f8d8e99729cb4817d78af13e"",""ea190d446073fbd1abd42833161be3654aedb77a75125d1a993f935058edfaca""]","[""b325d0a9452668aece9ecaa349238f8292df6e2f95ecf497ad3af41c2b7f643d"",""e5d72832dc8c8547e5c39d38b01852c642915afcc538a1b11a53ebb7c625bc2f"",""e929ba235e0dd6735643507819fed80e9026090295ec8771177c56d9328552b8"",""aaa8ed384ef1d164745944c950354057da2b4a769e37edc3ce8820b336882f61"",""f84ba2917e39a5a226b6323b0f1da56b9fbc4679e648cc7d60788bfe55058fda"",""b3603ce65cb161c2942e897c2d1e5ef2bfd5fc68fd0f4bccaff4298e04ea5e67"",""0b3ec5490e1d547bf055e5b3827ba19bca977b618f0a1db7b18ddf66944e08ee"",""74bc866f30ce162638d3768e9edd8631d26be6cd1935782bcd96556bd4eb3392""]"
v03-fixed-06,C00/v03-baseline,SP-00,true,FAIL,SP-00 FAIL: 9/60 valid fresh part-A transactions exceed the EIP-7825 cap; pool internal CREATE gas exceeds the cap; the -1.036% Part-B total-gas delta lacks isolated attribution; top-level pool deployment and mined receipts remain NOT_EVALUATED.,research/runs/v03-fixed-06.json,26341b8a4853a0599cbd708433700aa96775c6af1cc5a3b8ac63ab88d29270c3,98da0a15ff8999c2bc00a572e6b5bd45dfa434ce4327d9c4e7827ff6a5912a24,"[""research/candidates/v03-baseline/proofs/v03-fixed-06/statement.json"",""research/candidates/v03-baseline/proofs/v03-fixed-06/witness.json"",""research/candidates/v03-baseline/proofs/v03-fixed-06/derived-case.json"",""research/candidates/v03-baseline/proofs/v03-fixed-06/mapping.json"",""research/candidates/v03-baseline/proofs/v03-fixed-06/part-a.pqtc"",""research/candidates/v03-baseline/proofs/v03-fixed-06/part-b.pqtc"",""research/candidates/v03-baseline/proofs/v03-fixed-06/part-a.calldata"",""research/candidates/v03-baseline/proofs/v03-fixed-06/part-b.calldata""]","[""ceb1c877c4488d13c13ea88b3e924dd8a4138a4d4dec9323561089e139cdfc4d"",""29885fead4e9cf1e79969eeaf37768b1dfa221962852cce98d08d8dd0b3ed00f"",""ca5b06f884e9ca4600f45e9c67772d214c09aafb5ab75e36d566f3b591463cd4"",""9648c1acc99a74e692c408f1487bfcde444f49e429894046af4c6253db92e9fe"",""549c3aa8e6fbd963771606dd841e02c23d8ace75b5bdcd6a02b474bcb5195762"",""4eaddde58194077adc84f8a8d46c0352b9ef3f2d0a28dee4088cdceff70472ec"",""cfa64e7364d84f1251b2a65ada4a884967cdea541bb9a4d06890e7b53bde1bbe"",""ba9194934bb0a6201c78036d345db219db11fd482b9b0bd28ba98b7443134486""]","[""b325d0a9452668aece9ecaa349238f8292df6e2f95ecf497ad3af41c2b7f643d"",""e5d72832dc8c8547e5c39d38b01852c642915afcc538a1b11a53ebb7c625bc2f"",""e929ba235e0dd6735643507819fed80e9026090295ec8771177c56d9328552b8"",""aaa8ed384ef1d164745944c950354057da2b4a769e37edc3ce8820b336882f61"",""211c226594902a80648d42783c1e2281e1d85e658afecbb8f92fa39769aa89e2"",""fbdf1766320d398845210053dfb0eb3df3f241f076fd0387e06cb903e92e40ae"",""c3d3c7f57597ddce1b7fb660e4e15cd02e4a95de2a07e6048d63dce0769499f6"",""d504de35fd43ac20aa6bb481c4613691eb9a3af77d1b848f70833afcbc5205d8""]"
v03-fixed-07,C00/v03-baseline,SP-00,true,FAIL,SP-00 FAIL: 9/60 valid fresh part-A transactions exceed the EIP-7825 cap; pool internal CREATE gas exceeds the cap; the -1.036% Part-B total-gas delta lacks isolated attribution; top-level pool deployment and mined receipts remain NOT_EVALUATED.,research/runs/v03-fixed-07.json,7c47efc86e42bbb953a1b714d6f9dded22cebd67512940fc179826494eabaf77,f2fe38c90c9dbe33b8350f1e796d57505672c0c521597f0e9ec3b8e1457e12a4,"[""research/candidates/v03-baseline/proofs/v03-fixed-07/statement.json"",""research/candidates/v03-baseline/proofs/v03-fixed-07/witness.json"",""research/candidates/v03-baseline/proofs/v03-fixed-07/derived-case.json"",""research/candidates/v03-baseline/proofs/v03-fixed-07/mapping.json"",""research/candidates/v03-baseline/proofs/v03-fixed-07/part-a.pqtc"",""research/candidates/v03-baseline/proofs/v03-fixed-07/part-b.pqtc"",""research/candidates/v03-baseline/proofs/v03-fixed-07/part-a.calldata"",""research/candidates/v03-baseline/proofs/v03-fixed-07/part-b.calldata""]","[""ceb1c877c4488d13c13ea88b3e924dd8a4138a4d4dec9323561089e139cdfc4d"",""29885fead4e9cf1e79969eeaf37768b1dfa221962852cce98d08d8dd0b3ed00f"",""ca5b06f884e9ca4600f45e9c67772d214c09aafb5ab75e36d566f3b591463cd4"",""9648c1acc99a74e692c408f1487bfcde444f49e429894046af4c6253db92e9fe"",""671501dc61eeba5f174d98ce75fd82a5a7df325e3f9271ab2d45aec09cde5d37"",""7253cb8563a4cf38bd9d769b02d725618f0863026784cb4e4b27d35ca66c14fd"",""91bc46dcaeb4a1d56955d5bbe65c8798ccb6d01032007ec37ab83abd2536451a"",""eab7090e38454a557bb6f5f4afec84773417210dbb0dd7c64e904245aa9f0570""]","[""b325d0a9452668aece9ecaa349238f8292df6e2f95ecf497ad3af41c2b7f643d"",""e5d72832dc8c8547e5c39d38b01852c642915afcc538a1b11a53ebb7c625bc2f"",""e929ba235e0dd6735643507819fed80e9026090295ec8771177c56d9328552b8"",""aaa8ed384ef1d164745944c950354057da2b4a769e37edc3ce8820b336882f61"",""283afdfd31204c142ff2be8bc04feaef888df63f6ed0e276781d7ba127b3d4bc"",""4ed3a0c7ecb31920e96aa784f0c5cf4551d93c5e36f0f333482edb303928fb0c"",""fc4e30f4a6cb6f52cbc81ee5d1403478ebd7b90224a08480a1e66f4bd82ced8b"",""d32fc0bfbcac08ba6df37de4d148b3fae3eb17257f8891bb6a31b55a9cd52abe""]"
v03-fixed-08,C00/v03-baseline,SP-00,true,FAIL,SP-00 FAIL: 9/60 valid fresh part-A transactions exceed the EIP-7825 cap; pool internal CREATE gas exceeds the cap; the -1.036% Part-B total-gas delta lacks isolated attribution; top-level pool deployment and mined receipts remain NOT_EVALUATED.,research/runs/v03-fixed-08.json,6b74ea09299663fb8e43c2a605983c269747aa7a86a5ddee54cc8f4e6f43d5a2,9280fecb499572227f614d2725bd47f83929bf1c0b1608ae2677dd2331c5d4a3,"[""research/candidates/v03-baseline/proofs/v03-fixed-08/statement.json"",""research/candidates/v03-baseline/proofs/v03-fixed-08/witness.json"",""research/candidates/v03-baseline/proofs/v03-fixed-08/derived-case.json"",""research/candidates/v03-baseline/proofs/v03-fixed-08/mapping.json"",""research/candidates/v03-baseline/proofs/v03-fixed-08/part-a.pqtc"",""research/candidates/v03-baseline/proofs/v03-fixed-08/part-b.pqtc"",""research/candidates/v03-baseline/proofs/v03-fixed-08/part-a.calldata"",""research/candidates/v03-baseline/proofs/v03-fixed-08/part-b.calldata""]","[""ceb1c877c4488d13c13ea88b3e924dd8a4138a4d4dec9323561089e139cdfc4d"",""29885fead4e9cf1e79969eeaf37768b1dfa221962852cce98d08d8dd0b3ed00f"",""ca5b06f884e9ca4600f45e9c67772d214c09aafb5ab75e36d566f3b591463cd4"",""9648c1acc99a74e692c408f1487bfcde444f49e429894046af4c6253db92e9fe"",""581d9c00f9c71eea74d2f10ee6cf9e21afa3646510771a5f6145147d0eb767b2"",""25cb3943b5333d24ea56b790de3c4332f85ad4d7ac1a088510d240026e29801f"",""50f1084a4134531c98a09e53be7ef554f8343a75e694c091199290f2904e24aa"",""a4cb3455c9d7e1c4330988ddd9e19e93fc508312b106d413105312d6a6214324""]","[""b325d0a9452668aece9ecaa349238f8292df6e2f95ecf497ad3af41c2b7f643d"",""e5d72832dc8c8547e5c39d38b01852c642915afcc538a1b11a53ebb7c625bc2f"",""e929ba235e0dd6735643507819fed80e9026090295ec8771177c56d9328552b8"",""aaa8ed384ef1d164745944c950354057da2b4a769e37edc3ce8820b336882f61"",""b8987a10639d4bd872e226bbae70a791e0cc34195a7735a8ad14187c0903e097"",""a4f8dc0294a5b3ab21b79285e37789ea17a9a53789453b563fc72f80dc0d6148"",""e8ef17d23f6b85137b9e7982b63537141e14ade3e0651a1191bc034b181c8028"",""98a185465dee99fd42e29dd450f027b933f3e232fae218165967dd6e7a4fe28b""]"
v03-fixed-09,C00/v03-baseline,SP-00,true,FAIL,SP-00 FAIL: 9/60 valid fresh part-A transactions exceed the EIP-7825 cap; pool internal CREATE gas exceeds the cap; the -1.036% Part-B total-gas delta lacks isolated attribution; top-level pool deployment and mined receipts remain NOT_EVALUATED.,research/runs/v03-fixed-09.json,dec24f89ee71bab2adcec76a9ec03ea6dce3f94bbf3e58aca0a96b09f1160b96,fe1fba66b437e554775f75e358edbcdf4a4ac4aeb03d5b9e3211bb762786f13d,"[""research/candidates/v03-baseline/proofs/v03-fixed-09/statement.json"",""research/candidates/v03-baseline/proofs/v03-fixed-09/witness.json"",""research/candidates/v03-baseline/proofs/v03-fixed-09/derived-case.json"",""research/candidates/v03-baseline/proofs/v03-fixed-09/mapping.json"",""research/candidates/v03-baseline/proofs/v03-fixed-09/part-a.pqtc"",""research/candidates/v03-baseline/proofs/v03-fixed-09/part-b.pqtc"",""research/candidates/v03-baseline/proofs/v03-fixed-09/part-a.calldata"",""research/candidates/v03-baseline/proofs/v03-fixed-09/part-b.calldata""]","[""ceb1c877c4488d13c13ea88b3e924dd8a4138a4d4dec9323561089e139cdfc4d"",""29885fead4e9cf1e79969eeaf37768b1dfa221962852cce98d08d8dd0b3ed00f"",""ca5b06f884e9ca4600f45e9c67772d214c09aafb5ab75e36d566f3b591463cd4"",""9648c1acc99a74e692c408f1487bfcde444f49e429894046af4c6253db92e9fe"",""e4d69a143e156f21eebc4cb5a62eedafb89c102fcf8c8025b4f7d8ce20d9a681"",""ec4586a658c0c6d6a3f283a030003de57235568334d045c6bcd8fedc7668343a"",""84c80d00351bda8dd7fdc1399d7a2ad65dcde955938e2e5b4ca2c0411ac826f5"",""815d00d5b31af4200df03ea062c9139c93567e9d172f8c4da90342f2662df3c2""]","[""b325d0a9452668aece9ecaa349238f8292df6e2f95ecf497ad3af41c2b7f643d"",""e5d72832dc8c8547e5c39d38b01852c642915afcc538a1b11a53ebb7c625bc2f"",""e929ba235e0dd6735643507819fed80e9026090295ec8771177c56d9328552b8"",""aaa8ed384ef1d164745944c950354057da2b4a769e37edc3ce8820b336882f61"",""20a3b5a1f2ff0d5a2e013989b540fec66144712cb65ae7d122d6a98d832c6e26"",""81262e8068f380eb367a1f02dea9ac277b9e3051abb37ce8ad3657c32a6886f4"",""28d296752ffc22f5d7725ca3f942dff46965a6b840a63e312b44d453bcf80da6"",""e53414f3e26833b632f954cad8b5060b46d90167cef8e86d5626a22ed9188ecb""]"
v03-fixed-10,C00/v03-baseline,SP-00,true,FAIL,SP-00 FAIL: 9/60 valid fresh part-A transactions exceed the EIP-7825 cap; pool internal CREATE gas exceeds the cap; the -1.036% Part-B total-gas delta lacks isolated attribution; top-level pool deployment and mined receipts remain NOT_EVALUATED.,research/runs/v03-fixed-10.json,15353daf0a4563485cd2200fec41ca968510e8d2777c1e0a1e45eb03a1326e72,d20e3620965d6b14d7440b20946d5771a04a16a3e5e3bc22224ae9bcf83f1e63,"[""research/candidates/v03-baseline/proofs/v03-fixed-10/statement.json"",""research/candidates/v03-baseline/proofs/v03-fixed-10/witness.json"",""research/candidates/v03-baseline/proofs/v03-fixed-10/derived-case.json"",""research/candidates/v03-baseline/proofs/v03-fixed-10/mapping.json"",""research/candidates/v03-baseline/proofs/v03-fixed-10/part-a.pqtc"",""research/candidates/v03-baseline/proofs/v03-fixed-10/part-b.pqtc"",""research/candidates/v03-baseline/proofs/v03-fixed-10/part-a.calldata"",""research/candidates/v03-baseline/proofs/v03-fixed-10/part-b.calldata""]","[""ceb1c877c4488d13c13ea88b3e924dd8a4138a4d4dec9323561089e139cdfc4d"",""29885fead4e9cf1e79969eeaf37768b1dfa221962852cce98d08d8dd0b3ed00f"",""ca5b06f884e9ca4600f45e9c67772d214c09aafb5ab75e36d566f3b591463cd4"",""9648c1acc99a74e692c408f1487bfcde444f49e429894046af4c6253db92e9fe"",""81b1de40264db2b4dc9c404ffb7b354296f6f7379ced66a247078bbe7d7147c7"",""e5733f483e5a24c5b115cb4efb1560e5771d2addea3251da1d4ff11eb2628658"",""42d5527e9f0ef868895d16356670f67aedbc93516b7bc6b1ea74624f04b11cec"",""de70216bfd81365148b2cd54989c81c7ef5f533e4133cf218991cbab4d5d69b7""]","[""b325d0a9452668aece9ecaa349238f8292df6e2f95ecf497ad3af41c2b7f643d"",""e5d72832dc8c8547e5c39d38b01852c642915afcc538a1b11a53ebb7c625bc2f"",""e929ba235e0dd6735643507819fed80e9026090295ec8771177c56d9328552b8"",""aaa8ed384ef1d164745944c950354057da2b4a769e37edc3ce8820b336882f61"",""47e4d846433bea7ac63fbe019973d3b60196d231fbec01e369e96cd671c43d64"",""de65c75cd3e7ce50d320784640d95a40ddc7c95dc7e00b4acba4522b1bd7d9a0"",""85cd1a932a225e11602153a0fe84c1afcc19c6dea55ac8a613c9097987e66b32"",""856e9daf44d875901ef23e0886704a2a4d953b4497b43186ceba20a9a801093e""]"
v03-fixed-11,C00/v03-baseline,SP-00,true,FAIL,SP-00 FAIL: 9/60 valid fresh part-A transactions exceed the EIP-7825 cap; pool internal CREATE gas exceeds the cap; the -1.036% Part-B total-gas delta lacks isolated attribution; top-level pool deployment and mined receipts remain NOT_EVALUATED.,research/runs/v03-fixed-11.json,c8a34facaa20d77687ee2ab2e748cf6664c206dd97c40e46b4a3d23129b14ec1,a27666a511007ac59c8f8dfb3c063f6141885ecff36269abb3984657e42d761d,"[""research/candidates/v03-baseline/proofs/v03-fixed-11/statement.json"",""research/candidates/v03-baseline/proofs/v03-fixed-11/witness.json"",""research/candidates/v03-baseline/proofs/v03-fixed-11/derived-case.json"",""research/candidates/v03-baseline/proofs/v03-fixed-11/mapping.json"",""research/candidates/v03-baseline/proofs/v03-fixed-11/part-a.pqtc"",""research/candidates/v03-baseline/proofs/v03-fixed-11/part-b.pqtc"",""research/candidates/v03-baseline/proofs/v03-fixed-11/part-a.calldata"",""research/candidates/v03-baseline/proofs/v03-fixed-11/part-b.calldata""]","[""ceb1c877c4488d13c13ea88b3e924dd8a4138a4d4dec9323561089e139cdfc4d"",""29885fead4e9cf1e79969eeaf37768b1dfa221962852cce98d08d8dd0b3ed00f"",""ca5b06f884e9ca4600f45e9c67772d214c09aafb5ab75e36d566f3b591463cd4"",""9648c1acc99a74e692c408f1487bfcde444f49e429894046af4c6253db92e9fe"",""67e87a0e3ee2113c61e290c4680bf53a86eeb2a109c16c90da30e3607b21b0e8"",""6a70cd94714cf40a6e625d5c8b3e16bf566ef9a3e7cae025bbce72ea6b419ee0"",""0b08f85b34f79dc15ea9450c71b9aff93101e5feedea4dde887afa013dd9aaee"",""34af2ad9b394ec31eed8fb3e0c7f498eab3463d3d30b5dd5d6de83bada55fe4d""]","[""b325d0a9452668aece9ecaa349238f8292df6e2f95ecf497ad3af41c2b7f643d"",""e5d72832dc8c8547e5c39d38b01852c642915afcc538a1b11a53ebb7c625bc2f"",""e929ba235e0dd6735643507819fed80e9026090295ec8771177c56d9328552b8"",""aaa8ed384ef1d164745944c950354057da2b4a769e37edc3ce8820b336882f61"",""063f572a9dda8d09afa23def27b2b661027c2a1aea6c3da3c4a757a1f2d8b39a"",""e658a086f1bf818f7f2ee788cbf33ca487c7bdb465225d4a1b39348ce81a260d"",""62a760ef4efcd8c80210f4694f231a2c37a34887585030f84fc5365936d35526"",""128999bdb4bba35d6ccd7ad6bf405b0dd5f4cedc25a33a90db90e21ecfe3a4e3""]"
v03-fixed-12,C00/v03-baseline,SP-00,true,FAIL,SP-00 FAIL: 9/60 valid fresh part-A transactions exceed the EIP-7825 cap; pool internal CREATE gas exceeds the cap; the -1.036% Part-B total-gas delta lacks isolated attribution; top-level pool deployment and mined receipts remain NOT_EVALUATED.,research/runs/v03-fixed-12.json,ffde0d1e5d8be68ae3c2af50bf9dd81c146bc3d4bc2fa16a0d78dfdb3d21086c,f5fd35aac748da7ffeaf16def4725c658de112caa20a40834186f149aa534817,"[""research/candidates/v03-baseline/proofs/v03-fixed-12/statement.json"",""research/candidates/v03-baseline/proofs/v03-fixed-12/witness.json"",""research/candidates/v03-baseline/proofs/v03-fixed-12/derived-case.json"",""research/candidates/v03-baseline/proofs/v03-fixed-12/mapping.json"",""research/candidates/v03-baseline/proofs/v03-fixed-12/part-a.pqtc"",""research/candidates/v03-baseline/proofs/v03-fixed-12/part-b.pqtc"",""research/candidates/v03-baseline/proofs/v03-fixed-12/part-a.calldata"",""research/candidates/v03-baseline/proofs/v03-fixed-12/part-b.calldata""]","[""ceb1c877c4488d13c13ea88b3e924dd8a4138a4d4dec9323561089e139cdfc4d"",""29885fead4e9cf1e79969eeaf37768b1dfa221962852cce98d08d8dd0b3ed00f"",""ca5b06f884e9ca4600f45e9c67772d214c09aafb5ab75e36d566f3b591463cd4"",""9648c1acc99a74e692c408f1487bfcde444f49e429894046af4c6253db92e9fe"",""c81c0da3ec7b2edb590630f67e151c9715f2fe31d55c4946f8f6bf25407ebf88"",""5adc27a0daf19d5baa491bff91a1479eb806598902a058e1e5c6ace55f9f0b59"",""49e6abb5a40213d725ab24a308ad50553495ef6ce6ead04d05fff94ad35bfb19"",""923776c84a0872da84d868c410821b06b618ff39888cffd2697377e6f03fc85b""]","[""b325d0a9452668aece9ecaa349238f8292df6e2f95ecf497ad3af41c2b7f643d"",""e5d72832dc8c8547e5c39d38b01852c642915afcc538a1b11a53ebb7c625bc2f"",""e929ba235e0dd6735643507819fed80e9026090295ec8771177c56d9328552b8"",""aaa8ed384ef1d164745944c950354057da2b4a769e37edc3ce8820b336882f61"",""2eb2ad919859108c142ae254b89dae9fe380ca163c6ae59d1c2c020eb3d14341"",""6c1e2d7be729ba63dd57a89de515801ac3dbc0e9a706d0b5c5f7505d474296d9"",""9e1b2662715375127261cb1c43a5524f149e06d40ea11d6cc4ca946276af7840"",""8add6efa4630fba6a0166d536247a930ee8b335c55925c1ba904ca1cabac7540""]"
v03-fixed-13,C00/v03-baseline,SP-00,true,FAIL,SP-00 FAIL: 9/60 valid fresh part-A transactions exceed the EIP-7825 cap; pool internal CREATE gas exceeds the cap; the -1.036% Part-B total-gas delta lacks isolated attribution; top-level pool deployment and mined receipts remain NOT_EVALUATED.,research/runs/v03-fixed-13.json,427ba7db35ec18ba4d27df429f4f20601970158446f74afa30c3b3fc5f1690f6,0ee30c1c024cb3d7416329153f36c81bd63c3773079acac3c77f4163ff51ab91,"[""research/candidates/v03-baseline/proofs/v03-fixed-13/statement.json"",""research/candidates/v03-baseline/proofs/v03-fixed-13/witness.json"",""research/candidates/v03-baseline/proofs/v03-fixed-13/derived-case.json"",""research/candidates/v03-baseline/proofs/v03-fixed-13/mapping.json"",""research/candidates/v03-baseline/proofs/v03-fixed-13/part-a.pqtc"",""research/candidates/v03-baseline/proofs/v03-fixed-13/part-b.pqtc"",""research/candidates/v03-baseline/proofs/v03-fixed-13/part-a.calldata"",""research/candidates/v03-baseline/proofs/v03-fixed-13/part-b.calldata""]","[""ceb1c877c4488d13c13ea88b3e924dd8a4138a4d4dec9323561089e139cdfc4d"",""29885fead4e9cf1e79969eeaf37768b1dfa221962852cce98d08d8dd0b3ed00f"",""ca5b06f884e9ca4600f45e9c67772d214c09aafb5ab75e36d566f3b591463cd4"",""9648c1acc99a74e692c408f1487bfcde444f49e429894046af4c6253db92e9fe"",""6075075d01727d405425ef6b2afaebf3ff7b8df73eff089dd0587710fff0c221"",""b8c781d794e520fcef0d95fb659c3b08c0ddd876f2246c029e511d455b95da65"",""b9b23f13df6d1cc8a4dd1be60ad72ac59c3cf4e5284536a0022173380de23284"",""a744752638a6fa9f6399eda55e0f42472009543db7a8d0ad5943ddc2f726cae9""]","[""b325d0a9452668aece9ecaa349238f8292df6e2f95ecf497ad3af41c2b7f643d"",""e5d72832dc8c8547e5c39d38b01852c642915afcc538a1b11a53ebb7c625bc2f"",""e929ba235e0dd6735643507819fed80e9026090295ec8771177c56d9328552b8"",""aaa8ed384ef1d164745944c950354057da2b4a769e37edc3ce8820b336882f61"",""3812160d7d92d901da266c020e57051cbed08a26ade1e1fe90c4b4c26cd4adc8"",""625cc8922a6ab57cd659955ee3b6f393c969c3a2a0dab71f30b2134193f2a442"",""96309acf23ede9070c1f52de7796e24bd14457e19388e07671ec580e455e1b14"",""d63af15993f0824f0e1c4c4c109faaf171d0cc1c26b5f1104085e88c1174a5d8""]"
v03-fixed-14,C00/v03-baseline,SP-00,true,FAIL,SP-00 FAIL: 9/60 valid fresh part-A transactions exceed the EIP-7825 cap; pool internal CREATE gas exceeds the cap; the -1.036% Part-B total-gas delta lacks isolated attribution; top-level pool deployment and mined receipts remain NOT_EVALUATED.,research/runs/v03-fixed-14.json,3c17054a32a2f30af359d5068f7a32a233d62b59cb4de79e276d1586bb5ccfac,7ab90538be3f76bfc3ad7312c37edd79b6d4a80fbc85b1c2e15375f2e01dd538,"[""research/candidates/v03-baseline/proofs/v03-fixed-14/statement.json"",""research/candidates/v03-baseline/proofs/v03-fixed-14/witness.json"",""research/candidates/v03-baseline/proofs/v03-fixed-14/derived-case.json"",""research/candidates/v03-baseline/proofs/v03-fixed-14/mapping.json"",""research/candidates/v03-baseline/proofs/v03-fixed-14/part-a.pqtc"",""research/candidates/v03-baseline/proofs/v03-fixed-14/part-b.pqtc"",""research/candidates/v03-baseline/proofs/v03-fixed-14/part-a.calldata"",""research/candidates/v03-baseline/proofs/v03-fixed-14/part-b.calldata""]","[""ceb1c877c4488d13c13ea88b3e924dd8a4138a4d4dec9323561089e139cdfc4d"",""29885fead4e9cf1e79969eeaf37768b1dfa221962852cce98d08d8dd0b3ed00f"",""ca5b06f884e9ca4600f45e9c67772d214c09aafb5ab75e36d566f3b591463cd4"",""9648c1acc99a74e692c408f1487bfcde444f49e429894046af4c6253db92e9fe"",""06f3dbd0572f2355e0590e4dc0b24962ef25911539b546a8ac624f2366150211"",""4e78332fce909ffd63d67ea1e103430fb9ab7b7a33135b3914b2be4e70979a56"",""d7c062abd573870a55f65734a2c5f6fac67c7bbe3a4ede94e69fb06c18eac9c6"",""e01b6df32a2e32eea08b7fad466221b7f1791bffcbcba4e3b3d2b7237da45a7b""]","[""b325d0a9452668aece9ecaa349238f8292df6e2f95ecf497ad3af41c2b7f643d"",""e5d72832dc8c8547e5c39d38b01852c642915afcc538a1b11a53ebb7c625bc2f"",""e929ba235e0dd6735643507819fed80e9026090295ec8771177c56d9328552b8"",""aaa8ed384ef1d164745944c950354057da2b4a769e37edc3ce8820b336882f61"",""dde97582fab571527cdde91c46853cbfeb9571287a396905093b94187eb52603"",""fcada42a3e308fb006e83ea6ae5a8ed53d168f16c259f1d3178f24e1892b941e"",""b4065a43a26d6bef7c487d98e1c83649569ee01f3bbe25ff5fb8320ed15a645c"",""d94033e801115926d6ca8b81e4f6fde3a5939d4ed850cb5afd2ec401213e4102""]"
v03-fixed-15,C00/v03-baseline,SP-00,true,FAIL,SP-00 FAIL: 9/60 valid fresh part-A transactions exceed the EIP-7825 cap; pool internal CREATE gas exceeds the cap; the -1.036% Part-B total-gas delta lacks isolated attribution; top-level pool deployment and mined receipts remain NOT_EVALUATED.,research/runs/v03-fixed-15.json,a6c582e990d45c179104ce5f06a303f4fcdba7db244d72abb3975b957977a399,07c7e99cd4c50a340fd8c899e714a10b0708847a0bec4177c87a7cdadb8704b3,"[""research/candidates/v03-baseline/proofs/v03-fixed-15/statement.json"",""research/candidates/v03-baseline/proofs/v03-fixed-15/witness.json"",""research/candidates/v03-baseline/proofs/v03-fixed-15/derived-case.json"",""research/candidates/v03-baseline/proofs/v03-fixed-15/mapping.json"",""research/candidates/v03-baseline/proofs/v03-fixed-15/part-a.pqtc"",""research/candidates/v03-baseline/proofs/v03-fixed-15/part-b.pqtc"",""research/candidates/v03-baseline/proofs/v03-fixed-15/part-a.calldata"",""research/candidates/v03-baseline/proofs/v03-fixed-15/part-b.calldata""]","[""ceb1c877c4488d13c13ea88b3e924dd8a4138a4d4dec9323561089e139cdfc4d"",""29885fead4e9cf1e79969eeaf37768b1dfa221962852cce98d08d8dd0b3ed00f"",""ca5b06f884e9ca4600f45e9c67772d214c09aafb5ab75e36d566f3b591463cd4"",""9648c1acc99a74e692c408f1487bfcde444f49e429894046af4c6253db92e9fe"",""f311f07b400563e0bf98ce269150b37157305d006d98c887c35f714aba5bda21"",""e933fa280f5039f5ea50652903847452006e088bdc43419df5a2dcb6f208edff"",""9cb7eed1b7132d5d762918f750df54604f95e7716d098c5a33e920463c0bb9b9"",""d9f8b68c6c2ab8da1dd2bae1fd1f98ec9f18bcadb89cd6ac2647b3e446fe578a""]","[""b325d0a9452668aece9ecaa349238f8292df6e2f95ecf497ad3af41c2b7f643d"",""e5d72832dc8c8547e5c39d38b01852c642915afcc538a1b11a53ebb7c625bc2f"",""e929ba235e0dd6735643507819fed80e9026090295ec8771177c56d9328552b8"",""aaa8ed384ef1d164745944c950354057da2b4a769e37edc3ce8820b336882f61"",""615b8eff4efe7c17b4c5611f47b62b223475d6f99fce934151eb0f6a6d624863"",""202d5fc9daeabe7610fdbd0fc9ae0c5656efaea126c9da3df4cb0894785ab07a"",""a6d1d76529224ac130523bbad9b07b90de28efc1c05eab74fe70d5b621d2385c"",""a5d1595a03b6a30f2d40a78b2808d50f03727155f9113d86461f9719c481d66e""]"
v03-fixed-16,C00/v03-baseline,SP-00,true,FAIL,SP-00 FAIL: 9/60 valid fresh part-A transactions exceed the EIP-7825 cap; pool internal CREATE gas exceeds the cap; the -1.036% Part-B total-gas delta lacks isolated attribution; top-level pool deployment and mined receipts remain NOT_EVALUATED.,research/runs/v03-fixed-16.json,446c8ec9176e4a39c026ce3980898fb8dd6e37911d3c5f650619f43be648cab0,9434d8f0210edff9aab481d9595df7a37069b65088a5a4e3da26c0d6b75880c4,"[""research/candidates/v03-baseline/proofs/v03-fixed-16/statement.json"",""research/candidates/v03-baseline/proofs/v03-fixed-16/witness.json"",""research/candidates/v03-baseline/proofs/v03-fixed-16/derived-case.json"",""research/candidates/v03-baseline/proofs/v03-fixed-16/mapping.json"",""research/candidates/v03-baseline/proofs/v03-fixed-16/part-a.pqtc"",""research/candidates/v03-baseline/proofs/v03-fixed-16/part-b.pqtc"",""research/candidates/v03-baseline/proofs/v03-fixed-16/part-a.calldata"",""research/candidates/v03-baseline/proofs/v03-fixed-16/part-b.calldata""]","[""ceb1c877c4488d13c13ea88b3e924dd8a4138a4d4dec9323561089e139cdfc4d"",""29885fead4e9cf1e79969eeaf37768b1dfa221962852cce98d08d8dd0b3ed00f"",""ca5b06f884e9ca4600f45e9c67772d214c09aafb5ab75e36d566f3b591463cd4"",""9648c1acc99a74e692c408f1487bfcde444f49e429894046af4c6253db92e9fe"",""c6de590bca96a31d472c36ffd0916ec3d8d3ade90f77e24806dcbe25d32de2f3"",""ae0e203376c8bfba4d97237ae5c670002e2b02ed04ea090b36a7f6dfdc1409e5"",""8088ca74bfd9e03f3906d0bb547485b48c657cd09bfd7c69e3a99501ed715fd6"",""2bd6c11ec594829e1478bff1126e5132b095af1843eeab8a545a7b4f5ce11b43""]","[""b325d0a9452668aece9ecaa349238f8292df6e2f95ecf497ad3af41c2b7f643d"",""e5d72832dc8c8547e5c39d38b01852c642915afcc538a1b11a53ebb7c625bc2f"",""e929ba235e0dd6735643507819fed80e9026090295ec8771177c56d9328552b8"",""aaa8ed384ef1d164745944c950354057da2b4a769e37edc3ce8820b336882f61"",""649b5ed2843684f718ea9c27a973cc760b0fd6d5e90e05242e0fbc70856a4a7f"",""08610497279e347b22d2828e31c7bb3f8b3e04db6ac2037e353b561663ac5bd7"",""61e66398e6c07868e99e4378aad33e41d8cabdf06ac42eb877b31dd0effa4ede"",""4be639a21a3f77be5e5a44db9da34c14602aaf017f88280818279191ee1eec7c""]"
v03-fixed-17,C00/v03-baseline,SP-00,true,FAIL,SP-00 FAIL: 9/60 valid fresh part-A transactions exceed the EIP-7825 cap; pool internal CREATE gas exceeds the cap; the -1.036% Part-B total-gas delta lacks isolated attribution; top-level pool deployment and mined receipts remain NOT_EVALUATED.,research/runs/v03-fixed-17.json,c8aa8fdedd27cfd5bee51e60a6b770050b354cb920a467a5a8d247dc339c4c12,a66a0ebd91a032f2dc404d0eadd086b4d36522bd33801e5c77c24ca452b66d17,"[""research/candidates/v03-baseline/proofs/v03-fixed-17/statement.json"",""research/candidates/v03-baseline/proofs/v03-fixed-17/witness.json"",""research/candidates/v03-baseline/proofs/v03-fixed-17/derived-case.json"",""research/candidates/v03-baseline/proofs/v03-fixed-17/mapping.json"",""research/candidates/v03-baseline/proofs/v03-fixed-17/part-a.pqtc"",""research/candidates/v03-baseline/proofs/v03-fixed-17/part-b.pqtc"",""research/candidates/v03-baseline/proofs/v03-fixed-17/part-a.calldata"",""research/candidates/v03-baseline/proofs/v03-fixed-17/part-b.calldata""]","[""ceb1c877c4488d13c13ea88b3e924dd8a4138a4d4dec9323561089e139cdfc4d"",""29885fead4e9cf1e79969eeaf37768b1dfa221962852cce98d08d8dd0b3ed00f"",""ca5b06f884e9ca4600f45e9c67772d214c09aafb5ab75e36d566f3b591463cd4"",""9648c1acc99a74e692c408f1487bfcde444f49e429894046af4c6253db92e9fe"",""cbeab163fa9bfb06c9edd1e88052939b099cec6cf3368c86beda705d50ae20a2"",""84bd9dbe87ecf2e24f220025be47cd77e330fb7c9c2965d158846e3a9de7fc2c"",""8013a8c1faeb64f63dff1d3b0682231b827f31da1c12a58bd30e47c2ffd44524"",""cc1e947f2676206268583b78a49b88691f20fdeed0349276c81d37535b10021b""]","[""b325d0a9452668aece9ecaa349238f8292df6e2f95ecf497ad3af41c2b7f643d"",""e5d72832dc8c8547e5c39d38b01852c642915afcc538a1b11a53ebb7c625bc2f"",""e929ba235e0dd6735643507819fed80e9026090295ec8771177c56d9328552b8"",""aaa8ed384ef1d164745944c950354057da2b4a769e37edc3ce8820b336882f61"",""0c7e3607c6ee3b83705a30108fe67d7095ef8e4db72c99e607af493d12fcbdf9"",""82b7374dc6fb1fcfc9e6620359bad76c8d61f6d334204ded2cb01e0506d1be66"",""877179a375fc4b3c082021bb94f3d69bda4e5330fd66a67709bede700c90d18f"",""19af4ddc3269381aa5e4bf332d619808ae34bae55a6b8c1644aed7bbdd4311d4""]"
v03-fixed-18,C00/v03-baseline,SP-00,true,FAIL,SP-00 FAIL: 9/60 valid fresh part-A transactions exceed the EIP-7825 cap; pool internal CREATE gas exceeds the cap; the -1.036% Part-B total-gas delta lacks isolated attribution; top-level pool deployment and mined receipts remain NOT_EVALUATED.,research/runs/v03-fixed-18.json,81f0619a0715f8ff5d023aeb01b573e9cc0ff88af2a1108fb1d8cfbfcef2678d,e886edc096bbc82f4b4d039ce51753bdec64e44bbbfecf82fa046713e46898cc,"[""research/candidates/v03-baseline/proofs/v03-fixed-18/statement.json"",""research/candidates/v03-baseline/proofs/v03-fixed-18/witness.json"",""research/candidates/v03-baseline/proofs/v03-fixed-18/derived-case.json"",""research/candidates/v03-baseline/proofs/v03-fixed-18/mapping.json"",""research/candidates/v03-baseline/proofs/v03-fixed-18/part-a.pqtc"",""research/candidates/v03-baseline/proofs/v03-fixed-18/part-b.pqtc"",""research/candidates/v03-baseline/proofs/v03-fixed-18/part-a.calldata"",""research/candidates/v03-baseline/proofs/v03-fixed-18/part-b.calldata""]","[""ceb1c877c4488d13c13ea88b3e924dd8a4138a4d4dec9323561089e139cdfc4d"",""29885fead4e9cf1e79969eeaf37768b1dfa221962852cce98d08d8dd0b3ed00f"",""ca5b06f884e9ca4600f45e9c67772d214c09aafb5ab75e36d566f3b591463cd4"",""9648c1acc99a74e692c408f1487bfcde444f49e429894046af4c6253db92e9fe"",""db9fdcd1d29324bc78d69be9b0eb2c737a7667098643f5f4835fa108a84ada30"",""0253534e0ad2c2fe5d45c4778228349d1b1365bb8d6c18cfeb0fffb1baebdadf"",""df81cfca7914e16cbe68785f26513ad62655d09a69e8a78e6d45ae4ef1528aae"",""c43845e7da779289bedc8d9883665459574045854ccafe700801cf20be6cdc3c""]","[""b325d0a9452668aece9ecaa349238f8292df6e2f95ecf497ad3af41c2b7f643d"",""e5d72832dc8c8547e5c39d38b01852c642915afcc538a1b11a53ebb7c625bc2f"",""e929ba235e0dd6735643507819fed80e9026090295ec8771177c56d9328552b8"",""aaa8ed384ef1d164745944c950354057da2b4a769e37edc3ce8820b336882f61"",""b48a81fd3d2a7737b09204457d1ba4f4882d830199185b8d3f1ff2092b8f36dc"",""4b83999e020a841eb891481c076e5def237102b6b6e1fddf98c6df785df5c7aa"",""6e6e671a7e60707904295657e1fff7eb547e31dd82168c8d25da8f74e04ef30f"",""35db9e82c24f50152abb0591062053913b92353cd341ee035434c8666f16f8c9""]"
v03-fixed-19,C00/v03-baseline,SP-00,true,FAIL,SP-00 FAIL: 9/60 valid fresh part-A transactions exceed the EIP-7825 cap; pool internal CREATE gas exceeds the cap; the -1.036% Part-B total-gas delta lacks isolated attribution; top-level pool deployment and mined receipts remain NOT_EVALUATED.,research/runs/v03-fixed-19.json,4e499046a5bc835d6cb1e1ea10063b1a44e32a17c9e715c38df28f8c95bb81ea,979afebc35bfaa06b1d3a48a49615cd7ad6edb80d4fc19a9eef2963b83d1eee0,"[""research/candidates/v03-baseline/proofs/v03-fixed-19/statement.json"",""research/candidates/v03-baseline/proofs/v03-fixed-19/witness.json"",""research/candidates/v03-baseline/proofs/v03-fixed-19/derived-case.json"",""research/candidates/v03-baseline/proofs/v03-fixed-19/mapping.json"",""research/candidates/v03-baseline/proofs/v03-fixed-19/part-a.pqtc"",""research/candidates/v03-baseline/proofs/v03-fixed-19/part-b.pqtc"",""research/candidates/v03-baseline/proofs/v03-fixed-19/part-a.calldata"",""research/candidates/v03-baseline/proofs/v03-fixed-19/part-b.calldata""]","[""ceb1c877c4488d13c13ea88b3e924dd8a4138a4d4dec9323561089e139cdfc4d"",""29885fead4e9cf1e79969eeaf37768b1dfa221962852cce98d08d8dd0b3ed00f"",""ca5b06f884e9ca4600f45e9c67772d214c09aafb5ab75e36d566f3b591463cd4"",""9648c1acc99a74e692c408f1487bfcde444f49e429894046af4c6253db92e9fe"",""8d47ba3d8796f7bb712654e074af6c16ab2db00fc2a3ab0b40b8649de7f0493c"",""d696d8b9abad6142e863ea7f5dee6ae863a674ac1763c599ffd9ca1598b87403"",""e6e1b13de2e541dba6c6150e6659eb31338a2c97e9fc1a41b635dc2f6169352f"",""8c89f69322c5ada6b3e4c658d74765c30b45d6d30ae4541721e4fe4c59fcf77c""]","[""b325d0a9452668aece9ecaa349238f8292df6e2f95ecf497ad3af41c2b7f643d"",""e5d72832dc8c8547e5c39d38b01852c642915afcc538a1b11a53ebb7c625bc2f"",""e929ba235e0dd6735643507819fed80e9026090295ec8771177c56d9328552b8"",""aaa8ed384ef1d164745944c950354057da2b4a769e37edc3ce8820b336882f61"",""0eef2f68927567651cf493111baa659d0aa0d23fd1d862001a940d73a3572f60"",""da081f1350d67d2122641d887e33f7f82a1c7677b2231c042d97e42f4d6085d3"",""5b6f539fd4c468d42414ac7a08c29dc8d431e86d585ffc8e98d4af9e66d45bc6"",""caedb9f5e0661a1a1a516990b8a4ef8d05361b8287c6a852ce8095443e7c6488""]"
v03-fixed-20,C00/v03-baseline,SP-00,true,FAIL,SP-00 FAIL: 9/60 valid fresh part-A transactions exceed the EIP-7825 cap; pool internal CREATE gas exceeds the cap; the -1.036% Part-B total-gas delta lacks isolated attribution; top-level pool deployment and mined receipts remain NOT_EVALUATED.,research/runs/v03-fixed-20.json,615681087057045e9919adf727af3f50ba9271be8b19e26571238484f0781962,406868ba7ec7371d26c9e61d1031aa513cb63288fe6df219cb6f1115526c212b,"[""research/candidates/v03-baseline/proofs/v03-fixed-20/statement.json"",""research/candidates/v03-baseline/proofs/v03-fixed-20/witness.json"",""research/candidates/v03-baseline/proofs/v03-fixed-20/derived-case.json"",""research/candidates/v03-baseline/proofs/v03-fixed-20/mapping.json"",""research/candidates/v03-baseline/proofs/v03-fixed-20/part-a.pqtc"",""research/candidates/v03-baseline/proofs/v03-fixed-20/part-b.pqtc"",""research/candidates/v03-baseline/proofs/v03-fixed-20/part-a.calldata"",""research/candidates/v03-baseline/proofs/v03-fixed-20/part-b.calldata""]","[""ceb1c877c4488d13c13ea88b3e924dd8a4138a4d4dec9323561089e139cdfc4d"",""29885fead4e9cf1e79969eeaf37768b1dfa221962852cce98d08d8dd0b3ed00f"",""ca5b06f884e9ca4600f45e9c67772d214c09aafb5ab75e36d566f3b591463cd4"",""9648c1acc99a74e692c408f1487bfcde444f49e429894046af4c6253db92e9fe"",""d93c724fc8b2599969f3039fc0bea7d609a9ad52414c99e271d456c7958d77c3"",""68cec3c11dee93e4c3ca78dcba53eb19eb8dc7535fa406574338df7b6ede498c"",""7bb036393db598336aafc5851824b0e0083d672a9e596e9415b6acc284315880"",""6a65c9ab5910d4076f739e5d5cfee78bbfcf4b0d75af0ae93fa5540c559b2405""]","[""b325d0a9452668aece9ecaa349238f8292df6e2f95ecf497ad3af41c2b7f643d"",""e5d72832dc8c8547e5c39d38b01852c642915afcc538a1b11a53ebb7c625bc2f"",""e929ba235e0dd6735643507819fed80e9026090295ec8771177c56d9328552b8"",""aaa8ed384ef1d164745944c950354057da2b4a769e37edc3ce8820b336882f61"",""261dfc1e46ed75b2ae77d6e300060531235752f6ab52c0b2a255e2396b0292c9"",""979b52262ff38eabd296c78056c918461ca7b3676293b3ab940366962702ad76"",""87c8183d592835ad034df971e855894b870f260d9218beb20aca111abea7477f"",""ddc1c49b2969769c9b989a8aa5ab3086e3232ad083d672c936792c0a9da3039f""]"
v03-fixed-21,C00/v03-baseline,SP-00,true,FAIL,SP-00 FAIL: 9/60 valid fresh part-A transactions exceed the EIP-7825 cap; pool internal CREATE gas exceeds the cap; the -1.036% Part-B total-gas delta lacks isolated attribution; top-level pool deployment and mined receipts remain NOT_EVALUATED.,research/runs/v03-fixed-21.json,bf6f4be9f795cbaac0d0a73de4093b185c273fbc77cc01ded35517630794d7d9,d38726f0ac19bb9be024db6b0183922c23b4d94cb713bea621713190e8b9f7f9,"[""research/candidates/v03-baseline/proofs/v03-fixed-21/statement.json"",""research/candidates/v03-baseline/proofs/v03-fixed-21/witness.json"",""research/candidates/v03-baseline/proofs/v03-fixed-21/derived-case.json"",""research/candidates/v03-baseline/proofs/v03-fixed-21/mapping.json"",""research/candidates/v03-baseline/proofs/v03-fixed-21/part-a.pqtc"",""research/candidates/v03-baseline/proofs/v03-fixed-21/part-b.pqtc"",""research/candidates/v03-baseline/proofs/v03-fixed-21/part-a.calldata"",""research/candidates/v03-baseline/proofs/v03-fixed-21/part-b.calldata""]","[""ceb1c877c4488d13c13ea88b3e924dd8a4138a4d4dec9323561089e139cdfc4d"",""29885fead4e9cf1e79969eeaf37768b1dfa221962852cce98d08d8dd0b3ed00f"",""ca5b06f884e9ca4600f45e9c67772d214c09aafb5ab75e36d566f3b591463cd4"",""9648c1acc99a74e692c408f1487bfcde444f49e429894046af4c6253db92e9fe"",""55ab6248c222a35095e8be74cac15055cefbc531c959b6987887d848b870ddc0"",""1be9881cba837051c80050a127d380a01d4e6e939a11db15ff0251cfdf2528ee"",""e2f6daea914f1072378f8e4cd5bd0ba3159e405bf87cdff5a7e8a7b300f66cee"",""a558d0eb49b807f4efd444c371687c35f204c334a5186fa89cf5a51c0546b32c""]","[""b325d0a9452668aece9ecaa349238f8292df6e2f95ecf497ad3af41c2b7f643d"",""e5d72832dc8c8547e5c39d38b01852c642915afcc538a1b11a53ebb7c625bc2f"",""e929ba235e0dd6735643507819fed80e9026090295ec8771177c56d9328552b8"",""aaa8ed384ef1d164745944c950354057da2b4a769e37edc3ce8820b336882f61"",""139639543deb1f51e8e11bce060da26d3447c4dec9b1182d06d4e79b3fda0fb2"",""035039352e177be46903f94baeabae8ea4354b73723223d68a8c2f818c60f17a"",""2298ac31e8bafa5876c7408337fd3e1c452f870ffc2fec5b5e90afd56942e24a"",""c78813523690680ec86fe5cd534a4112cfc361129dc5f3805e3043f44e6a4ee0""]"
v03-fixed-22,C00/v03-baseline,SP-00,true,FAIL,SP-00 FAIL: 9/60 valid fresh part-A transactions exceed the EIP-7825 cap; pool internal CREATE gas exceeds the cap; the -1.036% Part-B total-gas delta lacks isolated attribution; top-level pool deployment and mined receipts remain NOT_EVALUATED.,research/runs/v03-fixed-22.json,8abd6d41b199f0339b8d1027ed03dde18fe15d18e21ad938c3b86c4181836930,f5658b40e51ea73fb5c0df14e3f6c9f43cc75230d6188d0bbb4248257ee62b50,"[""research/candidates/v03-baseline/proofs/v03-fixed-22/statement.json"",""research/candidates/v03-baseline/proofs/v03-fixed-22/witness.json"",""research/candidates/v03-baseline/proofs/v03-fixed-22/derived-case.json"",""research/candidates/v03-baseline/proofs/v03-fixed-22/mapping.json"",""research/candidates/v03-baseline/proofs/v03-fixed-22/part-a.pqtc"",""research/candidates/v03-baseline/proofs/v03-fixed-22/part-b.pqtc"",""research/candidates/v03-baseline/proofs/v03-fixed-22/part-a.calldata"",""research/candidates/v03-baseline/proofs/v03-fixed-22/part-b.calldata""]","[""ceb1c877c4488d13c13ea88b3e924dd8a4138a4d4dec9323561089e139cdfc4d"",""29885fead4e9cf1e79969eeaf37768b1dfa221962852cce98d08d8dd0b3ed00f"",""ca5b06f884e9ca4600f45e9c67772d214c09aafb5ab75e36d566f3b591463cd4"",""9648c1acc99a74e692c408f1487bfcde444f49e429894046af4c6253db92e9fe"",""5b22d7bb4a7fb962bd011bc87909ea56688a8a38fdbf50f105b0f239f06618df"",""1b42a0f5a346eafd494862ce120a05e9d608be4c4b274ee9b0de89e501182c98"",""29863b26d1b1a7d599d149363e1a633daee3c5a6a6f4b17db81c7e8967827575"",""3efdfc65855910f91242d12f8b0bc8540b32dd56e8aba59822e5a3289be7f806""]","[""b325d0a9452668aece9ecaa349238f8292df6e2f95ecf497ad3af41c2b7f643d"",""e5d72832dc8c8547e5c39d38b01852c642915afcc538a1b11a53ebb7c625bc2f"",""e929ba235e0dd6735643507819fed80e9026090295ec8771177c56d9328552b8"",""aaa8ed384ef1d164745944c950354057da2b4a769e37edc3ce8820b336882f61"",""d506267462b941329a709208acd12ad525e318a0c9fd17d4874c02dd6053f176"",""fd00fd6fb3840aa6a39f7efff2f249e0de14a8c2cfb1d0033b518ea91265a627"",""66d949f4572b2f15bff94c0cf571a348c05055f6cbdfdc6dc32a0363cce30f20"",""516f700c067cafdd0d3d0d5ebcaf9bb5c98efcc7d9b9392e8f6b2a4b2d75629d""]"
v03-fixed-23,C00/v03-baseline,SP-00,true,FAIL,SP-00 FAIL: 9/60 valid fresh part-A transactions exceed the EIP-7825 cap; pool internal CREATE gas exceeds the cap; the -1.036% Part-B total-gas delta lacks isolated attribution; top-level pool deployment and mined receipts remain NOT_EVALUATED.,research/runs/v03-fixed-23.json,a9eb1e560b931efb8c24b36cbaea5e8d0f57fa6f202fa52dfa913377d31b9441,e1815061c20bdd810ff0fd4e8002f4caaaf9a95b82213788e4c45c6cacc8682e,"[""research/candidates/v03-baseline/proofs/v03-fixed-23/statement.json"",""research/candidates/v03-baseline/proofs/v03-fixed-23/witness.json"",""research/candidates/v03-baseline/proofs/v03-fixed-23/derived-case.json"",""research/candidates/v03-baseline/proofs/v03-fixed-23/mapping.json"",""research/candidates/v03-baseline/proofs/v03-fixed-23/part-a.pqtc"",""research/candidates/v03-baseline/proofs/v03-fixed-23/part-b.pqtc"",""research/candidates/v03-baseline/proofs/v03-fixed-23/part-a.calldata"",""research/candidates/v03-baseline/proofs/v03-fixed-23/part-b.calldata""]","[""ceb1c877c4488d13c13ea88b3e924dd8a4138a4d4dec9323561089e139cdfc4d"",""29885fead4e9cf1e79969eeaf37768b1dfa221962852cce98d08d8dd0b3ed00f"",""ca5b06f884e9ca4600f45e9c67772d214c09aafb5ab75e36d566f3b591463cd4"",""9648c1acc99a74e692c408f1487bfcde444f49e429894046af4c6253db92e9fe"",""3510456e5a83cd220d5885ccf8e767c0f47149092d45451e651760af77d48d37"",""2a290ccfa08baf2e90e3590ddf7cdd366d2d536fbe16c00d3dc9c92c0119644a"",""388936743902ede704477ef63fe99a72f79145a613d2e784de55e52f644e6b70"",""6634e1fc2b4d6e62621ed2aeb571f27875401b26fab9b82aca0f35b64dfde917""]","[""b325d0a9452668aece9ecaa349238f8292df6e2f95ecf497ad3af41c2b7f643d"",""e5d72832dc8c8547e5c39d38b01852c642915afcc538a1b11a53ebb7c625bc2f"",""e929ba235e0dd6735643507819fed80e9026090295ec8771177c56d9328552b8"",""aaa8ed384ef1d164745944c950354057da2b4a769e37edc3ce8820b336882f61"",""8ad0a5ba81d1371fb8f114b37ce58541a15acc3d22d749327712a555edfee40c"",""bef5bb7aae51c4b84320923ff7d61dfe19f1f71c396fa1ac7f36b3c7413d8847"",""f64706dabbd7d93acfe6450c5bd4429198171276bc108c3963fccbf5ed5ab230"",""9b1805d924251953687d08e3180f58e72cffd861c6bb8457cb91042d9a7470aa""]"
v03-fixed-24,C00/v03-baseline,SP-00,true,FAIL,SP-00 FAIL: 9/60 valid fresh part-A transactions exceed the EIP-7825 cap; pool internal CREATE gas exceeds the cap; the -1.036% Part-B total-gas delta lacks isolated attribution; top-level pool deployment and mined receipts remain NOT_EVALUATED.,research/runs/v03-fixed-24.json,50b3027d9d5172c8e2ba36501c50ac5a5c5b8533585667bb99c0cbec5f970cf1,e868b8f62ffa5fcbf7cfb5036061314947094cc8852ed71d467c57041ab21253,"[""research/candidates/v03-baseline/proofs/v03-fixed-24/statement.json"",""research/candidates/v03-baseline/proofs/v03-fixed-24/witness.json"",""research/candidates/v03-baseline/proofs/v03-fixed-24/derived-case.json"",""research/candidates/v03-baseline/proofs/v03-fixed-24/mapping.json"",""research/candidates/v03-baseline/proofs/v03-fixed-24/part-a.pqtc"",""research/candidates/v03-baseline/proofs/v03-fixed-24/part-b.pqtc"",""research/candidates/v03-baseline/proofs/v03-fixed-24/part-a.calldata"",""research/candidates/v03-baseline/proofs/v03-fixed-24/part-b.calldata""]","[""ceb1c877c4488d13c13ea88b3e924dd8a4138a4d4dec9323561089e139cdfc4d"",""29885fead4e9cf1e79969eeaf37768b1dfa221962852cce98d08d8dd0b3ed00f"",""ca5b06f884e9ca4600f45e9c67772d214c09aafb5ab75e36d566f3b591463cd4"",""9648c1acc99a74e692c408f1487bfcde444f49e429894046af4c6253db92e9fe"",""114ea46bdf8836202411047179cb73cc45e60c42eacb370ec7cbc3c3e300d542"",""6c30ec1f53ebcecba1617c6ca5ae1ec862cf6eb8f82f9c736a66952264e6b3be"",""ae53c8730009732be1c5177cebf85174aa692e8af6af25e5853fb595c9260716"",""246866b8a851d99f1e58f66e0102a8b3ef55df83bac6120beb8da2e62fb8e850""]","[""b325d0a9452668aece9ecaa349238f8292df6e2f95ecf497ad3af41c2b7f643d"",""e5d72832dc8c8547e5c39d38b01852c642915afcc538a1b11a53ebb7c625bc2f"",""e929ba235e0dd6735643507819fed80e9026090295ec8771177c56d9328552b8"",""aaa8ed384ef1d164745944c950354057da2b4a769e37edc3ce8820b336882f61"",""0556ede2e47d867c5328c77d5f5cf84c0b77a68b86d3c2800b787c6e72a803da"",""263bb0ac4e2035f32b59570ecb8e0c23922db9704ce5115f64b68a46ac333e87"",""78f6be0a1993fd5ee2966bd42d5808508fc01038bca3a1831714be3161bb2600"",""f6103976a50438f098f23c317bc7588a1acaee15bc058e3a602bcd891fa08d5f""]"
v03-fixed-25,C00/v03-baseline,SP-00,true,FAIL,SP-00 FAIL: 9/60 valid fresh part-A transactions exceed the EIP-7825 cap; pool internal CREATE gas exceeds the cap; the -1.036% Part-B total-gas delta lacks isolated attribution; top-level pool deployment and mined receipts remain NOT_EVALUATED.,research/runs/v03-fixed-25.json,9ac7567410fa760e1c768fd395327dcce8afdeee4e3bb93e89864f708380d697,e6aea6ec57084f82c610787a15e9e2d321bb0cca7ee00f191770aec63f59450c,"[""research/candidates/v03-baseline/proofs/v03-fixed-25/statement.json"",""research/candidates/v03-baseline/proofs/v03-fixed-25/witness.json"",""research/candidates/v03-baseline/proofs/v03-fixed-25/derived-case.json"",""research/candidates/v03-baseline/proofs/v03-fixed-25/mapping.json"",""research/candidates/v03-baseline/proofs/v03-fixed-25/part-a.pqtc"",""research/candidates/v03-baseline/proofs/v03-fixed-25/part-b.pqtc"",""research/candidates/v03-baseline/proofs/v03-fixed-25/part-a.calldata"",""research/candidates/v03-baseline/proofs/v03-fixed-25/part-b.calldata""]","[""ceb1c877c4488d13c13ea88b3e924dd8a4138a4d4dec9323561089e139cdfc4d"",""29885fead4e9cf1e79969eeaf37768b1dfa221962852cce98d08d8dd0b3ed00f"",""ca5b06f884e9ca4600f45e9c67772d214c09aafb5ab75e36d566f3b591463cd4"",""9648c1acc99a74e692c408f1487bfcde444f49e429894046af4c6253db92e9fe"",""ab1d1becb57b2148e228f1dfeb619c08085969430b9ddb256eb03fb189a08b6c"",""0fa4d1d5b407468fd35d258a5de4025536d851f9249ece9ac448ef2c74c744b3"",""af5497133b3cbe82c166d55ceadae60add16cbac62a507ef4f600b3fea214ced"",""1ccebb7700f48df8050643e6bbc8932a6569fa1da5c0cdcdbe2ae8e6907ddd84""]","[""b325d0a9452668aece9ecaa349238f8292df6e2f95ecf497ad3af41c2b7f643d"",""e5d72832dc8c8547e5c39d38b01852c642915afcc538a1b11a53ebb7c625bc2f"",""e929ba235e0dd6735643507819fed80e9026090295ec8771177c56d9328552b8"",""aaa8ed384ef1d164745944c950354057da2b4a769e37edc3ce8820b336882f61"",""3cf7e2150b45f5859ea9c5025e9d6a676e044836e24a3d4e130586921e4e33a3"",""bc76bbf042e1899b12cc51a37704ed1be91d76e974a12d71c4b275ba4dce9817"",""3ffb264cbc1807b91ba12184752f0e654514a43c35594259bd3cef1d3366be6a"",""ca99ea2f43f405ce207c6a411649456c68e554005155e2836d34519b274f3546""]"
v03-fixed-26,C00/v03-baseline,SP-00,true,FAIL,SP-00 FAIL: 9/60 valid fresh part-A transactions exceed the EIP-7825 cap; pool internal CREATE gas exceeds the cap; the -1.036% Part-B total-gas delta lacks isolated attribution; top-level pool deployment and mined receipts remain NOT_EVALUATED.,research/runs/v03-fixed-26.json,5ac17e51daaed77f9fff05a8f423feff335d3814cc459bffa161b0448eec575e,5c06991334e8da8f98507ccf0b63369faef01ec3fab645584ee1be1ac9b18c3c,"[""research/candidates/v03-baseline/proofs/v03-fixed-26/statement.json"",""research/candidates/v03-baseline/proofs/v03-fixed-26/witness.json"",""research/candidates/v03-baseline/proofs/v03-fixed-26/derived-case.json"",""research/candidates/v03-baseline/proofs/v03-fixed-26/mapping.json"",""research/candidates/v03-baseline/proofs/v03-fixed-26/part-a.pqtc"",""research/candidates/v03-baseline/proofs/v03-fixed-26/part-b.pqtc"",""research/candidates/v03-baseline/proofs/v03-fixed-26/part-a.calldata"",""research/candidates/v03-baseline/proofs/v03-fixed-26/part-b.calldata""]","[""ceb1c877c4488d13c13ea88b3e924dd8a4138a4d4dec9323561089e139cdfc4d"",""29885fead4e9cf1e79969eeaf37768b1dfa221962852cce98d08d8dd0b3ed00f"",""ca5b06f884e9ca4600f45e9c67772d214c09aafb5ab75e36d566f3b591463cd4"",""9648c1acc99a74e692c408f1487bfcde444f49e429894046af4c6253db92e9fe"",""263072f738810a5f7acd15490d86763566aa7aab0773141b399084738e1faab8"",""0ba3ed435c12863122c4d1003353586f400bd6269de7a02af847b03b3a5c46ef"",""924905f7156432283c6836874aa1a974dafc6a8fbbeb69981f0a30e8a0557281"",""51989b689b705e4bbe673e40fc2d4d82de79620666d504aaee17061df4095c0b""]","[""b325d0a9452668aece9ecaa349238f8292df6e2f95ecf497ad3af41c2b7f643d"",""e5d72832dc8c8547e5c39d38b01852c642915afcc538a1b11a53ebb7c625bc2f"",""e929ba235e0dd6735643507819fed80e9026090295ec8771177c56d9328552b8"",""aaa8ed384ef1d164745944c950354057da2b4a769e37edc3ce8820b336882f61"",""3f672007babd183f4837b04b930fa82de6dde389b4b711e1298667ef27f9d65e"",""ff3c8303dbe1be3b7ce8efb3e9738759deef5612cdedf5ed847a305b32b04b29"",""23fb3090841a885b2ca61646dc3d7f2c4db098adc1b9a360cb835c251fe48d9e"",""22383139095b3f023b066ea470acf43ce56c57577cee5f3cda54ba3b58562b17""]"
v03-fixed-27,C00/v03-baseline,SP-00,true,FAIL,SP-00 FAIL: 9/60 valid fresh part-A transactions exceed the EIP-7825 cap; pool internal CREATE gas exceeds the cap; the -1.036% Part-B total-gas delta lacks isolated attribution; top-level pool deployment and mined receipts remain NOT_EVALUATED.,research/runs/v03-fixed-27.json,017b6d59485b5972cdf0d2bc0d65827ca7cb1124dccb3cab8049749c3625111d,e561bd75473bce7c36421210056ca8dfee3d63c67a4975d62fe6383ef60af797,"[""research/candidates/v03-baseline/proofs/v03-fixed-27/statement.json"",""research/candidates/v03-baseline/proofs/v03-fixed-27/witness.json"",""research/candidates/v03-baseline/proofs/v03-fixed-27/derived-case.json"",""research/candidates/v03-baseline/proofs/v03-fixed-27/mapping.json"",""research/candidates/v03-baseline/proofs/v03-fixed-27/part-a.pqtc"",""research/candidates/v03-baseline/proofs/v03-fixed-27/part-b.pqtc"",""research/candidates/v03-baseline/proofs/v03-fixed-27/part-a.calldata"",""research/candidates/v03-baseline/proofs/v03-fixed-27/part-b.calldata""]","[""ceb1c877c4488d13c13ea88b3e924dd8a4138a4d4dec9323561089e139cdfc4d"",""29885fead4e9cf1e79969eeaf37768b1dfa221962852cce98d08d8dd0b3ed00f"",""ca5b06f884e9ca4600f45e9c67772d214c09aafb5ab75e36d566f3b591463cd4"",""9648c1acc99a74e692c408f1487bfcde444f49e429894046af4c6253db92e9fe"",""0457052f09ec7e07cd10d46104a63109e8779aa5878159b32eedcf0f7488e216"",""a75349b269be2c43a6c115bb1c0c953afa9b2a57f0d14c9aebcdbb6a857f8ea7"",""d92585c4f723f4c01a41856c4f217df605348ef161cd1bb8491e92d1450dbb4b"",""616bd0862d25b46989678203e58157dbd98f8f2158baeb4c981b7e1cb5837e3b""]","[""b325d0a9452668aece9ecaa349238f8292df6e2f95ecf497ad3af41c2b7f643d"",""e5d72832dc8c8547e5c39d38b01852c642915afcc538a1b11a53ebb7c625bc2f"",""e929ba235e0dd6735643507819fed80e9026090295ec8771177c56d9328552b8"",""aaa8ed384ef1d164745944c950354057da2b4a769e37edc3ce8820b336882f61"",""ec9554f3c0cab71590465e5e61f203a4982f3a3207caab7c862046c6391b5389"",""bcdc053b3184876b0aded53082a665599de5d3ce49595ae6488ed10eada5ecc3"",""b82c255938250c399c66b7ff4d6787631b6ab13ad20d31783d4110d4369415c8"",""97c143f709ff9d1a688a1303d4ea65827b09889aebe5d772a0ce78829fadea1e""]"
v03-fixed-28,C00/v03-baseline,SP-00,true,FAIL,SP-00 FAIL: 9/60 valid fresh part-A transactions exceed the EIP-7825 cap; pool internal CREATE gas exceeds the cap; the -1.036% Part-B total-gas delta lacks isolated attribution; top-level pool deployment and mined receipts remain NOT_EVALUATED.,research/runs/v03-fixed-28.json,72a15d00f291050b131c247b835fc9dc14f81473be542121e82c06a8e95ce547,ecd5fc7d64b908ce0a8ac7929ac9326c0c2541ff9152031ffa7e59ab3c5609bc,"[""research/candidates/v03-baseline/proofs/v03-fixed-28/statement.json"",""research/candidates/v03-baseline/proofs/v03-fixed-28/witness.json"",""research/candidates/v03-baseline/proofs/v03-fixed-28/derived-case.json"",""research/candidates/v03-baseline/proofs/v03-fixed-28/mapping.json"",""research/candidates/v03-baseline/proofs/v03-fixed-28/part-a.pqtc"",""research/candidates/v03-baseline/proofs/v03-fixed-28/part-b.pqtc"",""research/candidates/v03-baseline/proofs/v03-fixed-28/part-a.calldata"",""research/candidates/v03-baseline/proofs/v03-fixed-28/part-b.calldata""]","[""ceb1c877c4488d13c13ea88b3e924dd8a4138a4d4dec9323561089e139cdfc4d"",""29885fead4e9cf1e79969eeaf37768b1dfa221962852cce98d08d8dd0b3ed00f"",""ca5b06f884e9ca4600f45e9c67772d214c09aafb5ab75e36d566f3b591463cd4"",""9648c1acc99a74e692c408f1487bfcde444f49e429894046af4c6253db92e9fe"",""d308931a4b3b23699dac2b190704b18f14dd917fd96448b52f9390f6a60a5924"",""cddd27de717c13582e8da7732b8cd558a25b6b5c7fdf605a889fd5ec699b8bd8"",""a5011a7c49a9da24335b09519e10e574f6d5ffe1cfe4b501f08c8b7e8b855127"",""f7c3845fc2905d052f2a69a2bdd90f48caca558e1a003788fc6adee38b65d7c7""]","[""b325d0a9452668aece9ecaa349238f8292df6e2f95ecf497ad3af41c2b7f643d"",""e5d72832dc8c8547e5c39d38b01852c642915afcc538a1b11a53ebb7c625bc2f"",""e929ba235e0dd6735643507819fed80e9026090295ec8771177c56d9328552b8"",""aaa8ed384ef1d164745944c950354057da2b4a769e37edc3ce8820b336882f61"",""8f12e4c636282f320dc56a9c4280abfb0b999102fa00c09bc040c9531f5b72cd"",""381a70075bd49f378ed31b5c1f67ca47fe06e712610cc36572a4b88bdd4003e1"",""35c17a1fce5d95d2fead70604fe0259d21dc2cdaa3029daed18194343dd1584d"",""623da35bbcd072466ef33e03a843518669c37c7f70af7788a455de6c9ca8d5ba""]"
v03-fixed-29,C00/v03-baseline,SP-00,true,FAIL,SP-00 FAIL: 9/60 valid fresh part-A transactions exceed the EIP-7825 cap; pool internal CREATE gas exceeds the cap; the -1.036% Part-B total-gas delta lacks isolated attribution; top-level pool deployment and mined receipts remain NOT_EVALUATED.,research/runs/v03-fixed-29.json,20df01ce1795273ab98dc226ba68eafb6bd75418f7883bf16b7cb0d282734755,783f10b835f227cd91a6f55448173feae6659751f18a5c665aeee3de1db305c2,"[""research/candidates/v03-baseline/proofs/v03-fixed-29/statement.json"",""research/candidates/v03-baseline/proofs/v03-fixed-29/witness.json"",""research/candidates/v03-baseline/proofs/v03-fixed-29/derived-case.json"",""research/candidates/v03-baseline/proofs/v03-fixed-29/mapping.json"",""research/candidates/v03-baseline/proofs/v03-fixed-29/part-a.pqtc"",""research/candidates/v03-baseline/proofs/v03-fixed-29/part-b.pqtc"",""research/candidates/v03-baseline/proofs/v03-fixed-29/part-a.calldata"",""research/candidates/v03-baseline/proofs/v03-fixed-29/part-b.calldata""]","[""ceb1c877c4488d13c13ea88b3e924dd8a4138a4d4dec9323561089e139cdfc4d"",""29885fead4e9cf1e79969eeaf37768b1dfa221962852cce98d08d8dd0b3ed00f"",""ca5b06f884e9ca4600f45e9c67772d214c09aafb5ab75e36d566f3b591463cd4"",""9648c1acc99a74e692c408f1487bfcde444f49e429894046af4c6253db92e9fe"",""2c422e873a83fedd5f16c85246754ae313d8d310ec95e62311a60d07638bb5d2"",""041cd5d481e1c3945046723ab4241b0e8a1b06f7cae05b769ccfac3f438ab23c"",""b4ed2b776829beb7cd1cc4b352568b653b74372fd682ccd3e3bc83f0969205fe"",""4df66fac0ecf457ea4425012e4b8e0b78e5692e41b317d1f488fdb01fb9ebe00""]","[""b325d0a9452668aece9ecaa349238f8292df6e2f95ecf497ad3af41c2b7f643d"",""e5d72832dc8c8547e5c39d38b01852c642915afcc538a1b11a53ebb7c625bc2f"",""e929ba235e0dd6735643507819fed80e9026090295ec8771177c56d9328552b8"",""aaa8ed384ef1d164745944c950354057da2b4a769e37edc3ce8820b336882f61"",""a2563b8b9a3ec26c2a20527c40ad307cb3792ee9436d8b24968ebf905b369508"",""1be53c5e0a6118f5c797255f9295d255833ccdb57d1faf835491533b177e53a6"",""84dd4f0ae47fc65bc311b4f16acb069631e51c832435324dc7e0188469c44f04"",""417e15ed6776322f9faf29c8ce8a6164fe3b9aa45e07161b5ddc03e81f485d07""]"
v03-fixed-30,C00/v03-baseline,SP-00,true,FAIL,SP-00 FAIL: 9/60 valid fresh part-A transactions exceed the EIP-7825 cap; pool internal CREATE gas exceeds the cap; the -1.036% Part-B total-gas delta lacks isolated attribution; top-level pool deployment and mined receipts remain NOT_EVALUATED.,research/runs/v03-fixed-30.json,2b043b6bad7b938309215eeec4218649721ba30bf05b6ea9f7509c1f579ad41a,0eb2ab587c36f731bc7c181c00a3ec6408646e6af1811c3a6b8c62ae95d744a8,"[""research/candidates/v03-baseline/proofs/v03-fixed-30/statement.json"",""research/candidates/v03-baseline/proofs/v03-fixed-30/witness.json"",""research/candidates/v03-baseline/proofs/v03-fixed-30/derived-case.json"",""research/candidates/v03-baseline/proofs/v03-fixed-30/mapping.json"",""research/candidates/v03-baseline/proofs/v03-fixed-30/part-a.pqtc"",""research/candidates/v03-baseline/proofs/v03-fixed-30/part-b.pqtc"",""research/candidates/v03-baseline/proofs/v03-fixed-30/part-a.calldata"",""research/candidates/v03-baseline/proofs/v03-fixed-30/part-b.calldata""]","[""ceb1c877c4488d13c13ea88b3e924dd8a4138a4d4dec9323561089e139cdfc4d"",""29885fead4e9cf1e79969eeaf37768b1dfa221962852cce98d08d8dd0b3ed00f"",""ca5b06f884e9ca4600f45e9c67772d214c09aafb5ab75e36d566f3b591463cd4"",""9648c1acc99a74e692c408f1487bfcde444f49e429894046af4c6253db92e9fe"",""c681030ce55593927ad7c1c8cbb30ee77c394d05738a1f0beee38c97c23d827e"",""5dd60170ec912e4b943f0fceb5d9134c0d94540f747275144cce9d578b63aad1"",""36b14bbbd9fb248b4111ab8b8370ec3d81a490e5703d4847ebc7c8bec9f227ce"",""b3fa22d491c203b9ad0dcaedd3e37205223f0ed19a83ec0c47c211aee1a47bc9""]","[""b325d0a9452668aece9ecaa349238f8292df6e2f95ecf497ad3af41c2b7f643d"",""e5d72832dc8c8547e5c39d38b01852c642915afcc538a1b11a53ebb7c625bc2f"",""e929ba235e0dd6735643507819fed80e9026090295ec8771177c56d9328552b8"",""aaa8ed384ef1d164745944c950354057da2b4a769e37edc3ce8820b336882f61"",""e98ad0b5ebeeff6ba3caad50967e86586a167417b22a933b499a0fbd44e2fddc"",""4bd09cb817eb0bee94002a7e111e63cabf9e58ff63a2064be838cd7fe951af99"",""f1f4d10d2ca7970b59f3dc6efb1741d7d2c883d90dc902bb56f3116483dd2607"",""c44954b1cc69af1cd77eb91cb4b93fb90380cef6f6fd7e14b6a01cbe73ddd6c1""]"
