candidate_id,source_run_id,profile,term,model,formula_source,input_summary,classical_bits,quantum_bits,proven_or_conjectural,multi_target_count,binding,notes,artifact_path,artifact_sha256
H1,research-sp10-h1-native,run:research-sp10-h1-native;artifact:research/runs/research-sp10-h1-native.json;sha256:c1745d6960c4d952613fdde173f583f812e0df7f8882e9838ed62e402ebb375c,ideal-collision-ceiling,generic black-box ceiling,,fieldModulus=2013265921;width=16;outputFields=7,108.17411708713789,72.11607805809193,HEURISTIC,,true,Necessary ceiling only; not a qualification result.,research/runs/research-sp10-h1-native.json,c1745d6960c4d952613fdde173f583f812e0df7f8882e9838ed62e402ebb375c
H1,research-sp10-h1-native,run:research-sp10-h1-native;artifact:research/runs/research-sp10-h1-native.json;sha256:c1745d6960c4d952613fdde173f583f812e0df7f8882e9838ed62e402ebb375c,ideal-hidden-part-ceiling,generic black-box ceiling,,fieldModulus=2013265921;width=16;outputFields=7,278.162015366926,139.081007683463,HEURISTIC,,false,Necessary ceiling only; structural attacks are outside this model.,research/runs/research-sp10-h1-native.json,c1745d6960c4d952613fdde173f583f812e0df7f8882e9838ed62e402ebb375c
H3,research-sp10-h3-native,run:research-sp10-h3-native;artifact:research/runs/research-sp10-h3-native.json;sha256:cb9f415a562cb9628f47ea94c625162971b966173b21a745fcc16c1e8133d73b,ideal-collision-ceiling,generic black-box ceiling,,fieldModulus=2013265921;width=24;outputFields=10,154.53445298162558,103.02296865441706,HEURISTIC,,true,Necessary ceiling only; not a qualification result.,research/runs/research-sp10-h3-native.json,cb9f415a562cb9628f47ea94c625162971b966173b21a745fcc16c1e8133d73b
H3,research-sp10-h3-native,run:research-sp10-h3-native;artifact:research/runs/research-sp10-h3-native.json;sha256:cb9f415a562cb9628f47ea94c625162971b966173b21a745fcc16c1e8133d73b,ideal-hidden-part-ceiling,generic black-box ceiling,,fieldModulus=2013265921;width=24;outputFields=10,432.69646834855155,216.34823417427577,HEURISTIC,,false,Necessary ceiling only; structural attacks are outside this model.,research/runs/research-sp10-h3-native.json,cb9f415a562cb9628f47ea94c625162971b966173b21a745fcc16c1e8133d73b
H4,research-sp10-h4-native,run:research-sp10-h4-native;artifact:research/runs/research-sp10-h4-native.json;sha256:771b7dfc5c28ae2b044ceb1240a06b9648f51112a6b42aa5a13428540c01a324,ideal-collision-ceiling,generic black-box ceiling,,fieldModulus=2013265921;width=24;outputFields=11,169.9878982797881,113.32526551985875,HEURISTIC,,true,Necessary ceiling only; not a qualification result.,research/runs/research-sp10-h4-native.json,771b7dfc5c28ae2b044ceb1240a06b9648f51112a6b42aa5a13428540c01a324
H4,research-sp10-h4-native,run:research-sp10-h4-native;artifact:research/runs/research-sp10-h4-native.json;sha256:771b7dfc5c28ae2b044ceb1240a06b9648f51112a6b42aa5a13428540c01a324,ideal-hidden-part-ceiling,generic black-box ceiling,,fieldModulus=2013265921;width=24;outputFields=11,401.7895777522265,200.89478887611324,HEURISTIC,,false,Necessary ceiling only; structural attacks are outside this model.,research/runs/research-sp10-h4-native.json,771b7dfc5c28ae2b044ceb1240a06b9648f51112a6b42aa5a13428540c01a324
H5,research-sp10-h5-native,run:research-sp10-h5-native;artifact:research/runs/research-sp10-h5-native.json;sha256:b62f015710af35289b1ff5a41634cb08040c90b23c7c1bdd8ab4ce041e0002ec,ideal-collision-ceiling,generic black-box ceiling,,fieldModulus=2013265921;width=32;outputFields=12,185.44134357795068,123.62756238530045,HEURISTIC,,true,Necessary ceiling only; not a qualification result.,research/runs/research-sp10-h5-native.json,b62f015710af35289b1ff5a41634cb08040c90b23c7c1bdd8ab4ce041e0002ec
H5,research-sp10-h5-native,run:research-sp10-h5-native;artifact:research/runs/research-sp10-h5-native.json;sha256:b62f015710af35289b1ff5a41634cb08040c90b23c7c1bdd8ab4ce041e0002ec,ideal-hidden-part-ceiling,generic black-box ceiling,,fieldModulus=2013265921;width=32;outputFields=12,618.1378119265023,309.06890596325115,HEURISTIC,,false,Necessary ceiling only; structural attacks are outside this model.,research/runs/research-sp10-h5-native.json,b62f015710af35289b1ff5a41634cb08040c90b23c7c1bdd8ab4ce041e0002ec
H6,research-sp10-h6-native,run:research-sp10-h6-native;artifact:research/runs/research-sp10-h6-native.json;sha256:127977bdf5e8e48ff013e02227a67612fe5760b66144a1da04abe9976874933e,ideal-collision-ceiling,generic black-box ceiling,,fieldModulus=2013265921;width=32;outputFields=14,216.34823417427577,144.23215611618386,HEURISTIC,,true,Necessary ceiling only; not a qualification result.,research/runs/research-sp10-h6-native.json,127977bdf5e8e48ff013e02227a67612fe5760b66144a1da04abe9976874933e
H6,research-sp10-h6-native,run:research-sp10-h6-native;artifact:research/runs/research-sp10-h6-native.json;sha256:127977bdf5e8e48ff013e02227a67612fe5760b66144a1da04abe9976874933e,ideal-hidden-part-ceiling,generic black-box ceiling,,fieldModulus=2013265921;width=32;outputFields=14,556.324030733852,278.162015366926,HEURISTIC,,false,Necessary ceiling only; structural attacks are outside this model.,research/runs/research-sp10-h6-native.json,127977bdf5e8e48ff013e02227a67612fe5760b66144a1da04abe9976874933e
C10-fri,research-sp50-c10-fri-b3-q111-c16x16-f0-r4-r0,run:research-sp50-c10-fri-b3-q111-c16x16-f0-r4-r0;artifact:research/runs/research-sp50-c10-fri-b3-q111-c16x16-f0-r4-r0.json;sha256:424b5a2c6688d32a2b855ccc07d601966ece2919bc1df9d38b81b10d47278e83,air-random-linear-combination,ldr,Plonky3 3152b14a89067c83775a8076cc262ffc48a1fd7c: security/src/air.rs:1-16,"{""field_bits"":120.0,""list_size"":9.899494936611665,""num_constraints"":1186}",106.480756783,106.480756783,CONJECTURAL,2^0,false,"b = log2(|F|) - log2(L+) - log2(num_constraints) | Requires mutual correlated agreement up to the Johnson bound, as stated by pinned security/src/assumption.rs:45-50.",research/runs/research-sp50-c10-fri-b3-q111-c16x16-f0-r4-r0.json,424b5a2c6688d32a2b855ccc07d601966ece2919bc1df9d38b81b10d47278e83
C10-fri,research-sp50-c10-fri-b3-q111-c16x16-f0-r4-r0,run:research-sp50-c10-fri-b3-q111-c16x16-f0-r4-r0;artifact:research/runs/research-sp50-c10-fri-b3-q111-c16x16-f0-r4-r0.json;sha256:424b5a2c6688d32a2b855ccc07d601966ece2919bc1df9d38b81b10d47278e83,deep-ali,ldr,Plonky3 3152b14a89067c83775a8076cc262ffc48a1fd7c: security/src/deep.rs:1-28,"{""field_bits"":120.0,""k"":512,""list_size"":9.899494936611665,""max_combo"":2,""max_constraint_degree"":7}",104.690533301,104.690533301,CONJECTURAL,2^0,false,"b = log2(|F|) - log2(L+) - log2(max_deg*(k+max_combo-1)+(k-1)) | Requires mutual correlated agreement up to the Johnson bound, as stated by pinned security/src/assumption.rs:45-50.",research/runs/research-sp50-c10-fri-b3-q111-c16x16-f0-r4-r0.json,424b5a2c6688d32a2b855ccc07d601966ece2919bc1df9d38b81b10d47278e83
C10-fri,research-sp50-c10-fri-b3-q111-c16x16-f0-r4-r0,run:research-sp50-c10-fri-b3-q111-c16x16-f0-r4-r0;artifact:research/runs/research-sp50-c10-fri-b3-q111-c16x16-f0-r4-r0.json;sha256:424b5a2c6688d32a2b855ccc07d601966ece2919bc1df9d38b81b10d47278e83,fri-query-phase,ldr,Plonky3 3152b14a89067c83775a8076cc262ffc48a1fd7c: security/src/fri.rs:196-202,"{""alpha"":0.41247895569215276,""configured_grinding_bits"":16,""num_queries"":111}",157.814441232,149.814441232,CONJECTURAL,2^0,false,"b = -num_queries*log2(alpha) + grinding | Requires mutual correlated agreement up to the Johnson bound, as stated by pinned security/src/assumption.rs:45-50.",research/runs/research-sp50-c10-fri-b3-q111-c16x16-f0-r4-r0.json,424b5a2c6688d32a2b855ccc07d601966ece2919bc1df9d38b81b10d47278e83
C10-fri,research-sp50-c10-fri-b3-q111-c16x16-f0-r4-r0,run:research-sp50-c10-fri-b3-q111-c16x16-f0-r4-r0;artifact:research/runs/research-sp50-c10-fri-b3-q111-c16x16-f0-r4-r0.json;sha256:424b5a2c6688d32a2b855ccc07d601966ece2919bc1df9d38b81b10d47278e83,fri-commit-phase,ldr,Plonky3 3152b14a89067c83775a8076cc262ffc48a1fd7c: security/src/fri.rs:145-193; ePrint 2025/2055 Thm. 4.2,"{""alpha"":0.41247895569215276,""bchks25_base_bits"":95.047128763,""configured_grinding_bits"":16,""gamma"":0.5875210443078472,""m"":3,""n"":4096,""n_over_q_base_bits"":102.6922929,""rho"":0.125}",111.047128763,103.047128763,CONJECTURAL,2^0,false,"b = min(BCHKS25 linear bound, 2024/1553 n/q bound) + grinding | Requires mutual correlated agreement up to the Johnson bound, as stated by pinned security/src/assumption.rs:45-50.",research/runs/research-sp50-c10-fri-b3-q111-c16x16-f0-r4-r0.json,424b5a2c6688d32a2b855ccc07d601966ece2919bc1df9d38b81b10d47278e83
C10-fri,research-sp50-c10-fri-b3-q111-c16x16-f0-r4-r0,run:research-sp50-c10-fri-b3-q111-c16x16-f0-r4-r0;artifact:research/runs/research-sp50-c10-fri-b3-q111-c16x16-f0-r4-r0.json;sha256:424b5a2c6688d32a2b855ccc07d601966ece2919bc1df9d38b81b10d47278e83,batched-opening-proximity,ldr,Plonky3 3152b14a89067c83775a8076cc262ffc48a1fd7c: security/src/assumption.rs:126-245; security/src/stark.rs:104-145,"{""dominant_term_only"":true,""field_bits"":120,""m"":3,""n_log2"":12,""num_batched_functions"":210,""rho"":0.125}",87.340828758,87.340828758,CONJECTURAL,2^0,true,"b = log2(|F|) - log2(2*(m+1/2)^5*n/(3*rho^(3/2))) - log2(num_functions-1) | Requires mutual correlated agreement up to the Johnson bound, as stated by pinned security/src/assumption.rs:45-50. | Pinned implementation keeps only the BCHKS25 dominant term; documented subdominant terms are omitted as negligible.",research/runs/research-sp50-c10-fri-b3-q111-c16x16-f0-r4-r0.json,424b5a2c6688d32a2b855ccc07d601966ece2919bc1df9d38b81b10d47278e83
C10-fri,research-sp50-c10-fri-b3-q111-c16x16-f0-r4-r0,run:research-sp50-c10-fri-b3-q111-c16x16-f0-r4-r0;artifact:research/runs/research-sp50-c10-fri-b3-q111-c16x16-f0-r4-r0.json;sha256:424b5a2c6688d32a2b855ccc07d601966ece2919bc1df9d38b81b10d47278e83,challenge-field-ceiling,ldr,"Plonky3 3152b14a89067c83775a8076cc262ffc48a1fd7c: uni-stark/src/security.rs:174-183,244-279,283-349","{""challenge_field_bits"":120,""extension_field_bits"":124}",120.0,120.0,CONJECTURAL,2^0,false,b <= conservative challenge-field budget,research/runs/research-sp50-c10-fri-b3-q111-c16x16-f0-r4-r0.json,424b5a2c6688d32a2b855ccc07d601966ece2919bc1df9d38b81b10d47278e83
C10-fri,research-sp50-c10-fri-b3-q111-c16x16-f0-r4-r0,run:research-sp50-c10-fri-b3-q111-c16x16-f0-r4-r0;artifact:research/runs/research-sp50-c10-fri-b3-q111-c16x16-f0-r4-r0.json;sha256:424b5a2c6688d32a2b855ccc07d601966ece2919bc1df9d38b81b10d47278e83,mmcs-binding,ldr,Manifest assumption; not derived by p3-security,"{""construction"":""KeccakPair512 manifest-assumed binding cap""}",128.0,128.0,CONJECTURAL,2^0,false,b <= stated MMCS binding security | This generic cap is not a structural analysis or a complete Fiat-Shamir/QROM composition theorem.,research/runs/research-sp50-c10-fri-b3-q111-c16x16-f0-r4-r0.json,424b5a2c6688d32a2b855ccc07d601966ece2919bc1df9d38b81b10d47278e83
C10-fri,research-sp50-c10-fri-b4-q32-c16x16-f0-r4-r0,run:research-sp50-c10-fri-b4-q32-c16x16-f0-r4-r0;artifact:research/runs/research-sp50-c10-fri-b4-q32-c16x16-f0-r4-r0.json;sha256:f8e42f188b56a5f8a45df3c7ec37e919ee565e61240570171201fbefac6e06ac,air-random-linear-combination,ldr,Plonky3 3152b14a89067c83775a8076cc262ffc48a1fd7c: security/src/air.rs:1-16,"{""field_bits"":120.0,""list_size"":742.0,""num_constraints"":1186}",100.252836329,100.252836329,CONJECTURAL,2^0,false,"b = log2(|F|) - log2(L+) - log2(num_constraints) | Requires mutual correlated agreement up to the Johnson bound, as stated by pinned security/src/assumption.rs:45-50.",research/runs/research-sp50-c10-fri-b4-q32-c16x16-f0-r4-r0.json,f8e42f188b56a5f8a45df3c7ec37e919ee565e61240570171201fbefac6e06ac
C10-fri,research-sp50-c10-fri-b4-q32-c16x16-f0-r4-r0,run:research-sp50-c10-fri-b4-q32-c16x16-f0-r4-r0;artifact:research/runs/research-sp50-c10-fri-b4-q32-c16x16-f0-r4-r0.json;sha256:f8e42f188b56a5f8a45df3c7ec37e919ee565e61240570171201fbefac6e06ac,deep-ali,ldr,Plonky3 3152b14a89067c83775a8076cc262ffc48a1fd7c: security/src/deep.rs:1-28,"{""field_bits"":120.0,""k"":512,""list_size"":742.0,""max_combo"":2,""max_constraint_degree"":7}",98.462612847,98.462612847,CONJECTURAL,2^0,false,"b = log2(|F|) - log2(L+) - log2(max_deg*(k+max_combo-1)+(k-1)) | Requires mutual correlated agreement up to the Johnson bound, as stated by pinned security/src/assumption.rs:45-50.",research/runs/research-sp50-c10-fri-b4-q32-c16x16-f0-r4-r0.json,f8e42f188b56a5f8a45df3c7ec37e919ee565e61240570171201fbefac6e06ac
C10-fri,research-sp50-c10-fri-b4-q32-c16x16-f0-r4-r0,run:research-sp50-c10-fri-b4-q32-c16x16-f0-r4-r0;artifact:research/runs/research-sp50-c10-fri-b4-q32-c16x16-f0-r4-r0.json;sha256:f8e42f188b56a5f8a45df3c7ec37e919ee565e61240570171201fbefac6e06ac,fri-query-phase,ldr,Plonky3 3152b14a89067c83775a8076cc262ffc48a1fd7c: security/src/fri.rs:196-202,"{""alpha"":0.25067567567567567,""configured_grinding_bits"":16,""num_queries"":32}",79.875394685,71.875394685,CONJECTURAL,2^0,false,"b = -num_queries*log2(alpha) + grinding | Requires mutual correlated agreement up to the Johnson bound, as stated by pinned security/src/assumption.rs:45-50.",research/runs/research-sp50-c10-fri-b4-q32-c16x16-f0-r4-r0.json,f8e42f188b56a5f8a45df3c7ec37e919ee565e61240570171201fbefac6e06ac
C10-fri,research-sp50-c10-fri-b4-q32-c16x16-f0-r4-r0,run:research-sp50-c10-fri-b4-q32-c16x16-f0-r4-r0;artifact:research/runs/research-sp50-c10-fri-b4-q32-c16x16-f0-r4-r0.json;sha256:f8e42f188b56a5f8a45df3c7ec37e919ee565e61240570171201fbefac6e06ac,fri-commit-phase,ldr,Plonky3 3152b14a89067c83775a8076cc262ffc48a1fd7c: security/src/fri.rs:145-193; ePrint 2025/2055 Thm. 4.2,"{""alpha"":0.25067567567567567,""bchks25_base_bits"":63.908585618,""configured_grinding_bits"":16,""gamma"":0.7493243243243244,""m"":185,""n"":8192,""n_over_q_base_bits"":95.464548524,""rho"":0.0625}",79.908585618,71.908585618,CONJECTURAL,2^0,false,"b = min(BCHKS25 linear bound, 2024/1553 n/q bound) + grinding | Requires mutual correlated agreement up to the Johnson bound, as stated by pinned security/src/assumption.rs:45-50.",research/runs/research-sp50-c10-fri-b4-q32-c16x16-f0-r4-r0.json,f8e42f188b56a5f8a45df3c7ec37e919ee565e61240570171201fbefac6e06ac
C10-fri,research-sp50-c10-fri-b4-q32-c16x16-f0-r4-r0,run:research-sp50-c10-fri-b4-q32-c16x16-f0-r4-r0;artifact:research/runs/research-sp50-c10-fri-b4-q32-c16x16-f0-r4-r0.json;sha256:f8e42f188b56a5f8a45df3c7ec37e919ee565e61240570171201fbefac6e06ac,batched-opening-proximity,ldr,Plonky3 3152b14a89067c83775a8076cc262ffc48a1fd7c: security/src/assumption.rs:126-245; security/src/stark.rs:104-145,"{""dominant_term_only"":true,""field_bits"":120,""m"":185,""n_log2"":13,""num_batched_functions"":210,""rho"":0.0625}",56.201226486,56.201226486,CONJECTURAL,2^0,true,"b = log2(|F|) - log2(2*(m+1/2)^5*n/(3*rho^(3/2))) - log2(num_functions-1) | Requires mutual correlated agreement up to the Johnson bound, as stated by pinned security/src/assumption.rs:45-50. | Pinned implementation keeps only the BCHKS25 dominant term; documented subdominant terms are omitted as negligible.",research/runs/research-sp50-c10-fri-b4-q32-c16x16-f0-r4-r0.json,f8e42f188b56a5f8a45df3c7ec37e919ee565e61240570171201fbefac6e06ac
C10-fri,research-sp50-c10-fri-b4-q32-c16x16-f0-r4-r0,run:research-sp50-c10-fri-b4-q32-c16x16-f0-r4-r0;artifact:research/runs/research-sp50-c10-fri-b4-q32-c16x16-f0-r4-r0.json;sha256:f8e42f188b56a5f8a45df3c7ec37e919ee565e61240570171201fbefac6e06ac,challenge-field-ceiling,ldr,"Plonky3 3152b14a89067c83775a8076cc262ffc48a1fd7c: uni-stark/src/security.rs:174-183,244-279,283-349","{""challenge_field_bits"":120,""extension_field_bits"":124}",120.0,120.0,CONJECTURAL,2^0,false,b <= conservative challenge-field budget,research/runs/research-sp50-c10-fri-b4-q32-c16x16-f0-r4-r0.json,f8e42f188b56a5f8a45df3c7ec37e919ee565e61240570171201fbefac6e06ac
C10-fri,research-sp50-c10-fri-b4-q32-c16x16-f0-r4-r0,run:research-sp50-c10-fri-b4-q32-c16x16-f0-r4-r0;artifact:research/runs/research-sp50-c10-fri-b4-q32-c16x16-f0-r4-r0.json;sha256:f8e42f188b56a5f8a45df3c7ec37e919ee565e61240570171201fbefac6e06ac,mmcs-binding,ldr,Manifest assumption; not derived by p3-security,"{""construction"":""KeccakPair512 manifest-assumed binding cap""}",128.0,128.0,CONJECTURAL,2^0,false,b <= stated MMCS binding security | This generic cap is not a structural analysis or a complete Fiat-Shamir/QROM composition theorem.,research/runs/research-sp50-c10-fri-b4-q32-c16x16-f0-r4-r0.json,f8e42f188b56a5f8a45df3c7ec37e919ee565e61240570171201fbefac6e06ac
C10-fri,research-sp50-c10-fri-b4-q48-c16x16-f0-r4-r0,run:research-sp50-c10-fri-b4-q48-c16x16-f0-r4-r0;artifact:research/runs/research-sp50-c10-fri-b4-q48-c16x16-f0-r4-r0.json;sha256:56e59e0d91aafd2fe81cb8835024581962a6c3734f55ca6c048238c0a357a9f1,air-random-linear-combination,ldr,Plonky3 3152b14a89067c83775a8076cc262ffc48a1fd7c: security/src/air.rs:1-16,"{""field_bits"":120.0,""list_size"":22.0,""num_constraints"":1186}",105.328680087,105.328680087,CONJECTURAL,2^0,false,"b = log2(|F|) - log2(L+) - log2(num_constraints) | Requires mutual correlated agreement up to the Johnson bound, as stated by pinned security/src/assumption.rs:45-50.",research/runs/research-sp50-c10-fri-b4-q48-c16x16-f0-r4-r0.json,56e59e0d91aafd2fe81cb8835024581962a6c3734f55ca6c048238c0a357a9f1
C10-fri,research-sp50-c10-fri-b4-q48-c16x16-f0-r4-r0,run:research-sp50-c10-fri-b4-q48-c16x16-f0-r4-r0;artifact:research/runs/research-sp50-c10-fri-b4-q48-c16x16-f0-r4-r0.json;sha256:56e59e0d91aafd2fe81cb8835024581962a6c3734f55ca6c048238c0a357a9f1,deep-ali,ldr,Plonky3 3152b14a89067c83775a8076cc262ffc48a1fd7c: security/src/deep.rs:1-28,"{""field_bits"":120.0,""k"":512,""list_size"":22.0,""max_combo"":2,""max_constraint_degree"":7}",103.538456605,103.538456605,CONJECTURAL,2^0,false,"b = log2(|F|) - log2(L+) - log2(max_deg*(k+max_combo-1)+(k-1)) | Requires mutual correlated agreement up to the Johnson bound, as stated by pinned security/src/assumption.rs:45-50.",research/runs/research-sp50-c10-fri-b4-q48-c16x16-f0-r4-r0.json,56e59e0d91aafd2fe81cb8835024581962a6c3734f55ca6c048238c0a357a9f1
C10-fri,research-sp50-c10-fri-b4-q48-c16x16-f0-r4-r0,run:research-sp50-c10-fri-b4-q48-c16x16-f0-r4-r0;artifact:research/runs/research-sp50-c10-fri-b4-q48-c16x16-f0-r4-r0.json;sha256:56e59e0d91aafd2fe81cb8835024581962a6c3734f55ca6c048238c0a357a9f1,fri-query-phase,ldr,Plonky3 3152b14a89067c83775a8076cc262ffc48a1fd7c: security/src/fri.rs:196-202,"{""alpha"":0.275,""configured_grinding_bits"":16,""num_queries"":48}",105.39983086,97.39983086,CONJECTURAL,2^0,false,"b = -num_queries*log2(alpha) + grinding | Requires mutual correlated agreement up to the Johnson bound, as stated by pinned security/src/assumption.rs:45-50.",research/runs/research-sp50-c10-fri-b4-q48-c16x16-f0-r4-r0.json,56e59e0d91aafd2fe81cb8835024581962a6c3734f55ca6c048238c0a357a9f1
C10-fri,research-sp50-c10-fri-b4-q48-c16x16-f0-r4-r0,run:research-sp50-c10-fri-b4-q48-c16x16-f0-r4-r0;artifact:research/runs/research-sp50-c10-fri-b4-q48-c16x16-f0-r4-r0.json;sha256:56e59e0d91aafd2fe81cb8835024581962a6c3734f55ca6c048238c0a357a9f1,fri-commit-phase,ldr,Plonky3 3152b14a89067c83775a8076cc262ffc48a1fd7c: security/src/fri.rs:145-193; ePrint 2025/2055 Thm. 4.2,"{""alpha"":0.275,""bchks25_base_bits"":89.287697233,""configured_grinding_bits"":16,""gamma"":0.725,""m"":5,""n"":8192,""n_over_q_base_bits"":100.540392282,""rho"":0.0625}",105.287697233,97.287697233,CONJECTURAL,2^0,false,"b = min(BCHKS25 linear bound, 2024/1553 n/q bound) + grinding | Requires mutual correlated agreement up to the Johnson bound, as stated by pinned security/src/assumption.rs:45-50.",research/runs/research-sp50-c10-fri-b4-q48-c16x16-f0-r4-r0.json,56e59e0d91aafd2fe81cb8835024581962a6c3734f55ca6c048238c0a357a9f1
C10-fri,research-sp50-c10-fri-b4-q48-c16x16-f0-r4-r0,run:research-sp50-c10-fri-b4-q48-c16x16-f0-r4-r0;artifact:research/runs/research-sp50-c10-fri-b4-q48-c16x16-f0-r4-r0.json;sha256:56e59e0d91aafd2fe81cb8835024581962a6c3734f55ca6c048238c0a357a9f1,batched-opening-proximity,ldr,Plonky3 3152b14a89067c83775a8076cc262ffc48a1fd7c: security/src/assumption.rs:126-245; security/src/stark.rs:104-145,"{""dominant_term_only"":true,""field_bits"":120,""m"":5,""n_log2"":13,""num_batched_functions"":210,""rho"":0.0625}",81.580445275,81.580445275,CONJECTURAL,2^0,true,"b = log2(|F|) - log2(2*(m+1/2)^5*n/(3*rho^(3/2))) - log2(num_functions-1) | Requires mutual correlated agreement up to the Johnson bound, as stated by pinned security/src/assumption.rs:45-50. | Pinned implementation keeps only the BCHKS25 dominant term; documented subdominant terms are omitted as negligible.",research/runs/research-sp50-c10-fri-b4-q48-c16x16-f0-r4-r0.json,56e59e0d91aafd2fe81cb8835024581962a6c3734f55ca6c048238c0a357a9f1
C10-fri,research-sp50-c10-fri-b4-q48-c16x16-f0-r4-r0,run:research-sp50-c10-fri-b4-q48-c16x16-f0-r4-r0;artifact:research/runs/research-sp50-c10-fri-b4-q48-c16x16-f0-r4-r0.json;sha256:56e59e0d91aafd2fe81cb8835024581962a6c3734f55ca6c048238c0a357a9f1,challenge-field-ceiling,ldr,"Plonky3 3152b14a89067c83775a8076cc262ffc48a1fd7c: uni-stark/src/security.rs:174-183,244-279,283-349","{""challenge_field_bits"":120,""extension_field_bits"":124}",120.0,120.0,CONJECTURAL,2^0,false,b <= conservative challenge-field budget,research/runs/research-sp50-c10-fri-b4-q48-c16x16-f0-r4-r0.json,56e59e0d91aafd2fe81cb8835024581962a6c3734f55ca6c048238c0a357a9f1
C10-fri,research-sp50-c10-fri-b4-q48-c16x16-f0-r4-r0,run:research-sp50-c10-fri-b4-q48-c16x16-f0-r4-r0;artifact:research/runs/research-sp50-c10-fri-b4-q48-c16x16-f0-r4-r0.json;sha256:56e59e0d91aafd2fe81cb8835024581962a6c3734f55ca6c048238c0a357a9f1,mmcs-binding,ldr,Manifest assumption; not derived by p3-security,"{""construction"":""KeccakPair512 manifest-assumed binding cap""}",128.0,128.0,CONJECTURAL,2^0,false,b <= stated MMCS binding security | This generic cap is not a structural analysis or a complete Fiat-Shamir/QROM composition theorem.,research/runs/research-sp50-c10-fri-b4-q48-c16x16-f0-r4-r0.json,56e59e0d91aafd2fe81cb8835024581962a6c3734f55ca6c048238c0a357a9f1
C20,research-sp51-c20-native-r0,run:research-sp51-c20-native-r0;artifact:research/runs/research-sp51-c20-native-r0.json;sha256:1e7dd197727a8ed2f3440edf86782095d50335a5c234272427a1238cf7331b73,query-round,upstream conditional security report,,target_bits=32,34.39559486801828,34.39559486801828,PROVEN,,true,Upstream diagnostic base case only; not end-to-end PQTC.,research/runs/research-sp51-c20-native-r0.json,1e7dd197727a8ed2f3440edf86782095d50335a5c234272427a1238cf7331b73
C00/v03-baseline,v03-corpus-01,run:v03-corpus-01;artifact:research/runs/v03-corpus-01.json;sha256:7de3a5a3b01e09ec06e9394ff4e46c9f5a3ca1adbec619a81f236c8f7561b69f,FRI random-words,random-words,research/security-model/v03-q32.json,,107,107,CONJECTURAL,,false,"Exact generated classical result: 107.997888224 bits | Exact generated quantum result: 107.997888224 bits | Already included in fri-commit-phase; informational row, not an independent binding term. | Already included in fri-query-phase; informational row, not an independent binding term. | Random-words does not model the batched-opening proximity term; num_batched_functions is ignored by the pinned conjectural path. Actual num_batched_functions=210; this result is optimistic. | This generic cap is not a structural analysis or a complete Fiat-Shamir/QROM composition theorem.",research/runs/v03-corpus-01.json,7de3a5a3b01e09ec06e9394ff4e46c9f5a3ca1adbec619a81f236c8f7561b69f
C00/v03-baseline,v03-corpus-01,run:v03-corpus-01;artifact:research/runs/v03-corpus-01.json;sha256:7de3a5a3b01e09ec06e9394ff4e46c9f5a3ca1adbec619a81f236c8f7561b69f,FRI list-decoding regime,ldr,research/security-model/v03-q32.json,,56,56,PROVEN,,true,"Exact generated classical result: 56.201226486 bits | Exact generated quantum result: 56.201226486 bits | Already included in fri-commit-phase; informational row, not an independent binding term. | Already included in fri-query-phase; informational row, not an independent binding term. | Pinned implementation keeps only the BCHKS25 dominant term; documented subdominant terms are omitted as negligible. | Requires mutual correlated agreement up to the Johnson bound, as stated by pinned security/src/assumption.rs:45-50. | This generic cap is not a structural analysis or a complete Fiat-Shamir/QROM composition theorem.",research/runs/v03-corpus-01.json,7de3a5a3b01e09ec06e9394ff4e46c9f5a3ca1adbec619a81f236c8f7561b69f
C00/v03-baseline,v03-corpus-01,run:v03-corpus-01;artifact:research/runs/v03-corpus-01.json;sha256:7de3a5a3b01e09ec06e9394ff4e46c9f5a3ca1adbec619a81f236c8f7561b69f,FRI unique-decoding regime,udr,research/security-model/v03-q32.json,,45,37,PROVEN,,false,"Exact generated classical result: 45.190582247 bits | Exact generated quantum result: 37.190582247 bits | Already included in fri-commit-phase; informational row, not an independent binding term. | Already included in fri-query-phase; informational row, not an independent binding term. | This generic cap is not a structural analysis or a complete Fiat-Shamir/QROM composition theorem.",research/runs/v03-corpus-01.json,7de3a5a3b01e09ec06e9394ff4e46c9f5a3ca1adbec619a81f236c8f7561b69f
C00/v03-baseline,v03-corpus-02,run:v03-corpus-02;artifact:research/runs/v03-corpus-02.json;sha256:d4fadf4db1338135df671adc937813c3db1b3bb60ca175b14e0a86a4525b0730,FRI random-words,random-words,research/security-model/v03-q32.json,,107,107,CONJECTURAL,,false,"Exact generated classical result: 107.997888224 bits | Exact generated quantum result: 107.997888224 bits | Already included in fri-commit-phase; informational row, not an independent binding term. | Already included in fri-query-phase; informational row, not an independent binding term. | Random-words does not model the batched-opening proximity term; num_batched_functions is ignored by the pinned conjectural path. Actual num_batched_functions=210; this result is optimistic. | This generic cap is not a structural analysis or a complete Fiat-Shamir/QROM composition theorem.",research/runs/v03-corpus-02.json,d4fadf4db1338135df671adc937813c3db1b3bb60ca175b14e0a86a4525b0730
C00/v03-baseline,v03-corpus-02,run:v03-corpus-02;artifact:research/runs/v03-corpus-02.json;sha256:d4fadf4db1338135df671adc937813c3db1b3bb60ca175b14e0a86a4525b0730,FRI list-decoding regime,ldr,research/security-model/v03-q32.json,,56,56,PROVEN,,true,"Exact generated classical result: 56.201226486 bits | Exact generated quantum result: 56.201226486 bits | Already included in fri-commit-phase; informational row, not an independent binding term. | Already included in fri-query-phase; informational row, not an independent binding term. | Pinned implementation keeps only the BCHKS25 dominant term; documented subdominant terms are omitted as negligible. | Requires mutual correlated agreement up to the Johnson bound, as stated by pinned security/src/assumption.rs:45-50. | This generic cap is not a structural analysis or a complete Fiat-Shamir/QROM composition theorem.",research/runs/v03-corpus-02.json,d4fadf4db1338135df671adc937813c3db1b3bb60ca175b14e0a86a4525b0730
C00/v03-baseline,v03-corpus-02,run:v03-corpus-02;artifact:research/runs/v03-corpus-02.json;sha256:d4fadf4db1338135df671adc937813c3db1b3bb60ca175b14e0a86a4525b0730,FRI unique-decoding regime,udr,research/security-model/v03-q32.json,,45,37,PROVEN,,false,"Exact generated classical result: 45.190582247 bits | Exact generated quantum result: 37.190582247 bits | Already included in fri-commit-phase; informational row, not an independent binding term. | Already included in fri-query-phase; informational row, not an independent binding term. | This generic cap is not a structural analysis or a complete Fiat-Shamir/QROM composition theorem.",research/runs/v03-corpus-02.json,d4fadf4db1338135df671adc937813c3db1b3bb60ca175b14e0a86a4525b0730
C00/v03-baseline,v03-corpus-03,run:v03-corpus-03;artifact:research/runs/v03-corpus-03.json;sha256:518be01c67a084467baf64388d28522d77ac43d3afbf7b495abe5265b29e6842,FRI random-words,random-words,research/security-model/v03-q32.json,,107,107,CONJECTURAL,,false,"Exact generated classical result: 107.997888224 bits | Exact generated quantum result: 107.997888224 bits | Already included in fri-commit-phase; informational row, not an independent binding term. | Already included in fri-query-phase; informational row, not an independent binding term. | Random-words does not model the batched-opening proximity term; num_batched_functions is ignored by the pinned conjectural path. Actual num_batched_functions=210; this result is optimistic. | This generic cap is not a structural analysis or a complete Fiat-Shamir/QROM composition theorem.",research/runs/v03-corpus-03.json,518be01c67a084467baf64388d28522d77ac43d3afbf7b495abe5265b29e6842
C00/v03-baseline,v03-corpus-03,run:v03-corpus-03;artifact:research/runs/v03-corpus-03.json;sha256:518be01c67a084467baf64388d28522d77ac43d3afbf7b495abe5265b29e6842,FRI list-decoding regime,ldr,research/security-model/v03-q32.json,,56,56,PROVEN,,true,"Exact generated classical result: 56.201226486 bits | Exact generated quantum result: 56.201226486 bits | Already included in fri-commit-phase; informational row, not an independent binding term. | Already included in fri-query-phase; informational row, not an independent binding term. | Pinned implementation keeps only the BCHKS25 dominant term; documented subdominant terms are omitted as negligible. | Requires mutual correlated agreement up to the Johnson bound, as stated by pinned security/src/assumption.rs:45-50. | This generic cap is not a structural analysis or a complete Fiat-Shamir/QROM composition theorem.",research/runs/v03-corpus-03.json,518be01c67a084467baf64388d28522d77ac43d3afbf7b495abe5265b29e6842
C00/v03-baseline,v03-corpus-03,run:v03-corpus-03;artifact:research/runs/v03-corpus-03.json;sha256:518be01c67a084467baf64388d28522d77ac43d3afbf7b495abe5265b29e6842,FRI unique-decoding regime,udr,research/security-model/v03-q32.json,,45,37,PROVEN,,false,"Exact generated classical result: 45.190582247 bits | Exact generated quantum result: 37.190582247 bits | Already included in fri-commit-phase; informational row, not an independent binding term. | Already included in fri-query-phase; informational row, not an independent binding term. | This generic cap is not a structural analysis or a complete Fiat-Shamir/QROM composition theorem.",research/runs/v03-corpus-03.json,518be01c67a084467baf64388d28522d77ac43d3afbf7b495abe5265b29e6842
C00/v03-baseline,v03-corpus-04,run:v03-corpus-04;artifact:research/runs/v03-corpus-04.json;sha256:b28d33a08403cba3e12b14cc79e7ce339a8b2da0ee1e967827e1885a2d97efff,FRI random-words,random-words,research/security-model/v03-q32.json,,107,107,CONJECTURAL,,false,"Exact generated classical result: 107.997888224 bits | Exact generated quantum result: 107.997888224 bits | Already included in fri-commit-phase; informational row, not an independent binding term. | Already included in fri-query-phase; informational row, not an independent binding term. | Random-words does not model the batched-opening proximity term; num_batched_functions is ignored by the pinned conjectural path. Actual num_batched_functions=210; this result is optimistic. | This generic cap is not a structural analysis or a complete Fiat-Shamir/QROM composition theorem.",research/runs/v03-corpus-04.json,b28d33a08403cba3e12b14cc79e7ce339a8b2da0ee1e967827e1885a2d97efff
C00/v03-baseline,v03-corpus-04,run:v03-corpus-04;artifact:research/runs/v03-corpus-04.json;sha256:b28d33a08403cba3e12b14cc79e7ce339a8b2da0ee1e967827e1885a2d97efff,FRI list-decoding regime,ldr,research/security-model/v03-q32.json,,56,56,PROVEN,,true,"Exact generated classical result: 56.201226486 bits | Exact generated quantum result: 56.201226486 bits | Already included in fri-commit-phase; informational row, not an independent binding term. | Already included in fri-query-phase; informational row, not an independent binding term. | Pinned implementation keeps only the BCHKS25 dominant term; documented subdominant terms are omitted as negligible. | Requires mutual correlated agreement up to the Johnson bound, as stated by pinned security/src/assumption.rs:45-50. | This generic cap is not a structural analysis or a complete Fiat-Shamir/QROM composition theorem.",research/runs/v03-corpus-04.json,b28d33a08403cba3e12b14cc79e7ce339a8b2da0ee1e967827e1885a2d97efff
C00/v03-baseline,v03-corpus-04,run:v03-corpus-04;artifact:research/runs/v03-corpus-04.json;sha256:b28d33a08403cba3e12b14cc79e7ce339a8b2da0ee1e967827e1885a2d97efff,FRI unique-decoding regime,udr,research/security-model/v03-q32.json,,45,37,PROVEN,,false,"Exact generated classical result: 45.190582247 bits | Exact generated quantum result: 37.190582247 bits | Already included in fri-commit-phase; informational row, not an independent binding term. | Already included in fri-query-phase; informational row, not an independent binding term. | This generic cap is not a structural analysis or a complete Fiat-Shamir/QROM composition theorem.",research/runs/v03-corpus-04.json,b28d33a08403cba3e12b14cc79e7ce339a8b2da0ee1e967827e1885a2d97efff
C00/v03-baseline,v03-corpus-05,run:v03-corpus-05;artifact:research/runs/v03-corpus-05.json;sha256:a4b1be8b4a75c4b30b7d8fe1fd32018d1e73667e24a48386f0c7e70c90c2d26e,FRI random-words,random-words,research/security-model/v03-q32.json,,107,107,CONJECTURAL,,false,"Exact generated classical result: 107.997888224 bits | Exact generated quantum result: 107.997888224 bits | Already included in fri-commit-phase; informational row, not an independent binding term. | Already included in fri-query-phase; informational row, not an independent binding term. | Random-words does not model the batched-opening proximity term; num_batched_functions is ignored by the pinned conjectural path. Actual num_batched_functions=210; this result is optimistic. | This generic cap is not a structural analysis or a complete Fiat-Shamir/QROM composition theorem.",research/runs/v03-corpus-05.json,a4b1be8b4a75c4b30b7d8fe1fd32018d1e73667e24a48386f0c7e70c90c2d26e
C00/v03-baseline,v03-corpus-05,run:v03-corpus-05;artifact:research/runs/v03-corpus-05.json;sha256:a4b1be8b4a75c4b30b7d8fe1fd32018d1e73667e24a48386f0c7e70c90c2d26e,FRI list-decoding regime,ldr,research/security-model/v03-q32.json,,56,56,PROVEN,,true,"Exact generated classical result: 56.201226486 bits | Exact generated quantum result: 56.201226486 bits | Already included in fri-commit-phase; informational row, not an independent binding term. | Already included in fri-query-phase; informational row, not an independent binding term. | Pinned implementation keeps only the BCHKS25 dominant term; documented subdominant terms are omitted as negligible. | Requires mutual correlated agreement up to the Johnson bound, as stated by pinned security/src/assumption.rs:45-50. | This generic cap is not a structural analysis or a complete Fiat-Shamir/QROM composition theorem.",research/runs/v03-corpus-05.json,a4b1be8b4a75c4b30b7d8fe1fd32018d1e73667e24a48386f0c7e70c90c2d26e
C00/v03-baseline,v03-corpus-05,run:v03-corpus-05;artifact:research/runs/v03-corpus-05.json;sha256:a4b1be8b4a75c4b30b7d8fe1fd32018d1e73667e24a48386f0c7e70c90c2d26e,FRI unique-decoding regime,udr,research/security-model/v03-q32.json,,45,37,PROVEN,,false,"Exact generated classical result: 45.190582247 bits | Exact generated quantum result: 37.190582247 bits | Already included in fri-commit-phase; informational row, not an independent binding term. | Already included in fri-query-phase; informational row, not an independent binding term. | This generic cap is not a structural analysis or a complete Fiat-Shamir/QROM composition theorem.",research/runs/v03-corpus-05.json,a4b1be8b4a75c4b30b7d8fe1fd32018d1e73667e24a48386f0c7e70c90c2d26e
C00/v03-baseline,v03-corpus-06,run:v03-corpus-06;artifact:research/runs/v03-corpus-06.json;sha256:db8017c21d6da2b6fb63b15743fe260cba3277e4433ffefa881a8d8e04161739,FRI random-words,random-words,research/security-model/v03-q32.json,,107,107,CONJECTURAL,,false,"Exact generated classical result: 107.997888224 bits | Exact generated quantum result: 107.997888224 bits | Already included in fri-commit-phase; informational row, not an independent binding term. | Already included in fri-query-phase; informational row, not an independent binding term. | Random-words does not model the batched-opening proximity term; num_batched_functions is ignored by the pinned conjectural path. Actual num_batched_functions=210; this result is optimistic. | This generic cap is not a structural analysis or a complete Fiat-Shamir/QROM composition theorem.",research/runs/v03-corpus-06.json,db8017c21d6da2b6fb63b15743fe260cba3277e4433ffefa881a8d8e04161739
C00/v03-baseline,v03-corpus-06,run:v03-corpus-06;artifact:research/runs/v03-corpus-06.json;sha256:db8017c21d6da2b6fb63b15743fe260cba3277e4433ffefa881a8d8e04161739,FRI list-decoding regime,ldr,research/security-model/v03-q32.json,,56,56,PROVEN,,true,"Exact generated classical result: 56.201226486 bits | Exact generated quantum result: 56.201226486 bits | Already included in fri-commit-phase; informational row, not an independent binding term. | Already included in fri-query-phase; informational row, not an independent binding term. | Pinned implementation keeps only the BCHKS25 dominant term; documented subdominant terms are omitted as negligible. | Requires mutual correlated agreement up to the Johnson bound, as stated by pinned security/src/assumption.rs:45-50. | This generic cap is not a structural analysis or a complete Fiat-Shamir/QROM composition theorem.",research/runs/v03-corpus-06.json,db8017c21d6da2b6fb63b15743fe260cba3277e4433ffefa881a8d8e04161739
C00/v03-baseline,v03-corpus-06,run:v03-corpus-06;artifact:research/runs/v03-corpus-06.json;sha256:db8017c21d6da2b6fb63b15743fe260cba3277e4433ffefa881a8d8e04161739,FRI unique-decoding regime,udr,research/security-model/v03-q32.json,,45,37,PROVEN,,false,"Exact generated classical result: 45.190582247 bits | Exact generated quantum result: 37.190582247 bits | Already included in fri-commit-phase; informational row, not an independent binding term. | Already included in fri-query-phase; informational row, not an independent binding term. | This generic cap is not a structural analysis or a complete Fiat-Shamir/QROM composition theorem.",research/runs/v03-corpus-06.json,db8017c21d6da2b6fb63b15743fe260cba3277e4433ffefa881a8d8e04161739
C00/v03-baseline,v03-corpus-07,run:v03-corpus-07;artifact:research/runs/v03-corpus-07.json;sha256:7ca6aee9ab7deed9f75f4f2dae979aedf6377477199ec55e31779283e30d6e1e,FRI random-words,random-words,research/security-model/v03-q32.json,,107,107,CONJECTURAL,,false,"Exact generated classical result: 107.997888224 bits | Exact generated quantum result: 107.997888224 bits | Already included in fri-commit-phase; informational row, not an independent binding term. | Already included in fri-query-phase; informational row, not an independent binding term. | Random-words does not model the batched-opening proximity term; num_batched_functions is ignored by the pinned conjectural path. Actual num_batched_functions=210; this result is optimistic. | This generic cap is not a structural analysis or a complete Fiat-Shamir/QROM composition theorem.",research/runs/v03-corpus-07.json,7ca6aee9ab7deed9f75f4f2dae979aedf6377477199ec55e31779283e30d6e1e
C00/v03-baseline,v03-corpus-07,run:v03-corpus-07;artifact:research/runs/v03-corpus-07.json;sha256:7ca6aee9ab7deed9f75f4f2dae979aedf6377477199ec55e31779283e30d6e1e,FRI list-decoding regime,ldr,research/security-model/v03-q32.json,,56,56,PROVEN,,true,"Exact generated classical result: 56.201226486 bits | Exact generated quantum result: 56.201226486 bits | Already included in fri-commit-phase; informational row, not an independent binding term. | Already included in fri-query-phase; informational row, not an independent binding term. | Pinned implementation keeps only the BCHKS25 dominant term; documented subdominant terms are omitted as negligible. | Requires mutual correlated agreement up to the Johnson bound, as stated by pinned security/src/assumption.rs:45-50. | This generic cap is not a structural analysis or a complete Fiat-Shamir/QROM composition theorem.",research/runs/v03-corpus-07.json,7ca6aee9ab7deed9f75f4f2dae979aedf6377477199ec55e31779283e30d6e1e
C00/v03-baseline,v03-corpus-07,run:v03-corpus-07;artifact:research/runs/v03-corpus-07.json;sha256:7ca6aee9ab7deed9f75f4f2dae979aedf6377477199ec55e31779283e30d6e1e,FRI unique-decoding regime,udr,research/security-model/v03-q32.json,,45,37,PROVEN,,false,"Exact generated classical result: 45.190582247 bits | Exact generated quantum result: 37.190582247 bits | Already included in fri-commit-phase; informational row, not an independent binding term. | Already included in fri-query-phase; informational row, not an independent binding term. | This generic cap is not a structural analysis or a complete Fiat-Shamir/QROM composition theorem.",research/runs/v03-corpus-07.json,7ca6aee9ab7deed9f75f4f2dae979aedf6377477199ec55e31779283e30d6e1e
C00/v03-baseline,v03-corpus-08,run:v03-corpus-08;artifact:research/runs/v03-corpus-08.json;sha256:26e51065df08450e09934c115098f85a5af9f55f772b73f6772ca984a9e2f745,FRI random-words,random-words,research/security-model/v03-q32.json,,107,107,CONJECTURAL,,false,"Exact generated classical result: 107.997888224 bits | Exact generated quantum result: 107.997888224 bits | Already included in fri-commit-phase; informational row, not an independent binding term. | Already included in fri-query-phase; informational row, not an independent binding term. | Random-words does not model the batched-opening proximity term; num_batched_functions is ignored by the pinned conjectural path. Actual num_batched_functions=210; this result is optimistic. | This generic cap is not a structural analysis or a complete Fiat-Shamir/QROM composition theorem.",research/runs/v03-corpus-08.json,26e51065df08450e09934c115098f85a5af9f55f772b73f6772ca984a9e2f745
C00/v03-baseline,v03-corpus-08,run:v03-corpus-08;artifact:research/runs/v03-corpus-08.json;sha256:26e51065df08450e09934c115098f85a5af9f55f772b73f6772ca984a9e2f745,FRI list-decoding regime,ldr,research/security-model/v03-q32.json,,56,56,PROVEN,,true,"Exact generated classical result: 56.201226486 bits | Exact generated quantum result: 56.201226486 bits | Already included in fri-commit-phase; informational row, not an independent binding term. | Already included in fri-query-phase; informational row, not an independent binding term. | Pinned implementation keeps only the BCHKS25 dominant term; documented subdominant terms are omitted as negligible. | Requires mutual correlated agreement up to the Johnson bound, as stated by pinned security/src/assumption.rs:45-50. | This generic cap is not a structural analysis or a complete Fiat-Shamir/QROM composition theorem.",research/runs/v03-corpus-08.json,26e51065df08450e09934c115098f85a5af9f55f772b73f6772ca984a9e2f745
C00/v03-baseline,v03-corpus-08,run:v03-corpus-08;artifact:research/runs/v03-corpus-08.json;sha256:26e51065df08450e09934c115098f85a5af9f55f772b73f6772ca984a9e2f745,FRI unique-decoding regime,udr,research/security-model/v03-q32.json,,45,37,PROVEN,,false,"Exact generated classical result: 45.190582247 bits | Exact generated quantum result: 37.190582247 bits | Already included in fri-commit-phase; informational row, not an independent binding term. | Already included in fri-query-phase; informational row, not an independent binding term. | This generic cap is not a structural analysis or a complete Fiat-Shamir/QROM composition theorem.",research/runs/v03-corpus-08.json,26e51065df08450e09934c115098f85a5af9f55f772b73f6772ca984a9e2f745
C00/v03-baseline,v03-corpus-09,run:v03-corpus-09;artifact:research/runs/v03-corpus-09.json;sha256:e9d66394d867be95d8aaf2e3b08fc733801013fdcec81510ca09c5603f4b2fd0,FRI random-words,random-words,research/security-model/v03-q32.json,,107,107,CONJECTURAL,,false,"Exact generated classical result: 107.997888224 bits | Exact generated quantum result: 107.997888224 bits | Already included in fri-commit-phase; informational row, not an independent binding term. | Already included in fri-query-phase; informational row, not an independent binding term. | Random-words does not model the batched-opening proximity term; num_batched_functions is ignored by the pinned conjectural path. Actual num_batched_functions=210; this result is optimistic. | This generic cap is not a structural analysis or a complete Fiat-Shamir/QROM composition theorem.",research/runs/v03-corpus-09.json,e9d66394d867be95d8aaf2e3b08fc733801013fdcec81510ca09c5603f4b2fd0
C00/v03-baseline,v03-corpus-09,run:v03-corpus-09;artifact:research/runs/v03-corpus-09.json;sha256:e9d66394d867be95d8aaf2e3b08fc733801013fdcec81510ca09c5603f4b2fd0,FRI list-decoding regime,ldr,research/security-model/v03-q32.json,,56,56,PROVEN,,true,"Exact generated classical result: 56.201226486 bits | Exact generated quantum result: 56.201226486 bits | Already included in fri-commit-phase; informational row, not an independent binding term. | Already included in fri-query-phase; informational row, not an independent binding term. | Pinned implementation keeps only the BCHKS25 dominant term; documented subdominant terms are omitted as negligible. | Requires mutual correlated agreement up to the Johnson bound, as stated by pinned security/src/assumption.rs:45-50. | This generic cap is not a structural analysis or a complete Fiat-Shamir/QROM composition theorem.",research/runs/v03-corpus-09.json,e9d66394d867be95d8aaf2e3b08fc733801013fdcec81510ca09c5603f4b2fd0
C00/v03-baseline,v03-corpus-09,run:v03-corpus-09;artifact:research/runs/v03-corpus-09.json;sha256:e9d66394d867be95d8aaf2e3b08fc733801013fdcec81510ca09c5603f4b2fd0,FRI unique-decoding regime,udr,research/security-model/v03-q32.json,,45,37,PROVEN,,false,"Exact generated classical result: 45.190582247 bits | Exact generated quantum result: 37.190582247 bits | Already included in fri-commit-phase; informational row, not an independent binding term. | Already included in fri-query-phase; informational row, not an independent binding term. | This generic cap is not a structural analysis or a complete Fiat-Shamir/QROM composition theorem.",research/runs/v03-corpus-09.json,e9d66394d867be95d8aaf2e3b08fc733801013fdcec81510ca09c5603f4b2fd0
C00/v03-baseline,v03-corpus-10,run:v03-corpus-10;artifact:research/runs/v03-corpus-10.json;sha256:c80c5f6ba72f5d6977504d2c572fb027089f6b0940a1d68b077688df402dd538,FRI random-words,random-words,research/security-model/v03-q32.json,,107,107,CONJECTURAL,,false,"Exact generated classical result: 107.997888224 bits | Exact generated quantum result: 107.997888224 bits | Already included in fri-commit-phase; informational row, not an independent binding term. | Already included in fri-query-phase; informational row, not an independent binding term. | Random-words does not model the batched-opening proximity term; num_batched_functions is ignored by the pinned conjectural path. Actual num_batched_functions=210; this result is optimistic. | This generic cap is not a structural analysis or a complete Fiat-Shamir/QROM composition theorem.",research/runs/v03-corpus-10.json,c80c5f6ba72f5d6977504d2c572fb027089f6b0940a1d68b077688df402dd538
C00/v03-baseline,v03-corpus-10,run:v03-corpus-10;artifact:research/runs/v03-corpus-10.json;sha256:c80c5f6ba72f5d6977504d2c572fb027089f6b0940a1d68b077688df402dd538,FRI list-decoding regime,ldr,research/security-model/v03-q32.json,,56,56,PROVEN,,true,"Exact generated classical result: 56.201226486 bits | Exact generated quantum result: 56.201226486 bits | Already included in fri-commit-phase; informational row, not an independent binding term. | Already included in fri-query-phase; informational row, not an independent binding term. | Pinned implementation keeps only the BCHKS25 dominant term; documented subdominant terms are omitted as negligible. | Requires mutual correlated agreement up to the Johnson bound, as stated by pinned security/src/assumption.rs:45-50. | This generic cap is not a structural analysis or a complete Fiat-Shamir/QROM composition theorem.",research/runs/v03-corpus-10.json,c80c5f6ba72f5d6977504d2c572fb027089f6b0940a1d68b077688df402dd538
C00/v03-baseline,v03-corpus-10,run:v03-corpus-10;artifact:research/runs/v03-corpus-10.json;sha256:c80c5f6ba72f5d6977504d2c572fb027089f6b0940a1d68b077688df402dd538,FRI unique-decoding regime,udr,research/security-model/v03-q32.json,,45,37,PROVEN,,false,"Exact generated classical result: 45.190582247 bits | Exact generated quantum result: 37.190582247 bits | Already included in fri-commit-phase; informational row, not an independent binding term. | Already included in fri-query-phase; informational row, not an independent binding term. | This generic cap is not a structural analysis or a complete Fiat-Shamir/QROM composition theorem.",research/runs/v03-corpus-10.json,c80c5f6ba72f5d6977504d2c572fb027089f6b0940a1d68b077688df402dd538
C00/v03-baseline,v03-corpus-11,run:v03-corpus-11;artifact:research/runs/v03-corpus-11.json;sha256:b73e102eca803dbbedfb60ca718b42f7156fa62d99b2475120aa807436670798,FRI random-words,random-words,research/security-model/v03-q32.json,,107,107,CONJECTURAL,,false,"Exact generated classical result: 107.997888224 bits | Exact generated quantum result: 107.997888224 bits | Already included in fri-commit-phase; informational row, not an independent binding term. | Already included in fri-query-phase; informational row, not an independent binding term. | Random-words does not model the batched-opening proximity term; num_batched_functions is ignored by the pinned conjectural path. Actual num_batched_functions=210; this result is optimistic. | This generic cap is not a structural analysis or a complete Fiat-Shamir/QROM composition theorem.",research/runs/v03-corpus-11.json,b73e102eca803dbbedfb60ca718b42f7156fa62d99b2475120aa807436670798
C00/v03-baseline,v03-corpus-11,run:v03-corpus-11;artifact:research/runs/v03-corpus-11.json;sha256:b73e102eca803dbbedfb60ca718b42f7156fa62d99b2475120aa807436670798,FRI list-decoding regime,ldr,research/security-model/v03-q32.json,,56,56,PROVEN,,true,"Exact generated classical result: 56.201226486 bits | Exact generated quantum result: 56.201226486 bits | Already included in fri-commit-phase; informational row, not an independent binding term. | Already included in fri-query-phase; informational row, not an independent binding term. | Pinned implementation keeps only the BCHKS25 dominant term; documented subdominant terms are omitted as negligible. | Requires mutual correlated agreement up to the Johnson bound, as stated by pinned security/src/assumption.rs:45-50. | This generic cap is not a structural analysis or a complete Fiat-Shamir/QROM composition theorem.",research/runs/v03-corpus-11.json,b73e102eca803dbbedfb60ca718b42f7156fa62d99b2475120aa807436670798
C00/v03-baseline,v03-corpus-11,run:v03-corpus-11;artifact:research/runs/v03-corpus-11.json;sha256:b73e102eca803dbbedfb60ca718b42f7156fa62d99b2475120aa807436670798,FRI unique-decoding regime,udr,research/security-model/v03-q32.json,,45,37,PROVEN,,false,"Exact generated classical result: 45.190582247 bits | Exact generated quantum result: 37.190582247 bits | Already included in fri-commit-phase; informational row, not an independent binding term. | Already included in fri-query-phase; informational row, not an independent binding term. | This generic cap is not a structural analysis or a complete Fiat-Shamir/QROM composition theorem.",research/runs/v03-corpus-11.json,b73e102eca803dbbedfb60ca718b42f7156fa62d99b2475120aa807436670798
C00/v03-baseline,v03-corpus-12,run:v03-corpus-12;artifact:research/runs/v03-corpus-12.json;sha256:548a37f2b5e6e4835122ff446e2c0ae0b30d2b2a74bd0dd85f16615b15d7c959,FRI random-words,random-words,research/security-model/v03-q32.json,,107,107,CONJECTURAL,,false,"Exact generated classical result: 107.997888224 bits | Exact generated quantum result: 107.997888224 bits | Already included in fri-commit-phase; informational row, not an independent binding term. | Already included in fri-query-phase; informational row, not an independent binding term. | Random-words does not model the batched-opening proximity term; num_batched_functions is ignored by the pinned conjectural path. Actual num_batched_functions=210; this result is optimistic. | This generic cap is not a structural analysis or a complete Fiat-Shamir/QROM composition theorem.",research/runs/v03-corpus-12.json,548a37f2b5e6e4835122ff446e2c0ae0b30d2b2a74bd0dd85f16615b15d7c959
C00/v03-baseline,v03-corpus-12,run:v03-corpus-12;artifact:research/runs/v03-corpus-12.json;sha256:548a37f2b5e6e4835122ff446e2c0ae0b30d2b2a74bd0dd85f16615b15d7c959,FRI list-decoding regime,ldr,research/security-model/v03-q32.json,,56,56,PROVEN,,true,"Exact generated classical result: 56.201226486 bits | Exact generated quantum result: 56.201226486 bits | Already included in fri-commit-phase; informational row, not an independent binding term. | Already included in fri-query-phase; informational row, not an independent binding term. | Pinned implementation keeps only the BCHKS25 dominant term; documented subdominant terms are omitted as negligible. | Requires mutual correlated agreement up to the Johnson bound, as stated by pinned security/src/assumption.rs:45-50. | This generic cap is not a structural analysis or a complete Fiat-Shamir/QROM composition theorem.",research/runs/v03-corpus-12.json,548a37f2b5e6e4835122ff446e2c0ae0b30d2b2a74bd0dd85f16615b15d7c959
C00/v03-baseline,v03-corpus-12,run:v03-corpus-12;artifact:research/runs/v03-corpus-12.json;sha256:548a37f2b5e6e4835122ff446e2c0ae0b30d2b2a74bd0dd85f16615b15d7c959,FRI unique-decoding regime,udr,research/security-model/v03-q32.json,,45,37,PROVEN,,false,"Exact generated classical result: 45.190582247 bits | Exact generated quantum result: 37.190582247 bits | Already included in fri-commit-phase; informational row, not an independent binding term. | Already included in fri-query-phase; informational row, not an independent binding term. | This generic cap is not a structural analysis or a complete Fiat-Shamir/QROM composition theorem.",research/runs/v03-corpus-12.json,548a37f2b5e6e4835122ff446e2c0ae0b30d2b2a74bd0dd85f16615b15d7c959
C00/v03-baseline,v03-corpus-13,run:v03-corpus-13;artifact:research/runs/v03-corpus-13.json;sha256:c88c0096edbc3e9bcc1dd988b734c09163936cac4707c9944940c2e8414d6d0e,FRI random-words,random-words,research/security-model/v03-q32.json,,107,107,CONJECTURAL,,false,"Exact generated classical result: 107.997888224 bits | Exact generated quantum result: 107.997888224 bits | Already included in fri-commit-phase; informational row, not an independent binding term. | Already included in fri-query-phase; informational row, not an independent binding term. | Random-words does not model the batched-opening proximity term; num_batched_functions is ignored by the pinned conjectural path. Actual num_batched_functions=210; this result is optimistic. | This generic cap is not a structural analysis or a complete Fiat-Shamir/QROM composition theorem.",research/runs/v03-corpus-13.json,c88c0096edbc3e9bcc1dd988b734c09163936cac4707c9944940c2e8414d6d0e
C00/v03-baseline,v03-corpus-13,run:v03-corpus-13;artifact:research/runs/v03-corpus-13.json;sha256:c88c0096edbc3e9bcc1dd988b734c09163936cac4707c9944940c2e8414d6d0e,FRI list-decoding regime,ldr,research/security-model/v03-q32.json,,56,56,PROVEN,,true,"Exact generated classical result: 56.201226486 bits | Exact generated quantum result: 56.201226486 bits | Already included in fri-commit-phase; informational row, not an independent binding term. | Already included in fri-query-phase; informational row, not an independent binding term. | Pinned implementation keeps only the BCHKS25 dominant term; documented subdominant terms are omitted as negligible. | Requires mutual correlated agreement up to the Johnson bound, as stated by pinned security/src/assumption.rs:45-50. | This generic cap is not a structural analysis or a complete Fiat-Shamir/QROM composition theorem.",research/runs/v03-corpus-13.json,c88c0096edbc3e9bcc1dd988b734c09163936cac4707c9944940c2e8414d6d0e
C00/v03-baseline,v03-corpus-13,run:v03-corpus-13;artifact:research/runs/v03-corpus-13.json;sha256:c88c0096edbc3e9bcc1dd988b734c09163936cac4707c9944940c2e8414d6d0e,FRI unique-decoding regime,udr,research/security-model/v03-q32.json,,45,37,PROVEN,,false,"Exact generated classical result: 45.190582247 bits | Exact generated quantum result: 37.190582247 bits | Already included in fri-commit-phase; informational row, not an independent binding term. | Already included in fri-query-phase; informational row, not an independent binding term. | This generic cap is not a structural analysis or a complete Fiat-Shamir/QROM composition theorem.",research/runs/v03-corpus-13.json,c88c0096edbc3e9bcc1dd988b734c09163936cac4707c9944940c2e8414d6d0e
C00/v03-baseline,v03-corpus-14,run:v03-corpus-14;artifact:research/runs/v03-corpus-14.json;sha256:a349b99a4904889372c0eff4c52cdc718bf4bd017f44bb35588fc363b7619dc3,FRI random-words,random-words,research/security-model/v03-q32.json,,107,107,CONJECTURAL,,false,"Exact generated classical result: 107.997888224 bits | Exact generated quantum result: 107.997888224 bits | Already included in fri-commit-phase; informational row, not an independent binding term. | Already included in fri-query-phase; informational row, not an independent binding term. | Random-words does not model the batched-opening proximity term; num_batched_functions is ignored by the pinned conjectural path. Actual num_batched_functions=210; this result is optimistic. | This generic cap is not a structural analysis or a complete Fiat-Shamir/QROM composition theorem.",research/runs/v03-corpus-14.json,a349b99a4904889372c0eff4c52cdc718bf4bd017f44bb35588fc363b7619dc3
C00/v03-baseline,v03-corpus-14,run:v03-corpus-14;artifact:research/runs/v03-corpus-14.json;sha256:a349b99a4904889372c0eff4c52cdc718bf4bd017f44bb35588fc363b7619dc3,FRI list-decoding regime,ldr,research/security-model/v03-q32.json,,56,56,PROVEN,,true,"Exact generated classical result: 56.201226486 bits | Exact generated quantum result: 56.201226486 bits | Already included in fri-commit-phase; informational row, not an independent binding term. | Already included in fri-query-phase; informational row, not an independent binding term. | Pinned implementation keeps only the BCHKS25 dominant term; documented subdominant terms are omitted as negligible. | Requires mutual correlated agreement up to the Johnson bound, as stated by pinned security/src/assumption.rs:45-50. | This generic cap is not a structural analysis or a complete Fiat-Shamir/QROM composition theorem.",research/runs/v03-corpus-14.json,a349b99a4904889372c0eff4c52cdc718bf4bd017f44bb35588fc363b7619dc3
C00/v03-baseline,v03-corpus-14,run:v03-corpus-14;artifact:research/runs/v03-corpus-14.json;sha256:a349b99a4904889372c0eff4c52cdc718bf4bd017f44bb35588fc363b7619dc3,FRI unique-decoding regime,udr,research/security-model/v03-q32.json,,45,37,PROVEN,,false,"Exact generated classical result: 45.190582247 bits | Exact generated quantum result: 37.190582247 bits | Already included in fri-commit-phase; informational row, not an independent binding term. | Already included in fri-query-phase; informational row, not an independent binding term. | This generic cap is not a structural analysis or a complete Fiat-Shamir/QROM composition theorem.",research/runs/v03-corpus-14.json,a349b99a4904889372c0eff4c52cdc718bf4bd017f44bb35588fc363b7619dc3
C00/v03-baseline,v03-corpus-15,run:v03-corpus-15;artifact:research/runs/v03-corpus-15.json;sha256:640e51a0548bafa3ffa0bf4aa5bc4a18bc5141b5147f3eac4f7f3b84c92470ac,FRI random-words,random-words,research/security-model/v03-q32.json,,107,107,CONJECTURAL,,false,"Exact generated classical result: 107.997888224 bits | Exact generated quantum result: 107.997888224 bits | Already included in fri-commit-phase; informational row, not an independent binding term. | Already included in fri-query-phase; informational row, not an independent binding term. | Random-words does not model the batched-opening proximity term; num_batched_functions is ignored by the pinned conjectural path. Actual num_batched_functions=210; this result is optimistic. | This generic cap is not a structural analysis or a complete Fiat-Shamir/QROM composition theorem.",research/runs/v03-corpus-15.json,640e51a0548bafa3ffa0bf4aa5bc4a18bc5141b5147f3eac4f7f3b84c92470ac
C00/v03-baseline,v03-corpus-15,run:v03-corpus-15;artifact:research/runs/v03-corpus-15.json;sha256:640e51a0548bafa3ffa0bf4aa5bc4a18bc5141b5147f3eac4f7f3b84c92470ac,FRI list-decoding regime,ldr,research/security-model/v03-q32.json,,56,56,PROVEN,,true,"Exact generated classical result: 56.201226486 bits | Exact generated quantum result: 56.201226486 bits | Already included in fri-commit-phase; informational row, not an independent binding term. | Already included in fri-query-phase; informational row, not an independent binding term. | Pinned implementation keeps only the BCHKS25 dominant term; documented subdominant terms are omitted as negligible. | Requires mutual correlated agreement up to the Johnson bound, as stated by pinned security/src/assumption.rs:45-50. | This generic cap is not a structural analysis or a complete Fiat-Shamir/QROM composition theorem.",research/runs/v03-corpus-15.json,640e51a0548bafa3ffa0bf4aa5bc4a18bc5141b5147f3eac4f7f3b84c92470ac
C00/v03-baseline,v03-corpus-15,run:v03-corpus-15;artifact:research/runs/v03-corpus-15.json;sha256:640e51a0548bafa3ffa0bf4aa5bc4a18bc5141b5147f3eac4f7f3b84c92470ac,FRI unique-decoding regime,udr,research/security-model/v03-q32.json,,45,37,PROVEN,,false,"Exact generated classical result: 45.190582247 bits | Exact generated quantum result: 37.190582247 bits | Already included in fri-commit-phase; informational row, not an independent binding term. | Already included in fri-query-phase; informational row, not an independent binding term. | This generic cap is not a structural analysis or a complete Fiat-Shamir/QROM composition theorem.",research/runs/v03-corpus-15.json,640e51a0548bafa3ffa0bf4aa5bc4a18bc5141b5147f3eac4f7f3b84c92470ac
C00/v03-baseline,v03-corpus-16,run:v03-corpus-16;artifact:research/runs/v03-corpus-16.json;sha256:d429ebcaae0f0e6cde3bbaa44cc448cb40dd29fae5bd682d7e01b89407b04d67,FRI random-words,random-words,research/security-model/v03-q32.json,,107,107,CONJECTURAL,,false,"Exact generated classical result: 107.997888224 bits | Exact generated quantum result: 107.997888224 bits | Already included in fri-commit-phase; informational row, not an independent binding term. | Already included in fri-query-phase; informational row, not an independent binding term. | Random-words does not model the batched-opening proximity term; num_batched_functions is ignored by the pinned conjectural path. Actual num_batched_functions=210; this result is optimistic. | This generic cap is not a structural analysis or a complete Fiat-Shamir/QROM composition theorem.",research/runs/v03-corpus-16.json,d429ebcaae0f0e6cde3bbaa44cc448cb40dd29fae5bd682d7e01b89407b04d67
C00/v03-baseline,v03-corpus-16,run:v03-corpus-16;artifact:research/runs/v03-corpus-16.json;sha256:d429ebcaae0f0e6cde3bbaa44cc448cb40dd29fae5bd682d7e01b89407b04d67,FRI list-decoding regime,ldr,research/security-model/v03-q32.json,,56,56,PROVEN,,true,"Exact generated classical result: 56.201226486 bits | Exact generated quantum result: 56.201226486 bits | Already included in fri-commit-phase; informational row, not an independent binding term. | Already included in fri-query-phase; informational row, not an independent binding term. | Pinned implementation keeps only the BCHKS25 dominant term; documented subdominant terms are omitted as negligible. | Requires mutual correlated agreement up to the Johnson bound, as stated by pinned security/src/assumption.rs:45-50. | This generic cap is not a structural analysis or a complete Fiat-Shamir/QROM composition theorem.",research/runs/v03-corpus-16.json,d429ebcaae0f0e6cde3bbaa44cc448cb40dd29fae5bd682d7e01b89407b04d67
C00/v03-baseline,v03-corpus-16,run:v03-corpus-16;artifact:research/runs/v03-corpus-16.json;sha256:d429ebcaae0f0e6cde3bbaa44cc448cb40dd29fae5bd682d7e01b89407b04d67,FRI unique-decoding regime,udr,research/security-model/v03-q32.json,,45,37,PROVEN,,false,"Exact generated classical result: 45.190582247 bits | Exact generated quantum result: 37.190582247 bits | Already included in fri-commit-phase; informational row, not an independent binding term. | Already included in fri-query-phase; informational row, not an independent binding term. | This generic cap is not a structural analysis or a complete Fiat-Shamir/QROM composition theorem.",research/runs/v03-corpus-16.json,d429ebcaae0f0e6cde3bbaa44cc448cb40dd29fae5bd682d7e01b89407b04d67
C00/v03-baseline,v03-corpus-17,run:v03-corpus-17;artifact:research/runs/v03-corpus-17.json;sha256:78b9d9a23d2ac9d79dea7163690959970d1636cb086446eece76768f73eaf7bd,FRI random-words,random-words,research/security-model/v03-q32.json,,107,107,CONJECTURAL,,false,"Exact generated classical result: 107.997888224 bits | Exact generated quantum result: 107.997888224 bits | Already included in fri-commit-phase; informational row, not an independent binding term. | Already included in fri-query-phase; informational row, not an independent binding term. | Random-words does not model the batched-opening proximity term; num_batched_functions is ignored by the pinned conjectural path. Actual num_batched_functions=210; this result is optimistic. | This generic cap is not a structural analysis or a complete Fiat-Shamir/QROM composition theorem.",research/runs/v03-corpus-17.json,78b9d9a23d2ac9d79dea7163690959970d1636cb086446eece76768f73eaf7bd
C00/v03-baseline,v03-corpus-17,run:v03-corpus-17;artifact:research/runs/v03-corpus-17.json;sha256:78b9d9a23d2ac9d79dea7163690959970d1636cb086446eece76768f73eaf7bd,FRI list-decoding regime,ldr,research/security-model/v03-q32.json,,56,56,PROVEN,,true,"Exact generated classical result: 56.201226486 bits | Exact generated quantum result: 56.201226486 bits | Already included in fri-commit-phase; informational row, not an independent binding term. | Already included in fri-query-phase; informational row, not an independent binding term. | Pinned implementation keeps only the BCHKS25 dominant term; documented subdominant terms are omitted as negligible. | Requires mutual correlated agreement up to the Johnson bound, as stated by pinned security/src/assumption.rs:45-50. | This generic cap is not a structural analysis or a complete Fiat-Shamir/QROM composition theorem.",research/runs/v03-corpus-17.json,78b9d9a23d2ac9d79dea7163690959970d1636cb086446eece76768f73eaf7bd
C00/v03-baseline,v03-corpus-17,run:v03-corpus-17;artifact:research/runs/v03-corpus-17.json;sha256:78b9d9a23d2ac9d79dea7163690959970d1636cb086446eece76768f73eaf7bd,FRI unique-decoding regime,udr,research/security-model/v03-q32.json,,45,37,PROVEN,,false,"Exact generated classical result: 45.190582247 bits | Exact generated quantum result: 37.190582247 bits | Already included in fri-commit-phase; informational row, not an independent binding term. | Already included in fri-query-phase; informational row, not an independent binding term. | This generic cap is not a structural analysis or a complete Fiat-Shamir/QROM composition theorem.",research/runs/v03-corpus-17.json,78b9d9a23d2ac9d79dea7163690959970d1636cb086446eece76768f73eaf7bd
C00/v03-baseline,v03-corpus-18,run:v03-corpus-18;artifact:research/runs/v03-corpus-18.json;sha256:8edfbb5279a317292054f2060b0506bde852a330e96b933d18d9f5799bb7f28b,FRI random-words,random-words,research/security-model/v03-q32.json,,107,107,CONJECTURAL,,false,"Exact generated classical result: 107.997888224 bits | Exact generated quantum result: 107.997888224 bits | Already included in fri-commit-phase; informational row, not an independent binding term. | Already included in fri-query-phase; informational row, not an independent binding term. | Random-words does not model the batched-opening proximity term; num_batched_functions is ignored by the pinned conjectural path. Actual num_batched_functions=210; this result is optimistic. | This generic cap is not a structural analysis or a complete Fiat-Shamir/QROM composition theorem.",research/runs/v03-corpus-18.json,8edfbb5279a317292054f2060b0506bde852a330e96b933d18d9f5799bb7f28b
C00/v03-baseline,v03-corpus-18,run:v03-corpus-18;artifact:research/runs/v03-corpus-18.json;sha256:8edfbb5279a317292054f2060b0506bde852a330e96b933d18d9f5799bb7f28b,FRI list-decoding regime,ldr,research/security-model/v03-q32.json,,56,56,PROVEN,,true,"Exact generated classical result: 56.201226486 bits | Exact generated quantum result: 56.201226486 bits | Already included in fri-commit-phase; informational row, not an independent binding term. | Already included in fri-query-phase; informational row, not an independent binding term. | Pinned implementation keeps only the BCHKS25 dominant term; documented subdominant terms are omitted as negligible. | Requires mutual correlated agreement up to the Johnson bound, as stated by pinned security/src/assumption.rs:45-50. | This generic cap is not a structural analysis or a complete Fiat-Shamir/QROM composition theorem.",research/runs/v03-corpus-18.json,8edfbb5279a317292054f2060b0506bde852a330e96b933d18d9f5799bb7f28b
C00/v03-baseline,v03-corpus-18,run:v03-corpus-18;artifact:research/runs/v03-corpus-18.json;sha256:8edfbb5279a317292054f2060b0506bde852a330e96b933d18d9f5799bb7f28b,FRI unique-decoding regime,udr,research/security-model/v03-q32.json,,45,37,PROVEN,,false,"Exact generated classical result: 45.190582247 bits | Exact generated quantum result: 37.190582247 bits | Already included in fri-commit-phase; informational row, not an independent binding term. | Already included in fri-query-phase; informational row, not an independent binding term. | This generic cap is not a structural analysis or a complete Fiat-Shamir/QROM composition theorem.",research/runs/v03-corpus-18.json,8edfbb5279a317292054f2060b0506bde852a330e96b933d18d9f5799bb7f28b
C00/v03-baseline,v03-corpus-19,run:v03-corpus-19;artifact:research/runs/v03-corpus-19.json;sha256:25ac8388cf676b3df984d7559715db6ff6f37a1f9a9675f9f2fdb99fb09a494a,FRI random-words,random-words,research/security-model/v03-q32.json,,107,107,CONJECTURAL,,false,"Exact generated classical result: 107.997888224 bits | Exact generated quantum result: 107.997888224 bits | Already included in fri-commit-phase; informational row, not an independent binding term. | Already included in fri-query-phase; informational row, not an independent binding term. | Random-words does not model the batched-opening proximity term; num_batched_functions is ignored by the pinned conjectural path. Actual num_batched_functions=210; this result is optimistic. | This generic cap is not a structural analysis or a complete Fiat-Shamir/QROM composition theorem.",research/runs/v03-corpus-19.json,25ac8388cf676b3df984d7559715db6ff6f37a1f9a9675f9f2fdb99fb09a494a
C00/v03-baseline,v03-corpus-19,run:v03-corpus-19;artifact:research/runs/v03-corpus-19.json;sha256:25ac8388cf676b3df984d7559715db6ff6f37a1f9a9675f9f2fdb99fb09a494a,FRI list-decoding regime,ldr,research/security-model/v03-q32.json,,56,56,PROVEN,,true,"Exact generated classical result: 56.201226486 bits | Exact generated quantum result: 56.201226486 bits | Already included in fri-commit-phase; informational row, not an independent binding term. | Already included in fri-query-phase; informational row, not an independent binding term. | Pinned implementation keeps only the BCHKS25 dominant term; documented subdominant terms are omitted as negligible. | Requires mutual correlated agreement up to the Johnson bound, as stated by pinned security/src/assumption.rs:45-50. | This generic cap is not a structural analysis or a complete Fiat-Shamir/QROM composition theorem.",research/runs/v03-corpus-19.json,25ac8388cf676b3df984d7559715db6ff6f37a1f9a9675f9f2fdb99fb09a494a
C00/v03-baseline,v03-corpus-19,run:v03-corpus-19;artifact:research/runs/v03-corpus-19.json;sha256:25ac8388cf676b3df984d7559715db6ff6f37a1f9a9675f9f2fdb99fb09a494a,FRI unique-decoding regime,udr,research/security-model/v03-q32.json,,45,37,PROVEN,,false,"Exact generated classical result: 45.190582247 bits | Exact generated quantum result: 37.190582247 bits | Already included in fri-commit-phase; informational row, not an independent binding term. | Already included in fri-query-phase; informational row, not an independent binding term. | This generic cap is not a structural analysis or a complete Fiat-Shamir/QROM composition theorem.",research/runs/v03-corpus-19.json,25ac8388cf676b3df984d7559715db6ff6f37a1f9a9675f9f2fdb99fb09a494a
C00/v03-baseline,v03-corpus-20,run:v03-corpus-20;artifact:research/runs/v03-corpus-20.json;sha256:76c6552089598478ba37a7dbbf80ac3ad1fc360425ea866ebf7e0cf07f745fd7,FRI random-words,random-words,research/security-model/v03-q32.json,,107,107,CONJECTURAL,,false,"Exact generated classical result: 107.997888224 bits | Exact generated quantum result: 107.997888224 bits | Already included in fri-commit-phase; informational row, not an independent binding term. | Already included in fri-query-phase; informational row, not an independent binding term. | Random-words does not model the batched-opening proximity term; num_batched_functions is ignored by the pinned conjectural path. Actual num_batched_functions=210; this result is optimistic. | This generic cap is not a structural analysis or a complete Fiat-Shamir/QROM composition theorem.",research/runs/v03-corpus-20.json,76c6552089598478ba37a7dbbf80ac3ad1fc360425ea866ebf7e0cf07f745fd7
C00/v03-baseline,v03-corpus-20,run:v03-corpus-20;artifact:research/runs/v03-corpus-20.json;sha256:76c6552089598478ba37a7dbbf80ac3ad1fc360425ea866ebf7e0cf07f745fd7,FRI list-decoding regime,ldr,research/security-model/v03-q32.json,,56,56,PROVEN,,true,"Exact generated classical result: 56.201226486 bits | Exact generated quantum result: 56.201226486 bits | Already included in fri-commit-phase; informational row, not an independent binding term. | Already included in fri-query-phase; informational row, not an independent binding term. | Pinned implementation keeps only the BCHKS25 dominant term; documented subdominant terms are omitted as negligible. | Requires mutual correlated agreement up to the Johnson bound, as stated by pinned security/src/assumption.rs:45-50. | This generic cap is not a structural analysis or a complete Fiat-Shamir/QROM composition theorem.",research/runs/v03-corpus-20.json,76c6552089598478ba37a7dbbf80ac3ad1fc360425ea866ebf7e0cf07f745fd7
C00/v03-baseline,v03-corpus-20,run:v03-corpus-20;artifact:research/runs/v03-corpus-20.json;sha256:76c6552089598478ba37a7dbbf80ac3ad1fc360425ea866ebf7e0cf07f745fd7,FRI unique-decoding regime,udr,research/security-model/v03-q32.json,,45,37,PROVEN,,false,"Exact generated classical result: 45.190582247 bits | Exact generated quantum result: 37.190582247 bits | Already included in fri-commit-phase; informational row, not an independent binding term. | Already included in fri-query-phase; informational row, not an independent binding term. | This generic cap is not a structural analysis or a complete Fiat-Shamir/QROM composition theorem.",research/runs/v03-corpus-20.json,76c6552089598478ba37a7dbbf80ac3ad1fc360425ea866ebf7e0cf07f745fd7
C00/v03-baseline,v03-corpus-21,run:v03-corpus-21;artifact:research/runs/v03-corpus-21.json;sha256:c8d408faca0b1312f431ce5480337785fb6d8830059eea5e08080f8dc68e9046,FRI random-words,random-words,research/security-model/v03-q32.json,,107,107,CONJECTURAL,,false,"Exact generated classical result: 107.997888224 bits | Exact generated quantum result: 107.997888224 bits | Already included in fri-commit-phase; informational row, not an independent binding term. | Already included in fri-query-phase; informational row, not an independent binding term. | Random-words does not model the batched-opening proximity term; num_batched_functions is ignored by the pinned conjectural path. Actual num_batched_functions=210; this result is optimistic. | This generic cap is not a structural analysis or a complete Fiat-Shamir/QROM composition theorem.",research/runs/v03-corpus-21.json,c8d408faca0b1312f431ce5480337785fb6d8830059eea5e08080f8dc68e9046
C00/v03-baseline,v03-corpus-21,run:v03-corpus-21;artifact:research/runs/v03-corpus-21.json;sha256:c8d408faca0b1312f431ce5480337785fb6d8830059eea5e08080f8dc68e9046,FRI list-decoding regime,ldr,research/security-model/v03-q32.json,,56,56,PROVEN,,true,"Exact generated classical result: 56.201226486 bits | Exact generated quantum result: 56.201226486 bits | Already included in fri-commit-phase; informational row, not an independent binding term. | Already included in fri-query-phase; informational row, not an independent binding term. | Pinned implementation keeps only the BCHKS25 dominant term; documented subdominant terms are omitted as negligible. | Requires mutual correlated agreement up to the Johnson bound, as stated by pinned security/src/assumption.rs:45-50. | This generic cap is not a structural analysis or a complete Fiat-Shamir/QROM composition theorem.",research/runs/v03-corpus-21.json,c8d408faca0b1312f431ce5480337785fb6d8830059eea5e08080f8dc68e9046
C00/v03-baseline,v03-corpus-21,run:v03-corpus-21;artifact:research/runs/v03-corpus-21.json;sha256:c8d408faca0b1312f431ce5480337785fb6d8830059eea5e08080f8dc68e9046,FRI unique-decoding regime,udr,research/security-model/v03-q32.json,,45,37,PROVEN,,false,"Exact generated classical result: 45.190582247 bits | Exact generated quantum result: 37.190582247 bits | Already included in fri-commit-phase; informational row, not an independent binding term. | Already included in fri-query-phase; informational row, not an independent binding term. | This generic cap is not a structural analysis or a complete Fiat-Shamir/QROM composition theorem.",research/runs/v03-corpus-21.json,c8d408faca0b1312f431ce5480337785fb6d8830059eea5e08080f8dc68e9046
C00/v03-baseline,v03-corpus-22,run:v03-corpus-22;artifact:research/runs/v03-corpus-22.json;sha256:4dd856697e041fc29e09162904b8d0b0a49622dbff95abed098dd27271c6e270,FRI random-words,random-words,research/security-model/v03-q32.json,,107,107,CONJECTURAL,,false,"Exact generated classical result: 107.997888224 bits | Exact generated quantum result: 107.997888224 bits | Already included in fri-commit-phase; informational row, not an independent binding term. | Already included in fri-query-phase; informational row, not an independent binding term. | Random-words does not model the batched-opening proximity term; num_batched_functions is ignored by the pinned conjectural path. Actual num_batched_functions=210; this result is optimistic. | This generic cap is not a structural analysis or a complete Fiat-Shamir/QROM composition theorem.",research/runs/v03-corpus-22.json,4dd856697e041fc29e09162904b8d0b0a49622dbff95abed098dd27271c6e270
C00/v03-baseline,v03-corpus-22,run:v03-corpus-22;artifact:research/runs/v03-corpus-22.json;sha256:4dd856697e041fc29e09162904b8d0b0a49622dbff95abed098dd27271c6e270,FRI list-decoding regime,ldr,research/security-model/v03-q32.json,,56,56,PROVEN,,true,"Exact generated classical result: 56.201226486 bits | Exact generated quantum result: 56.201226486 bits | Already included in fri-commit-phase; informational row, not an independent binding term. | Already included in fri-query-phase; informational row, not an independent binding term. | Pinned implementation keeps only the BCHKS25 dominant term; documented subdominant terms are omitted as negligible. | Requires mutual correlated agreement up to the Johnson bound, as stated by pinned security/src/assumption.rs:45-50. | This generic cap is not a structural analysis or a complete Fiat-Shamir/QROM composition theorem.",research/runs/v03-corpus-22.json,4dd856697e041fc29e09162904b8d0b0a49622dbff95abed098dd27271c6e270
C00/v03-baseline,v03-corpus-22,run:v03-corpus-22;artifact:research/runs/v03-corpus-22.json;sha256:4dd856697e041fc29e09162904b8d0b0a49622dbff95abed098dd27271c6e270,FRI unique-decoding regime,udr,research/security-model/v03-q32.json,,45,37,PROVEN,,false,"Exact generated classical result: 45.190582247 bits | Exact generated quantum result: 37.190582247 bits | Already included in fri-commit-phase; informational row, not an independent binding term. | Already included in fri-query-phase; informational row, not an independent binding term. | This generic cap is not a structural analysis or a complete Fiat-Shamir/QROM composition theorem.",research/runs/v03-corpus-22.json,4dd856697e041fc29e09162904b8d0b0a49622dbff95abed098dd27271c6e270
C00/v03-baseline,v03-corpus-23,run:v03-corpus-23;artifact:research/runs/v03-corpus-23.json;sha256:950365b7a5739a51b43efef2b74392d138fc6dfb0bc0a023ef914ce988fedd3e,FRI random-words,random-words,research/security-model/v03-q32.json,,107,107,CONJECTURAL,,false,"Exact generated classical result: 107.997888224 bits | Exact generated quantum result: 107.997888224 bits | Already included in fri-commit-phase; informational row, not an independent binding term. | Already included in fri-query-phase; informational row, not an independent binding term. | Random-words does not model the batched-opening proximity term; num_batched_functions is ignored by the pinned conjectural path. Actual num_batched_functions=210; this result is optimistic. | This generic cap is not a structural analysis or a complete Fiat-Shamir/QROM composition theorem.",research/runs/v03-corpus-23.json,950365b7a5739a51b43efef2b74392d138fc6dfb0bc0a023ef914ce988fedd3e
C00/v03-baseline,v03-corpus-23,run:v03-corpus-23;artifact:research/runs/v03-corpus-23.json;sha256:950365b7a5739a51b43efef2b74392d138fc6dfb0bc0a023ef914ce988fedd3e,FRI list-decoding regime,ldr,research/security-model/v03-q32.json,,56,56,PROVEN,,true,"Exact generated classical result: 56.201226486 bits | Exact generated quantum result: 56.201226486 bits | Already included in fri-commit-phase; informational row, not an independent binding term. | Already included in fri-query-phase; informational row, not an independent binding term. | Pinned implementation keeps only the BCHKS25 dominant term; documented subdominant terms are omitted as negligible. | Requires mutual correlated agreement up to the Johnson bound, as stated by pinned security/src/assumption.rs:45-50. | This generic cap is not a structural analysis or a complete Fiat-Shamir/QROM composition theorem.",research/runs/v03-corpus-23.json,950365b7a5739a51b43efef2b74392d138fc6dfb0bc0a023ef914ce988fedd3e
C00/v03-baseline,v03-corpus-23,run:v03-corpus-23;artifact:research/runs/v03-corpus-23.json;sha256:950365b7a5739a51b43efef2b74392d138fc6dfb0bc0a023ef914ce988fedd3e,FRI unique-decoding regime,udr,research/security-model/v03-q32.json,,45,37,PROVEN,,false,"Exact generated classical result: 45.190582247 bits | Exact generated quantum result: 37.190582247 bits | Already included in fri-commit-phase; informational row, not an independent binding term. | Already included in fri-query-phase; informational row, not an independent binding term. | This generic cap is not a structural analysis or a complete Fiat-Shamir/QROM composition theorem.",research/runs/v03-corpus-23.json,950365b7a5739a51b43efef2b74392d138fc6dfb0bc0a023ef914ce988fedd3e
C00/v03-baseline,v03-corpus-24,run:v03-corpus-24;artifact:research/runs/v03-corpus-24.json;sha256:f3a4abad964e8d5c290e248441b02633abcb7b61bc6e7be27b2d6f83cf165b0c,FRI random-words,random-words,research/security-model/v03-q32.json,,107,107,CONJECTURAL,,false,"Exact generated classical result: 107.997888224 bits | Exact generated quantum result: 107.997888224 bits | Already included in fri-commit-phase; informational row, not an independent binding term. | Already included in fri-query-phase; informational row, not an independent binding term. | Random-words does not model the batched-opening proximity term; num_batched_functions is ignored by the pinned conjectural path. Actual num_batched_functions=210; this result is optimistic. | This generic cap is not a structural analysis or a complete Fiat-Shamir/QROM composition theorem.",research/runs/v03-corpus-24.json,f3a4abad964e8d5c290e248441b02633abcb7b61bc6e7be27b2d6f83cf165b0c
C00/v03-baseline,v03-corpus-24,run:v03-corpus-24;artifact:research/runs/v03-corpus-24.json;sha256:f3a4abad964e8d5c290e248441b02633abcb7b61bc6e7be27b2d6f83cf165b0c,FRI list-decoding regime,ldr,research/security-model/v03-q32.json,,56,56,PROVEN,,true,"Exact generated classical result: 56.201226486 bits | Exact generated quantum result: 56.201226486 bits | Already included in fri-commit-phase; informational row, not an independent binding term. | Already included in fri-query-phase; informational row, not an independent binding term. | Pinned implementation keeps only the BCHKS25 dominant term; documented subdominant terms are omitted as negligible. | Requires mutual correlated agreement up to the Johnson bound, as stated by pinned security/src/assumption.rs:45-50. | This generic cap is not a structural analysis or a complete Fiat-Shamir/QROM composition theorem.",research/runs/v03-corpus-24.json,f3a4abad964e8d5c290e248441b02633abcb7b61bc6e7be27b2d6f83cf165b0c
C00/v03-baseline,v03-corpus-24,run:v03-corpus-24;artifact:research/runs/v03-corpus-24.json;sha256:f3a4abad964e8d5c290e248441b02633abcb7b61bc6e7be27b2d6f83cf165b0c,FRI unique-decoding regime,udr,research/security-model/v03-q32.json,,45,37,PROVEN,,false,"Exact generated classical result: 45.190582247 bits | Exact generated quantum result: 37.190582247 bits | Already included in fri-commit-phase; informational row, not an independent binding term. | Already included in fri-query-phase; informational row, not an independent binding term. | This generic cap is not a structural analysis or a complete Fiat-Shamir/QROM composition theorem.",research/runs/v03-corpus-24.json,f3a4abad964e8d5c290e248441b02633abcb7b61bc6e7be27b2d6f83cf165b0c
C00/v03-baseline,v03-corpus-25,run:v03-corpus-25;artifact:research/runs/v03-corpus-25.json;sha256:24069f30cb23ae61979e1aa4f79c9bdd789dbcdfd0d8479521e83e043671da90,FRI random-words,random-words,research/security-model/v03-q32.json,,107,107,CONJECTURAL,,false,"Exact generated classical result: 107.997888224 bits | Exact generated quantum result: 107.997888224 bits | Already included in fri-commit-phase; informational row, not an independent binding term. | Already included in fri-query-phase; informational row, not an independent binding term. | Random-words does not model the batched-opening proximity term; num_batched_functions is ignored by the pinned conjectural path. Actual num_batched_functions=210; this result is optimistic. | This generic cap is not a structural analysis or a complete Fiat-Shamir/QROM composition theorem.",research/runs/v03-corpus-25.json,24069f30cb23ae61979e1aa4f79c9bdd789dbcdfd0d8479521e83e043671da90
C00/v03-baseline,v03-corpus-25,run:v03-corpus-25;artifact:research/runs/v03-corpus-25.json;sha256:24069f30cb23ae61979e1aa4f79c9bdd789dbcdfd0d8479521e83e043671da90,FRI list-decoding regime,ldr,research/security-model/v03-q32.json,,56,56,PROVEN,,true,"Exact generated classical result: 56.201226486 bits | Exact generated quantum result: 56.201226486 bits | Already included in fri-commit-phase; informational row, not an independent binding term. | Already included in fri-query-phase; informational row, not an independent binding term. | Pinned implementation keeps only the BCHKS25 dominant term; documented subdominant terms are omitted as negligible. | Requires mutual correlated agreement up to the Johnson bound, as stated by pinned security/src/assumption.rs:45-50. | This generic cap is not a structural analysis or a complete Fiat-Shamir/QROM composition theorem.",research/runs/v03-corpus-25.json,24069f30cb23ae61979e1aa4f79c9bdd789dbcdfd0d8479521e83e043671da90
C00/v03-baseline,v03-corpus-25,run:v03-corpus-25;artifact:research/runs/v03-corpus-25.json;sha256:24069f30cb23ae61979e1aa4f79c9bdd789dbcdfd0d8479521e83e043671da90,FRI unique-decoding regime,udr,research/security-model/v03-q32.json,,45,37,PROVEN,,false,"Exact generated classical result: 45.190582247 bits | Exact generated quantum result: 37.190582247 bits | Already included in fri-commit-phase; informational row, not an independent binding term. | Already included in fri-query-phase; informational row, not an independent binding term. | This generic cap is not a structural analysis or a complete Fiat-Shamir/QROM composition theorem.",research/runs/v03-corpus-25.json,24069f30cb23ae61979e1aa4f79c9bdd789dbcdfd0d8479521e83e043671da90
C00/v03-baseline,v03-corpus-26,run:v03-corpus-26;artifact:research/runs/v03-corpus-26.json;sha256:74963dde6ee1696d758ca17b1a79d74cfd6a02dd3ef44755bce56230cc7f8313,FRI random-words,random-words,research/security-model/v03-q32.json,,107,107,CONJECTURAL,,false,"Exact generated classical result: 107.997888224 bits | Exact generated quantum result: 107.997888224 bits | Already included in fri-commit-phase; informational row, not an independent binding term. | Already included in fri-query-phase; informational row, not an independent binding term. | Random-words does not model the batched-opening proximity term; num_batched_functions is ignored by the pinned conjectural path. Actual num_batched_functions=210; this result is optimistic. | This generic cap is not a structural analysis or a complete Fiat-Shamir/QROM composition theorem.",research/runs/v03-corpus-26.json,74963dde6ee1696d758ca17b1a79d74cfd6a02dd3ef44755bce56230cc7f8313
C00/v03-baseline,v03-corpus-26,run:v03-corpus-26;artifact:research/runs/v03-corpus-26.json;sha256:74963dde6ee1696d758ca17b1a79d74cfd6a02dd3ef44755bce56230cc7f8313,FRI list-decoding regime,ldr,research/security-model/v03-q32.json,,56,56,PROVEN,,true,"Exact generated classical result: 56.201226486 bits | Exact generated quantum result: 56.201226486 bits | Already included in fri-commit-phase; informational row, not an independent binding term. | Already included in fri-query-phase; informational row, not an independent binding term. | Pinned implementation keeps only the BCHKS25 dominant term; documented subdominant terms are omitted as negligible. | Requires mutual correlated agreement up to the Johnson bound, as stated by pinned security/src/assumption.rs:45-50. | This generic cap is not a structural analysis or a complete Fiat-Shamir/QROM composition theorem.",research/runs/v03-corpus-26.json,74963dde6ee1696d758ca17b1a79d74cfd6a02dd3ef44755bce56230cc7f8313
C00/v03-baseline,v03-corpus-26,run:v03-corpus-26;artifact:research/runs/v03-corpus-26.json;sha256:74963dde6ee1696d758ca17b1a79d74cfd6a02dd3ef44755bce56230cc7f8313,FRI unique-decoding regime,udr,research/security-model/v03-q32.json,,45,37,PROVEN,,false,"Exact generated classical result: 45.190582247 bits | Exact generated quantum result: 37.190582247 bits | Already included in fri-commit-phase; informational row, not an independent binding term. | Already included in fri-query-phase; informational row, not an independent binding term. | This generic cap is not a structural analysis or a complete Fiat-Shamir/QROM composition theorem.",research/runs/v03-corpus-26.json,74963dde6ee1696d758ca17b1a79d74cfd6a02dd3ef44755bce56230cc7f8313
C00/v03-baseline,v03-corpus-27,run:v03-corpus-27;artifact:research/runs/v03-corpus-27.json;sha256:4379f54de5b4cd38dec7e8a722624f5d6f33ae2935ff2c02e8e742ba50471521,FRI random-words,random-words,research/security-model/v03-q32.json,,107,107,CONJECTURAL,,false,"Exact generated classical result: 107.997888224 bits | Exact generated quantum result: 107.997888224 bits | Already included in fri-commit-phase; informational row, not an independent binding term. | Already included in fri-query-phase; informational row, not an independent binding term. | Random-words does not model the batched-opening proximity term; num_batched_functions is ignored by the pinned conjectural path. Actual num_batched_functions=210; this result is optimistic. | This generic cap is not a structural analysis or a complete Fiat-Shamir/QROM composition theorem.",research/runs/v03-corpus-27.json,4379f54de5b4cd38dec7e8a722624f5d6f33ae2935ff2c02e8e742ba50471521
C00/v03-baseline,v03-corpus-27,run:v03-corpus-27;artifact:research/runs/v03-corpus-27.json;sha256:4379f54de5b4cd38dec7e8a722624f5d6f33ae2935ff2c02e8e742ba50471521,FRI list-decoding regime,ldr,research/security-model/v03-q32.json,,56,56,PROVEN,,true,"Exact generated classical result: 56.201226486 bits | Exact generated quantum result: 56.201226486 bits | Already included in fri-commit-phase; informational row, not an independent binding term. | Already included in fri-query-phase; informational row, not an independent binding term. | Pinned implementation keeps only the BCHKS25 dominant term; documented subdominant terms are omitted as negligible. | Requires mutual correlated agreement up to the Johnson bound, as stated by pinned security/src/assumption.rs:45-50. | This generic cap is not a structural analysis or a complete Fiat-Shamir/QROM composition theorem.",research/runs/v03-corpus-27.json,4379f54de5b4cd38dec7e8a722624f5d6f33ae2935ff2c02e8e742ba50471521
C00/v03-baseline,v03-corpus-27,run:v03-corpus-27;artifact:research/runs/v03-corpus-27.json;sha256:4379f54de5b4cd38dec7e8a722624f5d6f33ae2935ff2c02e8e742ba50471521,FRI unique-decoding regime,udr,research/security-model/v03-q32.json,,45,37,PROVEN,,false,"Exact generated classical result: 45.190582247 bits | Exact generated quantum result: 37.190582247 bits | Already included in fri-commit-phase; informational row, not an independent binding term. | Already included in fri-query-phase; informational row, not an independent binding term. | This generic cap is not a structural analysis or a complete Fiat-Shamir/QROM composition theorem.",research/runs/v03-corpus-27.json,4379f54de5b4cd38dec7e8a722624f5d6f33ae2935ff2c02e8e742ba50471521
C00/v03-baseline,v03-corpus-28,run:v03-corpus-28;artifact:research/runs/v03-corpus-28.json;sha256:01de57380b60e1221885bbb2b6194ad6c8cf04a4350e230f1a7df70e6aef2cab,FRI random-words,random-words,research/security-model/v03-q32.json,,107,107,CONJECTURAL,,false,"Exact generated classical result: 107.997888224 bits | Exact generated quantum result: 107.997888224 bits | Already included in fri-commit-phase; informational row, not an independent binding term. | Already included in fri-query-phase; informational row, not an independent binding term. | Random-words does not model the batched-opening proximity term; num_batched_functions is ignored by the pinned conjectural path. Actual num_batched_functions=210; this result is optimistic. | This generic cap is not a structural analysis or a complete Fiat-Shamir/QROM composition theorem.",research/runs/v03-corpus-28.json,01de57380b60e1221885bbb2b6194ad6c8cf04a4350e230f1a7df70e6aef2cab
C00/v03-baseline,v03-corpus-28,run:v03-corpus-28;artifact:research/runs/v03-corpus-28.json;sha256:01de57380b60e1221885bbb2b6194ad6c8cf04a4350e230f1a7df70e6aef2cab,FRI list-decoding regime,ldr,research/security-model/v03-q32.json,,56,56,PROVEN,,true,"Exact generated classical result: 56.201226486 bits | Exact generated quantum result: 56.201226486 bits | Already included in fri-commit-phase; informational row, not an independent binding term. | Already included in fri-query-phase; informational row, not an independent binding term. | Pinned implementation keeps only the BCHKS25 dominant term; documented subdominant terms are omitted as negligible. | Requires mutual correlated agreement up to the Johnson bound, as stated by pinned security/src/assumption.rs:45-50. | This generic cap is not a structural analysis or a complete Fiat-Shamir/QROM composition theorem.",research/runs/v03-corpus-28.json,01de57380b60e1221885bbb2b6194ad6c8cf04a4350e230f1a7df70e6aef2cab
C00/v03-baseline,v03-corpus-28,run:v03-corpus-28;artifact:research/runs/v03-corpus-28.json;sha256:01de57380b60e1221885bbb2b6194ad6c8cf04a4350e230f1a7df70e6aef2cab,FRI unique-decoding regime,udr,research/security-model/v03-q32.json,,45,37,PROVEN,,false,"Exact generated classical result: 45.190582247 bits | Exact generated quantum result: 37.190582247 bits | Already included in fri-commit-phase; informational row, not an independent binding term. | Already included in fri-query-phase; informational row, not an independent binding term. | This generic cap is not a structural analysis or a complete Fiat-Shamir/QROM composition theorem.",research/runs/v03-corpus-28.json,01de57380b60e1221885bbb2b6194ad6c8cf04a4350e230f1a7df70e6aef2cab
C00/v03-baseline,v03-corpus-29,run:v03-corpus-29;artifact:research/runs/v03-corpus-29.json;sha256:415dd2ff830820442489a73f4b52f0ffa25853758db3bc4e9f79a73e1d2b5282,FRI random-words,random-words,research/security-model/v03-q32.json,,107,107,CONJECTURAL,,false,"Exact generated classical result: 107.997888224 bits | Exact generated quantum result: 107.997888224 bits | Already included in fri-commit-phase; informational row, not an independent binding term. | Already included in fri-query-phase; informational row, not an independent binding term. | Random-words does not model the batched-opening proximity term; num_batched_functions is ignored by the pinned conjectural path. Actual num_batched_functions=210; this result is optimistic. | This generic cap is not a structural analysis or a complete Fiat-Shamir/QROM composition theorem.",research/runs/v03-corpus-29.json,415dd2ff830820442489a73f4b52f0ffa25853758db3bc4e9f79a73e1d2b5282
C00/v03-baseline,v03-corpus-29,run:v03-corpus-29;artifact:research/runs/v03-corpus-29.json;sha256:415dd2ff830820442489a73f4b52f0ffa25853758db3bc4e9f79a73e1d2b5282,FRI list-decoding regime,ldr,research/security-model/v03-q32.json,,56,56,PROVEN,,true,"Exact generated classical result: 56.201226486 bits | Exact generated quantum result: 56.201226486 bits | Already included in fri-commit-phase; informational row, not an independent binding term. | Already included in fri-query-phase; informational row, not an independent binding term. | Pinned implementation keeps only the BCHKS25 dominant term; documented subdominant terms are omitted as negligible. | Requires mutual correlated agreement up to the Johnson bound, as stated by pinned security/src/assumption.rs:45-50. | This generic cap is not a structural analysis or a complete Fiat-Shamir/QROM composition theorem.",research/runs/v03-corpus-29.json,415dd2ff830820442489a73f4b52f0ffa25853758db3bc4e9f79a73e1d2b5282
C00/v03-baseline,v03-corpus-29,run:v03-corpus-29;artifact:research/runs/v03-corpus-29.json;sha256:415dd2ff830820442489a73f4b52f0ffa25853758db3bc4e9f79a73e1d2b5282,FRI unique-decoding regime,udr,research/security-model/v03-q32.json,,45,37,PROVEN,,false,"Exact generated classical result: 45.190582247 bits | Exact generated quantum result: 37.190582247 bits | Already included in fri-commit-phase; informational row, not an independent binding term. | Already included in fri-query-phase; informational row, not an independent binding term. | This generic cap is not a structural analysis or a complete Fiat-Shamir/QROM composition theorem.",research/runs/v03-corpus-29.json,415dd2ff830820442489a73f4b52f0ffa25853758db3bc4e9f79a73e1d2b5282
C00/v03-baseline,v03-corpus-30,run:v03-corpus-30;artifact:research/runs/v03-corpus-30.json;sha256:b4406f7f24d1993f042338104d28f1717b261a29421656eba2629b2144de3e6e,FRI random-words,random-words,research/security-model/v03-q32.json,,107,107,CONJECTURAL,,false,"Exact generated classical result: 107.997888224 bits | Exact generated quantum result: 107.997888224 bits | Already included in fri-commit-phase; informational row, not an independent binding term. | Already included in fri-query-phase; informational row, not an independent binding term. | Random-words does not model the batched-opening proximity term; num_batched_functions is ignored by the pinned conjectural path. Actual num_batched_functions=210; this result is optimistic. | This generic cap is not a structural analysis or a complete Fiat-Shamir/QROM composition theorem.",research/runs/v03-corpus-30.json,b4406f7f24d1993f042338104d28f1717b261a29421656eba2629b2144de3e6e
C00/v03-baseline,v03-corpus-30,run:v03-corpus-30;artifact:research/runs/v03-corpus-30.json;sha256:b4406f7f24d1993f042338104d28f1717b261a29421656eba2629b2144de3e6e,FRI list-decoding regime,ldr,research/security-model/v03-q32.json,,56,56,PROVEN,,true,"Exact generated classical result: 56.201226486 bits | Exact generated quantum result: 56.201226486 bits | Already included in fri-commit-phase; informational row, not an independent binding term. | Already included in fri-query-phase; informational row, not an independent binding term. | Pinned implementation keeps only the BCHKS25 dominant term; documented subdominant terms are omitted as negligible. | Requires mutual correlated agreement up to the Johnson bound, as stated by pinned security/src/assumption.rs:45-50. | This generic cap is not a structural analysis or a complete Fiat-Shamir/QROM composition theorem.",research/runs/v03-corpus-30.json,b4406f7f24d1993f042338104d28f1717b261a29421656eba2629b2144de3e6e
C00/v03-baseline,v03-corpus-30,run:v03-corpus-30;artifact:research/runs/v03-corpus-30.json;sha256:b4406f7f24d1993f042338104d28f1717b261a29421656eba2629b2144de3e6e,FRI unique-decoding regime,udr,research/security-model/v03-q32.json,,45,37,PROVEN,,false,"Exact generated classical result: 45.190582247 bits | Exact generated quantum result: 37.190582247 bits | Already included in fri-commit-phase; informational row, not an independent binding term. | Already included in fri-query-phase; informational row, not an independent binding term. | This generic cap is not a structural analysis or a complete Fiat-Shamir/QROM composition theorem.",research/runs/v03-corpus-30.json,b4406f7f24d1993f042338104d28f1717b261a29421656eba2629b2144de3e6e
C00/v03-baseline,v03-fixed-01,run:v03-fixed-01;artifact:research/runs/v03-fixed-01.json;sha256:1ea312cd9ef70e08e85b9503bfbe58a1435a49c86da043f05bf4d27b6e824c20,FRI random-words,random-words,research/security-model/v03-q32.json,,107,107,CONJECTURAL,,false,"Exact generated classical result: 107.997888224 bits | Exact generated quantum result: 107.997888224 bits | Already included in fri-commit-phase; informational row, not an independent binding term. | Already included in fri-query-phase; informational row, not an independent binding term. | Random-words does not model the batched-opening proximity term; num_batched_functions is ignored by the pinned conjectural path. Actual num_batched_functions=210; this result is optimistic. | This generic cap is not a structural analysis or a complete Fiat-Shamir/QROM composition theorem.",research/runs/v03-fixed-01.json,1ea312cd9ef70e08e85b9503bfbe58a1435a49c86da043f05bf4d27b6e824c20
C00/v03-baseline,v03-fixed-01,run:v03-fixed-01;artifact:research/runs/v03-fixed-01.json;sha256:1ea312cd9ef70e08e85b9503bfbe58a1435a49c86da043f05bf4d27b6e824c20,FRI list-decoding regime,ldr,research/security-model/v03-q32.json,,56,56,PROVEN,,true,"Exact generated classical result: 56.201226486 bits | Exact generated quantum result: 56.201226486 bits | Already included in fri-commit-phase; informational row, not an independent binding term. | Already included in fri-query-phase; informational row, not an independent binding term. | Pinned implementation keeps only the BCHKS25 dominant term; documented subdominant terms are omitted as negligible. | Requires mutual correlated agreement up to the Johnson bound, as stated by pinned security/src/assumption.rs:45-50. | This generic cap is not a structural analysis or a complete Fiat-Shamir/QROM composition theorem.",research/runs/v03-fixed-01.json,1ea312cd9ef70e08e85b9503bfbe58a1435a49c86da043f05bf4d27b6e824c20
C00/v03-baseline,v03-fixed-01,run:v03-fixed-01;artifact:research/runs/v03-fixed-01.json;sha256:1ea312cd9ef70e08e85b9503bfbe58a1435a49c86da043f05bf4d27b6e824c20,FRI unique-decoding regime,udr,research/security-model/v03-q32.json,,45,37,PROVEN,,false,"Exact generated classical result: 45.190582247 bits | Exact generated quantum result: 37.190582247 bits | Already included in fri-commit-phase; informational row, not an independent binding term. | Already included in fri-query-phase; informational row, not an independent binding term. | This generic cap is not a structural analysis or a complete Fiat-Shamir/QROM composition theorem.",research/runs/v03-fixed-01.json,1ea312cd9ef70e08e85b9503bfbe58a1435a49c86da043f05bf4d27b6e824c20
C00/v03-baseline,v03-fixed-02,run:v03-fixed-02;artifact:research/runs/v03-fixed-02.json;sha256:9dbfc7e7421dd829c0174915a55b43185e00e03ee957900648937d3ab9c83d7b,FRI random-words,random-words,research/security-model/v03-q32.json,,107,107,CONJECTURAL,,false,"Exact generated classical result: 107.997888224 bits | Exact generated quantum result: 107.997888224 bits | Already included in fri-commit-phase; informational row, not an independent binding term. | Already included in fri-query-phase; informational row, not an independent binding term. | Random-words does not model the batched-opening proximity term; num_batched_functions is ignored by the pinned conjectural path. Actual num_batched_functions=210; this result is optimistic. | This generic cap is not a structural analysis or a complete Fiat-Shamir/QROM composition theorem.",research/runs/v03-fixed-02.json,9dbfc7e7421dd829c0174915a55b43185e00e03ee957900648937d3ab9c83d7b
C00/v03-baseline,v03-fixed-02,run:v03-fixed-02;artifact:research/runs/v03-fixed-02.json;sha256:9dbfc7e7421dd829c0174915a55b43185e00e03ee957900648937d3ab9c83d7b,FRI list-decoding regime,ldr,research/security-model/v03-q32.json,,56,56,PROVEN,,true,"Exact generated classical result: 56.201226486 bits | Exact generated quantum result: 56.201226486 bits | Already included in fri-commit-phase; informational row, not an independent binding term. | Already included in fri-query-phase; informational row, not an independent binding term. | Pinned implementation keeps only the BCHKS25 dominant term; documented subdominant terms are omitted as negligible. | Requires mutual correlated agreement up to the Johnson bound, as stated by pinned security/src/assumption.rs:45-50. | This generic cap is not a structural analysis or a complete Fiat-Shamir/QROM composition theorem.",research/runs/v03-fixed-02.json,9dbfc7e7421dd829c0174915a55b43185e00e03ee957900648937d3ab9c83d7b
C00/v03-baseline,v03-fixed-02,run:v03-fixed-02;artifact:research/runs/v03-fixed-02.json;sha256:9dbfc7e7421dd829c0174915a55b43185e00e03ee957900648937d3ab9c83d7b,FRI unique-decoding regime,udr,research/security-model/v03-q32.json,,45,37,PROVEN,,false,"Exact generated classical result: 45.190582247 bits | Exact generated quantum result: 37.190582247 bits | Already included in fri-commit-phase; informational row, not an independent binding term. | Already included in fri-query-phase; informational row, not an independent binding term. | This generic cap is not a structural analysis or a complete Fiat-Shamir/QROM composition theorem.",research/runs/v03-fixed-02.json,9dbfc7e7421dd829c0174915a55b43185e00e03ee957900648937d3ab9c83d7b
C00/v03-baseline,v03-fixed-03,run:v03-fixed-03;artifact:research/runs/v03-fixed-03.json;sha256:0876bcbcc3fcc076c43a4134ea50c2e105a730564c789311eb9eaa8821036bbb,FRI random-words,random-words,research/security-model/v03-q32.json,,107,107,CONJECTURAL,,false,"Exact generated classical result: 107.997888224 bits | Exact generated quantum result: 107.997888224 bits | Already included in fri-commit-phase; informational row, not an independent binding term. | Already included in fri-query-phase; informational row, not an independent binding term. | Random-words does not model the batched-opening proximity term; num_batched_functions is ignored by the pinned conjectural path. Actual num_batched_functions=210; this result is optimistic. | This generic cap is not a structural analysis or a complete Fiat-Shamir/QROM composition theorem.",research/runs/v03-fixed-03.json,0876bcbcc3fcc076c43a4134ea50c2e105a730564c789311eb9eaa8821036bbb
C00/v03-baseline,v03-fixed-03,run:v03-fixed-03;artifact:research/runs/v03-fixed-03.json;sha256:0876bcbcc3fcc076c43a4134ea50c2e105a730564c789311eb9eaa8821036bbb,FRI list-decoding regime,ldr,research/security-model/v03-q32.json,,56,56,PROVEN,,true,"Exact generated classical result: 56.201226486 bits | Exact generated quantum result: 56.201226486 bits | Already included in fri-commit-phase; informational row, not an independent binding term. | Already included in fri-query-phase; informational row, not an independent binding term. | Pinned implementation keeps only the BCHKS25 dominant term; documented subdominant terms are omitted as negligible. | Requires mutual correlated agreement up to the Johnson bound, as stated by pinned security/src/assumption.rs:45-50. | This generic cap is not a structural analysis or a complete Fiat-Shamir/QROM composition theorem.",research/runs/v03-fixed-03.json,0876bcbcc3fcc076c43a4134ea50c2e105a730564c789311eb9eaa8821036bbb
C00/v03-baseline,v03-fixed-03,run:v03-fixed-03;artifact:research/runs/v03-fixed-03.json;sha256:0876bcbcc3fcc076c43a4134ea50c2e105a730564c789311eb9eaa8821036bbb,FRI unique-decoding regime,udr,research/security-model/v03-q32.json,,45,37,PROVEN,,false,"Exact generated classical result: 45.190582247 bits | Exact generated quantum result: 37.190582247 bits | Already included in fri-commit-phase; informational row, not an independent binding term. | Already included in fri-query-phase; informational row, not an independent binding term. | This generic cap is not a structural analysis or a complete Fiat-Shamir/QROM composition theorem.",research/runs/v03-fixed-03.json,0876bcbcc3fcc076c43a4134ea50c2e105a730564c789311eb9eaa8821036bbb
C00/v03-baseline,v03-fixed-04,run:v03-fixed-04;artifact:research/runs/v03-fixed-04.json;sha256:87535a14d7c663fa40cc6911dc324e8ca6cc7bd09592edf9f0dbc82bdfecb34f,FRI random-words,random-words,research/security-model/v03-q32.json,,107,107,CONJECTURAL,,false,"Exact generated classical result: 107.997888224 bits | Exact generated quantum result: 107.997888224 bits | Already included in fri-commit-phase; informational row, not an independent binding term. | Already included in fri-query-phase; informational row, not an independent binding term. | Random-words does not model the batched-opening proximity term; num_batched_functions is ignored by the pinned conjectural path. Actual num_batched_functions=210; this result is optimistic. | This generic cap is not a structural analysis or a complete Fiat-Shamir/QROM composition theorem.",research/runs/v03-fixed-04.json,87535a14d7c663fa40cc6911dc324e8ca6cc7bd09592edf9f0dbc82bdfecb34f
C00/v03-baseline,v03-fixed-04,run:v03-fixed-04;artifact:research/runs/v03-fixed-04.json;sha256:87535a14d7c663fa40cc6911dc324e8ca6cc7bd09592edf9f0dbc82bdfecb34f,FRI list-decoding regime,ldr,research/security-model/v03-q32.json,,56,56,PROVEN,,true,"Exact generated classical result: 56.201226486 bits | Exact generated quantum result: 56.201226486 bits | Already included in fri-commit-phase; informational row, not an independent binding term. | Already included in fri-query-phase; informational row, not an independent binding term. | Pinned implementation keeps only the BCHKS25 dominant term; documented subdominant terms are omitted as negligible. | Requires mutual correlated agreement up to the Johnson bound, as stated by pinned security/src/assumption.rs:45-50. | This generic cap is not a structural analysis or a complete Fiat-Shamir/QROM composition theorem.",research/runs/v03-fixed-04.json,87535a14d7c663fa40cc6911dc324e8ca6cc7bd09592edf9f0dbc82bdfecb34f
C00/v03-baseline,v03-fixed-04,run:v03-fixed-04;artifact:research/runs/v03-fixed-04.json;sha256:87535a14d7c663fa40cc6911dc324e8ca6cc7bd09592edf9f0dbc82bdfecb34f,FRI unique-decoding regime,udr,research/security-model/v03-q32.json,,45,37,PROVEN,,false,"Exact generated classical result: 45.190582247 bits | Exact generated quantum result: 37.190582247 bits | Already included in fri-commit-phase; informational row, not an independent binding term. | Already included in fri-query-phase; informational row, not an independent binding term. | This generic cap is not a structural analysis or a complete Fiat-Shamir/QROM composition theorem.",research/runs/v03-fixed-04.json,87535a14d7c663fa40cc6911dc324e8ca6cc7bd09592edf9f0dbc82bdfecb34f
C00/v03-baseline,v03-fixed-05,run:v03-fixed-05;artifact:research/runs/v03-fixed-05.json;sha256:ab4596678915917c38357832e24dd5cc6d0642584768e0774b28eb7a1673736e,FRI random-words,random-words,research/security-model/v03-q32.json,,107,107,CONJECTURAL,,false,"Exact generated classical result: 107.997888224 bits | Exact generated quantum result: 107.997888224 bits | Already included in fri-commit-phase; informational row, not an independent binding term. | Already included in fri-query-phase; informational row, not an independent binding term. | Random-words does not model the batched-opening proximity term; num_batched_functions is ignored by the pinned conjectural path. Actual num_batched_functions=210; this result is optimistic. | This generic cap is not a structural analysis or a complete Fiat-Shamir/QROM composition theorem.",research/runs/v03-fixed-05.json,ab4596678915917c38357832e24dd5cc6d0642584768e0774b28eb7a1673736e
C00/v03-baseline,v03-fixed-05,run:v03-fixed-05;artifact:research/runs/v03-fixed-05.json;sha256:ab4596678915917c38357832e24dd5cc6d0642584768e0774b28eb7a1673736e,FRI list-decoding regime,ldr,research/security-model/v03-q32.json,,56,56,PROVEN,,true,"Exact generated classical result: 56.201226486 bits | Exact generated quantum result: 56.201226486 bits | Already included in fri-commit-phase; informational row, not an independent binding term. | Already included in fri-query-phase; informational row, not an independent binding term. | Pinned implementation keeps only the BCHKS25 dominant term; documented subdominant terms are omitted as negligible. | Requires mutual correlated agreement up to the Johnson bound, as stated by pinned security/src/assumption.rs:45-50. | This generic cap is not a structural analysis or a complete Fiat-Shamir/QROM composition theorem.",research/runs/v03-fixed-05.json,ab4596678915917c38357832e24dd5cc6d0642584768e0774b28eb7a1673736e
C00/v03-baseline,v03-fixed-05,run:v03-fixed-05;artifact:research/runs/v03-fixed-05.json;sha256:ab4596678915917c38357832e24dd5cc6d0642584768e0774b28eb7a1673736e,FRI unique-decoding regime,udr,research/security-model/v03-q32.json,,45,37,PROVEN,,false,"Exact generated classical result: 45.190582247 bits | Exact generated quantum result: 37.190582247 bits | Already included in fri-commit-phase; informational row, not an independent binding term. | Already included in fri-query-phase; informational row, not an independent binding term. | This generic cap is not a structural analysis or a complete Fiat-Shamir/QROM composition theorem.",research/runs/v03-fixed-05.json,ab4596678915917c38357832e24dd5cc6d0642584768e0774b28eb7a1673736e
C00/v03-baseline,v03-fixed-06,run:v03-fixed-06;artifact:research/runs/v03-fixed-06.json;sha256:26341b8a4853a0599cbd708433700aa96775c6af1cc5a3b8ac63ab88d29270c3,FRI random-words,random-words,research/security-model/v03-q32.json,,107,107,CONJECTURAL,,false,"Exact generated classical result: 107.997888224 bits | Exact generated quantum result: 107.997888224 bits | Already included in fri-commit-phase; informational row, not an independent binding term. | Already included in fri-query-phase; informational row, not an independent binding term. | Random-words does not model the batched-opening proximity term; num_batched_functions is ignored by the pinned conjectural path. Actual num_batched_functions=210; this result is optimistic. | This generic cap is not a structural analysis or a complete Fiat-Shamir/QROM composition theorem.",research/runs/v03-fixed-06.json,26341b8a4853a0599cbd708433700aa96775c6af1cc5a3b8ac63ab88d29270c3
C00/v03-baseline,v03-fixed-06,run:v03-fixed-06;artifact:research/runs/v03-fixed-06.json;sha256:26341b8a4853a0599cbd708433700aa96775c6af1cc5a3b8ac63ab88d29270c3,FRI list-decoding regime,ldr,research/security-model/v03-q32.json,,56,56,PROVEN,,true,"Exact generated classical result: 56.201226486 bits | Exact generated quantum result: 56.201226486 bits | Already included in fri-commit-phase; informational row, not an independent binding term. | Already included in fri-query-phase; informational row, not an independent binding term. | Pinned implementation keeps only the BCHKS25 dominant term; documented subdominant terms are omitted as negligible. | Requires mutual correlated agreement up to the Johnson bound, as stated by pinned security/src/assumption.rs:45-50. | This generic cap is not a structural analysis or a complete Fiat-Shamir/QROM composition theorem.",research/runs/v03-fixed-06.json,26341b8a4853a0599cbd708433700aa96775c6af1cc5a3b8ac63ab88d29270c3
C00/v03-baseline,v03-fixed-06,run:v03-fixed-06;artifact:research/runs/v03-fixed-06.json;sha256:26341b8a4853a0599cbd708433700aa96775c6af1cc5a3b8ac63ab88d29270c3,FRI unique-decoding regime,udr,research/security-model/v03-q32.json,,45,37,PROVEN,,false,"Exact generated classical result: 45.190582247 bits | Exact generated quantum result: 37.190582247 bits | Already included in fri-commit-phase; informational row, not an independent binding term. | Already included in fri-query-phase; informational row, not an independent binding term. | This generic cap is not a structural analysis or a complete Fiat-Shamir/QROM composition theorem.",research/runs/v03-fixed-06.json,26341b8a4853a0599cbd708433700aa96775c6af1cc5a3b8ac63ab88d29270c3
C00/v03-baseline,v03-fixed-07,run:v03-fixed-07;artifact:research/runs/v03-fixed-07.json;sha256:7c47efc86e42bbb953a1b714d6f9dded22cebd67512940fc179826494eabaf77,FRI random-words,random-words,research/security-model/v03-q32.json,,107,107,CONJECTURAL,,false,"Exact generated classical result: 107.997888224 bits | Exact generated quantum result: 107.997888224 bits | Already included in fri-commit-phase; informational row, not an independent binding term. | Already included in fri-query-phase; informational row, not an independent binding term. | Random-words does not model the batched-opening proximity term; num_batched_functions is ignored by the pinned conjectural path. Actual num_batched_functions=210; this result is optimistic. | This generic cap is not a structural analysis or a complete Fiat-Shamir/QROM composition theorem.",research/runs/v03-fixed-07.json,7c47efc86e42bbb953a1b714d6f9dded22cebd67512940fc179826494eabaf77
C00/v03-baseline,v03-fixed-07,run:v03-fixed-07;artifact:research/runs/v03-fixed-07.json;sha256:7c47efc86e42bbb953a1b714d6f9dded22cebd67512940fc179826494eabaf77,FRI list-decoding regime,ldr,research/security-model/v03-q32.json,,56,56,PROVEN,,true,"Exact generated classical result: 56.201226486 bits | Exact generated quantum result: 56.201226486 bits | Already included in fri-commit-phase; informational row, not an independent binding term. | Already included in fri-query-phase; informational row, not an independent binding term. | Pinned implementation keeps only the BCHKS25 dominant term; documented subdominant terms are omitted as negligible. | Requires mutual correlated agreement up to the Johnson bound, as stated by pinned security/src/assumption.rs:45-50. | This generic cap is not a structural analysis or a complete Fiat-Shamir/QROM composition theorem.",research/runs/v03-fixed-07.json,7c47efc86e42bbb953a1b714d6f9dded22cebd67512940fc179826494eabaf77
C00/v03-baseline,v03-fixed-07,run:v03-fixed-07;artifact:research/runs/v03-fixed-07.json;sha256:7c47efc86e42bbb953a1b714d6f9dded22cebd67512940fc179826494eabaf77,FRI unique-decoding regime,udr,research/security-model/v03-q32.json,,45,37,PROVEN,,false,"Exact generated classical result: 45.190582247 bits | Exact generated quantum result: 37.190582247 bits | Already included in fri-commit-phase; informational row, not an independent binding term. | Already included in fri-query-phase; informational row, not an independent binding term. | This generic cap is not a structural analysis or a complete Fiat-Shamir/QROM composition theorem.",research/runs/v03-fixed-07.json,7c47efc86e42bbb953a1b714d6f9dded22cebd67512940fc179826494eabaf77
C00/v03-baseline,v03-fixed-08,run:v03-fixed-08;artifact:research/runs/v03-fixed-08.json;sha256:6b74ea09299663fb8e43c2a605983c269747aa7a86a5ddee54cc8f4e6f43d5a2,FRI random-words,random-words,research/security-model/v03-q32.json,,107,107,CONJECTURAL,,false,"Exact generated classical result: 107.997888224 bits | Exact generated quantum result: 107.997888224 bits | Already included in fri-commit-phase; informational row, not an independent binding term. | Already included in fri-query-phase; informational row, not an independent binding term. | Random-words does not model the batched-opening proximity term; num_batched_functions is ignored by the pinned conjectural path. Actual num_batched_functions=210; this result is optimistic. | This generic cap is not a structural analysis or a complete Fiat-Shamir/QROM composition theorem.",research/runs/v03-fixed-08.json,6b74ea09299663fb8e43c2a605983c269747aa7a86a5ddee54cc8f4e6f43d5a2
C00/v03-baseline,v03-fixed-08,run:v03-fixed-08;artifact:research/runs/v03-fixed-08.json;sha256:6b74ea09299663fb8e43c2a605983c269747aa7a86a5ddee54cc8f4e6f43d5a2,FRI list-decoding regime,ldr,research/security-model/v03-q32.json,,56,56,PROVEN,,true,"Exact generated classical result: 56.201226486 bits | Exact generated quantum result: 56.201226486 bits | Already included in fri-commit-phase; informational row, not an independent binding term. | Already included in fri-query-phase; informational row, not an independent binding term. | Pinned implementation keeps only the BCHKS25 dominant term; documented subdominant terms are omitted as negligible. | Requires mutual correlated agreement up to the Johnson bound, as stated by pinned security/src/assumption.rs:45-50. | This generic cap is not a structural analysis or a complete Fiat-Shamir/QROM composition theorem.",research/runs/v03-fixed-08.json,6b74ea09299663fb8e43c2a605983c269747aa7a86a5ddee54cc8f4e6f43d5a2
C00/v03-baseline,v03-fixed-08,run:v03-fixed-08;artifact:research/runs/v03-fixed-08.json;sha256:6b74ea09299663fb8e43c2a605983c269747aa7a86a5ddee54cc8f4e6f43d5a2,FRI unique-decoding regime,udr,research/security-model/v03-q32.json,,45,37,PROVEN,,false,"Exact generated classical result: 45.190582247 bits | Exact generated quantum result: 37.190582247 bits | Already included in fri-commit-phase; informational row, not an independent binding term. | Already included in fri-query-phase; informational row, not an independent binding term. | This generic cap is not a structural analysis or a complete Fiat-Shamir/QROM composition theorem.",research/runs/v03-fixed-08.json,6b74ea09299663fb8e43c2a605983c269747aa7a86a5ddee54cc8f4e6f43d5a2
C00/v03-baseline,v03-fixed-09,run:v03-fixed-09;artifact:research/runs/v03-fixed-09.json;sha256:dec24f89ee71bab2adcec76a9ec03ea6dce3f94bbf3e58aca0a96b09f1160b96,FRI random-words,random-words,research/security-model/v03-q32.json,,107,107,CONJECTURAL,,false,"Exact generated classical result: 107.997888224 bits | Exact generated quantum result: 107.997888224 bits | Already included in fri-commit-phase; informational row, not an independent binding term. | Already included in fri-query-phase; informational row, not an independent binding term. | Random-words does not model the batched-opening proximity term; num_batched_functions is ignored by the pinned conjectural path. Actual num_batched_functions=210; this result is optimistic. | This generic cap is not a structural analysis or a complete Fiat-Shamir/QROM composition theorem.",research/runs/v03-fixed-09.json,dec24f89ee71bab2adcec76a9ec03ea6dce3f94bbf3e58aca0a96b09f1160b96
C00/v03-baseline,v03-fixed-09,run:v03-fixed-09;artifact:research/runs/v03-fixed-09.json;sha256:dec24f89ee71bab2adcec76a9ec03ea6dce3f94bbf3e58aca0a96b09f1160b96,FRI list-decoding regime,ldr,research/security-model/v03-q32.json,,56,56,PROVEN,,true,"Exact generated classical result: 56.201226486 bits | Exact generated quantum result: 56.201226486 bits | Already included in fri-commit-phase; informational row, not an independent binding term. | Already included in fri-query-phase; informational row, not an independent binding term. | Pinned implementation keeps only the BCHKS25 dominant term; documented subdominant terms are omitted as negligible. | Requires mutual correlated agreement up to the Johnson bound, as stated by pinned security/src/assumption.rs:45-50. | This generic cap is not a structural analysis or a complete Fiat-Shamir/QROM composition theorem.",research/runs/v03-fixed-09.json,dec24f89ee71bab2adcec76a9ec03ea6dce3f94bbf3e58aca0a96b09f1160b96
C00/v03-baseline,v03-fixed-09,run:v03-fixed-09;artifact:research/runs/v03-fixed-09.json;sha256:dec24f89ee71bab2adcec76a9ec03ea6dce3f94bbf3e58aca0a96b09f1160b96,FRI unique-decoding regime,udr,research/security-model/v03-q32.json,,45,37,PROVEN,,false,"Exact generated classical result: 45.190582247 bits | Exact generated quantum result: 37.190582247 bits | Already included in fri-commit-phase; informational row, not an independent binding term. | Already included in fri-query-phase; informational row, not an independent binding term. | This generic cap is not a structural analysis or a complete Fiat-Shamir/QROM composition theorem.",research/runs/v03-fixed-09.json,dec24f89ee71bab2adcec76a9ec03ea6dce3f94bbf3e58aca0a96b09f1160b96
C00/v03-baseline,v03-fixed-10,run:v03-fixed-10;artifact:research/runs/v03-fixed-10.json;sha256:15353daf0a4563485cd2200fec41ca968510e8d2777c1e0a1e45eb03a1326e72,FRI random-words,random-words,research/security-model/v03-q32.json,,107,107,CONJECTURAL,,false,"Exact generated classical result: 107.997888224 bits | Exact generated quantum result: 107.997888224 bits | Already included in fri-commit-phase; informational row, not an independent binding term. | Already included in fri-query-phase; informational row, not an independent binding term. | Random-words does not model the batched-opening proximity term; num_batched_functions is ignored by the pinned conjectural path. Actual num_batched_functions=210; this result is optimistic. | This generic cap is not a structural analysis or a complete Fiat-Shamir/QROM composition theorem.",research/runs/v03-fixed-10.json,15353daf0a4563485cd2200fec41ca968510e8d2777c1e0a1e45eb03a1326e72
C00/v03-baseline,v03-fixed-10,run:v03-fixed-10;artifact:research/runs/v03-fixed-10.json;sha256:15353daf0a4563485cd2200fec41ca968510e8d2777c1e0a1e45eb03a1326e72,FRI list-decoding regime,ldr,research/security-model/v03-q32.json,,56,56,PROVEN,,true,"Exact generated classical result: 56.201226486 bits | Exact generated quantum result: 56.201226486 bits | Already included in fri-commit-phase; informational row, not an independent binding term. | Already included in fri-query-phase; informational row, not an independent binding term. | Pinned implementation keeps only the BCHKS25 dominant term; documented subdominant terms are omitted as negligible. | Requires mutual correlated agreement up to the Johnson bound, as stated by pinned security/src/assumption.rs:45-50. | This generic cap is not a structural analysis or a complete Fiat-Shamir/QROM composition theorem.",research/runs/v03-fixed-10.json,15353daf0a4563485cd2200fec41ca968510e8d2777c1e0a1e45eb03a1326e72
C00/v03-baseline,v03-fixed-10,run:v03-fixed-10;artifact:research/runs/v03-fixed-10.json;sha256:15353daf0a4563485cd2200fec41ca968510e8d2777c1e0a1e45eb03a1326e72,FRI unique-decoding regime,udr,research/security-model/v03-q32.json,,45,37,PROVEN,,false,"Exact generated classical result: 45.190582247 bits | Exact generated quantum result: 37.190582247 bits | Already included in fri-commit-phase; informational row, not an independent binding term. | Already included in fri-query-phase; informational row, not an independent binding term. | This generic cap is not a structural analysis or a complete Fiat-Shamir/QROM composition theorem.",research/runs/v03-fixed-10.json,15353daf0a4563485cd2200fec41ca968510e8d2777c1e0a1e45eb03a1326e72
C00/v03-baseline,v03-fixed-11,run:v03-fixed-11;artifact:research/runs/v03-fixed-11.json;sha256:c8a34facaa20d77687ee2ab2e748cf6664c206dd97c40e46b4a3d23129b14ec1,FRI random-words,random-words,research/security-model/v03-q32.json,,107,107,CONJECTURAL,,false,"Exact generated classical result: 107.997888224 bits | Exact generated quantum result: 107.997888224 bits | Already included in fri-commit-phase; informational row, not an independent binding term. | Already included in fri-query-phase; informational row, not an independent binding term. | Random-words does not model the batched-opening proximity term; num_batched_functions is ignored by the pinned conjectural path. Actual num_batched_functions=210; this result is optimistic. | This generic cap is not a structural analysis or a complete Fiat-Shamir/QROM composition theorem.",research/runs/v03-fixed-11.json,c8a34facaa20d77687ee2ab2e748cf6664c206dd97c40e46b4a3d23129b14ec1
C00/v03-baseline,v03-fixed-11,run:v03-fixed-11;artifact:research/runs/v03-fixed-11.json;sha256:c8a34facaa20d77687ee2ab2e748cf6664c206dd97c40e46b4a3d23129b14ec1,FRI list-decoding regime,ldr,research/security-model/v03-q32.json,,56,56,PROVEN,,true,"Exact generated classical result: 56.201226486 bits | Exact generated quantum result: 56.201226486 bits | Already included in fri-commit-phase; informational row, not an independent binding term. | Already included in fri-query-phase; informational row, not an independent binding term. | Pinned implementation keeps only the BCHKS25 dominant term; documented subdominant terms are omitted as negligible. | Requires mutual correlated agreement up to the Johnson bound, as stated by pinned security/src/assumption.rs:45-50. | This generic cap is not a structural analysis or a complete Fiat-Shamir/QROM composition theorem.",research/runs/v03-fixed-11.json,c8a34facaa20d77687ee2ab2e748cf6664c206dd97c40e46b4a3d23129b14ec1
C00/v03-baseline,v03-fixed-11,run:v03-fixed-11;artifact:research/runs/v03-fixed-11.json;sha256:c8a34facaa20d77687ee2ab2e748cf6664c206dd97c40e46b4a3d23129b14ec1,FRI unique-decoding regime,udr,research/security-model/v03-q32.json,,45,37,PROVEN,,false,"Exact generated classical result: 45.190582247 bits | Exact generated quantum result: 37.190582247 bits | Already included in fri-commit-phase; informational row, not an independent binding term. | Already included in fri-query-phase; informational row, not an independent binding term. | This generic cap is not a structural analysis or a complete Fiat-Shamir/QROM composition theorem.",research/runs/v03-fixed-11.json,c8a34facaa20d77687ee2ab2e748cf6664c206dd97c40e46b4a3d23129b14ec1
C00/v03-baseline,v03-fixed-12,run:v03-fixed-12;artifact:research/runs/v03-fixed-12.json;sha256:ffde0d1e5d8be68ae3c2af50bf9dd81c146bc3d4bc2fa16a0d78dfdb3d21086c,FRI random-words,random-words,research/security-model/v03-q32.json,,107,107,CONJECTURAL,,false,"Exact generated classical result: 107.997888224 bits | Exact generated quantum result: 107.997888224 bits | Already included in fri-commit-phase; informational row, not an independent binding term. | Already included in fri-query-phase; informational row, not an independent binding term. | Random-words does not model the batched-opening proximity term; num_batched_functions is ignored by the pinned conjectural path. Actual num_batched_functions=210; this result is optimistic. | This generic cap is not a structural analysis or a complete Fiat-Shamir/QROM composition theorem.",research/runs/v03-fixed-12.json,ffde0d1e5d8be68ae3c2af50bf9dd81c146bc3d4bc2fa16a0d78dfdb3d21086c
C00/v03-baseline,v03-fixed-12,run:v03-fixed-12;artifact:research/runs/v03-fixed-12.json;sha256:ffde0d1e5d8be68ae3c2af50bf9dd81c146bc3d4bc2fa16a0d78dfdb3d21086c,FRI list-decoding regime,ldr,research/security-model/v03-q32.json,,56,56,PROVEN,,true,"Exact generated classical result: 56.201226486 bits | Exact generated quantum result: 56.201226486 bits | Already included in fri-commit-phase; informational row, not an independent binding term. | Already included in fri-query-phase; informational row, not an independent binding term. | Pinned implementation keeps only the BCHKS25 dominant term; documented subdominant terms are omitted as negligible. | Requires mutual correlated agreement up to the Johnson bound, as stated by pinned security/src/assumption.rs:45-50. | This generic cap is not a structural analysis or a complete Fiat-Shamir/QROM composition theorem.",research/runs/v03-fixed-12.json,ffde0d1e5d8be68ae3c2af50bf9dd81c146bc3d4bc2fa16a0d78dfdb3d21086c
C00/v03-baseline,v03-fixed-12,run:v03-fixed-12;artifact:research/runs/v03-fixed-12.json;sha256:ffde0d1e5d8be68ae3c2af50bf9dd81c146bc3d4bc2fa16a0d78dfdb3d21086c,FRI unique-decoding regime,udr,research/security-model/v03-q32.json,,45,37,PROVEN,,false,"Exact generated classical result: 45.190582247 bits | Exact generated quantum result: 37.190582247 bits | Already included in fri-commit-phase; informational row, not an independent binding term. | Already included in fri-query-phase; informational row, not an independent binding term. | This generic cap is not a structural analysis or a complete Fiat-Shamir/QROM composition theorem.",research/runs/v03-fixed-12.json,ffde0d1e5d8be68ae3c2af50bf9dd81c146bc3d4bc2fa16a0d78dfdb3d21086c
C00/v03-baseline,v03-fixed-13,run:v03-fixed-13;artifact:research/runs/v03-fixed-13.json;sha256:427ba7db35ec18ba4d27df429f4f20601970158446f74afa30c3b3fc5f1690f6,FRI random-words,random-words,research/security-model/v03-q32.json,,107,107,CONJECTURAL,,false,"Exact generated classical result: 107.997888224 bits | Exact generated quantum result: 107.997888224 bits | Already included in fri-commit-phase; informational row, not an independent binding term. | Already included in fri-query-phase; informational row, not an independent binding term. | Random-words does not model the batched-opening proximity term; num_batched_functions is ignored by the pinned conjectural path. Actual num_batched_functions=210; this result is optimistic. | This generic cap is not a structural analysis or a complete Fiat-Shamir/QROM composition theorem.",research/runs/v03-fixed-13.json,427ba7db35ec18ba4d27df429f4f20601970158446f74afa30c3b3fc5f1690f6
C00/v03-baseline,v03-fixed-13,run:v03-fixed-13;artifact:research/runs/v03-fixed-13.json;sha256:427ba7db35ec18ba4d27df429f4f20601970158446f74afa30c3b3fc5f1690f6,FRI list-decoding regime,ldr,research/security-model/v03-q32.json,,56,56,PROVEN,,true,"Exact generated classical result: 56.201226486 bits | Exact generated quantum result: 56.201226486 bits | Already included in fri-commit-phase; informational row, not an independent binding term. | Already included in fri-query-phase; informational row, not an independent binding term. | Pinned implementation keeps only the BCHKS25 dominant term; documented subdominant terms are omitted as negligible. | Requires mutual correlated agreement up to the Johnson bound, as stated by pinned security/src/assumption.rs:45-50. | This generic cap is not a structural analysis or a complete Fiat-Shamir/QROM composition theorem.",research/runs/v03-fixed-13.json,427ba7db35ec18ba4d27df429f4f20601970158446f74afa30c3b3fc5f1690f6
C00/v03-baseline,v03-fixed-13,run:v03-fixed-13;artifact:research/runs/v03-fixed-13.json;sha256:427ba7db35ec18ba4d27df429f4f20601970158446f74afa30c3b3fc5f1690f6,FRI unique-decoding regime,udr,research/security-model/v03-q32.json,,45,37,PROVEN,,false,"Exact generated classical result: 45.190582247 bits | Exact generated quantum result: 37.190582247 bits | Already included in fri-commit-phase; informational row, not an independent binding term. | Already included in fri-query-phase; informational row, not an independent binding term. | This generic cap is not a structural analysis or a complete Fiat-Shamir/QROM composition theorem.",research/runs/v03-fixed-13.json,427ba7db35ec18ba4d27df429f4f20601970158446f74afa30c3b3fc5f1690f6
C00/v03-baseline,v03-fixed-14,run:v03-fixed-14;artifact:research/runs/v03-fixed-14.json;sha256:3c17054a32a2f30af359d5068f7a32a233d62b59cb4de79e276d1586bb5ccfac,FRI random-words,random-words,research/security-model/v03-q32.json,,107,107,CONJECTURAL,,false,"Exact generated classical result: 107.997888224 bits | Exact generated quantum result: 107.997888224 bits | Already included in fri-commit-phase; informational row, not an independent binding term. | Already included in fri-query-phase; informational row, not an independent binding term. | Random-words does not model the batched-opening proximity term; num_batched_functions is ignored by the pinned conjectural path. Actual num_batched_functions=210; this result is optimistic. | This generic cap is not a structural analysis or a complete Fiat-Shamir/QROM composition theorem.",research/runs/v03-fixed-14.json,3c17054a32a2f30af359d5068f7a32a233d62b59cb4de79e276d1586bb5ccfac
C00/v03-baseline,v03-fixed-14,run:v03-fixed-14;artifact:research/runs/v03-fixed-14.json;sha256:3c17054a32a2f30af359d5068f7a32a233d62b59cb4de79e276d1586bb5ccfac,FRI list-decoding regime,ldr,research/security-model/v03-q32.json,,56,56,PROVEN,,true,"Exact generated classical result: 56.201226486 bits | Exact generated quantum result: 56.201226486 bits | Already included in fri-commit-phase; informational row, not an independent binding term. | Already included in fri-query-phase; informational row, not an independent binding term. | Pinned implementation keeps only the BCHKS25 dominant term; documented subdominant terms are omitted as negligible. | Requires mutual correlated agreement up to the Johnson bound, as stated by pinned security/src/assumption.rs:45-50. | This generic cap is not a structural analysis or a complete Fiat-Shamir/QROM composition theorem.",research/runs/v03-fixed-14.json,3c17054a32a2f30af359d5068f7a32a233d62b59cb4de79e276d1586bb5ccfac
C00/v03-baseline,v03-fixed-14,run:v03-fixed-14;artifact:research/runs/v03-fixed-14.json;sha256:3c17054a32a2f30af359d5068f7a32a233d62b59cb4de79e276d1586bb5ccfac,FRI unique-decoding regime,udr,research/security-model/v03-q32.json,,45,37,PROVEN,,false,"Exact generated classical result: 45.190582247 bits | Exact generated quantum result: 37.190582247 bits | Already included in fri-commit-phase; informational row, not an independent binding term. | Already included in fri-query-phase; informational row, not an independent binding term. | This generic cap is not a structural analysis or a complete Fiat-Shamir/QROM composition theorem.",research/runs/v03-fixed-14.json,3c17054a32a2f30af359d5068f7a32a233d62b59cb4de79e276d1586bb5ccfac
C00/v03-baseline,v03-fixed-15,run:v03-fixed-15;artifact:research/runs/v03-fixed-15.json;sha256:a6c582e990d45c179104ce5f06a303f4fcdba7db244d72abb3975b957977a399,FRI random-words,random-words,research/security-model/v03-q32.json,,107,107,CONJECTURAL,,false,"Exact generated classical result: 107.997888224 bits | Exact generated quantum result: 107.997888224 bits | Already included in fri-commit-phase; informational row, not an independent binding term. | Already included in fri-query-phase; informational row, not an independent binding term. | Random-words does not model the batched-opening proximity term; num_batched_functions is ignored by the pinned conjectural path. Actual num_batched_functions=210; this result is optimistic. | This generic cap is not a structural analysis or a complete Fiat-Shamir/QROM composition theorem.",research/runs/v03-fixed-15.json,a6c582e990d45c179104ce5f06a303f4fcdba7db244d72abb3975b957977a399
C00/v03-baseline,v03-fixed-15,run:v03-fixed-15;artifact:research/runs/v03-fixed-15.json;sha256:a6c582e990d45c179104ce5f06a303f4fcdba7db244d72abb3975b957977a399,FRI list-decoding regime,ldr,research/security-model/v03-q32.json,,56,56,PROVEN,,true,"Exact generated classical result: 56.201226486 bits | Exact generated quantum result: 56.201226486 bits | Already included in fri-commit-phase; informational row, not an independent binding term. | Already included in fri-query-phase; informational row, not an independent binding term. | Pinned implementation keeps only the BCHKS25 dominant term; documented subdominant terms are omitted as negligible. | Requires mutual correlated agreement up to the Johnson bound, as stated by pinned security/src/assumption.rs:45-50. | This generic cap is not a structural analysis or a complete Fiat-Shamir/QROM composition theorem.",research/runs/v03-fixed-15.json,a6c582e990d45c179104ce5f06a303f4fcdba7db244d72abb3975b957977a399
C00/v03-baseline,v03-fixed-15,run:v03-fixed-15;artifact:research/runs/v03-fixed-15.json;sha256:a6c582e990d45c179104ce5f06a303f4fcdba7db244d72abb3975b957977a399,FRI unique-decoding regime,udr,research/security-model/v03-q32.json,,45,37,PROVEN,,false,"Exact generated classical result: 45.190582247 bits | Exact generated quantum result: 37.190582247 bits | Already included in fri-commit-phase; informational row, not an independent binding term. | Already included in fri-query-phase; informational row, not an independent binding term. | This generic cap is not a structural analysis or a complete Fiat-Shamir/QROM composition theorem.",research/runs/v03-fixed-15.json,a6c582e990d45c179104ce5f06a303f4fcdba7db244d72abb3975b957977a399
C00/v03-baseline,v03-fixed-16,run:v03-fixed-16;artifact:research/runs/v03-fixed-16.json;sha256:446c8ec9176e4a39c026ce3980898fb8dd6e37911d3c5f650619f43be648cab0,FRI random-words,random-words,research/security-model/v03-q32.json,,107,107,CONJECTURAL,,false,"Exact generated classical result: 107.997888224 bits | Exact generated quantum result: 107.997888224 bits | Already included in fri-commit-phase; informational row, not an independent binding term. | Already included in fri-query-phase; informational row, not an independent binding term. | Random-words does not model the batched-opening proximity term; num_batched_functions is ignored by the pinned conjectural path. Actual num_batched_functions=210; this result is optimistic. | This generic cap is not a structural analysis or a complete Fiat-Shamir/QROM composition theorem.",research/runs/v03-fixed-16.json,446c8ec9176e4a39c026ce3980898fb8dd6e37911d3c5f650619f43be648cab0
C00/v03-baseline,v03-fixed-16,run:v03-fixed-16;artifact:research/runs/v03-fixed-16.json;sha256:446c8ec9176e4a39c026ce3980898fb8dd6e37911d3c5f650619f43be648cab0,FRI list-decoding regime,ldr,research/security-model/v03-q32.json,,56,56,PROVEN,,true,"Exact generated classical result: 56.201226486 bits | Exact generated quantum result: 56.201226486 bits | Already included in fri-commit-phase; informational row, not an independent binding term. | Already included in fri-query-phase; informational row, not an independent binding term. | Pinned implementation keeps only the BCHKS25 dominant term; documented subdominant terms are omitted as negligible. | Requires mutual correlated agreement up to the Johnson bound, as stated by pinned security/src/assumption.rs:45-50. | This generic cap is not a structural analysis or a complete Fiat-Shamir/QROM composition theorem.",research/runs/v03-fixed-16.json,446c8ec9176e4a39c026ce3980898fb8dd6e37911d3c5f650619f43be648cab0
C00/v03-baseline,v03-fixed-16,run:v03-fixed-16;artifact:research/runs/v03-fixed-16.json;sha256:446c8ec9176e4a39c026ce3980898fb8dd6e37911d3c5f650619f43be648cab0,FRI unique-decoding regime,udr,research/security-model/v03-q32.json,,45,37,PROVEN,,false,"Exact generated classical result: 45.190582247 bits | Exact generated quantum result: 37.190582247 bits | Already included in fri-commit-phase; informational row, not an independent binding term. | Already included in fri-query-phase; informational row, not an independent binding term. | This generic cap is not a structural analysis or a complete Fiat-Shamir/QROM composition theorem.",research/runs/v03-fixed-16.json,446c8ec9176e4a39c026ce3980898fb8dd6e37911d3c5f650619f43be648cab0
C00/v03-baseline,v03-fixed-17,run:v03-fixed-17;artifact:research/runs/v03-fixed-17.json;sha256:c8aa8fdedd27cfd5bee51e60a6b770050b354cb920a467a5a8d247dc339c4c12,FRI random-words,random-words,research/security-model/v03-q32.json,,107,107,CONJECTURAL,,false,"Exact generated classical result: 107.997888224 bits | Exact generated quantum result: 107.997888224 bits | Already included in fri-commit-phase; informational row, not an independent binding term. | Already included in fri-query-phase; informational row, not an independent binding term. | Random-words does not model the batched-opening proximity term; num_batched_functions is ignored by the pinned conjectural path. Actual num_batched_functions=210; this result is optimistic. | This generic cap is not a structural analysis or a complete Fiat-Shamir/QROM composition theorem.",research/runs/v03-fixed-17.json,c8aa8fdedd27cfd5bee51e60a6b770050b354cb920a467a5a8d247dc339c4c12
C00/v03-baseline,v03-fixed-17,run:v03-fixed-17;artifact:research/runs/v03-fixed-17.json;sha256:c8aa8fdedd27cfd5bee51e60a6b770050b354cb920a467a5a8d247dc339c4c12,FRI list-decoding regime,ldr,research/security-model/v03-q32.json,,56,56,PROVEN,,true,"Exact generated classical result: 56.201226486 bits | Exact generated quantum result: 56.201226486 bits | Already included in fri-commit-phase; informational row, not an independent binding term. | Already included in fri-query-phase; informational row, not an independent binding term. | Pinned implementation keeps only the BCHKS25 dominant term; documented subdominant terms are omitted as negligible. | Requires mutual correlated agreement up to the Johnson bound, as stated by pinned security/src/assumption.rs:45-50. | This generic cap is not a structural analysis or a complete Fiat-Shamir/QROM composition theorem.",research/runs/v03-fixed-17.json,c8aa8fdedd27cfd5bee51e60a6b770050b354cb920a467a5a8d247dc339c4c12
C00/v03-baseline,v03-fixed-17,run:v03-fixed-17;artifact:research/runs/v03-fixed-17.json;sha256:c8aa8fdedd27cfd5bee51e60a6b770050b354cb920a467a5a8d247dc339c4c12,FRI unique-decoding regime,udr,research/security-model/v03-q32.json,,45,37,PROVEN,,false,"Exact generated classical result: 45.190582247 bits | Exact generated quantum result: 37.190582247 bits | Already included in fri-commit-phase; informational row, not an independent binding term. | Already included in fri-query-phase; informational row, not an independent binding term. | This generic cap is not a structural analysis or a complete Fiat-Shamir/QROM composition theorem.",research/runs/v03-fixed-17.json,c8aa8fdedd27cfd5bee51e60a6b770050b354cb920a467a5a8d247dc339c4c12
C00/v03-baseline,v03-fixed-18,run:v03-fixed-18;artifact:research/runs/v03-fixed-18.json;sha256:81f0619a0715f8ff5d023aeb01b573e9cc0ff88af2a1108fb1d8cfbfcef2678d,FRI random-words,random-words,research/security-model/v03-q32.json,,107,107,CONJECTURAL,,false,"Exact generated classical result: 107.997888224 bits | Exact generated quantum result: 107.997888224 bits | Already included in fri-commit-phase; informational row, not an independent binding term. | Already included in fri-query-phase; informational row, not an independent binding term. | Random-words does not model the batched-opening proximity term; num_batched_functions is ignored by the pinned conjectural path. Actual num_batched_functions=210; this result is optimistic. | This generic cap is not a structural analysis or a complete Fiat-Shamir/QROM composition theorem.",research/runs/v03-fixed-18.json,81f0619a0715f8ff5d023aeb01b573e9cc0ff88af2a1108fb1d8cfbfcef2678d
C00/v03-baseline,v03-fixed-18,run:v03-fixed-18;artifact:research/runs/v03-fixed-18.json;sha256:81f0619a0715f8ff5d023aeb01b573e9cc0ff88af2a1108fb1d8cfbfcef2678d,FRI list-decoding regime,ldr,research/security-model/v03-q32.json,,56,56,PROVEN,,true,"Exact generated classical result: 56.201226486 bits | Exact generated quantum result: 56.201226486 bits | Already included in fri-commit-phase; informational row, not an independent binding term. | Already included in fri-query-phase; informational row, not an independent binding term. | Pinned implementation keeps only the BCHKS25 dominant term; documented subdominant terms are omitted as negligible. | Requires mutual correlated agreement up to the Johnson bound, as stated by pinned security/src/assumption.rs:45-50. | This generic cap is not a structural analysis or a complete Fiat-Shamir/QROM composition theorem.",research/runs/v03-fixed-18.json,81f0619a0715f8ff5d023aeb01b573e9cc0ff88af2a1108fb1d8cfbfcef2678d
C00/v03-baseline,v03-fixed-18,run:v03-fixed-18;artifact:research/runs/v03-fixed-18.json;sha256:81f0619a0715f8ff5d023aeb01b573e9cc0ff88af2a1108fb1d8cfbfcef2678d,FRI unique-decoding regime,udr,research/security-model/v03-q32.json,,45,37,PROVEN,,false,"Exact generated classical result: 45.190582247 bits | Exact generated quantum result: 37.190582247 bits | Already included in fri-commit-phase; informational row, not an independent binding term. | Already included in fri-query-phase; informational row, not an independent binding term. | This generic cap is not a structural analysis or a complete Fiat-Shamir/QROM composition theorem.",research/runs/v03-fixed-18.json,81f0619a0715f8ff5d023aeb01b573e9cc0ff88af2a1108fb1d8cfbfcef2678d
C00/v03-baseline,v03-fixed-19,run:v03-fixed-19;artifact:research/runs/v03-fixed-19.json;sha256:4e499046a5bc835d6cb1e1ea10063b1a44e32a17c9e715c38df28f8c95bb81ea,FRI random-words,random-words,research/security-model/v03-q32.json,,107,107,CONJECTURAL,,false,"Exact generated classical result: 107.997888224 bits | Exact generated quantum result: 107.997888224 bits | Already included in fri-commit-phase; informational row, not an independent binding term. | Already included in fri-query-phase; informational row, not an independent binding term. | Random-words does not model the batched-opening proximity term; num_batched_functions is ignored by the pinned conjectural path. Actual num_batched_functions=210; this result is optimistic. | This generic cap is not a structural analysis or a complete Fiat-Shamir/QROM composition theorem.",research/runs/v03-fixed-19.json,4e499046a5bc835d6cb1e1ea10063b1a44e32a17c9e715c38df28f8c95bb81ea
C00/v03-baseline,v03-fixed-19,run:v03-fixed-19;artifact:research/runs/v03-fixed-19.json;sha256:4e499046a5bc835d6cb1e1ea10063b1a44e32a17c9e715c38df28f8c95bb81ea,FRI list-decoding regime,ldr,research/security-model/v03-q32.json,,56,56,PROVEN,,true,"Exact generated classical result: 56.201226486 bits | Exact generated quantum result: 56.201226486 bits | Already included in fri-commit-phase; informational row, not an independent binding term. | Already included in fri-query-phase; informational row, not an independent binding term. | Pinned implementation keeps only the BCHKS25 dominant term; documented subdominant terms are omitted as negligible. | Requires mutual correlated agreement up to the Johnson bound, as stated by pinned security/src/assumption.rs:45-50. | This generic cap is not a structural analysis or a complete Fiat-Shamir/QROM composition theorem.",research/runs/v03-fixed-19.json,4e499046a5bc835d6cb1e1ea10063b1a44e32a17c9e715c38df28f8c95bb81ea
C00/v03-baseline,v03-fixed-19,run:v03-fixed-19;artifact:research/runs/v03-fixed-19.json;sha256:4e499046a5bc835d6cb1e1ea10063b1a44e32a17c9e715c38df28f8c95bb81ea,FRI unique-decoding regime,udr,research/security-model/v03-q32.json,,45,37,PROVEN,,false,"Exact generated classical result: 45.190582247 bits | Exact generated quantum result: 37.190582247 bits | Already included in fri-commit-phase; informational row, not an independent binding term. | Already included in fri-query-phase; informational row, not an independent binding term. | This generic cap is not a structural analysis or a complete Fiat-Shamir/QROM composition theorem.",research/runs/v03-fixed-19.json,4e499046a5bc835d6cb1e1ea10063b1a44e32a17c9e715c38df28f8c95bb81ea
C00/v03-baseline,v03-fixed-20,run:v03-fixed-20;artifact:research/runs/v03-fixed-20.json;sha256:615681087057045e9919adf727af3f50ba9271be8b19e26571238484f0781962,FRI random-words,random-words,research/security-model/v03-q32.json,,107,107,CONJECTURAL,,false,"Exact generated classical result: 107.997888224 bits | Exact generated quantum result: 107.997888224 bits | Already included in fri-commit-phase; informational row, not an independent binding term. | Already included in fri-query-phase; informational row, not an independent binding term. | Random-words does not model the batched-opening proximity term; num_batched_functions is ignored by the pinned conjectural path. Actual num_batched_functions=210; this result is optimistic. | This generic cap is not a structural analysis or a complete Fiat-Shamir/QROM composition theorem.",research/runs/v03-fixed-20.json,615681087057045e9919adf727af3f50ba9271be8b19e26571238484f0781962
C00/v03-baseline,v03-fixed-20,run:v03-fixed-20;artifact:research/runs/v03-fixed-20.json;sha256:615681087057045e9919adf727af3f50ba9271be8b19e26571238484f0781962,FRI list-decoding regime,ldr,research/security-model/v03-q32.json,,56,56,PROVEN,,true,"Exact generated classical result: 56.201226486 bits | Exact generated quantum result: 56.201226486 bits | Already included in fri-commit-phase; informational row, not an independent binding term. | Already included in fri-query-phase; informational row, not an independent binding term. | Pinned implementation keeps only the BCHKS25 dominant term; documented subdominant terms are omitted as negligible. | Requires mutual correlated agreement up to the Johnson bound, as stated by pinned security/src/assumption.rs:45-50. | This generic cap is not a structural analysis or a complete Fiat-Shamir/QROM composition theorem.",research/runs/v03-fixed-20.json,615681087057045e9919adf727af3f50ba9271be8b19e26571238484f0781962
C00/v03-baseline,v03-fixed-20,run:v03-fixed-20;artifact:research/runs/v03-fixed-20.json;sha256:615681087057045e9919adf727af3f50ba9271be8b19e26571238484f0781962,FRI unique-decoding regime,udr,research/security-model/v03-q32.json,,45,37,PROVEN,,false,"Exact generated classical result: 45.190582247 bits | Exact generated quantum result: 37.190582247 bits | Already included in fri-commit-phase; informational row, not an independent binding term. | Already included in fri-query-phase; informational row, not an independent binding term. | This generic cap is not a structural analysis or a complete Fiat-Shamir/QROM composition theorem.",research/runs/v03-fixed-20.json,615681087057045e9919adf727af3f50ba9271be8b19e26571238484f0781962
C00/v03-baseline,v03-fixed-21,run:v03-fixed-21;artifact:research/runs/v03-fixed-21.json;sha256:bf6f4be9f795cbaac0d0a73de4093b185c273fbc77cc01ded35517630794d7d9,FRI random-words,random-words,research/security-model/v03-q32.json,,107,107,CONJECTURAL,,false,"Exact generated classical result: 107.997888224 bits | Exact generated quantum result: 107.997888224 bits | Already included in fri-commit-phase; informational row, not an independent binding term. | Already included in fri-query-phase; informational row, not an independent binding term. | Random-words does not model the batched-opening proximity term; num_batched_functions is ignored by the pinned conjectural path. Actual num_batched_functions=210; this result is optimistic. | This generic cap is not a structural analysis or a complete Fiat-Shamir/QROM composition theorem.",research/runs/v03-fixed-21.json,bf6f4be9f795cbaac0d0a73de4093b185c273fbc77cc01ded35517630794d7d9
C00/v03-baseline,v03-fixed-21,run:v03-fixed-21;artifact:research/runs/v03-fixed-21.json;sha256:bf6f4be9f795cbaac0d0a73de4093b185c273fbc77cc01ded35517630794d7d9,FRI list-decoding regime,ldr,research/security-model/v03-q32.json,,56,56,PROVEN,,true,"Exact generated classical result: 56.201226486 bits | Exact generated quantum result: 56.201226486 bits | Already included in fri-commit-phase; informational row, not an independent binding term. | Already included in fri-query-phase; informational row, not an independent binding term. | Pinned implementation keeps only the BCHKS25 dominant term; documented subdominant terms are omitted as negligible. | Requires mutual correlated agreement up to the Johnson bound, as stated by pinned security/src/assumption.rs:45-50. | This generic cap is not a structural analysis or a complete Fiat-Shamir/QROM composition theorem.",research/runs/v03-fixed-21.json,bf6f4be9f795cbaac0d0a73de4093b185c273fbc77cc01ded35517630794d7d9
C00/v03-baseline,v03-fixed-21,run:v03-fixed-21;artifact:research/runs/v03-fixed-21.json;sha256:bf6f4be9f795cbaac0d0a73de4093b185c273fbc77cc01ded35517630794d7d9,FRI unique-decoding regime,udr,research/security-model/v03-q32.json,,45,37,PROVEN,,false,"Exact generated classical result: 45.190582247 bits | Exact generated quantum result: 37.190582247 bits | Already included in fri-commit-phase; informational row, not an independent binding term. | Already included in fri-query-phase; informational row, not an independent binding term. | This generic cap is not a structural analysis or a complete Fiat-Shamir/QROM composition theorem.",research/runs/v03-fixed-21.json,bf6f4be9f795cbaac0d0a73de4093b185c273fbc77cc01ded35517630794d7d9
C00/v03-baseline,v03-fixed-22,run:v03-fixed-22;artifact:research/runs/v03-fixed-22.json;sha256:8abd6d41b199f0339b8d1027ed03dde18fe15d18e21ad938c3b86c4181836930,FRI random-words,random-words,research/security-model/v03-q32.json,,107,107,CONJECTURAL,,false,"Exact generated classical result: 107.997888224 bits | Exact generated quantum result: 107.997888224 bits | Already included in fri-commit-phase; informational row, not an independent binding term. | Already included in fri-query-phase; informational row, not an independent binding term. | Random-words does not model the batched-opening proximity term; num_batched_functions is ignored by the pinned conjectural path. Actual num_batched_functions=210; this result is optimistic. | This generic cap is not a structural analysis or a complete Fiat-Shamir/QROM composition theorem.",research/runs/v03-fixed-22.json,8abd6d41b199f0339b8d1027ed03dde18fe15d18e21ad938c3b86c4181836930
C00/v03-baseline,v03-fixed-22,run:v03-fixed-22;artifact:research/runs/v03-fixed-22.json;sha256:8abd6d41b199f0339b8d1027ed03dde18fe15d18e21ad938c3b86c4181836930,FRI list-decoding regime,ldr,research/security-model/v03-q32.json,,56,56,PROVEN,,true,"Exact generated classical result: 56.201226486 bits | Exact generated quantum result: 56.201226486 bits | Already included in fri-commit-phase; informational row, not an independent binding term. | Already included in fri-query-phase; informational row, not an independent binding term. | Pinned implementation keeps only the BCHKS25 dominant term; documented subdominant terms are omitted as negligible. | Requires mutual correlated agreement up to the Johnson bound, as stated by pinned security/src/assumption.rs:45-50. | This generic cap is not a structural analysis or a complete Fiat-Shamir/QROM composition theorem.",research/runs/v03-fixed-22.json,8abd6d41b199f0339b8d1027ed03dde18fe15d18e21ad938c3b86c4181836930
C00/v03-baseline,v03-fixed-22,run:v03-fixed-22;artifact:research/runs/v03-fixed-22.json;sha256:8abd6d41b199f0339b8d1027ed03dde18fe15d18e21ad938c3b86c4181836930,FRI unique-decoding regime,udr,research/security-model/v03-q32.json,,45,37,PROVEN,,false,"Exact generated classical result: 45.190582247 bits | Exact generated quantum result: 37.190582247 bits | Already included in fri-commit-phase; informational row, not an independent binding term. | Already included in fri-query-phase; informational row, not an independent binding term. | This generic cap is not a structural analysis or a complete Fiat-Shamir/QROM composition theorem.",research/runs/v03-fixed-22.json,8abd6d41b199f0339b8d1027ed03dde18fe15d18e21ad938c3b86c4181836930
C00/v03-baseline,v03-fixed-23,run:v03-fixed-23;artifact:research/runs/v03-fixed-23.json;sha256:a9eb1e560b931efb8c24b36cbaea5e8d0f57fa6f202fa52dfa913377d31b9441,FRI random-words,random-words,research/security-model/v03-q32.json,,107,107,CONJECTURAL,,false,"Exact generated classical result: 107.997888224 bits | Exact generated quantum result: 107.997888224 bits | Already included in fri-commit-phase; informational row, not an independent binding term. | Already included in fri-query-phase; informational row, not an independent binding term. | Random-words does not model the batched-opening proximity term; num_batched_functions is ignored by the pinned conjectural path. Actual num_batched_functions=210; this result is optimistic. | This generic cap is not a structural analysis or a complete Fiat-Shamir/QROM composition theorem.",research/runs/v03-fixed-23.json,a9eb1e560b931efb8c24b36cbaea5e8d0f57fa6f202fa52dfa913377d31b9441
C00/v03-baseline,v03-fixed-23,run:v03-fixed-23;artifact:research/runs/v03-fixed-23.json;sha256:a9eb1e560b931efb8c24b36cbaea5e8d0f57fa6f202fa52dfa913377d31b9441,FRI list-decoding regime,ldr,research/security-model/v03-q32.json,,56,56,PROVEN,,true,"Exact generated classical result: 56.201226486 bits | Exact generated quantum result: 56.201226486 bits | Already included in fri-commit-phase; informational row, not an independent binding term. | Already included in fri-query-phase; informational row, not an independent binding term. | Pinned implementation keeps only the BCHKS25 dominant term; documented subdominant terms are omitted as negligible. | Requires mutual correlated agreement up to the Johnson bound, as stated by pinned security/src/assumption.rs:45-50. | This generic cap is not a structural analysis or a complete Fiat-Shamir/QROM composition theorem.",research/runs/v03-fixed-23.json,a9eb1e560b931efb8c24b36cbaea5e8d0f57fa6f202fa52dfa913377d31b9441
C00/v03-baseline,v03-fixed-23,run:v03-fixed-23;artifact:research/runs/v03-fixed-23.json;sha256:a9eb1e560b931efb8c24b36cbaea5e8d0f57fa6f202fa52dfa913377d31b9441,FRI unique-decoding regime,udr,research/security-model/v03-q32.json,,45,37,PROVEN,,false,"Exact generated classical result: 45.190582247 bits | Exact generated quantum result: 37.190582247 bits | Already included in fri-commit-phase; informational row, not an independent binding term. | Already included in fri-query-phase; informational row, not an independent binding term. | This generic cap is not a structural analysis or a complete Fiat-Shamir/QROM composition theorem.",research/runs/v03-fixed-23.json,a9eb1e560b931efb8c24b36cbaea5e8d0f57fa6f202fa52dfa913377d31b9441
C00/v03-baseline,v03-fixed-24,run:v03-fixed-24;artifact:research/runs/v03-fixed-24.json;sha256:50b3027d9d5172c8e2ba36501c50ac5a5c5b8533585667bb99c0cbec5f970cf1,FRI random-words,random-words,research/security-model/v03-q32.json,,107,107,CONJECTURAL,,false,"Exact generated classical result: 107.997888224 bits | Exact generated quantum result: 107.997888224 bits | Already included in fri-commit-phase; informational row, not an independent binding term. | Already included in fri-query-phase; informational row, not an independent binding term. | Random-words does not model the batched-opening proximity term; num_batched_functions is ignored by the pinned conjectural path. Actual num_batched_functions=210; this result is optimistic. | This generic cap is not a structural analysis or a complete Fiat-Shamir/QROM composition theorem.",research/runs/v03-fixed-24.json,50b3027d9d5172c8e2ba36501c50ac5a5c5b8533585667bb99c0cbec5f970cf1
C00/v03-baseline,v03-fixed-24,run:v03-fixed-24;artifact:research/runs/v03-fixed-24.json;sha256:50b3027d9d5172c8e2ba36501c50ac5a5c5b8533585667bb99c0cbec5f970cf1,FRI list-decoding regime,ldr,research/security-model/v03-q32.json,,56,56,PROVEN,,true,"Exact generated classical result: 56.201226486 bits | Exact generated quantum result: 56.201226486 bits | Already included in fri-commit-phase; informational row, not an independent binding term. | Already included in fri-query-phase; informational row, not an independent binding term. | Pinned implementation keeps only the BCHKS25 dominant term; documented subdominant terms are omitted as negligible. | Requires mutual correlated agreement up to the Johnson bound, as stated by pinned security/src/assumption.rs:45-50. | This generic cap is not a structural analysis or a complete Fiat-Shamir/QROM composition theorem.",research/runs/v03-fixed-24.json,50b3027d9d5172c8e2ba36501c50ac5a5c5b8533585667bb99c0cbec5f970cf1
C00/v03-baseline,v03-fixed-24,run:v03-fixed-24;artifact:research/runs/v03-fixed-24.json;sha256:50b3027d9d5172c8e2ba36501c50ac5a5c5b8533585667bb99c0cbec5f970cf1,FRI unique-decoding regime,udr,research/security-model/v03-q32.json,,45,37,PROVEN,,false,"Exact generated classical result: 45.190582247 bits | Exact generated quantum result: 37.190582247 bits | Already included in fri-commit-phase; informational row, not an independent binding term. | Already included in fri-query-phase; informational row, not an independent binding term. | This generic cap is not a structural analysis or a complete Fiat-Shamir/QROM composition theorem.",research/runs/v03-fixed-24.json,50b3027d9d5172c8e2ba36501c50ac5a5c5b8533585667bb99c0cbec5f970cf1
C00/v03-baseline,v03-fixed-25,run:v03-fixed-25;artifact:research/runs/v03-fixed-25.json;sha256:9ac7567410fa760e1c768fd395327dcce8afdeee4e3bb93e89864f708380d697,FRI random-words,random-words,research/security-model/v03-q32.json,,107,107,CONJECTURAL,,false,"Exact generated classical result: 107.997888224 bits | Exact generated quantum result: 107.997888224 bits | Already included in fri-commit-phase; informational row, not an independent binding term. | Already included in fri-query-phase; informational row, not an independent binding term. | Random-words does not model the batched-opening proximity term; num_batched_functions is ignored by the pinned conjectural path. Actual num_batched_functions=210; this result is optimistic. | This generic cap is not a structural analysis or a complete Fiat-Shamir/QROM composition theorem.",research/runs/v03-fixed-25.json,9ac7567410fa760e1c768fd395327dcce8afdeee4e3bb93e89864f708380d697
C00/v03-baseline,v03-fixed-25,run:v03-fixed-25;artifact:research/runs/v03-fixed-25.json;sha256:9ac7567410fa760e1c768fd395327dcce8afdeee4e3bb93e89864f708380d697,FRI list-decoding regime,ldr,research/security-model/v03-q32.json,,56,56,PROVEN,,true,"Exact generated classical result: 56.201226486 bits | Exact generated quantum result: 56.201226486 bits | Already included in fri-commit-phase; informational row, not an independent binding term. | Already included in fri-query-phase; informational row, not an independent binding term. | Pinned implementation keeps only the BCHKS25 dominant term; documented subdominant terms are omitted as negligible. | Requires mutual correlated agreement up to the Johnson bound, as stated by pinned security/src/assumption.rs:45-50. | This generic cap is not a structural analysis or a complete Fiat-Shamir/QROM composition theorem.",research/runs/v03-fixed-25.json,9ac7567410fa760e1c768fd395327dcce8afdeee4e3bb93e89864f708380d697
C00/v03-baseline,v03-fixed-25,run:v03-fixed-25;artifact:research/runs/v03-fixed-25.json;sha256:9ac7567410fa760e1c768fd395327dcce8afdeee4e3bb93e89864f708380d697,FRI unique-decoding regime,udr,research/security-model/v03-q32.json,,45,37,PROVEN,,false,"Exact generated classical result: 45.190582247 bits | Exact generated quantum result: 37.190582247 bits | Already included in fri-commit-phase; informational row, not an independent binding term. | Already included in fri-query-phase; informational row, not an independent binding term. | This generic cap is not a structural analysis or a complete Fiat-Shamir/QROM composition theorem.",research/runs/v03-fixed-25.json,9ac7567410fa760e1c768fd395327dcce8afdeee4e3bb93e89864f708380d697
C00/v03-baseline,v03-fixed-26,run:v03-fixed-26;artifact:research/runs/v03-fixed-26.json;sha256:5ac17e51daaed77f9fff05a8f423feff335d3814cc459bffa161b0448eec575e,FRI random-words,random-words,research/security-model/v03-q32.json,,107,107,CONJECTURAL,,false,"Exact generated classical result: 107.997888224 bits | Exact generated quantum result: 107.997888224 bits | Already included in fri-commit-phase; informational row, not an independent binding term. | Already included in fri-query-phase; informational row, not an independent binding term. | Random-words does not model the batched-opening proximity term; num_batched_functions is ignored by the pinned conjectural path. Actual num_batched_functions=210; this result is optimistic. | This generic cap is not a structural analysis or a complete Fiat-Shamir/QROM composition theorem.",research/runs/v03-fixed-26.json,5ac17e51daaed77f9fff05a8f423feff335d3814cc459bffa161b0448eec575e
C00/v03-baseline,v03-fixed-26,run:v03-fixed-26;artifact:research/runs/v03-fixed-26.json;sha256:5ac17e51daaed77f9fff05a8f423feff335d3814cc459bffa161b0448eec575e,FRI list-decoding regime,ldr,research/security-model/v03-q32.json,,56,56,PROVEN,,true,"Exact generated classical result: 56.201226486 bits | Exact generated quantum result: 56.201226486 bits | Already included in fri-commit-phase; informational row, not an independent binding term. | Already included in fri-query-phase; informational row, not an independent binding term. | Pinned implementation keeps only the BCHKS25 dominant term; documented subdominant terms are omitted as negligible. | Requires mutual correlated agreement up to the Johnson bound, as stated by pinned security/src/assumption.rs:45-50. | This generic cap is not a structural analysis or a complete Fiat-Shamir/QROM composition theorem.",research/runs/v03-fixed-26.json,5ac17e51daaed77f9fff05a8f423feff335d3814cc459bffa161b0448eec575e
C00/v03-baseline,v03-fixed-26,run:v03-fixed-26;artifact:research/runs/v03-fixed-26.json;sha256:5ac17e51daaed77f9fff05a8f423feff335d3814cc459bffa161b0448eec575e,FRI unique-decoding regime,udr,research/security-model/v03-q32.json,,45,37,PROVEN,,false,"Exact generated classical result: 45.190582247 bits | Exact generated quantum result: 37.190582247 bits | Already included in fri-commit-phase; informational row, not an independent binding term. | Already included in fri-query-phase; informational row, not an independent binding term. | This generic cap is not a structural analysis or a complete Fiat-Shamir/QROM composition theorem.",research/runs/v03-fixed-26.json,5ac17e51daaed77f9fff05a8f423feff335d3814cc459bffa161b0448eec575e
C00/v03-baseline,v03-fixed-27,run:v03-fixed-27;artifact:research/runs/v03-fixed-27.json;sha256:017b6d59485b5972cdf0d2bc0d65827ca7cb1124dccb3cab8049749c3625111d,FRI random-words,random-words,research/security-model/v03-q32.json,,107,107,CONJECTURAL,,false,"Exact generated classical result: 107.997888224 bits | Exact generated quantum result: 107.997888224 bits | Already included in fri-commit-phase; informational row, not an independent binding term. | Already included in fri-query-phase; informational row, not an independent binding term. | Random-words does not model the batched-opening proximity term; num_batched_functions is ignored by the pinned conjectural path. Actual num_batched_functions=210; this result is optimistic. | This generic cap is not a structural analysis or a complete Fiat-Shamir/QROM composition theorem.",research/runs/v03-fixed-27.json,017b6d59485b5972cdf0d2bc0d65827ca7cb1124dccb3cab8049749c3625111d
C00/v03-baseline,v03-fixed-27,run:v03-fixed-27;artifact:research/runs/v03-fixed-27.json;sha256:017b6d59485b5972cdf0d2bc0d65827ca7cb1124dccb3cab8049749c3625111d,FRI list-decoding regime,ldr,research/security-model/v03-q32.json,,56,56,PROVEN,,true,"Exact generated classical result: 56.201226486 bits | Exact generated quantum result: 56.201226486 bits | Already included in fri-commit-phase; informational row, not an independent binding term. | Already included in fri-query-phase; informational row, not an independent binding term. | Pinned implementation keeps only the BCHKS25 dominant term; documented subdominant terms are omitted as negligible. | Requires mutual correlated agreement up to the Johnson bound, as stated by pinned security/src/assumption.rs:45-50. | This generic cap is not a structural analysis or a complete Fiat-Shamir/QROM composition theorem.",research/runs/v03-fixed-27.json,017b6d59485b5972cdf0d2bc0d65827ca7cb1124dccb3cab8049749c3625111d
C00/v03-baseline,v03-fixed-27,run:v03-fixed-27;artifact:research/runs/v03-fixed-27.json;sha256:017b6d59485b5972cdf0d2bc0d65827ca7cb1124dccb3cab8049749c3625111d,FRI unique-decoding regime,udr,research/security-model/v03-q32.json,,45,37,PROVEN,,false,"Exact generated classical result: 45.190582247 bits | Exact generated quantum result: 37.190582247 bits | Already included in fri-commit-phase; informational row, not an independent binding term. | Already included in fri-query-phase; informational row, not an independent binding term. | This generic cap is not a structural analysis or a complete Fiat-Shamir/QROM composition theorem.",research/runs/v03-fixed-27.json,017b6d59485b5972cdf0d2bc0d65827ca7cb1124dccb3cab8049749c3625111d
C00/v03-baseline,v03-fixed-28,run:v03-fixed-28;artifact:research/runs/v03-fixed-28.json;sha256:72a15d00f291050b131c247b835fc9dc14f81473be542121e82c06a8e95ce547,FRI random-words,random-words,research/security-model/v03-q32.json,,107,107,CONJECTURAL,,false,"Exact generated classical result: 107.997888224 bits | Exact generated quantum result: 107.997888224 bits | Already included in fri-commit-phase; informational row, not an independent binding term. | Already included in fri-query-phase; informational row, not an independent binding term. | Random-words does not model the batched-opening proximity term; num_batched_functions is ignored by the pinned conjectural path. Actual num_batched_functions=210; this result is optimistic. | This generic cap is not a structural analysis or a complete Fiat-Shamir/QROM composition theorem.",research/runs/v03-fixed-28.json,72a15d00f291050b131c247b835fc9dc14f81473be542121e82c06a8e95ce547
C00/v03-baseline,v03-fixed-28,run:v03-fixed-28;artifact:research/runs/v03-fixed-28.json;sha256:72a15d00f291050b131c247b835fc9dc14f81473be542121e82c06a8e95ce547,FRI list-decoding regime,ldr,research/security-model/v03-q32.json,,56,56,PROVEN,,true,"Exact generated classical result: 56.201226486 bits | Exact generated quantum result: 56.201226486 bits | Already included in fri-commit-phase; informational row, not an independent binding term. | Already included in fri-query-phase; informational row, not an independent binding term. | Pinned implementation keeps only the BCHKS25 dominant term; documented subdominant terms are omitted as negligible. | Requires mutual correlated agreement up to the Johnson bound, as stated by pinned security/src/assumption.rs:45-50. | This generic cap is not a structural analysis or a complete Fiat-Shamir/QROM composition theorem.",research/runs/v03-fixed-28.json,72a15d00f291050b131c247b835fc9dc14f81473be542121e82c06a8e95ce547
C00/v03-baseline,v03-fixed-28,run:v03-fixed-28;artifact:research/runs/v03-fixed-28.json;sha256:72a15d00f291050b131c247b835fc9dc14f81473be542121e82c06a8e95ce547,FRI unique-decoding regime,udr,research/security-model/v03-q32.json,,45,37,PROVEN,,false,"Exact generated classical result: 45.190582247 bits | Exact generated quantum result: 37.190582247 bits | Already included in fri-commit-phase; informational row, not an independent binding term. | Already included in fri-query-phase; informational row, not an independent binding term. | This generic cap is not a structural analysis or a complete Fiat-Shamir/QROM composition theorem.",research/runs/v03-fixed-28.json,72a15d00f291050b131c247b835fc9dc14f81473be542121e82c06a8e95ce547
C00/v03-baseline,v03-fixed-29,run:v03-fixed-29;artifact:research/runs/v03-fixed-29.json;sha256:20df01ce1795273ab98dc226ba68eafb6bd75418f7883bf16b7cb0d282734755,FRI random-words,random-words,research/security-model/v03-q32.json,,107,107,CONJECTURAL,,false,"Exact generated classical result: 107.997888224 bits | Exact generated quantum result: 107.997888224 bits | Already included in fri-commit-phase; informational row, not an independent binding term. | Already included in fri-query-phase; informational row, not an independent binding term. | Random-words does not model the batched-opening proximity term; num_batched_functions is ignored by the pinned conjectural path. Actual num_batched_functions=210; this result is optimistic. | This generic cap is not a structural analysis or a complete Fiat-Shamir/QROM composition theorem.",research/runs/v03-fixed-29.json,20df01ce1795273ab98dc226ba68eafb6bd75418f7883bf16b7cb0d282734755
C00/v03-baseline,v03-fixed-29,run:v03-fixed-29;artifact:research/runs/v03-fixed-29.json;sha256:20df01ce1795273ab98dc226ba68eafb6bd75418f7883bf16b7cb0d282734755,FRI list-decoding regime,ldr,research/security-model/v03-q32.json,,56,56,PROVEN,,true,"Exact generated classical result: 56.201226486 bits | Exact generated quantum result: 56.201226486 bits | Already included in fri-commit-phase; informational row, not an independent binding term. | Already included in fri-query-phase; informational row, not an independent binding term. | Pinned implementation keeps only the BCHKS25 dominant term; documented subdominant terms are omitted as negligible. | Requires mutual correlated agreement up to the Johnson bound, as stated by pinned security/src/assumption.rs:45-50. | This generic cap is not a structural analysis or a complete Fiat-Shamir/QROM composition theorem.",research/runs/v03-fixed-29.json,20df01ce1795273ab98dc226ba68eafb6bd75418f7883bf16b7cb0d282734755
C00/v03-baseline,v03-fixed-29,run:v03-fixed-29;artifact:research/runs/v03-fixed-29.json;sha256:20df01ce1795273ab98dc226ba68eafb6bd75418f7883bf16b7cb0d282734755,FRI unique-decoding regime,udr,research/security-model/v03-q32.json,,45,37,PROVEN,,false,"Exact generated classical result: 45.190582247 bits | Exact generated quantum result: 37.190582247 bits | Already included in fri-commit-phase; informational row, not an independent binding term. | Already included in fri-query-phase; informational row, not an independent binding term. | This generic cap is not a structural analysis or a complete Fiat-Shamir/QROM composition theorem.",research/runs/v03-fixed-29.json,20df01ce1795273ab98dc226ba68eafb6bd75418f7883bf16b7cb0d282734755
C00/v03-baseline,v03-fixed-30,run:v03-fixed-30;artifact:research/runs/v03-fixed-30.json;sha256:2b043b6bad7b938309215eeec4218649721ba30bf05b6ea9f7509c1f579ad41a,FRI random-words,random-words,research/security-model/v03-q32.json,,107,107,CONJECTURAL,,false,"Exact generated classical result: 107.997888224 bits | Exact generated quantum result: 107.997888224 bits | Already included in fri-commit-phase; informational row, not an independent binding term. | Already included in fri-query-phase; informational row, not an independent binding term. | Random-words does not model the batched-opening proximity term; num_batched_functions is ignored by the pinned conjectural path. Actual num_batched_functions=210; this result is optimistic. | This generic cap is not a structural analysis or a complete Fiat-Shamir/QROM composition theorem.",research/runs/v03-fixed-30.json,2b043b6bad7b938309215eeec4218649721ba30bf05b6ea9f7509c1f579ad41a
C00/v03-baseline,v03-fixed-30,run:v03-fixed-30;artifact:research/runs/v03-fixed-30.json;sha256:2b043b6bad7b938309215eeec4218649721ba30bf05b6ea9f7509c1f579ad41a,FRI list-decoding regime,ldr,research/security-model/v03-q32.json,,56,56,PROVEN,,true,"Exact generated classical result: 56.201226486 bits | Exact generated quantum result: 56.201226486 bits | Already included in fri-commit-phase; informational row, not an independent binding term. | Already included in fri-query-phase; informational row, not an independent binding term. | Pinned implementation keeps only the BCHKS25 dominant term; documented subdominant terms are omitted as negligible. | Requires mutual correlated agreement up to the Johnson bound, as stated by pinned security/src/assumption.rs:45-50. | This generic cap is not a structural analysis or a complete Fiat-Shamir/QROM composition theorem.",research/runs/v03-fixed-30.json,2b043b6bad7b938309215eeec4218649721ba30bf05b6ea9f7509c1f579ad41a
C00/v03-baseline,v03-fixed-30,run:v03-fixed-30;artifact:research/runs/v03-fixed-30.json;sha256:2b043b6bad7b938309215eeec4218649721ba30bf05b6ea9f7509c1f579ad41a,FRI unique-decoding regime,udr,research/security-model/v03-q32.json,,45,37,PROVEN,,false,"Exact generated classical result: 45.190582247 bits | Exact generated quantum result: 37.190582247 bits | Already included in fri-commit-phase; informational row, not an independent binding term. | Already included in fri-query-phase; informational row, not an independent binding term. | This generic cap is not a structural analysis or a complete Fiat-Shamir/QROM composition theorem.",research/runs/v03-fixed-30.json,2b043b6bad7b938309215eeec4218649721ba30bf05b6ea9f7509c1f579ad41a
