hardware_profile,run_id,kind,case_id,network,implementation,abi_calldata_bytes,calldata_zero_bytes,calldata_nonzero_bytes,eip7623_floor_gas,source_measured_total_gas,ordinary_sequencer_size_limit_bytes,size_feasibility,tx_gas_limit_model,gas_limit_feasibility,combined_ordinary_admission_projection,pqtc_l2_receipt_evidence
H1_LOCAL_APPLE_M4_MAX_MEASURED_SOURCE,v03-corpus-01,semantic-corpus,swc-v1-000,op-mainnet,evm-a,213000,1386,210946,8472700,16768721,131072,REJECTED_SOURCE_PROVEN_CALLDATA_ALONE_EXCEEDS_SIGNED_TX_LIMIT,16777216,PROJECTED_FEASIBLE_FROM_SOURCE_TOTAL,PROJECTED_REJECTED_SIZE,NOT_EVALUATED_NO_SELECTED_L2_VERIFIER_RECEIPT
H1_LOCAL_APPLE_M4_MAX_MEASURED_SOURCE,v03-corpus-01,semantic-corpus,swc-v1-000,op-mainnet,evm-b,213000,1386,210946,8472700,14067836,131072,REJECTED_SOURCE_PROVEN_CALLDATA_ALONE_EXCEEDS_SIGNED_TX_LIMIT,16777216,PROJECTED_FEASIBLE_FROM_SOURCE_TOTAL,PROJECTED_REJECTED_SIZE,NOT_EVALUATED_NO_SELECTED_L2_VERIFIER_RECEIPT
H1_LOCAL_APPLE_M4_MAX_MEASURED_SOURCE,v03-corpus-01,semantic-corpus,swc-v1-000,arbitrum-one,evm-a,213000,1386,210946,8472700,16768721,95000,REJECTED_SOURCE_PROVEN_CALLDATA_ALONE_EXCEEDS_SIGNED_TX_LIMIT,32000000,PROJECTED_FEASIBLE_FROM_SOURCE_TOTAL,PROJECTED_REJECTED_SIZE,NOT_EVALUATED_NO_SELECTED_L2_VERIFIER_RECEIPT
H1_LOCAL_APPLE_M4_MAX_MEASURED_SOURCE,v03-corpus-01,semantic-corpus,swc-v1-000,arbitrum-one,evm-b,213000,1386,210946,8472700,14067836,95000,REJECTED_SOURCE_PROVEN_CALLDATA_ALONE_EXCEEDS_SIGNED_TX_LIMIT,32000000,PROJECTED_FEASIBLE_FROM_SOURCE_TOTAL,PROJECTED_REJECTED_SIZE,NOT_EVALUATED_NO_SELECTED_L2_VERIFIER_RECEIPT
H1_LOCAL_APPLE_M4_MAX_MEASURED_SOURCE,v03-corpus-01,semantic-corpus,swc-v1-000,scroll-mainnet,evm-a,213000,1386,210946,8472700,16768721,116736,REJECTED_SOURCE_PROVEN_CALLDATA_ALONE_EXCEEDS_SIGNED_TX_LIMIT,10000000,PROJECTED_INFEASIBLE_FROM_SOURCE_TOTAL,PROJECTED_REJECTED_SIZE,NOT_EVALUATED_NO_SELECTED_L2_VERIFIER_RECEIPT
H1_LOCAL_APPLE_M4_MAX_MEASURED_SOURCE,v03-corpus-01,semantic-corpus,swc-v1-000,scroll-mainnet,evm-b,213000,1386,210946,8472700,14067836,116736,REJECTED_SOURCE_PROVEN_CALLDATA_ALONE_EXCEEDS_SIGNED_TX_LIMIT,10000000,PROJECTED_INFEASIBLE_FROM_SOURCE_TOTAL,PROJECTED_REJECTED_SIZE,NOT_EVALUATED_NO_SELECTED_L2_VERIFIER_RECEIPT
H1_LOCAL_APPLE_M4_MAX_MEASURED_SOURCE,v03-corpus-02,semantic-corpus,swc-v1-001,op-mainnet,evm-a,203080,1343,201069,8077190,16710503,131072,REJECTED_SOURCE_PROVEN_CALLDATA_ALONE_EXCEEDS_SIGNED_TX_LIMIT,16777216,PROJECTED_FEASIBLE_FROM_SOURCE_TOTAL,PROJECTED_REJECTED_SIZE,NOT_EVALUATED_NO_SELECTED_L2_VERIFIER_RECEIPT
H1_LOCAL_APPLE_M4_MAX_MEASURED_SOURCE,v03-corpus-02,semantic-corpus,swc-v1-001,op-mainnet,evm-b,203080,1343,201069,8077190,13602407,131072,REJECTED_SOURCE_PROVEN_CALLDATA_ALONE_EXCEEDS_SIGNED_TX_LIMIT,16777216,PROJECTED_FEASIBLE_FROM_SOURCE_TOTAL,PROJECTED_REJECTED_SIZE,NOT_EVALUATED_NO_SELECTED_L2_VERIFIER_RECEIPT
H1_LOCAL_APPLE_M4_MAX_MEASURED_SOURCE,v03-corpus-02,semantic-corpus,swc-v1-001,arbitrum-one,evm-a,203080,1343,201069,8077190,16710503,95000,REJECTED_SOURCE_PROVEN_CALLDATA_ALONE_EXCEEDS_SIGNED_TX_LIMIT,32000000,PROJECTED_FEASIBLE_FROM_SOURCE_TOTAL,PROJECTED_REJECTED_SIZE,NOT_EVALUATED_NO_SELECTED_L2_VERIFIER_RECEIPT
H1_LOCAL_APPLE_M4_MAX_MEASURED_SOURCE,v03-corpus-02,semantic-corpus,swc-v1-001,arbitrum-one,evm-b,203080,1343,201069,8077190,13602407,95000,REJECTED_SOURCE_PROVEN_CALLDATA_ALONE_EXCEEDS_SIGNED_TX_LIMIT,32000000,PROJECTED_FEASIBLE_FROM_SOURCE_TOTAL,PROJECTED_REJECTED_SIZE,NOT_EVALUATED_NO_SELECTED_L2_VERIFIER_RECEIPT
H1_LOCAL_APPLE_M4_MAX_MEASURED_SOURCE,v03-corpus-02,semantic-corpus,swc-v1-001,scroll-mainnet,evm-a,203080,1343,201069,8077190,16710503,116736,REJECTED_SOURCE_PROVEN_CALLDATA_ALONE_EXCEEDS_SIGNED_TX_LIMIT,10000000,PROJECTED_INFEASIBLE_FROM_SOURCE_TOTAL,PROJECTED_REJECTED_SIZE,NOT_EVALUATED_NO_SELECTED_L2_VERIFIER_RECEIPT
H1_LOCAL_APPLE_M4_MAX_MEASURED_SOURCE,v03-corpus-02,semantic-corpus,swc-v1-001,scroll-mainnet,evm-b,203080,1343,201069,8077190,13602407,116736,REJECTED_SOURCE_PROVEN_CALLDATA_ALONE_EXCEEDS_SIGNED_TX_LIMIT,10000000,PROJECTED_INFEASIBLE_FROM_SOURCE_TOTAL,PROJECTED_REJECTED_SIZE,NOT_EVALUATED_NO_SELECTED_L2_VERIFIER_RECEIPT
H1_LOCAL_APPLE_M4_MAX_MEASURED_SOURCE,v03-corpus-03,semantic-corpus,swc-v1-002,op-mainnet,evm-a,209928,1324,207936,8351680,16666224,131072,REJECTED_SOURCE_PROVEN_CALLDATA_ALONE_EXCEEDS_SIGNED_TX_LIMIT,16777216,PROJECTED_FEASIBLE_FROM_SOURCE_TOTAL,PROJECTED_REJECTED_SIZE,NOT_EVALUATED_NO_SELECTED_L2_VERIFIER_RECEIPT
H1_LOCAL_APPLE_M4_MAX_MEASURED_SOURCE,v03-corpus-03,semantic-corpus,swc-v1-002,op-mainnet,evm-b,209928,1324,207936,8351680,13984624,131072,REJECTED_SOURCE_PROVEN_CALLDATA_ALONE_EXCEEDS_SIGNED_TX_LIMIT,16777216,PROJECTED_FEASIBLE_FROM_SOURCE_TOTAL,PROJECTED_REJECTED_SIZE,NOT_EVALUATED_NO_SELECTED_L2_VERIFIER_RECEIPT
H1_LOCAL_APPLE_M4_MAX_MEASURED_SOURCE,v03-corpus-03,semantic-corpus,swc-v1-002,arbitrum-one,evm-a,209928,1324,207936,8351680,16666224,95000,REJECTED_SOURCE_PROVEN_CALLDATA_ALONE_EXCEEDS_SIGNED_TX_LIMIT,32000000,PROJECTED_FEASIBLE_FROM_SOURCE_TOTAL,PROJECTED_REJECTED_SIZE,NOT_EVALUATED_NO_SELECTED_L2_VERIFIER_RECEIPT
H1_LOCAL_APPLE_M4_MAX_MEASURED_SOURCE,v03-corpus-03,semantic-corpus,swc-v1-002,arbitrum-one,evm-b,209928,1324,207936,8351680,13984624,95000,REJECTED_SOURCE_PROVEN_CALLDATA_ALONE_EXCEEDS_SIGNED_TX_LIMIT,32000000,PROJECTED_FEASIBLE_FROM_SOURCE_TOTAL,PROJECTED_REJECTED_SIZE,NOT_EVALUATED_NO_SELECTED_L2_VERIFIER_RECEIPT
H1_LOCAL_APPLE_M4_MAX_MEASURED_SOURCE,v03-corpus-03,semantic-corpus,swc-v1-002,scroll-mainnet,evm-a,209928,1324,207936,8351680,16666224,116736,REJECTED_SOURCE_PROVEN_CALLDATA_ALONE_EXCEEDS_SIGNED_TX_LIMIT,10000000,PROJECTED_INFEASIBLE_FROM_SOURCE_TOTAL,PROJECTED_REJECTED_SIZE,NOT_EVALUATED_NO_SELECTED_L2_VERIFIER_RECEIPT
H1_LOCAL_APPLE_M4_MAX_MEASURED_SOURCE,v03-corpus-03,semantic-corpus,swc-v1-002,scroll-mainnet,evm-b,209928,1324,207936,8351680,13984624,116736,REJECTED_SOURCE_PROVEN_CALLDATA_ALONE_EXCEEDS_SIGNED_TX_LIMIT,10000000,PROJECTED_INFEASIBLE_FROM_SOURCE_TOTAL,PROJECTED_REJECTED_SIZE,NOT_EVALUATED_NO_SELECTED_L2_VERIFIER_RECEIPT
H1_LOCAL_APPLE_M4_MAX_MEASURED_SOURCE,v03-corpus-04,semantic-corpus,swc-v1-003,op-mainnet,evm-a,208648,1331,206649,8300270,16616096,131072,REJECTED_SOURCE_PROVEN_CALLDATA_ALONE_EXCEEDS_SIGNED_TX_LIMIT,16777216,PROJECTED_FEASIBLE_FROM_SOURCE_TOTAL,PROJECTED_REJECTED_SIZE,NOT_EVALUATED_NO_SELECTED_L2_VERIFIER_RECEIPT
H1_LOCAL_APPLE_M4_MAX_MEASURED_SOURCE,v03-corpus-04,semantic-corpus,swc-v1-003,op-mainnet,evm-b,208648,1331,206649,8300270,13929083,131072,REJECTED_SOURCE_PROVEN_CALLDATA_ALONE_EXCEEDS_SIGNED_TX_LIMIT,16777216,PROJECTED_FEASIBLE_FROM_SOURCE_TOTAL,PROJECTED_REJECTED_SIZE,NOT_EVALUATED_NO_SELECTED_L2_VERIFIER_RECEIPT
H1_LOCAL_APPLE_M4_MAX_MEASURED_SOURCE,v03-corpus-04,semantic-corpus,swc-v1-003,arbitrum-one,evm-a,208648,1331,206649,8300270,16616096,95000,REJECTED_SOURCE_PROVEN_CALLDATA_ALONE_EXCEEDS_SIGNED_TX_LIMIT,32000000,PROJECTED_FEASIBLE_FROM_SOURCE_TOTAL,PROJECTED_REJECTED_SIZE,NOT_EVALUATED_NO_SELECTED_L2_VERIFIER_RECEIPT
H1_LOCAL_APPLE_M4_MAX_MEASURED_SOURCE,v03-corpus-04,semantic-corpus,swc-v1-003,arbitrum-one,evm-b,208648,1331,206649,8300270,13929083,95000,REJECTED_SOURCE_PROVEN_CALLDATA_ALONE_EXCEEDS_SIGNED_TX_LIMIT,32000000,PROJECTED_FEASIBLE_FROM_SOURCE_TOTAL,PROJECTED_REJECTED_SIZE,NOT_EVALUATED_NO_SELECTED_L2_VERIFIER_RECEIPT
H1_LOCAL_APPLE_M4_MAX_MEASURED_SOURCE,v03-corpus-04,semantic-corpus,swc-v1-003,scroll-mainnet,evm-a,208648,1331,206649,8300270,16616096,116736,REJECTED_SOURCE_PROVEN_CALLDATA_ALONE_EXCEEDS_SIGNED_TX_LIMIT,10000000,PROJECTED_INFEASIBLE_FROM_SOURCE_TOTAL,PROJECTED_REJECTED_SIZE,NOT_EVALUATED_NO_SELECTED_L2_VERIFIER_RECEIPT
H1_LOCAL_APPLE_M4_MAX_MEASURED_SOURCE,v03-corpus-04,semantic-corpus,swc-v1-003,scroll-mainnet,evm-b,208648,1331,206649,8300270,13929083,116736,REJECTED_SOURCE_PROVEN_CALLDATA_ALONE_EXCEEDS_SIGNED_TX_LIMIT,10000000,PROJECTED_INFEASIBLE_FROM_SOURCE_TOTAL,PROJECTED_REJECTED_SIZE,NOT_EVALUATED_NO_SELECTED_L2_VERIFIER_RECEIPT
H1_LOCAL_APPLE_M4_MAX_MEASURED_SOURCE,v03-corpus-05,semantic-corpus,swc-v1-004,op-mainnet,evm-a,209608,1338,207602,8338460,16506661,131072,REJECTED_SOURCE_PROVEN_CALLDATA_ALONE_EXCEEDS_SIGNED_TX_LIMIT,16777216,PROJECTED_FEASIBLE_FROM_SOURCE_TOTAL,PROJECTED_REJECTED_SIZE,NOT_EVALUATED_NO_SELECTED_L2_VERIFIER_RECEIPT
H1_LOCAL_APPLE_M4_MAX_MEASURED_SOURCE,v03-corpus-05,semantic-corpus,swc-v1-004,op-mainnet,evm-b,209608,1338,207602,8338460,14123963,131072,REJECTED_SOURCE_PROVEN_CALLDATA_ALONE_EXCEEDS_SIGNED_TX_LIMIT,16777216,PROJECTED_FEASIBLE_FROM_SOURCE_TOTAL,PROJECTED_REJECTED_SIZE,NOT_EVALUATED_NO_SELECTED_L2_VERIFIER_RECEIPT
H1_LOCAL_APPLE_M4_MAX_MEASURED_SOURCE,v03-corpus-05,semantic-corpus,swc-v1-004,arbitrum-one,evm-a,209608,1338,207602,8338460,16506661,95000,REJECTED_SOURCE_PROVEN_CALLDATA_ALONE_EXCEEDS_SIGNED_TX_LIMIT,32000000,PROJECTED_FEASIBLE_FROM_SOURCE_TOTAL,PROJECTED_REJECTED_SIZE,NOT_EVALUATED_NO_SELECTED_L2_VERIFIER_RECEIPT
H1_LOCAL_APPLE_M4_MAX_MEASURED_SOURCE,v03-corpus-05,semantic-corpus,swc-v1-004,arbitrum-one,evm-b,209608,1338,207602,8338460,14123963,95000,REJECTED_SOURCE_PROVEN_CALLDATA_ALONE_EXCEEDS_SIGNED_TX_LIMIT,32000000,PROJECTED_FEASIBLE_FROM_SOURCE_TOTAL,PROJECTED_REJECTED_SIZE,NOT_EVALUATED_NO_SELECTED_L2_VERIFIER_RECEIPT
H1_LOCAL_APPLE_M4_MAX_MEASURED_SOURCE,v03-corpus-05,semantic-corpus,swc-v1-004,scroll-mainnet,evm-a,209608,1338,207602,8338460,16506661,116736,REJECTED_SOURCE_PROVEN_CALLDATA_ALONE_EXCEEDS_SIGNED_TX_LIMIT,10000000,PROJECTED_INFEASIBLE_FROM_SOURCE_TOTAL,PROJECTED_REJECTED_SIZE,NOT_EVALUATED_NO_SELECTED_L2_VERIFIER_RECEIPT
H1_LOCAL_APPLE_M4_MAX_MEASURED_SOURCE,v03-corpus-05,semantic-corpus,swc-v1-004,scroll-mainnet,evm-b,209608,1338,207602,8338460,14123963,116736,REJECTED_SOURCE_PROVEN_CALLDATA_ALONE_EXCEEDS_SIGNED_TX_LIMIT,10000000,PROJECTED_INFEASIBLE_FROM_SOURCE_TOTAL,PROJECTED_REJECTED_SIZE,NOT_EVALUATED_NO_SELECTED_L2_VERIFIER_RECEIPT
H1_LOCAL_APPLE_M4_MAX_MEASURED_SOURCE,v03-corpus-06,semantic-corpus,swc-v1-005,op-mainnet,evm-a,213704,1368,211668,8501400,16708707,131072,REJECTED_SOURCE_PROVEN_CALLDATA_ALONE_EXCEEDS_SIGNED_TX_LIMIT,16777216,PROJECTED_FEASIBLE_FROM_SOURCE_TOTAL,PROJECTED_REJECTED_SIZE,NOT_EVALUATED_NO_SELECTED_L2_VERIFIER_RECEIPT
H1_LOCAL_APPLE_M4_MAX_MEASURED_SOURCE,v03-corpus-06,semantic-corpus,swc-v1-005,op-mainnet,evm-b,213704,1368,211668,8501400,14108324,131072,REJECTED_SOURCE_PROVEN_CALLDATA_ALONE_EXCEEDS_SIGNED_TX_LIMIT,16777216,PROJECTED_FEASIBLE_FROM_SOURCE_TOTAL,PROJECTED_REJECTED_SIZE,NOT_EVALUATED_NO_SELECTED_L2_VERIFIER_RECEIPT
H1_LOCAL_APPLE_M4_MAX_MEASURED_SOURCE,v03-corpus-06,semantic-corpus,swc-v1-005,arbitrum-one,evm-a,213704,1368,211668,8501400,16708707,95000,REJECTED_SOURCE_PROVEN_CALLDATA_ALONE_EXCEEDS_SIGNED_TX_LIMIT,32000000,PROJECTED_FEASIBLE_FROM_SOURCE_TOTAL,PROJECTED_REJECTED_SIZE,NOT_EVALUATED_NO_SELECTED_L2_VERIFIER_RECEIPT
H1_LOCAL_APPLE_M4_MAX_MEASURED_SOURCE,v03-corpus-06,semantic-corpus,swc-v1-005,arbitrum-one,evm-b,213704,1368,211668,8501400,14108324,95000,REJECTED_SOURCE_PROVEN_CALLDATA_ALONE_EXCEEDS_SIGNED_TX_LIMIT,32000000,PROJECTED_FEASIBLE_FROM_SOURCE_TOTAL,PROJECTED_REJECTED_SIZE,NOT_EVALUATED_NO_SELECTED_L2_VERIFIER_RECEIPT
H1_LOCAL_APPLE_M4_MAX_MEASURED_SOURCE,v03-corpus-06,semantic-corpus,swc-v1-005,scroll-mainnet,evm-a,213704,1368,211668,8501400,16708707,116736,REJECTED_SOURCE_PROVEN_CALLDATA_ALONE_EXCEEDS_SIGNED_TX_LIMIT,10000000,PROJECTED_INFEASIBLE_FROM_SOURCE_TOTAL,PROJECTED_REJECTED_SIZE,NOT_EVALUATED_NO_SELECTED_L2_VERIFIER_RECEIPT
H1_LOCAL_APPLE_M4_MAX_MEASURED_SOURCE,v03-corpus-06,semantic-corpus,swc-v1-005,scroll-mainnet,evm-b,213704,1368,211668,8501400,14108324,116736,REJECTED_SOURCE_PROVEN_CALLDATA_ALONE_EXCEEDS_SIGNED_TX_LIMIT,10000000,PROJECTED_INFEASIBLE_FROM_SOURCE_TOTAL,PROJECTED_REJECTED_SIZE,NOT_EVALUATED_NO_SELECTED_L2_VERIFIER_RECEIPT
H1_LOCAL_APPLE_M4_MAX_MEASURED_SOURCE,v03-corpus-07,semantic-corpus,swc-v1-006,op-mainnet,evm-a,206856,1326,204862,8228740,16514356,131072,REJECTED_SOURCE_PROVEN_CALLDATA_ALONE_EXCEEDS_SIGNED_TX_LIMIT,16777216,PROJECTED_FEASIBLE_FROM_SOURCE_TOTAL,PROJECTED_REJECTED_SIZE,NOT_EVALUATED_NO_SELECTED_L2_VERIFIER_RECEIPT
H1_LOCAL_APPLE_M4_MAX_MEASURED_SOURCE,v03-corpus-07,semantic-corpus,swc-v1-006,op-mainnet,evm-b,206856,1326,204862,8228740,13962991,131072,REJECTED_SOURCE_PROVEN_CALLDATA_ALONE_EXCEEDS_SIGNED_TX_LIMIT,16777216,PROJECTED_FEASIBLE_FROM_SOURCE_TOTAL,PROJECTED_REJECTED_SIZE,NOT_EVALUATED_NO_SELECTED_L2_VERIFIER_RECEIPT
H1_LOCAL_APPLE_M4_MAX_MEASURED_SOURCE,v03-corpus-07,semantic-corpus,swc-v1-006,arbitrum-one,evm-a,206856,1326,204862,8228740,16514356,95000,REJECTED_SOURCE_PROVEN_CALLDATA_ALONE_EXCEEDS_SIGNED_TX_LIMIT,32000000,PROJECTED_FEASIBLE_FROM_SOURCE_TOTAL,PROJECTED_REJECTED_SIZE,NOT_EVALUATED_NO_SELECTED_L2_VERIFIER_RECEIPT
H1_LOCAL_APPLE_M4_MAX_MEASURED_SOURCE,v03-corpus-07,semantic-corpus,swc-v1-006,arbitrum-one,evm-b,206856,1326,204862,8228740,13962991,95000,REJECTED_SOURCE_PROVEN_CALLDATA_ALONE_EXCEEDS_SIGNED_TX_LIMIT,32000000,PROJECTED_FEASIBLE_FROM_SOURCE_TOTAL,PROJECTED_REJECTED_SIZE,NOT_EVALUATED_NO_SELECTED_L2_VERIFIER_RECEIPT
H1_LOCAL_APPLE_M4_MAX_MEASURED_SOURCE,v03-corpus-07,semantic-corpus,swc-v1-006,scroll-mainnet,evm-a,206856,1326,204862,8228740,16514356,116736,REJECTED_SOURCE_PROVEN_CALLDATA_ALONE_EXCEEDS_SIGNED_TX_LIMIT,10000000,PROJECTED_INFEASIBLE_FROM_SOURCE_TOTAL,PROJECTED_REJECTED_SIZE,NOT_EVALUATED_NO_SELECTED_L2_VERIFIER_RECEIPT
H1_LOCAL_APPLE_M4_MAX_MEASURED_SOURCE,v03-corpus-07,semantic-corpus,swc-v1-006,scroll-mainnet,evm-b,206856,1326,204862,8228740,13962991,116736,REJECTED_SOURCE_PROVEN_CALLDATA_ALONE_EXCEEDS_SIGNED_TX_LIMIT,10000000,PROJECTED_INFEASIBLE_FROM_SOURCE_TOTAL,PROJECTED_REJECTED_SIZE,NOT_EVALUATED_NO_SELECTED_L2_VERIFIER_RECEIPT
H1_LOCAL_APPLE_M4_MAX_MEASURED_SOURCE,v03-corpus-08,semantic-corpus,swc-v1-007,op-mainnet,evm-a,214472,1357,212447,8532450,16767318,131072,REJECTED_SOURCE_PROVEN_CALLDATA_ALONE_EXCEEDS_SIGNED_TX_LIMIT,16777216,PROJECTED_FEASIBLE_FROM_SOURCE_TOTAL,PROJECTED_REJECTED_SIZE,NOT_EVALUATED_NO_SELECTED_L2_VERIFIER_RECEIPT
H1_LOCAL_APPLE_M4_MAX_MEASURED_SOURCE,v03-corpus-08,semantic-corpus,swc-v1-007,op-mainnet,evm-b,214472,1357,212447,8532450,14058717,131072,REJECTED_SOURCE_PROVEN_CALLDATA_ALONE_EXCEEDS_SIGNED_TX_LIMIT,16777216,PROJECTED_FEASIBLE_FROM_SOURCE_TOTAL,PROJECTED_REJECTED_SIZE,NOT_EVALUATED_NO_SELECTED_L2_VERIFIER_RECEIPT
H1_LOCAL_APPLE_M4_MAX_MEASURED_SOURCE,v03-corpus-08,semantic-corpus,swc-v1-007,arbitrum-one,evm-a,214472,1357,212447,8532450,16767318,95000,REJECTED_SOURCE_PROVEN_CALLDATA_ALONE_EXCEEDS_SIGNED_TX_LIMIT,32000000,PROJECTED_FEASIBLE_FROM_SOURCE_TOTAL,PROJECTED_REJECTED_SIZE,NOT_EVALUATED_NO_SELECTED_L2_VERIFIER_RECEIPT
H1_LOCAL_APPLE_M4_MAX_MEASURED_SOURCE,v03-corpus-08,semantic-corpus,swc-v1-007,arbitrum-one,evm-b,214472,1357,212447,8532450,14058717,95000,REJECTED_SOURCE_PROVEN_CALLDATA_ALONE_EXCEEDS_SIGNED_TX_LIMIT,32000000,PROJECTED_FEASIBLE_FROM_SOURCE_TOTAL,PROJECTED_REJECTED_SIZE,NOT_EVALUATED_NO_SELECTED_L2_VERIFIER_RECEIPT
H1_LOCAL_APPLE_M4_MAX_MEASURED_SOURCE,v03-corpus-08,semantic-corpus,swc-v1-007,scroll-mainnet,evm-a,214472,1357,212447,8532450,16767318,116736,REJECTED_SOURCE_PROVEN_CALLDATA_ALONE_EXCEEDS_SIGNED_TX_LIMIT,10000000,PROJECTED_INFEASIBLE_FROM_SOURCE_TOTAL,PROJECTED_REJECTED_SIZE,NOT_EVALUATED_NO_SELECTED_L2_VERIFIER_RECEIPT
H1_LOCAL_APPLE_M4_MAX_MEASURED_SOURCE,v03-corpus-08,semantic-corpus,swc-v1-007,scroll-mainnet,evm-b,214472,1357,212447,8532450,14058717,116736,REJECTED_SOURCE_PROVEN_CALLDATA_ALONE_EXCEEDS_SIGNED_TX_LIMIT,10000000,PROJECTED_INFEASIBLE_FROM_SOURCE_TOTAL,PROJECTED_REJECTED_SIZE,NOT_EVALUATED_NO_SELECTED_L2_VERIFIER_RECEIPT
H1_LOCAL_APPLE_M4_MAX_MEASURED_SOURCE,v03-corpus-09,semantic-corpus,swc-v1-008,op-mainnet,evm-a,206728,1386,204674,8221820,16771098,131072,REJECTED_SOURCE_PROVEN_CALLDATA_ALONE_EXCEEDS_SIGNED_TX_LIMIT,16777216,PROJECTED_FEASIBLE_FROM_SOURCE_TOTAL,PROJECTED_REJECTED_SIZE,NOT_EVALUATED_NO_SELECTED_L2_VERIFIER_RECEIPT
H1_LOCAL_APPLE_M4_MAX_MEASURED_SOURCE,v03-corpus-09,semantic-corpus,swc-v1-008,op-mainnet,evm-b,206728,1386,204674,8221820,13812398,131072,REJECTED_SOURCE_PROVEN_CALLDATA_ALONE_EXCEEDS_SIGNED_TX_LIMIT,16777216,PROJECTED_FEASIBLE_FROM_SOURCE_TOTAL,PROJECTED_REJECTED_SIZE,NOT_EVALUATED_NO_SELECTED_L2_VERIFIER_RECEIPT
H1_LOCAL_APPLE_M4_MAX_MEASURED_SOURCE,v03-corpus-09,semantic-corpus,swc-v1-008,arbitrum-one,evm-a,206728,1386,204674,8221820,16771098,95000,REJECTED_SOURCE_PROVEN_CALLDATA_ALONE_EXCEEDS_SIGNED_TX_LIMIT,32000000,PROJECTED_FEASIBLE_FROM_SOURCE_TOTAL,PROJECTED_REJECTED_SIZE,NOT_EVALUATED_NO_SELECTED_L2_VERIFIER_RECEIPT
H1_LOCAL_APPLE_M4_MAX_MEASURED_SOURCE,v03-corpus-09,semantic-corpus,swc-v1-008,arbitrum-one,evm-b,206728,1386,204674,8221820,13812398,95000,REJECTED_SOURCE_PROVEN_CALLDATA_ALONE_EXCEEDS_SIGNED_TX_LIMIT,32000000,PROJECTED_FEASIBLE_FROM_SOURCE_TOTAL,PROJECTED_REJECTED_SIZE,NOT_EVALUATED_NO_SELECTED_L2_VERIFIER_RECEIPT
H1_LOCAL_APPLE_M4_MAX_MEASURED_SOURCE,v03-corpus-09,semantic-corpus,swc-v1-008,scroll-mainnet,evm-a,206728,1386,204674,8221820,16771098,116736,REJECTED_SOURCE_PROVEN_CALLDATA_ALONE_EXCEEDS_SIGNED_TX_LIMIT,10000000,PROJECTED_INFEASIBLE_FROM_SOURCE_TOTAL,PROJECTED_REJECTED_SIZE,NOT_EVALUATED_NO_SELECTED_L2_VERIFIER_RECEIPT
H1_LOCAL_APPLE_M4_MAX_MEASURED_SOURCE,v03-corpus-09,semantic-corpus,swc-v1-008,scroll-mainnet,evm-b,206728,1386,204674,8221820,13812398,116736,REJECTED_SOURCE_PROVEN_CALLDATA_ALONE_EXCEEDS_SIGNED_TX_LIMIT,10000000,PROJECTED_INFEASIBLE_FROM_SOURCE_TOTAL,PROJECTED_REJECTED_SIZE,NOT_EVALUATED_NO_SELECTED_L2_VERIFIER_RECEIPT
H1_LOCAL_APPLE_M4_MAX_MEASURED_SOURCE,v03-corpus-10,semantic-corpus,swc-v1-009,op-mainnet,evm-a,209544,1342,207534,8335780,16749043,131072,REJECTED_SOURCE_PROVEN_CALLDATA_ALONE_EXCEEDS_SIGNED_TX_LIMIT,16777216,PROJECTED_FEASIBLE_FROM_SOURCE_TOTAL,PROJECTED_REJECTED_SIZE,NOT_EVALUATED_NO_SELECTED_L2_VERIFIER_RECEIPT
H1_LOCAL_APPLE_M4_MAX_MEASURED_SOURCE,v03-corpus-10,semantic-corpus,swc-v1-009,op-mainnet,evm-b,209544,1342,207534,8335780,14008555,131072,REJECTED_SOURCE_PROVEN_CALLDATA_ALONE_EXCEEDS_SIGNED_TX_LIMIT,16777216,PROJECTED_FEASIBLE_FROM_SOURCE_TOTAL,PROJECTED_REJECTED_SIZE,NOT_EVALUATED_NO_SELECTED_L2_VERIFIER_RECEIPT
H1_LOCAL_APPLE_M4_MAX_MEASURED_SOURCE,v03-corpus-10,semantic-corpus,swc-v1-009,arbitrum-one,evm-a,209544,1342,207534,8335780,16749043,95000,REJECTED_SOURCE_PROVEN_CALLDATA_ALONE_EXCEEDS_SIGNED_TX_LIMIT,32000000,PROJECTED_FEASIBLE_FROM_SOURCE_TOTAL,PROJECTED_REJECTED_SIZE,NOT_EVALUATED_NO_SELECTED_L2_VERIFIER_RECEIPT
H1_LOCAL_APPLE_M4_MAX_MEASURED_SOURCE,v03-corpus-10,semantic-corpus,swc-v1-009,arbitrum-one,evm-b,209544,1342,207534,8335780,14008555,95000,REJECTED_SOURCE_PROVEN_CALLDATA_ALONE_EXCEEDS_SIGNED_TX_LIMIT,32000000,PROJECTED_FEASIBLE_FROM_SOURCE_TOTAL,PROJECTED_REJECTED_SIZE,NOT_EVALUATED_NO_SELECTED_L2_VERIFIER_RECEIPT
H1_LOCAL_APPLE_M4_MAX_MEASURED_SOURCE,v03-corpus-10,semantic-corpus,swc-v1-009,scroll-mainnet,evm-a,209544,1342,207534,8335780,16749043,116736,REJECTED_SOURCE_PROVEN_CALLDATA_ALONE_EXCEEDS_SIGNED_TX_LIMIT,10000000,PROJECTED_INFEASIBLE_FROM_SOURCE_TOTAL,PROJECTED_REJECTED_SIZE,NOT_EVALUATED_NO_SELECTED_L2_VERIFIER_RECEIPT
H1_LOCAL_APPLE_M4_MAX_MEASURED_SOURCE,v03-corpus-10,semantic-corpus,swc-v1-009,scroll-mainnet,evm-b,209544,1342,207534,8335780,14008555,116736,REJECTED_SOURCE_PROVEN_CALLDATA_ALONE_EXCEEDS_SIGNED_TX_LIMIT,10000000,PROJECTED_INFEASIBLE_FROM_SOURCE_TOTAL,PROJECTED_REJECTED_SIZE,NOT_EVALUATED_NO_SELECTED_L2_VERIFIER_RECEIPT
H1_LOCAL_APPLE_M4_MAX_MEASURED_SOURCE,v03-corpus-11,semantic-corpus,swc-v1-010,op-mainnet,evm-a,209288,1300,207320,8326800,16678057,131072,REJECTED_SOURCE_PROVEN_CALLDATA_ALONE_EXCEEDS_SIGNED_TX_LIMIT,16777216,PROJECTED_FEASIBLE_FROM_SOURCE_TOTAL,PROJECTED_REJECTED_SIZE,NOT_EVALUATED_NO_SELECTED_L2_VERIFIER_RECEIPT
H1_LOCAL_APPLE_M4_MAX_MEASURED_SOURCE,v03-corpus-11,semantic-corpus,swc-v1-010,op-mainnet,evm-b,209288,1300,207320,8326800,13842445,131072,REJECTED_SOURCE_PROVEN_CALLDATA_ALONE_EXCEEDS_SIGNED_TX_LIMIT,16777216,PROJECTED_FEASIBLE_FROM_SOURCE_TOTAL,PROJECTED_REJECTED_SIZE,NOT_EVALUATED_NO_SELECTED_L2_VERIFIER_RECEIPT
H1_LOCAL_APPLE_M4_MAX_MEASURED_SOURCE,v03-corpus-11,semantic-corpus,swc-v1-010,arbitrum-one,evm-a,209288,1300,207320,8326800,16678057,95000,REJECTED_SOURCE_PROVEN_CALLDATA_ALONE_EXCEEDS_SIGNED_TX_LIMIT,32000000,PROJECTED_FEASIBLE_FROM_SOURCE_TOTAL,PROJECTED_REJECTED_SIZE,NOT_EVALUATED_NO_SELECTED_L2_VERIFIER_RECEIPT
H1_LOCAL_APPLE_M4_MAX_MEASURED_SOURCE,v03-corpus-11,semantic-corpus,swc-v1-010,arbitrum-one,evm-b,209288,1300,207320,8326800,13842445,95000,REJECTED_SOURCE_PROVEN_CALLDATA_ALONE_EXCEEDS_SIGNED_TX_LIMIT,32000000,PROJECTED_FEASIBLE_FROM_SOURCE_TOTAL,PROJECTED_REJECTED_SIZE,NOT_EVALUATED_NO_SELECTED_L2_VERIFIER_RECEIPT
H1_LOCAL_APPLE_M4_MAX_MEASURED_SOURCE,v03-corpus-11,semantic-corpus,swc-v1-010,scroll-mainnet,evm-a,209288,1300,207320,8326800,16678057,116736,REJECTED_SOURCE_PROVEN_CALLDATA_ALONE_EXCEEDS_SIGNED_TX_LIMIT,10000000,PROJECTED_INFEASIBLE_FROM_SOURCE_TOTAL,PROJECTED_REJECTED_SIZE,NOT_EVALUATED_NO_SELECTED_L2_VERIFIER_RECEIPT
H1_LOCAL_APPLE_M4_MAX_MEASURED_SOURCE,v03-corpus-11,semantic-corpus,swc-v1-010,scroll-mainnet,evm-b,209288,1300,207320,8326800,13842445,116736,REJECTED_SOURCE_PROVEN_CALLDATA_ALONE_EXCEEDS_SIGNED_TX_LIMIT,10000000,PROJECTED_INFEASIBLE_FROM_SOURCE_TOTAL,PROJECTED_REJECTED_SIZE,NOT_EVALUATED_NO_SELECTED_L2_VERIFIER_RECEIPT
H1_LOCAL_APPLE_M4_MAX_MEASURED_SOURCE,v03-corpus-12,semantic-corpus,swc-v1-011,op-mainnet,evm-a,203784,1306,201810,8106460,16372148,131072,REJECTED_SOURCE_PROVEN_CALLDATA_ALONE_EXCEEDS_SIGNED_TX_LIMIT,16777216,PROJECTED_FEASIBLE_FROM_SOURCE_TOTAL,PROJECTED_REJECTED_SIZE,NOT_EVALUATED_NO_SELECTED_L2_VERIFIER_RECEIPT
H1_LOCAL_APPLE_M4_MAX_MEASURED_SOURCE,v03-corpus-12,semantic-corpus,swc-v1-011,op-mainnet,evm-b,203784,1306,201810,8106460,13872429,131072,REJECTED_SOURCE_PROVEN_CALLDATA_ALONE_EXCEEDS_SIGNED_TX_LIMIT,16777216,PROJECTED_FEASIBLE_FROM_SOURCE_TOTAL,PROJECTED_REJECTED_SIZE,NOT_EVALUATED_NO_SELECTED_L2_VERIFIER_RECEIPT
H1_LOCAL_APPLE_M4_MAX_MEASURED_SOURCE,v03-corpus-12,semantic-corpus,swc-v1-011,arbitrum-one,evm-a,203784,1306,201810,8106460,16372148,95000,REJECTED_SOURCE_PROVEN_CALLDATA_ALONE_EXCEEDS_SIGNED_TX_LIMIT,32000000,PROJECTED_FEASIBLE_FROM_SOURCE_TOTAL,PROJECTED_REJECTED_SIZE,NOT_EVALUATED_NO_SELECTED_L2_VERIFIER_RECEIPT
H1_LOCAL_APPLE_M4_MAX_MEASURED_SOURCE,v03-corpus-12,semantic-corpus,swc-v1-011,arbitrum-one,evm-b,203784,1306,201810,8106460,13872429,95000,REJECTED_SOURCE_PROVEN_CALLDATA_ALONE_EXCEEDS_SIGNED_TX_LIMIT,32000000,PROJECTED_FEASIBLE_FROM_SOURCE_TOTAL,PROJECTED_REJECTED_SIZE,NOT_EVALUATED_NO_SELECTED_L2_VERIFIER_RECEIPT
H1_LOCAL_APPLE_M4_MAX_MEASURED_SOURCE,v03-corpus-12,semantic-corpus,swc-v1-011,scroll-mainnet,evm-a,203784,1306,201810,8106460,16372148,116736,REJECTED_SOURCE_PROVEN_CALLDATA_ALONE_EXCEEDS_SIGNED_TX_LIMIT,10000000,PROJECTED_INFEASIBLE_FROM_SOURCE_TOTAL,PROJECTED_REJECTED_SIZE,NOT_EVALUATED_NO_SELECTED_L2_VERIFIER_RECEIPT
H1_LOCAL_APPLE_M4_MAX_MEASURED_SOURCE,v03-corpus-12,semantic-corpus,swc-v1-011,scroll-mainnet,evm-b,203784,1306,201810,8106460,13872429,116736,REJECTED_SOURCE_PROVEN_CALLDATA_ALONE_EXCEEDS_SIGNED_TX_LIMIT,10000000,PROJECTED_INFEASIBLE_FROM_SOURCE_TOTAL,PROJECTED_REJECTED_SIZE,NOT_EVALUATED_NO_SELECTED_L2_VERIFIER_RECEIPT
H1_LOCAL_APPLE_M4_MAX_MEASURED_SOURCE,v03-corpus-13,semantic-corpus,swc-v1-012,op-mainnet,evm-a,212552,1351,210533,8455830,16778163,131072,REJECTED_SOURCE_PROVEN_CALLDATA_ALONE_EXCEEDS_SIGNED_TX_LIMIT,16777216,PROJECTED_INFEASIBLE_FROM_SOURCE_TOTAL,PROJECTED_REJECTED_SIZE,NOT_EVALUATED_NO_SELECTED_L2_VERIFIER_RECEIPT
H1_LOCAL_APPLE_M4_MAX_MEASURED_SOURCE,v03-corpus-13,semantic-corpus,swc-v1-012,op-mainnet,evm-b,212552,1351,210533,8455830,14020508,131072,REJECTED_SOURCE_PROVEN_CALLDATA_ALONE_EXCEEDS_SIGNED_TX_LIMIT,16777216,PROJECTED_FEASIBLE_FROM_SOURCE_TOTAL,PROJECTED_REJECTED_SIZE,NOT_EVALUATED_NO_SELECTED_L2_VERIFIER_RECEIPT
H1_LOCAL_APPLE_M4_MAX_MEASURED_SOURCE,v03-corpus-13,semantic-corpus,swc-v1-012,arbitrum-one,evm-a,212552,1351,210533,8455830,16778163,95000,REJECTED_SOURCE_PROVEN_CALLDATA_ALONE_EXCEEDS_SIGNED_TX_LIMIT,32000000,PROJECTED_FEASIBLE_FROM_SOURCE_TOTAL,PROJECTED_REJECTED_SIZE,NOT_EVALUATED_NO_SELECTED_L2_VERIFIER_RECEIPT
H1_LOCAL_APPLE_M4_MAX_MEASURED_SOURCE,v03-corpus-13,semantic-corpus,swc-v1-012,arbitrum-one,evm-b,212552,1351,210533,8455830,14020508,95000,REJECTED_SOURCE_PROVEN_CALLDATA_ALONE_EXCEEDS_SIGNED_TX_LIMIT,32000000,PROJECTED_FEASIBLE_FROM_SOURCE_TOTAL,PROJECTED_REJECTED_SIZE,NOT_EVALUATED_NO_SELECTED_L2_VERIFIER_RECEIPT
H1_LOCAL_APPLE_M4_MAX_MEASURED_SOURCE,v03-corpus-13,semantic-corpus,swc-v1-012,scroll-mainnet,evm-a,212552,1351,210533,8455830,16778163,116736,REJECTED_SOURCE_PROVEN_CALLDATA_ALONE_EXCEEDS_SIGNED_TX_LIMIT,10000000,PROJECTED_INFEASIBLE_FROM_SOURCE_TOTAL,PROJECTED_REJECTED_SIZE,NOT_EVALUATED_NO_SELECTED_L2_VERIFIER_RECEIPT
H1_LOCAL_APPLE_M4_MAX_MEASURED_SOURCE,v03-corpus-13,semantic-corpus,swc-v1-012,scroll-mainnet,evm-b,212552,1351,210533,8455830,14020508,116736,REJECTED_SOURCE_PROVEN_CALLDATA_ALONE_EXCEEDS_SIGNED_TX_LIMIT,10000000,PROJECTED_INFEASIBLE_FROM_SOURCE_TOTAL,PROJECTED_REJECTED_SIZE,NOT_EVALUATED_NO_SELECTED_L2_VERIFIER_RECEIPT
H1_LOCAL_APPLE_M4_MAX_MEASURED_SOURCE,v03-corpus-14,semantic-corpus,swc-v1-013,op-mainnet,evm-a,208072,1360,206044,8276360,16689141,131072,REJECTED_SOURCE_PROVEN_CALLDATA_ALONE_EXCEEDS_SIGNED_TX_LIMIT,16777216,PROJECTED_FEASIBLE_FROM_SOURCE_TOTAL,PROJECTED_REJECTED_SIZE,NOT_EVALUATED_NO_SELECTED_L2_VERIFIER_RECEIPT
H1_LOCAL_APPLE_M4_MAX_MEASURED_SOURCE,v03-corpus-14,semantic-corpus,swc-v1-013,op-mainnet,evm-b,208072,1360,206044,8276360,13837255,131072,REJECTED_SOURCE_PROVEN_CALLDATA_ALONE_EXCEEDS_SIGNED_TX_LIMIT,16777216,PROJECTED_FEASIBLE_FROM_SOURCE_TOTAL,PROJECTED_REJECTED_SIZE,NOT_EVALUATED_NO_SELECTED_L2_VERIFIER_RECEIPT
H1_LOCAL_APPLE_M4_MAX_MEASURED_SOURCE,v03-corpus-14,semantic-corpus,swc-v1-013,arbitrum-one,evm-a,208072,1360,206044,8276360,16689141,95000,REJECTED_SOURCE_PROVEN_CALLDATA_ALONE_EXCEEDS_SIGNED_TX_LIMIT,32000000,PROJECTED_FEASIBLE_FROM_SOURCE_TOTAL,PROJECTED_REJECTED_SIZE,NOT_EVALUATED_NO_SELECTED_L2_VERIFIER_RECEIPT
H1_LOCAL_APPLE_M4_MAX_MEASURED_SOURCE,v03-corpus-14,semantic-corpus,swc-v1-013,arbitrum-one,evm-b,208072,1360,206044,8276360,13837255,95000,REJECTED_SOURCE_PROVEN_CALLDATA_ALONE_EXCEEDS_SIGNED_TX_LIMIT,32000000,PROJECTED_FEASIBLE_FROM_SOURCE_TOTAL,PROJECTED_REJECTED_SIZE,NOT_EVALUATED_NO_SELECTED_L2_VERIFIER_RECEIPT
H1_LOCAL_APPLE_M4_MAX_MEASURED_SOURCE,v03-corpus-14,semantic-corpus,swc-v1-013,scroll-mainnet,evm-a,208072,1360,206044,8276360,16689141,116736,REJECTED_SOURCE_PROVEN_CALLDATA_ALONE_EXCEEDS_SIGNED_TX_LIMIT,10000000,PROJECTED_INFEASIBLE_FROM_SOURCE_TOTAL,PROJECTED_REJECTED_SIZE,NOT_EVALUATED_NO_SELECTED_L2_VERIFIER_RECEIPT
H1_LOCAL_APPLE_M4_MAX_MEASURED_SOURCE,v03-corpus-14,semantic-corpus,swc-v1-013,scroll-mainnet,evm-b,208072,1360,206044,8276360,13837255,116736,REJECTED_SOURCE_PROVEN_CALLDATA_ALONE_EXCEEDS_SIGNED_TX_LIMIT,10000000,PROJECTED_INFEASIBLE_FROM_SOURCE_TOTAL,PROJECTED_REJECTED_SIZE,NOT_EVALUATED_NO_SELECTED_L2_VERIFIER_RECEIPT
H1_LOCAL_APPLE_M4_MAX_MEASURED_SOURCE,v03-corpus-15,semantic-corpus,swc-v1-014,op-mainnet,evm-a,209608,1340,207600,8338400,16755832,131072,REJECTED_SOURCE_PROVEN_CALLDATA_ALONE_EXCEEDS_SIGNED_TX_LIMIT,16777216,PROJECTED_FEASIBLE_FROM_SOURCE_TOTAL,PROJECTED_REJECTED_SIZE,NOT_EVALUATED_NO_SELECTED_L2_VERIFIER_RECEIPT
H1_LOCAL_APPLE_M4_MAX_MEASURED_SOURCE,v03-corpus-15,semantic-corpus,swc-v1-014,op-mainnet,evm-b,209608,1340,207600,8338400,13832168,131072,REJECTED_SOURCE_PROVEN_CALLDATA_ALONE_EXCEEDS_SIGNED_TX_LIMIT,16777216,PROJECTED_FEASIBLE_FROM_SOURCE_TOTAL,PROJECTED_REJECTED_SIZE,NOT_EVALUATED_NO_SELECTED_L2_VERIFIER_RECEIPT
H1_LOCAL_APPLE_M4_MAX_MEASURED_SOURCE,v03-corpus-15,semantic-corpus,swc-v1-014,arbitrum-one,evm-a,209608,1340,207600,8338400,16755832,95000,REJECTED_SOURCE_PROVEN_CALLDATA_ALONE_EXCEEDS_SIGNED_TX_LIMIT,32000000,PROJECTED_FEASIBLE_FROM_SOURCE_TOTAL,PROJECTED_REJECTED_SIZE,NOT_EVALUATED_NO_SELECTED_L2_VERIFIER_RECEIPT
H1_LOCAL_APPLE_M4_MAX_MEASURED_SOURCE,v03-corpus-15,semantic-corpus,swc-v1-014,arbitrum-one,evm-b,209608,1340,207600,8338400,13832168,95000,REJECTED_SOURCE_PROVEN_CALLDATA_ALONE_EXCEEDS_SIGNED_TX_LIMIT,32000000,PROJECTED_FEASIBLE_FROM_SOURCE_TOTAL,PROJECTED_REJECTED_SIZE,NOT_EVALUATED_NO_SELECTED_L2_VERIFIER_RECEIPT
H1_LOCAL_APPLE_M4_MAX_MEASURED_SOURCE,v03-corpus-15,semantic-corpus,swc-v1-014,scroll-mainnet,evm-a,209608,1340,207600,8338400,16755832,116736,REJECTED_SOURCE_PROVEN_CALLDATA_ALONE_EXCEEDS_SIGNED_TX_LIMIT,10000000,PROJECTED_INFEASIBLE_FROM_SOURCE_TOTAL,PROJECTED_REJECTED_SIZE,NOT_EVALUATED_NO_SELECTED_L2_VERIFIER_RECEIPT
H1_LOCAL_APPLE_M4_MAX_MEASURED_SOURCE,v03-corpus-15,semantic-corpus,swc-v1-014,scroll-mainnet,evm-b,209608,1340,207600,8338400,13832168,116736,REJECTED_SOURCE_PROVEN_CALLDATA_ALONE_EXCEEDS_SIGNED_TX_LIMIT,10000000,PROJECTED_INFEASIBLE_FROM_SOURCE_TOTAL,PROJECTED_REJECTED_SIZE,NOT_EVALUATED_NO_SELECTED_L2_VERIFIER_RECEIPT
H1_LOCAL_APPLE_M4_MAX_MEASURED_SOURCE,v03-corpus-16,semantic-corpus,swc-v1-015,op-mainnet,evm-a,212360,1405,210287,8446530,16604644,131072,REJECTED_SOURCE_PROVEN_CALLDATA_ALONE_EXCEEDS_SIGNED_TX_LIMIT,16777216,PROJECTED_FEASIBLE_FROM_SOURCE_TOTAL,PROJECTED_REJECTED_SIZE,NOT_EVALUATED_NO_SELECTED_L2_VERIFIER_RECEIPT
H1_LOCAL_APPLE_M4_MAX_MEASURED_SOURCE,v03-corpus-16,semantic-corpus,swc-v1-015,op-mainnet,evm-b,212360,1405,210287,8446530,14080349,131072,REJECTED_SOURCE_PROVEN_CALLDATA_ALONE_EXCEEDS_SIGNED_TX_LIMIT,16777216,PROJECTED_FEASIBLE_FROM_SOURCE_TOTAL,PROJECTED_REJECTED_SIZE,NOT_EVALUATED_NO_SELECTED_L2_VERIFIER_RECEIPT
H1_LOCAL_APPLE_M4_MAX_MEASURED_SOURCE,v03-corpus-16,semantic-corpus,swc-v1-015,arbitrum-one,evm-a,212360,1405,210287,8446530,16604644,95000,REJECTED_SOURCE_PROVEN_CALLDATA_ALONE_EXCEEDS_SIGNED_TX_LIMIT,32000000,PROJECTED_FEASIBLE_FROM_SOURCE_TOTAL,PROJECTED_REJECTED_SIZE,NOT_EVALUATED_NO_SELECTED_L2_VERIFIER_RECEIPT
H1_LOCAL_APPLE_M4_MAX_MEASURED_SOURCE,v03-corpus-16,semantic-corpus,swc-v1-015,arbitrum-one,evm-b,212360,1405,210287,8446530,14080349,95000,REJECTED_SOURCE_PROVEN_CALLDATA_ALONE_EXCEEDS_SIGNED_TX_LIMIT,32000000,PROJECTED_FEASIBLE_FROM_SOURCE_TOTAL,PROJECTED_REJECTED_SIZE,NOT_EVALUATED_NO_SELECTED_L2_VERIFIER_RECEIPT
H1_LOCAL_APPLE_M4_MAX_MEASURED_SOURCE,v03-corpus-16,semantic-corpus,swc-v1-015,scroll-mainnet,evm-a,212360,1405,210287,8446530,16604644,116736,REJECTED_SOURCE_PROVEN_CALLDATA_ALONE_EXCEEDS_SIGNED_TX_LIMIT,10000000,PROJECTED_INFEASIBLE_FROM_SOURCE_TOTAL,PROJECTED_REJECTED_SIZE,NOT_EVALUATED_NO_SELECTED_L2_VERIFIER_RECEIPT
H1_LOCAL_APPLE_M4_MAX_MEASURED_SOURCE,v03-corpus-16,semantic-corpus,swc-v1-015,scroll-mainnet,evm-b,212360,1405,210287,8446530,14080349,116736,REJECTED_SOURCE_PROVEN_CALLDATA_ALONE_EXCEEDS_SIGNED_TX_LIMIT,10000000,PROJECTED_INFEASIBLE_FROM_SOURCE_TOTAL,PROJECTED_REJECTED_SIZE,NOT_EVALUATED_NO_SELECTED_L2_VERIFIER_RECEIPT
H1_LOCAL_APPLE_M4_MAX_MEASURED_SOURCE,v03-corpus-17,semantic-corpus,swc-v1-016,op-mainnet,evm-a,204488,1310,202510,8134500,16420817,131072,REJECTED_SOURCE_PROVEN_CALLDATA_ALONE_EXCEEDS_SIGNED_TX_LIMIT,16777216,PROJECTED_FEASIBLE_FROM_SOURCE_TOTAL,PROJECTED_REJECTED_SIZE,NOT_EVALUATED_NO_SELECTED_L2_VERIFIER_RECEIPT
H1_LOCAL_APPLE_M4_MAX_MEASURED_SOURCE,v03-corpus-17,semantic-corpus,swc-v1-016,op-mainnet,evm-b,204488,1310,202510,8134500,13901687,131072,REJECTED_SOURCE_PROVEN_CALLDATA_ALONE_EXCEEDS_SIGNED_TX_LIMIT,16777216,PROJECTED_FEASIBLE_FROM_SOURCE_TOTAL,PROJECTED_REJECTED_SIZE,NOT_EVALUATED_NO_SELECTED_L2_VERIFIER_RECEIPT
H1_LOCAL_APPLE_M4_MAX_MEASURED_SOURCE,v03-corpus-17,semantic-corpus,swc-v1-016,arbitrum-one,evm-a,204488,1310,202510,8134500,16420817,95000,REJECTED_SOURCE_PROVEN_CALLDATA_ALONE_EXCEEDS_SIGNED_TX_LIMIT,32000000,PROJECTED_FEASIBLE_FROM_SOURCE_TOTAL,PROJECTED_REJECTED_SIZE,NOT_EVALUATED_NO_SELECTED_L2_VERIFIER_RECEIPT
H1_LOCAL_APPLE_M4_MAX_MEASURED_SOURCE,v03-corpus-17,semantic-corpus,swc-v1-016,arbitrum-one,evm-b,204488,1310,202510,8134500,13901687,95000,REJECTED_SOURCE_PROVEN_CALLDATA_ALONE_EXCEEDS_SIGNED_TX_LIMIT,32000000,PROJECTED_FEASIBLE_FROM_SOURCE_TOTAL,PROJECTED_REJECTED_SIZE,NOT_EVALUATED_NO_SELECTED_L2_VERIFIER_RECEIPT
H1_LOCAL_APPLE_M4_MAX_MEASURED_SOURCE,v03-corpus-17,semantic-corpus,swc-v1-016,scroll-mainnet,evm-a,204488,1310,202510,8134500,16420817,116736,REJECTED_SOURCE_PROVEN_CALLDATA_ALONE_EXCEEDS_SIGNED_TX_LIMIT,10000000,PROJECTED_INFEASIBLE_FROM_SOURCE_TOTAL,PROJECTED_REJECTED_SIZE,NOT_EVALUATED_NO_SELECTED_L2_VERIFIER_RECEIPT
H1_LOCAL_APPLE_M4_MAX_MEASURED_SOURCE,v03-corpus-17,semantic-corpus,swc-v1-016,scroll-mainnet,evm-b,204488,1310,202510,8134500,13901687,116736,REJECTED_SOURCE_PROVEN_CALLDATA_ALONE_EXCEEDS_SIGNED_TX_LIMIT,10000000,PROJECTED_INFEASIBLE_FROM_SOURCE_TOTAL,PROJECTED_REJECTED_SIZE,NOT_EVALUATED_NO_SELECTED_L2_VERIFIER_RECEIPT
H1_LOCAL_APPLE_M4_MAX_MEASURED_SOURCE,v03-corpus-18,semantic-corpus,swc-v1-017,op-mainnet,evm-a,212040,1361,210011,8435050,16700031,131072,REJECTED_SOURCE_PROVEN_CALLDATA_ALONE_EXCEEDS_SIGNED_TX_LIMIT,16777216,PROJECTED_FEASIBLE_FROM_SOURCE_TOTAL,PROJECTED_REJECTED_SIZE,NOT_EVALUATED_NO_SELECTED_L2_VERIFIER_RECEIPT
H1_LOCAL_APPLE_M4_MAX_MEASURED_SOURCE,v03-corpus-18,semantic-corpus,swc-v1-017,op-mainnet,evm-b,212040,1361,210011,8435050,13922529,131072,REJECTED_SOURCE_PROVEN_CALLDATA_ALONE_EXCEEDS_SIGNED_TX_LIMIT,16777216,PROJECTED_FEASIBLE_FROM_SOURCE_TOTAL,PROJECTED_REJECTED_SIZE,NOT_EVALUATED_NO_SELECTED_L2_VERIFIER_RECEIPT
H1_LOCAL_APPLE_M4_MAX_MEASURED_SOURCE,v03-corpus-18,semantic-corpus,swc-v1-017,arbitrum-one,evm-a,212040,1361,210011,8435050,16700031,95000,REJECTED_SOURCE_PROVEN_CALLDATA_ALONE_EXCEEDS_SIGNED_TX_LIMIT,32000000,PROJECTED_FEASIBLE_FROM_SOURCE_TOTAL,PROJECTED_REJECTED_SIZE,NOT_EVALUATED_NO_SELECTED_L2_VERIFIER_RECEIPT
H1_LOCAL_APPLE_M4_MAX_MEASURED_SOURCE,v03-corpus-18,semantic-corpus,swc-v1-017,arbitrum-one,evm-b,212040,1361,210011,8435050,13922529,95000,REJECTED_SOURCE_PROVEN_CALLDATA_ALONE_EXCEEDS_SIGNED_TX_LIMIT,32000000,PROJECTED_FEASIBLE_FROM_SOURCE_TOTAL,PROJECTED_REJECTED_SIZE,NOT_EVALUATED_NO_SELECTED_L2_VERIFIER_RECEIPT
H1_LOCAL_APPLE_M4_MAX_MEASURED_SOURCE,v03-corpus-18,semantic-corpus,swc-v1-017,scroll-mainnet,evm-a,212040,1361,210011,8435050,16700031,116736,REJECTED_SOURCE_PROVEN_CALLDATA_ALONE_EXCEEDS_SIGNED_TX_LIMIT,10000000,PROJECTED_INFEASIBLE_FROM_SOURCE_TOTAL,PROJECTED_REJECTED_SIZE,NOT_EVALUATED_NO_SELECTED_L2_VERIFIER_RECEIPT
H1_LOCAL_APPLE_M4_MAX_MEASURED_SOURCE,v03-corpus-18,semantic-corpus,swc-v1-017,scroll-mainnet,evm-b,212040,1361,210011,8435050,13922529,116736,REJECTED_SOURCE_PROVEN_CALLDATA_ALONE_EXCEEDS_SIGNED_TX_LIMIT,10000000,PROJECTED_INFEASIBLE_FROM_SOURCE_TOTAL,PROJECTED_REJECTED_SIZE,NOT_EVALUATED_NO_SELECTED_L2_VERIFIER_RECEIPT
H1_LOCAL_APPLE_M4_MAX_MEASURED_SOURCE,v03-corpus-19,semantic-corpus,swc-v1-018,op-mainnet,evm-a,207816,1344,205804,8266600,16581150,131072,REJECTED_SOURCE_PROVEN_CALLDATA_ALONE_EXCEEDS_SIGNED_TX_LIMIT,16777216,PROJECTED_FEASIBLE_FROM_SOURCE_TOTAL,PROJECTED_REJECTED_SIZE,NOT_EVALUATED_NO_SELECTED_L2_VERIFIER_RECEIPT
H1_LOCAL_APPLE_M4_MAX_MEASURED_SOURCE,v03-corpus-19,semantic-corpus,swc-v1-018,op-mainnet,evm-b,207816,1344,205804,8266600,13866359,131072,REJECTED_SOURCE_PROVEN_CALLDATA_ALONE_EXCEEDS_SIGNED_TX_LIMIT,16777216,PROJECTED_FEASIBLE_FROM_SOURCE_TOTAL,PROJECTED_REJECTED_SIZE,NOT_EVALUATED_NO_SELECTED_L2_VERIFIER_RECEIPT
H1_LOCAL_APPLE_M4_MAX_MEASURED_SOURCE,v03-corpus-19,semantic-corpus,swc-v1-018,arbitrum-one,evm-a,207816,1344,205804,8266600,16581150,95000,REJECTED_SOURCE_PROVEN_CALLDATA_ALONE_EXCEEDS_SIGNED_TX_LIMIT,32000000,PROJECTED_FEASIBLE_FROM_SOURCE_TOTAL,PROJECTED_REJECTED_SIZE,NOT_EVALUATED_NO_SELECTED_L2_VERIFIER_RECEIPT
H1_LOCAL_APPLE_M4_MAX_MEASURED_SOURCE,v03-corpus-19,semantic-corpus,swc-v1-018,arbitrum-one,evm-b,207816,1344,205804,8266600,13866359,95000,REJECTED_SOURCE_PROVEN_CALLDATA_ALONE_EXCEEDS_SIGNED_TX_LIMIT,32000000,PROJECTED_FEASIBLE_FROM_SOURCE_TOTAL,PROJECTED_REJECTED_SIZE,NOT_EVALUATED_NO_SELECTED_L2_VERIFIER_RECEIPT
H1_LOCAL_APPLE_M4_MAX_MEASURED_SOURCE,v03-corpus-19,semantic-corpus,swc-v1-018,scroll-mainnet,evm-a,207816,1344,205804,8266600,16581150,116736,REJECTED_SOURCE_PROVEN_CALLDATA_ALONE_EXCEEDS_SIGNED_TX_LIMIT,10000000,PROJECTED_INFEASIBLE_FROM_SOURCE_TOTAL,PROJECTED_REJECTED_SIZE,NOT_EVALUATED_NO_SELECTED_L2_VERIFIER_RECEIPT
H1_LOCAL_APPLE_M4_MAX_MEASURED_SOURCE,v03-corpus-19,semantic-corpus,swc-v1-018,scroll-mainnet,evm-b,207816,1344,205804,8266600,13866359,116736,REJECTED_SOURCE_PROVEN_CALLDATA_ALONE_EXCEEDS_SIGNED_TX_LIMIT,10000000,PROJECTED_INFEASIBLE_FROM_SOURCE_TOTAL,PROJECTED_REJECTED_SIZE,NOT_EVALUATED_NO_SELECTED_L2_VERIFIER_RECEIPT
H1_LOCAL_APPLE_M4_MAX_MEASURED_SOURCE,v03-corpus-20,semantic-corpus,swc-v1-019,op-mainnet,evm-a,213768,1408,211692,8502760,16737641,131072,REJECTED_SOURCE_PROVEN_CALLDATA_ALONE_EXCEEDS_SIGNED_TX_LIMIT,16777216,PROJECTED_FEASIBLE_FROM_SOURCE_TOTAL,PROJECTED_REJECTED_SIZE,NOT_EVALUATED_NO_SELECTED_L2_VERIFIER_RECEIPT
H1_LOCAL_APPLE_M4_MAX_MEASURED_SOURCE,v03-corpus-20,semantic-corpus,swc-v1-019,op-mainnet,evm-b,213768,1408,211692,8502760,14120750,131072,REJECTED_SOURCE_PROVEN_CALLDATA_ALONE_EXCEEDS_SIGNED_TX_LIMIT,16777216,PROJECTED_FEASIBLE_FROM_SOURCE_TOTAL,PROJECTED_REJECTED_SIZE,NOT_EVALUATED_NO_SELECTED_L2_VERIFIER_RECEIPT
H1_LOCAL_APPLE_M4_MAX_MEASURED_SOURCE,v03-corpus-20,semantic-corpus,swc-v1-019,arbitrum-one,evm-a,213768,1408,211692,8502760,16737641,95000,REJECTED_SOURCE_PROVEN_CALLDATA_ALONE_EXCEEDS_SIGNED_TX_LIMIT,32000000,PROJECTED_FEASIBLE_FROM_SOURCE_TOTAL,PROJECTED_REJECTED_SIZE,NOT_EVALUATED_NO_SELECTED_L2_VERIFIER_RECEIPT
H1_LOCAL_APPLE_M4_MAX_MEASURED_SOURCE,v03-corpus-20,semantic-corpus,swc-v1-019,arbitrum-one,evm-b,213768,1408,211692,8502760,14120750,95000,REJECTED_SOURCE_PROVEN_CALLDATA_ALONE_EXCEEDS_SIGNED_TX_LIMIT,32000000,PROJECTED_FEASIBLE_FROM_SOURCE_TOTAL,PROJECTED_REJECTED_SIZE,NOT_EVALUATED_NO_SELECTED_L2_VERIFIER_RECEIPT
H1_LOCAL_APPLE_M4_MAX_MEASURED_SOURCE,v03-corpus-20,semantic-corpus,swc-v1-019,scroll-mainnet,evm-a,213768,1408,211692,8502760,16737641,116736,REJECTED_SOURCE_PROVEN_CALLDATA_ALONE_EXCEEDS_SIGNED_TX_LIMIT,10000000,PROJECTED_INFEASIBLE_FROM_SOURCE_TOTAL,PROJECTED_REJECTED_SIZE,NOT_EVALUATED_NO_SELECTED_L2_VERIFIER_RECEIPT
H1_LOCAL_APPLE_M4_MAX_MEASURED_SOURCE,v03-corpus-20,semantic-corpus,swc-v1-019,scroll-mainnet,evm-b,213768,1408,211692,8502760,14120750,116736,REJECTED_SOURCE_PROVEN_CALLDATA_ALONE_EXCEEDS_SIGNED_TX_LIMIT,10000000,PROJECTED_INFEASIBLE_FROM_SOURCE_TOTAL,PROJECTED_REJECTED_SIZE,NOT_EVALUATED_NO_SELECTED_L2_VERIFIER_RECEIPT
H1_LOCAL_APPLE_M4_MAX_MEASURED_SOURCE,v03-corpus-21,semantic-corpus,swc-v1-020,op-mainnet,evm-a,206024,1377,203979,8193930,16444932,131072,REJECTED_SOURCE_PROVEN_CALLDATA_ALONE_EXCEEDS_SIGNED_TX_LIMIT,16777216,PROJECTED_FEASIBLE_FROM_SOURCE_TOTAL,PROJECTED_REJECTED_SIZE,NOT_EVALUATED_NO_SELECTED_L2_VERIFIER_RECEIPT
H1_LOCAL_APPLE_M4_MAX_MEASURED_SOURCE,v03-corpus-21,semantic-corpus,swc-v1-020,op-mainnet,evm-b,206024,1377,203979,8193930,14034949,131072,REJECTED_SOURCE_PROVEN_CALLDATA_ALONE_EXCEEDS_SIGNED_TX_LIMIT,16777216,PROJECTED_FEASIBLE_FROM_SOURCE_TOTAL,PROJECTED_REJECTED_SIZE,NOT_EVALUATED_NO_SELECTED_L2_VERIFIER_RECEIPT
H1_LOCAL_APPLE_M4_MAX_MEASURED_SOURCE,v03-corpus-21,semantic-corpus,swc-v1-020,arbitrum-one,evm-a,206024,1377,203979,8193930,16444932,95000,REJECTED_SOURCE_PROVEN_CALLDATA_ALONE_EXCEEDS_SIGNED_TX_LIMIT,32000000,PROJECTED_FEASIBLE_FROM_SOURCE_TOTAL,PROJECTED_REJECTED_SIZE,NOT_EVALUATED_NO_SELECTED_L2_VERIFIER_RECEIPT
H1_LOCAL_APPLE_M4_MAX_MEASURED_SOURCE,v03-corpus-21,semantic-corpus,swc-v1-020,arbitrum-one,evm-b,206024,1377,203979,8193930,14034949,95000,REJECTED_SOURCE_PROVEN_CALLDATA_ALONE_EXCEEDS_SIGNED_TX_LIMIT,32000000,PROJECTED_FEASIBLE_FROM_SOURCE_TOTAL,PROJECTED_REJECTED_SIZE,NOT_EVALUATED_NO_SELECTED_L2_VERIFIER_RECEIPT
H1_LOCAL_APPLE_M4_MAX_MEASURED_SOURCE,v03-corpus-21,semantic-corpus,swc-v1-020,scroll-mainnet,evm-a,206024,1377,203979,8193930,16444932,116736,REJECTED_SOURCE_PROVEN_CALLDATA_ALONE_EXCEEDS_SIGNED_TX_LIMIT,10000000,PROJECTED_INFEASIBLE_FROM_SOURCE_TOTAL,PROJECTED_REJECTED_SIZE,NOT_EVALUATED_NO_SELECTED_L2_VERIFIER_RECEIPT
H1_LOCAL_APPLE_M4_MAX_MEASURED_SOURCE,v03-corpus-21,semantic-corpus,swc-v1-020,scroll-mainnet,evm-b,206024,1377,203979,8193930,14034949,116736,REJECTED_SOURCE_PROVEN_CALLDATA_ALONE_EXCEEDS_SIGNED_TX_LIMIT,10000000,PROJECTED_INFEASIBLE_FROM_SOURCE_TOTAL,PROJECTED_REJECTED_SIZE,NOT_EVALUATED_NO_SELECTED_L2_VERIFIER_RECEIPT
H1_LOCAL_APPLE_M4_MAX_MEASURED_SOURCE,v03-corpus-22,semantic-corpus,swc-v1-021,op-mainnet,evm-a,207048,1323,205049,8236190,16400176,131072,REJECTED_SOURCE_PROVEN_CALLDATA_ALONE_EXCEEDS_SIGNED_TX_LIMIT,16777216,PROJECTED_FEASIBLE_FROM_SOURCE_TOTAL,PROJECTED_REJECTED_SIZE,NOT_EVALUATED_NO_SELECTED_L2_VERIFIER_RECEIPT
H1_LOCAL_APPLE_M4_MAX_MEASURED_SOURCE,v03-corpus-22,semantic-corpus,swc-v1-021,op-mainnet,evm-b,207048,1323,205049,8236190,14106861,131072,REJECTED_SOURCE_PROVEN_CALLDATA_ALONE_EXCEEDS_SIGNED_TX_LIMIT,16777216,PROJECTED_FEASIBLE_FROM_SOURCE_TOTAL,PROJECTED_REJECTED_SIZE,NOT_EVALUATED_NO_SELECTED_L2_VERIFIER_RECEIPT
H1_LOCAL_APPLE_M4_MAX_MEASURED_SOURCE,v03-corpus-22,semantic-corpus,swc-v1-021,arbitrum-one,evm-a,207048,1323,205049,8236190,16400176,95000,REJECTED_SOURCE_PROVEN_CALLDATA_ALONE_EXCEEDS_SIGNED_TX_LIMIT,32000000,PROJECTED_FEASIBLE_FROM_SOURCE_TOTAL,PROJECTED_REJECTED_SIZE,NOT_EVALUATED_NO_SELECTED_L2_VERIFIER_RECEIPT
H1_LOCAL_APPLE_M4_MAX_MEASURED_SOURCE,v03-corpus-22,semantic-corpus,swc-v1-021,arbitrum-one,evm-b,207048,1323,205049,8236190,14106861,95000,REJECTED_SOURCE_PROVEN_CALLDATA_ALONE_EXCEEDS_SIGNED_TX_LIMIT,32000000,PROJECTED_FEASIBLE_FROM_SOURCE_TOTAL,PROJECTED_REJECTED_SIZE,NOT_EVALUATED_NO_SELECTED_L2_VERIFIER_RECEIPT
H1_LOCAL_APPLE_M4_MAX_MEASURED_SOURCE,v03-corpus-22,semantic-corpus,swc-v1-021,scroll-mainnet,evm-a,207048,1323,205049,8236190,16400176,116736,REJECTED_SOURCE_PROVEN_CALLDATA_ALONE_EXCEEDS_SIGNED_TX_LIMIT,10000000,PROJECTED_INFEASIBLE_FROM_SOURCE_TOTAL,PROJECTED_REJECTED_SIZE,NOT_EVALUATED_NO_SELECTED_L2_VERIFIER_RECEIPT
H1_LOCAL_APPLE_M4_MAX_MEASURED_SOURCE,v03-corpus-22,semantic-corpus,swc-v1-021,scroll-mainnet,evm-b,207048,1323,205049,8236190,14106861,116736,REJECTED_SOURCE_PROVEN_CALLDATA_ALONE_EXCEEDS_SIGNED_TX_LIMIT,10000000,PROJECTED_INFEASIBLE_FROM_SOURCE_TOTAL,PROJECTED_REJECTED_SIZE,NOT_EVALUATED_NO_SELECTED_L2_VERIFIER_RECEIPT
H1_LOCAL_APPLE_M4_MAX_MEASURED_SOURCE,v03-corpus-23,semantic-corpus,swc-v1-022,op-mainnet,evm-a,207368,1406,205294,8246820,16502574,131072,REJECTED_SOURCE_PROVEN_CALLDATA_ALONE_EXCEEDS_SIGNED_TX_LIMIT,16777216,PROJECTED_FEASIBLE_FROM_SOURCE_TOTAL,PROJECTED_REJECTED_SIZE,NOT_EVALUATED_NO_SELECTED_L2_VERIFIER_RECEIPT
H1_LOCAL_APPLE_M4_MAX_MEASURED_SOURCE,v03-corpus-23,semantic-corpus,swc-v1-022,op-mainnet,evm-b,207368,1406,205294,8246820,14041228,131072,REJECTED_SOURCE_PROVEN_CALLDATA_ALONE_EXCEEDS_SIGNED_TX_LIMIT,16777216,PROJECTED_FEASIBLE_FROM_SOURCE_TOTAL,PROJECTED_REJECTED_SIZE,NOT_EVALUATED_NO_SELECTED_L2_VERIFIER_RECEIPT
H1_LOCAL_APPLE_M4_MAX_MEASURED_SOURCE,v03-corpus-23,semantic-corpus,swc-v1-022,arbitrum-one,evm-a,207368,1406,205294,8246820,16502574,95000,REJECTED_SOURCE_PROVEN_CALLDATA_ALONE_EXCEEDS_SIGNED_TX_LIMIT,32000000,PROJECTED_FEASIBLE_FROM_SOURCE_TOTAL,PROJECTED_REJECTED_SIZE,NOT_EVALUATED_NO_SELECTED_L2_VERIFIER_RECEIPT
H1_LOCAL_APPLE_M4_MAX_MEASURED_SOURCE,v03-corpus-23,semantic-corpus,swc-v1-022,arbitrum-one,evm-b,207368,1406,205294,8246820,14041228,95000,REJECTED_SOURCE_PROVEN_CALLDATA_ALONE_EXCEEDS_SIGNED_TX_LIMIT,32000000,PROJECTED_FEASIBLE_FROM_SOURCE_TOTAL,PROJECTED_REJECTED_SIZE,NOT_EVALUATED_NO_SELECTED_L2_VERIFIER_RECEIPT
H1_LOCAL_APPLE_M4_MAX_MEASURED_SOURCE,v03-corpus-23,semantic-corpus,swc-v1-022,scroll-mainnet,evm-a,207368,1406,205294,8246820,16502574,116736,REJECTED_SOURCE_PROVEN_CALLDATA_ALONE_EXCEEDS_SIGNED_TX_LIMIT,10000000,PROJECTED_INFEASIBLE_FROM_SOURCE_TOTAL,PROJECTED_REJECTED_SIZE,NOT_EVALUATED_NO_SELECTED_L2_VERIFIER_RECEIPT
H1_LOCAL_APPLE_M4_MAX_MEASURED_SOURCE,v03-corpus-23,semantic-corpus,swc-v1-022,scroll-mainnet,evm-b,207368,1406,205294,8246820,14041228,116736,REJECTED_SOURCE_PROVEN_CALLDATA_ALONE_EXCEEDS_SIGNED_TX_LIMIT,10000000,PROJECTED_INFEASIBLE_FROM_SOURCE_TOTAL,PROJECTED_REJECTED_SIZE,NOT_EVALUATED_NO_SELECTED_L2_VERIFIER_RECEIPT
H1_LOCAL_APPLE_M4_MAX_MEASURED_SOURCE,v03-corpus-24,semantic-corpus,swc-v1-023,op-mainnet,evm-a,210824,1332,208824,8387280,16597490,131072,REJECTED_SOURCE_PROVEN_CALLDATA_ALONE_EXCEEDS_SIGNED_TX_LIMIT,16777216,PROJECTED_FEASIBLE_FROM_SOURCE_TOTAL,PROJECTED_REJECTED_SIZE,NOT_EVALUATED_NO_SELECTED_L2_VERIFIER_RECEIPT
H1_LOCAL_APPLE_M4_MAX_MEASURED_SOURCE,v03-corpus-24,semantic-corpus,swc-v1-023,op-mainnet,evm-b,210824,1332,208824,8387280,14049513,131072,REJECTED_SOURCE_PROVEN_CALLDATA_ALONE_EXCEEDS_SIGNED_TX_LIMIT,16777216,PROJECTED_FEASIBLE_FROM_SOURCE_TOTAL,PROJECTED_REJECTED_SIZE,NOT_EVALUATED_NO_SELECTED_L2_VERIFIER_RECEIPT
H1_LOCAL_APPLE_M4_MAX_MEASURED_SOURCE,v03-corpus-24,semantic-corpus,swc-v1-023,arbitrum-one,evm-a,210824,1332,208824,8387280,16597490,95000,REJECTED_SOURCE_PROVEN_CALLDATA_ALONE_EXCEEDS_SIGNED_TX_LIMIT,32000000,PROJECTED_FEASIBLE_FROM_SOURCE_TOTAL,PROJECTED_REJECTED_SIZE,NOT_EVALUATED_NO_SELECTED_L2_VERIFIER_RECEIPT
H1_LOCAL_APPLE_M4_MAX_MEASURED_SOURCE,v03-corpus-24,semantic-corpus,swc-v1-023,arbitrum-one,evm-b,210824,1332,208824,8387280,14049513,95000,REJECTED_SOURCE_PROVEN_CALLDATA_ALONE_EXCEEDS_SIGNED_TX_LIMIT,32000000,PROJECTED_FEASIBLE_FROM_SOURCE_TOTAL,PROJECTED_REJECTED_SIZE,NOT_EVALUATED_NO_SELECTED_L2_VERIFIER_RECEIPT
H1_LOCAL_APPLE_M4_MAX_MEASURED_SOURCE,v03-corpus-24,semantic-corpus,swc-v1-023,scroll-mainnet,evm-a,210824,1332,208824,8387280,16597490,116736,REJECTED_SOURCE_PROVEN_CALLDATA_ALONE_EXCEEDS_SIGNED_TX_LIMIT,10000000,PROJECTED_INFEASIBLE_FROM_SOURCE_TOTAL,PROJECTED_REJECTED_SIZE,NOT_EVALUATED_NO_SELECTED_L2_VERIFIER_RECEIPT
H1_LOCAL_APPLE_M4_MAX_MEASURED_SOURCE,v03-corpus-24,semantic-corpus,swc-v1-023,scroll-mainnet,evm-b,210824,1332,208824,8387280,14049513,116736,REJECTED_SOURCE_PROVEN_CALLDATA_ALONE_EXCEEDS_SIGNED_TX_LIMIT,10000000,PROJECTED_INFEASIBLE_FROM_SOURCE_TOTAL,PROJECTED_REJECTED_SIZE,NOT_EVALUATED_NO_SELECTED_L2_VERIFIER_RECEIPT
H1_LOCAL_APPLE_M4_MAX_MEASURED_SOURCE,v03-corpus-25,semantic-corpus,swc-v1-024,op-mainnet,evm-a,210696,1345,208683,8381770,16748087,131072,REJECTED_SOURCE_PROVEN_CALLDATA_ALONE_EXCEEDS_SIGNED_TX_LIMIT,16777216,PROJECTED_FEASIBLE_FROM_SOURCE_TOTAL,PROJECTED_REJECTED_SIZE,NOT_EVALUATED_NO_SELECTED_L2_VERIFIER_RECEIPT
H1_LOCAL_APPLE_M4_MAX_MEASURED_SOURCE,v03-corpus-25,semantic-corpus,swc-v1-024,op-mainnet,evm-b,210696,1345,208683,8381770,13943409,131072,REJECTED_SOURCE_PROVEN_CALLDATA_ALONE_EXCEEDS_SIGNED_TX_LIMIT,16777216,PROJECTED_FEASIBLE_FROM_SOURCE_TOTAL,PROJECTED_REJECTED_SIZE,NOT_EVALUATED_NO_SELECTED_L2_VERIFIER_RECEIPT
H1_LOCAL_APPLE_M4_MAX_MEASURED_SOURCE,v03-corpus-25,semantic-corpus,swc-v1-024,arbitrum-one,evm-a,210696,1345,208683,8381770,16748087,95000,REJECTED_SOURCE_PROVEN_CALLDATA_ALONE_EXCEEDS_SIGNED_TX_LIMIT,32000000,PROJECTED_FEASIBLE_FROM_SOURCE_TOTAL,PROJECTED_REJECTED_SIZE,NOT_EVALUATED_NO_SELECTED_L2_VERIFIER_RECEIPT
H1_LOCAL_APPLE_M4_MAX_MEASURED_SOURCE,v03-corpus-25,semantic-corpus,swc-v1-024,arbitrum-one,evm-b,210696,1345,208683,8381770,13943409,95000,REJECTED_SOURCE_PROVEN_CALLDATA_ALONE_EXCEEDS_SIGNED_TX_LIMIT,32000000,PROJECTED_FEASIBLE_FROM_SOURCE_TOTAL,PROJECTED_REJECTED_SIZE,NOT_EVALUATED_NO_SELECTED_L2_VERIFIER_RECEIPT
H1_LOCAL_APPLE_M4_MAX_MEASURED_SOURCE,v03-corpus-25,semantic-corpus,swc-v1-024,scroll-mainnet,evm-a,210696,1345,208683,8381770,16748087,116736,REJECTED_SOURCE_PROVEN_CALLDATA_ALONE_EXCEEDS_SIGNED_TX_LIMIT,10000000,PROJECTED_INFEASIBLE_FROM_SOURCE_TOTAL,PROJECTED_REJECTED_SIZE,NOT_EVALUATED_NO_SELECTED_L2_VERIFIER_RECEIPT
H1_LOCAL_APPLE_M4_MAX_MEASURED_SOURCE,v03-corpus-25,semantic-corpus,swc-v1-024,scroll-mainnet,evm-b,210696,1345,208683,8381770,13943409,116736,REJECTED_SOURCE_PROVEN_CALLDATA_ALONE_EXCEEDS_SIGNED_TX_LIMIT,10000000,PROJECTED_INFEASIBLE_FROM_SOURCE_TOTAL,PROJECTED_REJECTED_SIZE,NOT_EVALUATED_NO_SELECTED_L2_VERIFIER_RECEIPT
H1_LOCAL_APPLE_M4_MAX_MEASURED_SOURCE,v03-corpus-26,semantic-corpus,swc-v1-025,op-mainnet,evm-a,214024,1432,211924,8512280,16778786,131072,REJECTED_SOURCE_PROVEN_CALLDATA_ALONE_EXCEEDS_SIGNED_TX_LIMIT,16777216,PROJECTED_INFEASIBLE_FROM_SOURCE_TOTAL,PROJECTED_REJECTED_SIZE,NOT_EVALUATED_NO_SELECTED_L2_VERIFIER_RECEIPT
H1_LOCAL_APPLE_M4_MAX_MEASURED_SOURCE,v03-corpus-26,semantic-corpus,swc-v1-025,op-mainnet,evm-b,214024,1432,211924,8512280,14027072,131072,REJECTED_SOURCE_PROVEN_CALLDATA_ALONE_EXCEEDS_SIGNED_TX_LIMIT,16777216,PROJECTED_FEASIBLE_FROM_SOURCE_TOTAL,PROJECTED_REJECTED_SIZE,NOT_EVALUATED_NO_SELECTED_L2_VERIFIER_RECEIPT
H1_LOCAL_APPLE_M4_MAX_MEASURED_SOURCE,v03-corpus-26,semantic-corpus,swc-v1-025,arbitrum-one,evm-a,214024,1432,211924,8512280,16778786,95000,REJECTED_SOURCE_PROVEN_CALLDATA_ALONE_EXCEEDS_SIGNED_TX_LIMIT,32000000,PROJECTED_FEASIBLE_FROM_SOURCE_TOTAL,PROJECTED_REJECTED_SIZE,NOT_EVALUATED_NO_SELECTED_L2_VERIFIER_RECEIPT
H1_LOCAL_APPLE_M4_MAX_MEASURED_SOURCE,v03-corpus-26,semantic-corpus,swc-v1-025,arbitrum-one,evm-b,214024,1432,211924,8512280,14027072,95000,REJECTED_SOURCE_PROVEN_CALLDATA_ALONE_EXCEEDS_SIGNED_TX_LIMIT,32000000,PROJECTED_FEASIBLE_FROM_SOURCE_TOTAL,PROJECTED_REJECTED_SIZE,NOT_EVALUATED_NO_SELECTED_L2_VERIFIER_RECEIPT
H1_LOCAL_APPLE_M4_MAX_MEASURED_SOURCE,v03-corpus-26,semantic-corpus,swc-v1-025,scroll-mainnet,evm-a,214024,1432,211924,8512280,16778786,116736,REJECTED_SOURCE_PROVEN_CALLDATA_ALONE_EXCEEDS_SIGNED_TX_LIMIT,10000000,PROJECTED_INFEASIBLE_FROM_SOURCE_TOTAL,PROJECTED_REJECTED_SIZE,NOT_EVALUATED_NO_SELECTED_L2_VERIFIER_RECEIPT
H1_LOCAL_APPLE_M4_MAX_MEASURED_SOURCE,v03-corpus-26,semantic-corpus,swc-v1-025,scroll-mainnet,evm-b,214024,1432,211924,8512280,14027072,116736,REJECTED_SOURCE_PROVEN_CALLDATA_ALONE_EXCEEDS_SIGNED_TX_LIMIT,10000000,PROJECTED_INFEASIBLE_FROM_SOURCE_TOTAL,PROJECTED_REJECTED_SIZE,NOT_EVALUATED_NO_SELECTED_L2_VERIFIER_RECEIPT
H1_LOCAL_APPLE_M4_MAX_MEASURED_SOURCE,v03-corpus-27,semantic-corpus,swc-v1-026,op-mainnet,evm-a,211912,1380,209864,8429360,16717792,131072,REJECTED_SOURCE_PROVEN_CALLDATA_ALONE_EXCEEDS_SIGNED_TX_LIMIT,16777216,PROJECTED_FEASIBLE_FROM_SOURCE_TOTAL,PROJECTED_REJECTED_SIZE,NOT_EVALUATED_NO_SELECTED_L2_VERIFIER_RECEIPT
H1_LOCAL_APPLE_M4_MAX_MEASURED_SOURCE,v03-corpus-27,semantic-corpus,swc-v1-026,op-mainnet,evm-b,211912,1380,209864,8429360,14106130,131072,REJECTED_SOURCE_PROVEN_CALLDATA_ALONE_EXCEEDS_SIGNED_TX_LIMIT,16777216,PROJECTED_FEASIBLE_FROM_SOURCE_TOTAL,PROJECTED_REJECTED_SIZE,NOT_EVALUATED_NO_SELECTED_L2_VERIFIER_RECEIPT
H1_LOCAL_APPLE_M4_MAX_MEASURED_SOURCE,v03-corpus-27,semantic-corpus,swc-v1-026,arbitrum-one,evm-a,211912,1380,209864,8429360,16717792,95000,REJECTED_SOURCE_PROVEN_CALLDATA_ALONE_EXCEEDS_SIGNED_TX_LIMIT,32000000,PROJECTED_FEASIBLE_FROM_SOURCE_TOTAL,PROJECTED_REJECTED_SIZE,NOT_EVALUATED_NO_SELECTED_L2_VERIFIER_RECEIPT
H1_LOCAL_APPLE_M4_MAX_MEASURED_SOURCE,v03-corpus-27,semantic-corpus,swc-v1-026,arbitrum-one,evm-b,211912,1380,209864,8429360,14106130,95000,REJECTED_SOURCE_PROVEN_CALLDATA_ALONE_EXCEEDS_SIGNED_TX_LIMIT,32000000,PROJECTED_FEASIBLE_FROM_SOURCE_TOTAL,PROJECTED_REJECTED_SIZE,NOT_EVALUATED_NO_SELECTED_L2_VERIFIER_RECEIPT
H1_LOCAL_APPLE_M4_MAX_MEASURED_SOURCE,v03-corpus-27,semantic-corpus,swc-v1-026,scroll-mainnet,evm-a,211912,1380,209864,8429360,16717792,116736,REJECTED_SOURCE_PROVEN_CALLDATA_ALONE_EXCEEDS_SIGNED_TX_LIMIT,10000000,PROJECTED_INFEASIBLE_FROM_SOURCE_TOTAL,PROJECTED_REJECTED_SIZE,NOT_EVALUATED_NO_SELECTED_L2_VERIFIER_RECEIPT
H1_LOCAL_APPLE_M4_MAX_MEASURED_SOURCE,v03-corpus-27,semantic-corpus,swc-v1-026,scroll-mainnet,evm-b,211912,1380,209864,8429360,14106130,116736,REJECTED_SOURCE_PROVEN_CALLDATA_ALONE_EXCEEDS_SIGNED_TX_LIMIT,10000000,PROJECTED_INFEASIBLE_FROM_SOURCE_TOTAL,PROJECTED_REJECTED_SIZE,NOT_EVALUATED_NO_SELECTED_L2_VERIFIER_RECEIPT
H1_LOCAL_APPLE_M4_MAX_MEASURED_SOURCE,v03-corpus-28,semantic-corpus,swc-v1-027,op-mainnet,evm-a,211656,1428,209560,8417680,16703939,131072,REJECTED_SOURCE_PROVEN_CALLDATA_ALONE_EXCEEDS_SIGNED_TX_LIMIT,16777216,PROJECTED_FEASIBLE_FROM_SOURCE_TOTAL,PROJECTED_REJECTED_SIZE,NOT_EVALUATED_NO_SELECTED_L2_VERIFIER_RECEIPT
H1_LOCAL_APPLE_M4_MAX_MEASURED_SOURCE,v03-corpus-28,semantic-corpus,swc-v1-027,op-mainnet,evm-b,211656,1428,209560,8417680,13952078,131072,REJECTED_SOURCE_PROVEN_CALLDATA_ALONE_EXCEEDS_SIGNED_TX_LIMIT,16777216,PROJECTED_FEASIBLE_FROM_SOURCE_TOTAL,PROJECTED_REJECTED_SIZE,NOT_EVALUATED_NO_SELECTED_L2_VERIFIER_RECEIPT
H1_LOCAL_APPLE_M4_MAX_MEASURED_SOURCE,v03-corpus-28,semantic-corpus,swc-v1-027,arbitrum-one,evm-a,211656,1428,209560,8417680,16703939,95000,REJECTED_SOURCE_PROVEN_CALLDATA_ALONE_EXCEEDS_SIGNED_TX_LIMIT,32000000,PROJECTED_FEASIBLE_FROM_SOURCE_TOTAL,PROJECTED_REJECTED_SIZE,NOT_EVALUATED_NO_SELECTED_L2_VERIFIER_RECEIPT
H1_LOCAL_APPLE_M4_MAX_MEASURED_SOURCE,v03-corpus-28,semantic-corpus,swc-v1-027,arbitrum-one,evm-b,211656,1428,209560,8417680,13952078,95000,REJECTED_SOURCE_PROVEN_CALLDATA_ALONE_EXCEEDS_SIGNED_TX_LIMIT,32000000,PROJECTED_FEASIBLE_FROM_SOURCE_TOTAL,PROJECTED_REJECTED_SIZE,NOT_EVALUATED_NO_SELECTED_L2_VERIFIER_RECEIPT
H1_LOCAL_APPLE_M4_MAX_MEASURED_SOURCE,v03-corpus-28,semantic-corpus,swc-v1-027,scroll-mainnet,evm-a,211656,1428,209560,8417680,16703939,116736,REJECTED_SOURCE_PROVEN_CALLDATA_ALONE_EXCEEDS_SIGNED_TX_LIMIT,10000000,PROJECTED_INFEASIBLE_FROM_SOURCE_TOTAL,PROJECTED_REJECTED_SIZE,NOT_EVALUATED_NO_SELECTED_L2_VERIFIER_RECEIPT
H1_LOCAL_APPLE_M4_MAX_MEASURED_SOURCE,v03-corpus-28,semantic-corpus,swc-v1-027,scroll-mainnet,evm-b,211656,1428,209560,8417680,13952078,116736,REJECTED_SOURCE_PROVEN_CALLDATA_ALONE_EXCEEDS_SIGNED_TX_LIMIT,10000000,PROJECTED_INFEASIBLE_FROM_SOURCE_TOTAL,PROJECTED_REJECTED_SIZE,NOT_EVALUATED_NO_SELECTED_L2_VERIFIER_RECEIPT
H1_LOCAL_APPLE_M4_MAX_MEASURED_SOURCE,v03-corpus-29,semantic-corpus,swc-v1-028,op-mainnet,evm-a,211464,1343,209453,8412550,16845125,131072,REJECTED_SOURCE_PROVEN_CALLDATA_ALONE_EXCEEDS_SIGNED_TX_LIMIT,16777216,PROJECTED_INFEASIBLE_FROM_SOURCE_TOTAL,PROJECTED_REJECTED_SIZE,NOT_EVALUATED_NO_SELECTED_L2_VERIFIER_RECEIPT
H1_LOCAL_APPLE_M4_MAX_MEASURED_SOURCE,v03-corpus-29,semantic-corpus,swc-v1-028,op-mainnet,evm-b,211464,1343,209453,8412550,13975148,131072,REJECTED_SOURCE_PROVEN_CALLDATA_ALONE_EXCEEDS_SIGNED_TX_LIMIT,16777216,PROJECTED_FEASIBLE_FROM_SOURCE_TOTAL,PROJECTED_REJECTED_SIZE,NOT_EVALUATED_NO_SELECTED_L2_VERIFIER_RECEIPT
H1_LOCAL_APPLE_M4_MAX_MEASURED_SOURCE,v03-corpus-29,semantic-corpus,swc-v1-028,arbitrum-one,evm-a,211464,1343,209453,8412550,16845125,95000,REJECTED_SOURCE_PROVEN_CALLDATA_ALONE_EXCEEDS_SIGNED_TX_LIMIT,32000000,PROJECTED_FEASIBLE_FROM_SOURCE_TOTAL,PROJECTED_REJECTED_SIZE,NOT_EVALUATED_NO_SELECTED_L2_VERIFIER_RECEIPT
H1_LOCAL_APPLE_M4_MAX_MEASURED_SOURCE,v03-corpus-29,semantic-corpus,swc-v1-028,arbitrum-one,evm-b,211464,1343,209453,8412550,13975148,95000,REJECTED_SOURCE_PROVEN_CALLDATA_ALONE_EXCEEDS_SIGNED_TX_LIMIT,32000000,PROJECTED_FEASIBLE_FROM_SOURCE_TOTAL,PROJECTED_REJECTED_SIZE,NOT_EVALUATED_NO_SELECTED_L2_VERIFIER_RECEIPT
H1_LOCAL_APPLE_M4_MAX_MEASURED_SOURCE,v03-corpus-29,semantic-corpus,swc-v1-028,scroll-mainnet,evm-a,211464,1343,209453,8412550,16845125,116736,REJECTED_SOURCE_PROVEN_CALLDATA_ALONE_EXCEEDS_SIGNED_TX_LIMIT,10000000,PROJECTED_INFEASIBLE_FROM_SOURCE_TOTAL,PROJECTED_REJECTED_SIZE,NOT_EVALUATED_NO_SELECTED_L2_VERIFIER_RECEIPT
H1_LOCAL_APPLE_M4_MAX_MEASURED_SOURCE,v03-corpus-29,semantic-corpus,swc-v1-028,scroll-mainnet,evm-b,211464,1343,209453,8412550,13975148,116736,REJECTED_SOURCE_PROVEN_CALLDATA_ALONE_EXCEEDS_SIGNED_TX_LIMIT,10000000,PROJECTED_INFEASIBLE_FROM_SOURCE_TOTAL,PROJECTED_REJECTED_SIZE,NOT_EVALUATED_NO_SELECTED_L2_VERIFIER_RECEIPT
H1_LOCAL_APPLE_M4_MAX_MEASURED_SOURCE,v03-corpus-30,semantic-corpus,swc-v1-029,op-mainnet,evm-a,213192,1359,211165,8481190,16515782,131072,REJECTED_SOURCE_PROVEN_CALLDATA_ALONE_EXCEEDS_SIGNED_TX_LIMIT,16777216,PROJECTED_FEASIBLE_FROM_SOURCE_TOTAL,PROJECTED_REJECTED_SIZE,NOT_EVALUATED_NO_SELECTED_L2_VERIFIER_RECEIPT
H1_LOCAL_APPLE_M4_MAX_MEASURED_SOURCE,v03-corpus-30,semantic-corpus,swc-v1-029,op-mainnet,evm-b,213192,1359,211165,8481190,14131266,131072,REJECTED_SOURCE_PROVEN_CALLDATA_ALONE_EXCEEDS_SIGNED_TX_LIMIT,16777216,PROJECTED_FEASIBLE_FROM_SOURCE_TOTAL,PROJECTED_REJECTED_SIZE,NOT_EVALUATED_NO_SELECTED_L2_VERIFIER_RECEIPT
H1_LOCAL_APPLE_M4_MAX_MEASURED_SOURCE,v03-corpus-30,semantic-corpus,swc-v1-029,arbitrum-one,evm-a,213192,1359,211165,8481190,16515782,95000,REJECTED_SOURCE_PROVEN_CALLDATA_ALONE_EXCEEDS_SIGNED_TX_LIMIT,32000000,PROJECTED_FEASIBLE_FROM_SOURCE_TOTAL,PROJECTED_REJECTED_SIZE,NOT_EVALUATED_NO_SELECTED_L2_VERIFIER_RECEIPT
H1_LOCAL_APPLE_M4_MAX_MEASURED_SOURCE,v03-corpus-30,semantic-corpus,swc-v1-029,arbitrum-one,evm-b,213192,1359,211165,8481190,14131266,95000,REJECTED_SOURCE_PROVEN_CALLDATA_ALONE_EXCEEDS_SIGNED_TX_LIMIT,32000000,PROJECTED_FEASIBLE_FROM_SOURCE_TOTAL,PROJECTED_REJECTED_SIZE,NOT_EVALUATED_NO_SELECTED_L2_VERIFIER_RECEIPT
H1_LOCAL_APPLE_M4_MAX_MEASURED_SOURCE,v03-corpus-30,semantic-corpus,swc-v1-029,scroll-mainnet,evm-a,213192,1359,211165,8481190,16515782,116736,REJECTED_SOURCE_PROVEN_CALLDATA_ALONE_EXCEEDS_SIGNED_TX_LIMIT,10000000,PROJECTED_INFEASIBLE_FROM_SOURCE_TOTAL,PROJECTED_REJECTED_SIZE,NOT_EVALUATED_NO_SELECTED_L2_VERIFIER_RECEIPT
H1_LOCAL_APPLE_M4_MAX_MEASURED_SOURCE,v03-corpus-30,semantic-corpus,swc-v1-029,scroll-mainnet,evm-b,213192,1359,211165,8481190,14131266,116736,REJECTED_SOURCE_PROVEN_CALLDATA_ALONE_EXCEEDS_SIGNED_TX_LIMIT,10000000,PROJECTED_INFEASIBLE_FROM_SOURCE_TOTAL,PROJECTED_REJECTED_SIZE,NOT_EVALUATED_NO_SELECTED_L2_VERIFIER_RECEIPT
H1_LOCAL_APPLE_M4_MAX_MEASURED_SOURCE,v03-fixed-01,fixed-baseline,fixed-baseline,op-mainnet,evm-a,212872,1322,210882,8469500,16742112,131072,REJECTED_SOURCE_PROVEN_CALLDATA_ALONE_EXCEEDS_SIGNED_TX_LIMIT,16777216,PROJECTED_FEASIBLE_FROM_SOURCE_TOTAL,PROJECTED_REJECTED_SIZE,NOT_EVALUATED_NO_SELECTED_L2_VERIFIER_RECEIPT
H1_LOCAL_APPLE_M4_MAX_MEASURED_SOURCE,v03-fixed-01,fixed-baseline,fixed-baseline,op-mainnet,evm-b,212872,1322,210882,8469500,13943756,131072,REJECTED_SOURCE_PROVEN_CALLDATA_ALONE_EXCEEDS_SIGNED_TX_LIMIT,16777216,PROJECTED_FEASIBLE_FROM_SOURCE_TOTAL,PROJECTED_REJECTED_SIZE,NOT_EVALUATED_NO_SELECTED_L2_VERIFIER_RECEIPT
H1_LOCAL_APPLE_M4_MAX_MEASURED_SOURCE,v03-fixed-01,fixed-baseline,fixed-baseline,arbitrum-one,evm-a,212872,1322,210882,8469500,16742112,95000,REJECTED_SOURCE_PROVEN_CALLDATA_ALONE_EXCEEDS_SIGNED_TX_LIMIT,32000000,PROJECTED_FEASIBLE_FROM_SOURCE_TOTAL,PROJECTED_REJECTED_SIZE,NOT_EVALUATED_NO_SELECTED_L2_VERIFIER_RECEIPT
H1_LOCAL_APPLE_M4_MAX_MEASURED_SOURCE,v03-fixed-01,fixed-baseline,fixed-baseline,arbitrum-one,evm-b,212872,1322,210882,8469500,13943756,95000,REJECTED_SOURCE_PROVEN_CALLDATA_ALONE_EXCEEDS_SIGNED_TX_LIMIT,32000000,PROJECTED_FEASIBLE_FROM_SOURCE_TOTAL,PROJECTED_REJECTED_SIZE,NOT_EVALUATED_NO_SELECTED_L2_VERIFIER_RECEIPT
H1_LOCAL_APPLE_M4_MAX_MEASURED_SOURCE,v03-fixed-01,fixed-baseline,fixed-baseline,scroll-mainnet,evm-a,212872,1322,210882,8469500,16742112,116736,REJECTED_SOURCE_PROVEN_CALLDATA_ALONE_EXCEEDS_SIGNED_TX_LIMIT,10000000,PROJECTED_INFEASIBLE_FROM_SOURCE_TOTAL,PROJECTED_REJECTED_SIZE,NOT_EVALUATED_NO_SELECTED_L2_VERIFIER_RECEIPT
H1_LOCAL_APPLE_M4_MAX_MEASURED_SOURCE,v03-fixed-01,fixed-baseline,fixed-baseline,scroll-mainnet,evm-b,212872,1322,210882,8469500,13943756,116736,REJECTED_SOURCE_PROVEN_CALLDATA_ALONE_EXCEEDS_SIGNED_TX_LIMIT,10000000,PROJECTED_INFEASIBLE_FROM_SOURCE_TOTAL,PROJECTED_REJECTED_SIZE,NOT_EVALUATED_NO_SELECTED_L2_VERIFIER_RECEIPT
H1_LOCAL_APPLE_M4_MAX_MEASURED_SOURCE,v03-fixed-02,fixed-baseline,fixed-baseline,op-mainnet,evm-a,209032,1340,207024,8315360,16821322,131072,REJECTED_SOURCE_PROVEN_CALLDATA_ALONE_EXCEEDS_SIGNED_TX_LIMIT,16777216,PROJECTED_INFEASIBLE_FROM_SOURCE_TOTAL,PROJECTED_REJECTED_SIZE,NOT_EVALUATED_NO_SELECTED_L2_VERIFIER_RECEIPT
H1_LOCAL_APPLE_M4_MAX_MEASURED_SOURCE,v03-fixed-02,fixed-baseline,fixed-baseline,op-mainnet,evm-b,209032,1340,207024,8315360,13820687,131072,REJECTED_SOURCE_PROVEN_CALLDATA_ALONE_EXCEEDS_SIGNED_TX_LIMIT,16777216,PROJECTED_FEASIBLE_FROM_SOURCE_TOTAL,PROJECTED_REJECTED_SIZE,NOT_EVALUATED_NO_SELECTED_L2_VERIFIER_RECEIPT
H1_LOCAL_APPLE_M4_MAX_MEASURED_SOURCE,v03-fixed-02,fixed-baseline,fixed-baseline,arbitrum-one,evm-a,209032,1340,207024,8315360,16821322,95000,REJECTED_SOURCE_PROVEN_CALLDATA_ALONE_EXCEEDS_SIGNED_TX_LIMIT,32000000,PROJECTED_FEASIBLE_FROM_SOURCE_TOTAL,PROJECTED_REJECTED_SIZE,NOT_EVALUATED_NO_SELECTED_L2_VERIFIER_RECEIPT
H1_LOCAL_APPLE_M4_MAX_MEASURED_SOURCE,v03-fixed-02,fixed-baseline,fixed-baseline,arbitrum-one,evm-b,209032,1340,207024,8315360,13820687,95000,REJECTED_SOURCE_PROVEN_CALLDATA_ALONE_EXCEEDS_SIGNED_TX_LIMIT,32000000,PROJECTED_FEASIBLE_FROM_SOURCE_TOTAL,PROJECTED_REJECTED_SIZE,NOT_EVALUATED_NO_SELECTED_L2_VERIFIER_RECEIPT
H1_LOCAL_APPLE_M4_MAX_MEASURED_SOURCE,v03-fixed-02,fixed-baseline,fixed-baseline,scroll-mainnet,evm-a,209032,1340,207024,8315360,16821322,116736,REJECTED_SOURCE_PROVEN_CALLDATA_ALONE_EXCEEDS_SIGNED_TX_LIMIT,10000000,PROJECTED_INFEASIBLE_FROM_SOURCE_TOTAL,PROJECTED_REJECTED_SIZE,NOT_EVALUATED_NO_SELECTED_L2_VERIFIER_RECEIPT
H1_LOCAL_APPLE_M4_MAX_MEASURED_SOURCE,v03-fixed-02,fixed-baseline,fixed-baseline,scroll-mainnet,evm-b,209032,1340,207024,8315360,13820687,116736,REJECTED_SOURCE_PROVEN_CALLDATA_ALONE_EXCEEDS_SIGNED_TX_LIMIT,10000000,PROJECTED_INFEASIBLE_FROM_SOURCE_TOTAL,PROJECTED_REJECTED_SIZE,NOT_EVALUATED_NO_SELECTED_L2_VERIFIER_RECEIPT
H1_LOCAL_APPLE_M4_MAX_MEASURED_SOURCE,v03-fixed-03,fixed-baseline,fixed-baseline,op-mainnet,evm-a,212936,1305,210963,8472570,16884718,131072,REJECTED_SOURCE_PROVEN_CALLDATA_ALONE_EXCEEDS_SIGNED_TX_LIMIT,16777216,PROJECTED_INFEASIBLE_FROM_SOURCE_TOTAL,PROJECTED_REJECTED_SIZE,NOT_EVALUATED_NO_SELECTED_L2_VERIFIER_RECEIPT
H1_LOCAL_APPLE_M4_MAX_MEASURED_SOURCE,v03-fixed-03,fixed-baseline,fixed-baseline,op-mainnet,evm-b,212936,1305,210963,8472570,13914651,131072,REJECTED_SOURCE_PROVEN_CALLDATA_ALONE_EXCEEDS_SIGNED_TX_LIMIT,16777216,PROJECTED_FEASIBLE_FROM_SOURCE_TOTAL,PROJECTED_REJECTED_SIZE,NOT_EVALUATED_NO_SELECTED_L2_VERIFIER_RECEIPT
H1_LOCAL_APPLE_M4_MAX_MEASURED_SOURCE,v03-fixed-03,fixed-baseline,fixed-baseline,arbitrum-one,evm-a,212936,1305,210963,8472570,16884718,95000,REJECTED_SOURCE_PROVEN_CALLDATA_ALONE_EXCEEDS_SIGNED_TX_LIMIT,32000000,PROJECTED_FEASIBLE_FROM_SOURCE_TOTAL,PROJECTED_REJECTED_SIZE,NOT_EVALUATED_NO_SELECTED_L2_VERIFIER_RECEIPT
H1_LOCAL_APPLE_M4_MAX_MEASURED_SOURCE,v03-fixed-03,fixed-baseline,fixed-baseline,arbitrum-one,evm-b,212936,1305,210963,8472570,13914651,95000,REJECTED_SOURCE_PROVEN_CALLDATA_ALONE_EXCEEDS_SIGNED_TX_LIMIT,32000000,PROJECTED_FEASIBLE_FROM_SOURCE_TOTAL,PROJECTED_REJECTED_SIZE,NOT_EVALUATED_NO_SELECTED_L2_VERIFIER_RECEIPT
H1_LOCAL_APPLE_M4_MAX_MEASURED_SOURCE,v03-fixed-03,fixed-baseline,fixed-baseline,scroll-mainnet,evm-a,212936,1305,210963,8472570,16884718,116736,REJECTED_SOURCE_PROVEN_CALLDATA_ALONE_EXCEEDS_SIGNED_TX_LIMIT,10000000,PROJECTED_INFEASIBLE_FROM_SOURCE_TOTAL,PROJECTED_REJECTED_SIZE,NOT_EVALUATED_NO_SELECTED_L2_VERIFIER_RECEIPT
H1_LOCAL_APPLE_M4_MAX_MEASURED_SOURCE,v03-fixed-03,fixed-baseline,fixed-baseline,scroll-mainnet,evm-b,212936,1305,210963,8472570,13914651,116736,REJECTED_SOURCE_PROVEN_CALLDATA_ALONE_EXCEEDS_SIGNED_TX_LIMIT,10000000,PROJECTED_INFEASIBLE_FROM_SOURCE_TOTAL,PROJECTED_REJECTED_SIZE,NOT_EVALUATED_NO_SELECTED_L2_VERIFIER_RECEIPT
H1_LOCAL_APPLE_M4_MAX_MEASURED_SOURCE,v03-fixed-04,fixed-baseline,fixed-baseline,op-mainnet,evm-a,212680,1405,210607,8459330,16687687,131072,REJECTED_SOURCE_PROVEN_CALLDATA_ALONE_EXCEEDS_SIGNED_TX_LIMIT,16777216,PROJECTED_FEASIBLE_FROM_SOURCE_TOTAL,PROJECTED_REJECTED_SIZE,NOT_EVALUATED_NO_SELECTED_L2_VERIFIER_RECEIPT
H1_LOCAL_APPLE_M4_MAX_MEASURED_SOURCE,v03-fixed-04,fixed-baseline,fixed-baseline,op-mainnet,evm-b,212680,1405,210607,8459330,14152436,131072,REJECTED_SOURCE_PROVEN_CALLDATA_ALONE_EXCEEDS_SIGNED_TX_LIMIT,16777216,PROJECTED_FEASIBLE_FROM_SOURCE_TOTAL,PROJECTED_REJECTED_SIZE,NOT_EVALUATED_NO_SELECTED_L2_VERIFIER_RECEIPT
H1_LOCAL_APPLE_M4_MAX_MEASURED_SOURCE,v03-fixed-04,fixed-baseline,fixed-baseline,arbitrum-one,evm-a,212680,1405,210607,8459330,16687687,95000,REJECTED_SOURCE_PROVEN_CALLDATA_ALONE_EXCEEDS_SIGNED_TX_LIMIT,32000000,PROJECTED_FEASIBLE_FROM_SOURCE_TOTAL,PROJECTED_REJECTED_SIZE,NOT_EVALUATED_NO_SELECTED_L2_VERIFIER_RECEIPT
H1_LOCAL_APPLE_M4_MAX_MEASURED_SOURCE,v03-fixed-04,fixed-baseline,fixed-baseline,arbitrum-one,evm-b,212680,1405,210607,8459330,14152436,95000,REJECTED_SOURCE_PROVEN_CALLDATA_ALONE_EXCEEDS_SIGNED_TX_LIMIT,32000000,PROJECTED_FEASIBLE_FROM_SOURCE_TOTAL,PROJECTED_REJECTED_SIZE,NOT_EVALUATED_NO_SELECTED_L2_VERIFIER_RECEIPT
H1_LOCAL_APPLE_M4_MAX_MEASURED_SOURCE,v03-fixed-04,fixed-baseline,fixed-baseline,scroll-mainnet,evm-a,212680,1405,210607,8459330,16687687,116736,REJECTED_SOURCE_PROVEN_CALLDATA_ALONE_EXCEEDS_SIGNED_TX_LIMIT,10000000,PROJECTED_INFEASIBLE_FROM_SOURCE_TOTAL,PROJECTED_REJECTED_SIZE,NOT_EVALUATED_NO_SELECTED_L2_VERIFIER_RECEIPT
H1_LOCAL_APPLE_M4_MAX_MEASURED_SOURCE,v03-fixed-04,fixed-baseline,fixed-baseline,scroll-mainnet,evm-b,212680,1405,210607,8459330,14152436,116736,REJECTED_SOURCE_PROVEN_CALLDATA_ALONE_EXCEEDS_SIGNED_TX_LIMIT,10000000,PROJECTED_INFEASIBLE_FROM_SOURCE_TOTAL,PROJECTED_REJECTED_SIZE,NOT_EVALUATED_NO_SELECTED_L2_VERIFIER_RECEIPT
H1_LOCAL_APPLE_M4_MAX_MEASURED_SOURCE,v03-fixed-05,fixed-baseline,fixed-baseline,op-mainnet,evm-a,210440,1392,208380,8370120,16568521,131072,REJECTED_SOURCE_PROVEN_CALLDATA_ALONE_EXCEEDS_SIGNED_TX_LIMIT,16777216,PROJECTED_FEASIBLE_FROM_SOURCE_TOTAL,PROJECTED_REJECTED_SIZE,NOT_EVALUATED_NO_SELECTED_L2_VERIFIER_RECEIPT
H1_LOCAL_APPLE_M4_MAX_MEASURED_SOURCE,v03-fixed-05,fixed-baseline,fixed-baseline,op-mainnet,evm-b,210440,1392,208380,8370120,14016797,131072,REJECTED_SOURCE_PROVEN_CALLDATA_ALONE_EXCEEDS_SIGNED_TX_LIMIT,16777216,PROJECTED_FEASIBLE_FROM_SOURCE_TOTAL,PROJECTED_REJECTED_SIZE,NOT_EVALUATED_NO_SELECTED_L2_VERIFIER_RECEIPT
H1_LOCAL_APPLE_M4_MAX_MEASURED_SOURCE,v03-fixed-05,fixed-baseline,fixed-baseline,arbitrum-one,evm-a,210440,1392,208380,8370120,16568521,95000,REJECTED_SOURCE_PROVEN_CALLDATA_ALONE_EXCEEDS_SIGNED_TX_LIMIT,32000000,PROJECTED_FEASIBLE_FROM_SOURCE_TOTAL,PROJECTED_REJECTED_SIZE,NOT_EVALUATED_NO_SELECTED_L2_VERIFIER_RECEIPT
H1_LOCAL_APPLE_M4_MAX_MEASURED_SOURCE,v03-fixed-05,fixed-baseline,fixed-baseline,arbitrum-one,evm-b,210440,1392,208380,8370120,14016797,95000,REJECTED_SOURCE_PROVEN_CALLDATA_ALONE_EXCEEDS_SIGNED_TX_LIMIT,32000000,PROJECTED_FEASIBLE_FROM_SOURCE_TOTAL,PROJECTED_REJECTED_SIZE,NOT_EVALUATED_NO_SELECTED_L2_VERIFIER_RECEIPT
H1_LOCAL_APPLE_M4_MAX_MEASURED_SOURCE,v03-fixed-05,fixed-baseline,fixed-baseline,scroll-mainnet,evm-a,210440,1392,208380,8370120,16568521,116736,REJECTED_SOURCE_PROVEN_CALLDATA_ALONE_EXCEEDS_SIGNED_TX_LIMIT,10000000,PROJECTED_INFEASIBLE_FROM_SOURCE_TOTAL,PROJECTED_REJECTED_SIZE,NOT_EVALUATED_NO_SELECTED_L2_VERIFIER_RECEIPT
H1_LOCAL_APPLE_M4_MAX_MEASURED_SOURCE,v03-fixed-05,fixed-baseline,fixed-baseline,scroll-mainnet,evm-b,210440,1392,208380,8370120,14016797,116736,REJECTED_SOURCE_PROVEN_CALLDATA_ALONE_EXCEEDS_SIGNED_TX_LIMIT,10000000,PROJECTED_INFEASIBLE_FROM_SOURCE_TOTAL,PROJECTED_REJECTED_SIZE,NOT_EVALUATED_NO_SELECTED_L2_VERIFIER_RECEIPT
H1_LOCAL_APPLE_M4_MAX_MEASURED_SOURCE,v03-fixed-06,fixed-baseline,fixed-baseline,op-mainnet,evm-a,198728,1336,196716,7903000,16620761,131072,REJECTED_SOURCE_PROVEN_CALLDATA_ALONE_EXCEEDS_SIGNED_TX_LIMIT,16777216,PROJECTED_FEASIBLE_FROM_SOURCE_TOTAL,PROJECTED_REJECTED_SIZE,NOT_EVALUATED_NO_SELECTED_L2_VERIFIER_RECEIPT
H1_LOCAL_APPLE_M4_MAX_MEASURED_SOURCE,v03-fixed-06,fixed-baseline,fixed-baseline,op-mainnet,evm-b,198728,1336,196716,7903000,13333063,131072,REJECTED_SOURCE_PROVEN_CALLDATA_ALONE_EXCEEDS_SIGNED_TX_LIMIT,16777216,PROJECTED_FEASIBLE_FROM_SOURCE_TOTAL,PROJECTED_REJECTED_SIZE,NOT_EVALUATED_NO_SELECTED_L2_VERIFIER_RECEIPT
H1_LOCAL_APPLE_M4_MAX_MEASURED_SOURCE,v03-fixed-06,fixed-baseline,fixed-baseline,arbitrum-one,evm-a,198728,1336,196716,7903000,16620761,95000,REJECTED_SOURCE_PROVEN_CALLDATA_ALONE_EXCEEDS_SIGNED_TX_LIMIT,32000000,PROJECTED_FEASIBLE_FROM_SOURCE_TOTAL,PROJECTED_REJECTED_SIZE,NOT_EVALUATED_NO_SELECTED_L2_VERIFIER_RECEIPT
H1_LOCAL_APPLE_M4_MAX_MEASURED_SOURCE,v03-fixed-06,fixed-baseline,fixed-baseline,arbitrum-one,evm-b,198728,1336,196716,7903000,13333063,95000,REJECTED_SOURCE_PROVEN_CALLDATA_ALONE_EXCEEDS_SIGNED_TX_LIMIT,32000000,PROJECTED_FEASIBLE_FROM_SOURCE_TOTAL,PROJECTED_REJECTED_SIZE,NOT_EVALUATED_NO_SELECTED_L2_VERIFIER_RECEIPT
H1_LOCAL_APPLE_M4_MAX_MEASURED_SOURCE,v03-fixed-06,fixed-baseline,fixed-baseline,scroll-mainnet,evm-a,198728,1336,196716,7903000,16620761,116736,REJECTED_SOURCE_PROVEN_CALLDATA_ALONE_EXCEEDS_SIGNED_TX_LIMIT,10000000,PROJECTED_INFEASIBLE_FROM_SOURCE_TOTAL,PROJECTED_REJECTED_SIZE,NOT_EVALUATED_NO_SELECTED_L2_VERIFIER_RECEIPT
H1_LOCAL_APPLE_M4_MAX_MEASURED_SOURCE,v03-fixed-06,fixed-baseline,fixed-baseline,scroll-mainnet,evm-b,198728,1336,196716,7903000,13333063,116736,REJECTED_SOURCE_PROVEN_CALLDATA_ALONE_EXCEEDS_SIGNED_TX_LIMIT,10000000,PROJECTED_INFEASIBLE_FROM_SOURCE_TOTAL,PROJECTED_REJECTED_SIZE,NOT_EVALUATED_NO_SELECTED_L2_VERIFIER_RECEIPT
H1_LOCAL_APPLE_M4_MAX_MEASURED_SOURCE,v03-fixed-07,fixed-baseline,fixed-baseline,op-mainnet,evm-a,210312,1331,208313,8366830,16808479,131072,REJECTED_SOURCE_PROVEN_CALLDATA_ALONE_EXCEEDS_SIGNED_TX_LIMIT,16777216,PROJECTED_INFEASIBLE_FROM_SOURCE_TOTAL,PROJECTED_REJECTED_SIZE,NOT_EVALUATED_NO_SELECTED_L2_VERIFIER_RECEIPT
H1_LOCAL_APPLE_M4_MAX_MEASURED_SOURCE,v03-fixed-07,fixed-baseline,fixed-baseline,op-mainnet,evm-b,210312,1331,208313,8366830,13875731,131072,REJECTED_SOURCE_PROVEN_CALLDATA_ALONE_EXCEEDS_SIGNED_TX_LIMIT,16777216,PROJECTED_FEASIBLE_FROM_SOURCE_TOTAL,PROJECTED_REJECTED_SIZE,NOT_EVALUATED_NO_SELECTED_L2_VERIFIER_RECEIPT
H1_LOCAL_APPLE_M4_MAX_MEASURED_SOURCE,v03-fixed-07,fixed-baseline,fixed-baseline,arbitrum-one,evm-a,210312,1331,208313,8366830,16808479,95000,REJECTED_SOURCE_PROVEN_CALLDATA_ALONE_EXCEEDS_SIGNED_TX_LIMIT,32000000,PROJECTED_FEASIBLE_FROM_SOURCE_TOTAL,PROJECTED_REJECTED_SIZE,NOT_EVALUATED_NO_SELECTED_L2_VERIFIER_RECEIPT
H1_LOCAL_APPLE_M4_MAX_MEASURED_SOURCE,v03-fixed-07,fixed-baseline,fixed-baseline,arbitrum-one,evm-b,210312,1331,208313,8366830,13875731,95000,REJECTED_SOURCE_PROVEN_CALLDATA_ALONE_EXCEEDS_SIGNED_TX_LIMIT,32000000,PROJECTED_FEASIBLE_FROM_SOURCE_TOTAL,PROJECTED_REJECTED_SIZE,NOT_EVALUATED_NO_SELECTED_L2_VERIFIER_RECEIPT
H1_LOCAL_APPLE_M4_MAX_MEASURED_SOURCE,v03-fixed-07,fixed-baseline,fixed-baseline,scroll-mainnet,evm-a,210312,1331,208313,8366830,16808479,116736,REJECTED_SOURCE_PROVEN_CALLDATA_ALONE_EXCEEDS_SIGNED_TX_LIMIT,10000000,PROJECTED_INFEASIBLE_FROM_SOURCE_TOTAL,PROJECTED_REJECTED_SIZE,NOT_EVALUATED_NO_SELECTED_L2_VERIFIER_RECEIPT
H1_LOCAL_APPLE_M4_MAX_MEASURED_SOURCE,v03-fixed-07,fixed-baseline,fixed-baseline,scroll-mainnet,evm-b,210312,1331,208313,8366830,13875731,116736,REJECTED_SOURCE_PROVEN_CALLDATA_ALONE_EXCEEDS_SIGNED_TX_LIMIT,10000000,PROJECTED_INFEASIBLE_FROM_SOURCE_TOTAL,PROJECTED_REJECTED_SIZE,NOT_EVALUATED_NO_SELECTED_L2_VERIFIER_RECEIPT
H1_LOCAL_APPLE_M4_MAX_MEASURED_SOURCE,v03-fixed-08,fixed-baseline,fixed-baseline,op-mainnet,evm-a,208456,1331,206457,8292590,16658947,131072,REJECTED_SOURCE_PROVEN_CALLDATA_ALONE_EXCEEDS_SIGNED_TX_LIMIT,16777216,PROJECTED_FEASIBLE_FROM_SOURCE_TOTAL,PROJECTED_REJECTED_SIZE,NOT_EVALUATED_NO_SELECTED_L2_VERIFIER_RECEIPT
H1_LOCAL_APPLE_M4_MAX_MEASURED_SOURCE,v03-fixed-08,fixed-baseline,fixed-baseline,op-mainnet,evm-b,208456,1331,206457,8292590,13961266,131072,REJECTED_SOURCE_PROVEN_CALLDATA_ALONE_EXCEEDS_SIGNED_TX_LIMIT,16777216,PROJECTED_FEASIBLE_FROM_SOURCE_TOTAL,PROJECTED_REJECTED_SIZE,NOT_EVALUATED_NO_SELECTED_L2_VERIFIER_RECEIPT
H1_LOCAL_APPLE_M4_MAX_MEASURED_SOURCE,v03-fixed-08,fixed-baseline,fixed-baseline,arbitrum-one,evm-a,208456,1331,206457,8292590,16658947,95000,REJECTED_SOURCE_PROVEN_CALLDATA_ALONE_EXCEEDS_SIGNED_TX_LIMIT,32000000,PROJECTED_FEASIBLE_FROM_SOURCE_TOTAL,PROJECTED_REJECTED_SIZE,NOT_EVALUATED_NO_SELECTED_L2_VERIFIER_RECEIPT
H1_LOCAL_APPLE_M4_MAX_MEASURED_SOURCE,v03-fixed-08,fixed-baseline,fixed-baseline,arbitrum-one,evm-b,208456,1331,206457,8292590,13961266,95000,REJECTED_SOURCE_PROVEN_CALLDATA_ALONE_EXCEEDS_SIGNED_TX_LIMIT,32000000,PROJECTED_FEASIBLE_FROM_SOURCE_TOTAL,PROJECTED_REJECTED_SIZE,NOT_EVALUATED_NO_SELECTED_L2_VERIFIER_RECEIPT
H1_LOCAL_APPLE_M4_MAX_MEASURED_SOURCE,v03-fixed-08,fixed-baseline,fixed-baseline,scroll-mainnet,evm-a,208456,1331,206457,8292590,16658947,116736,REJECTED_SOURCE_PROVEN_CALLDATA_ALONE_EXCEEDS_SIGNED_TX_LIMIT,10000000,PROJECTED_INFEASIBLE_FROM_SOURCE_TOTAL,PROJECTED_REJECTED_SIZE,NOT_EVALUATED_NO_SELECTED_L2_VERIFIER_RECEIPT
H1_LOCAL_APPLE_M4_MAX_MEASURED_SOURCE,v03-fixed-08,fixed-baseline,fixed-baseline,scroll-mainnet,evm-b,208456,1331,206457,8292590,13961266,116736,REJECTED_SOURCE_PROVEN_CALLDATA_ALONE_EXCEEDS_SIGNED_TX_LIMIT,10000000,PROJECTED_INFEASIBLE_FROM_SOURCE_TOTAL,PROJECTED_REJECTED_SIZE,NOT_EVALUATED_NO_SELECTED_L2_VERIFIER_RECEIPT
H1_LOCAL_APPLE_M4_MAX_MEASURED_SOURCE,v03-fixed-09,fixed-baseline,fixed-baseline,op-mainnet,evm-a,207752,1420,205664,8261760,16645226,131072,REJECTED_SOURCE_PROVEN_CALLDATA_ALONE_EXCEEDS_SIGNED_TX_LIMIT,16777216,PROJECTED_FEASIBLE_FROM_SOURCE_TOTAL,PROJECTED_REJECTED_SIZE,NOT_EVALUATED_NO_SELECTED_L2_VERIFIER_RECEIPT
H1_LOCAL_APPLE_M4_MAX_MEASURED_SOURCE,v03-fixed-09,fixed-baseline,fixed-baseline,op-mainnet,evm-b,207752,1420,205664,8261760,13809066,131072,REJECTED_SOURCE_PROVEN_CALLDATA_ALONE_EXCEEDS_SIGNED_TX_LIMIT,16777216,PROJECTED_FEASIBLE_FROM_SOURCE_TOTAL,PROJECTED_REJECTED_SIZE,NOT_EVALUATED_NO_SELECTED_L2_VERIFIER_RECEIPT
H1_LOCAL_APPLE_M4_MAX_MEASURED_SOURCE,v03-fixed-09,fixed-baseline,fixed-baseline,arbitrum-one,evm-a,207752,1420,205664,8261760,16645226,95000,REJECTED_SOURCE_PROVEN_CALLDATA_ALONE_EXCEEDS_SIGNED_TX_LIMIT,32000000,PROJECTED_FEASIBLE_FROM_SOURCE_TOTAL,PROJECTED_REJECTED_SIZE,NOT_EVALUATED_NO_SELECTED_L2_VERIFIER_RECEIPT
H1_LOCAL_APPLE_M4_MAX_MEASURED_SOURCE,v03-fixed-09,fixed-baseline,fixed-baseline,arbitrum-one,evm-b,207752,1420,205664,8261760,13809066,95000,REJECTED_SOURCE_PROVEN_CALLDATA_ALONE_EXCEEDS_SIGNED_TX_LIMIT,32000000,PROJECTED_FEASIBLE_FROM_SOURCE_TOTAL,PROJECTED_REJECTED_SIZE,NOT_EVALUATED_NO_SELECTED_L2_VERIFIER_RECEIPT
H1_LOCAL_APPLE_M4_MAX_MEASURED_SOURCE,v03-fixed-09,fixed-baseline,fixed-baseline,scroll-mainnet,evm-a,207752,1420,205664,8261760,16645226,116736,REJECTED_SOURCE_PROVEN_CALLDATA_ALONE_EXCEEDS_SIGNED_TX_LIMIT,10000000,PROJECTED_INFEASIBLE_FROM_SOURCE_TOTAL,PROJECTED_REJECTED_SIZE,NOT_EVALUATED_NO_SELECTED_L2_VERIFIER_RECEIPT
H1_LOCAL_APPLE_M4_MAX_MEASURED_SOURCE,v03-fixed-09,fixed-baseline,fixed-baseline,scroll-mainnet,evm-b,207752,1420,205664,8261760,13809066,116736,REJECTED_SOURCE_PROVEN_CALLDATA_ALONE_EXCEEDS_SIGNED_TX_LIMIT,10000000,PROJECTED_INFEASIBLE_FROM_SOURCE_TOTAL,PROJECTED_REJECTED_SIZE,NOT_EVALUATED_NO_SELECTED_L2_VERIFIER_RECEIPT
H1_LOCAL_APPLE_M4_MAX_MEASURED_SOURCE,v03-fixed-10,fixed-baseline,fixed-baseline,op-mainnet,evm-a,213000,1438,210894,8471140,16504120,131072,REJECTED_SOURCE_PROVEN_CALLDATA_ALONE_EXCEEDS_SIGNED_TX_LIMIT,16777216,PROJECTED_FEASIBLE_FROM_SOURCE_TOTAL,PROJECTED_REJECTED_SIZE,NOT_EVALUATED_NO_SELECTED_L2_VERIFIER_RECEIPT
H1_LOCAL_APPLE_M4_MAX_MEASURED_SOURCE,v03-fixed-10,fixed-baseline,fixed-baseline,op-mainnet,evm-b,213000,1438,210894,8471140,14264492,131072,REJECTED_SOURCE_PROVEN_CALLDATA_ALONE_EXCEEDS_SIGNED_TX_LIMIT,16777216,PROJECTED_FEASIBLE_FROM_SOURCE_TOTAL,PROJECTED_REJECTED_SIZE,NOT_EVALUATED_NO_SELECTED_L2_VERIFIER_RECEIPT
H1_LOCAL_APPLE_M4_MAX_MEASURED_SOURCE,v03-fixed-10,fixed-baseline,fixed-baseline,arbitrum-one,evm-a,213000,1438,210894,8471140,16504120,95000,REJECTED_SOURCE_PROVEN_CALLDATA_ALONE_EXCEEDS_SIGNED_TX_LIMIT,32000000,PROJECTED_FEASIBLE_FROM_SOURCE_TOTAL,PROJECTED_REJECTED_SIZE,NOT_EVALUATED_NO_SELECTED_L2_VERIFIER_RECEIPT
H1_LOCAL_APPLE_M4_MAX_MEASURED_SOURCE,v03-fixed-10,fixed-baseline,fixed-baseline,arbitrum-one,evm-b,213000,1438,210894,8471140,14264492,95000,REJECTED_SOURCE_PROVEN_CALLDATA_ALONE_EXCEEDS_SIGNED_TX_LIMIT,32000000,PROJECTED_FEASIBLE_FROM_SOURCE_TOTAL,PROJECTED_REJECTED_SIZE,NOT_EVALUATED_NO_SELECTED_L2_VERIFIER_RECEIPT
H1_LOCAL_APPLE_M4_MAX_MEASURED_SOURCE,v03-fixed-10,fixed-baseline,fixed-baseline,scroll-mainnet,evm-a,213000,1438,210894,8471140,16504120,116736,REJECTED_SOURCE_PROVEN_CALLDATA_ALONE_EXCEEDS_SIGNED_TX_LIMIT,10000000,PROJECTED_INFEASIBLE_FROM_SOURCE_TOTAL,PROJECTED_REJECTED_SIZE,NOT_EVALUATED_NO_SELECTED_L2_VERIFIER_RECEIPT
H1_LOCAL_APPLE_M4_MAX_MEASURED_SOURCE,v03-fixed-10,fixed-baseline,fixed-baseline,scroll-mainnet,evm-b,213000,1438,210894,8471140,14264492,116736,REJECTED_SOURCE_PROVEN_CALLDATA_ALONE_EXCEEDS_SIGNED_TX_LIMIT,10000000,PROJECTED_INFEASIBLE_FROM_SOURCE_TOTAL,PROJECTED_REJECTED_SIZE,NOT_EVALUATED_NO_SELECTED_L2_VERIFIER_RECEIPT
H1_LOCAL_APPLE_M4_MAX_MEASURED_SOURCE,v03-fixed-11,fixed-baseline,fixed-baseline,op-mainnet,evm-a,208200,1344,206188,8281960,16543066,131072,REJECTED_SOURCE_PROVEN_CALLDATA_ALONE_EXCEEDS_SIGNED_TX_LIMIT,16777216,PROJECTED_FEASIBLE_FROM_SOURCE_TOTAL,PROJECTED_REJECTED_SIZE,NOT_EVALUATED_NO_SELECTED_L2_VERIFIER_RECEIPT
H1_LOCAL_APPLE_M4_MAX_MEASURED_SOURCE,v03-fixed-11,fixed-baseline,fixed-baseline,op-mainnet,evm-b,208200,1344,206188,8281960,13893207,131072,REJECTED_SOURCE_PROVEN_CALLDATA_ALONE_EXCEEDS_SIGNED_TX_LIMIT,16777216,PROJECTED_FEASIBLE_FROM_SOURCE_TOTAL,PROJECTED_REJECTED_SIZE,NOT_EVALUATED_NO_SELECTED_L2_VERIFIER_RECEIPT
H1_LOCAL_APPLE_M4_MAX_MEASURED_SOURCE,v03-fixed-11,fixed-baseline,fixed-baseline,arbitrum-one,evm-a,208200,1344,206188,8281960,16543066,95000,REJECTED_SOURCE_PROVEN_CALLDATA_ALONE_EXCEEDS_SIGNED_TX_LIMIT,32000000,PROJECTED_FEASIBLE_FROM_SOURCE_TOTAL,PROJECTED_REJECTED_SIZE,NOT_EVALUATED_NO_SELECTED_L2_VERIFIER_RECEIPT
H1_LOCAL_APPLE_M4_MAX_MEASURED_SOURCE,v03-fixed-11,fixed-baseline,fixed-baseline,arbitrum-one,evm-b,208200,1344,206188,8281960,13893207,95000,REJECTED_SOURCE_PROVEN_CALLDATA_ALONE_EXCEEDS_SIGNED_TX_LIMIT,32000000,PROJECTED_FEASIBLE_FROM_SOURCE_TOTAL,PROJECTED_REJECTED_SIZE,NOT_EVALUATED_NO_SELECTED_L2_VERIFIER_RECEIPT
H1_LOCAL_APPLE_M4_MAX_MEASURED_SOURCE,v03-fixed-11,fixed-baseline,fixed-baseline,scroll-mainnet,evm-a,208200,1344,206188,8281960,16543066,116736,REJECTED_SOURCE_PROVEN_CALLDATA_ALONE_EXCEEDS_SIGNED_TX_LIMIT,10000000,PROJECTED_INFEASIBLE_FROM_SOURCE_TOTAL,PROJECTED_REJECTED_SIZE,NOT_EVALUATED_NO_SELECTED_L2_VERIFIER_RECEIPT
H1_LOCAL_APPLE_M4_MAX_MEASURED_SOURCE,v03-fixed-11,fixed-baseline,fixed-baseline,scroll-mainnet,evm-b,208200,1344,206188,8281960,13893207,116736,REJECTED_SOURCE_PROVEN_CALLDATA_ALONE_EXCEEDS_SIGNED_TX_LIMIT,10000000,PROJECTED_INFEASIBLE_FROM_SOURCE_TOTAL,PROJECTED_REJECTED_SIZE,NOT_EVALUATED_NO_SELECTED_L2_VERIFIER_RECEIPT
H1_LOCAL_APPLE_M4_MAX_MEASURED_SOURCE,v03-fixed-12,fixed-baseline,fixed-baseline,op-mainnet,evm-a,209928,1389,207871,8349730,16654596,131072,REJECTED_SOURCE_PROVEN_CALLDATA_ALONE_EXCEEDS_SIGNED_TX_LIMIT,16777216,PROJECTED_FEASIBLE_FROM_SOURCE_TOTAL,PROJECTED_REJECTED_SIZE,NOT_EVALUATED_NO_SELECTED_L2_VERIFIER_RECEIPT
H1_LOCAL_APPLE_M4_MAX_MEASURED_SOURCE,v03-fixed-12,fixed-baseline,fixed-baseline,op-mainnet,evm-b,209928,1389,207871,8349730,13916365,131072,REJECTED_SOURCE_PROVEN_CALLDATA_ALONE_EXCEEDS_SIGNED_TX_LIMIT,16777216,PROJECTED_FEASIBLE_FROM_SOURCE_TOTAL,PROJECTED_REJECTED_SIZE,NOT_EVALUATED_NO_SELECTED_L2_VERIFIER_RECEIPT
H1_LOCAL_APPLE_M4_MAX_MEASURED_SOURCE,v03-fixed-12,fixed-baseline,fixed-baseline,arbitrum-one,evm-a,209928,1389,207871,8349730,16654596,95000,REJECTED_SOURCE_PROVEN_CALLDATA_ALONE_EXCEEDS_SIGNED_TX_LIMIT,32000000,PROJECTED_FEASIBLE_FROM_SOURCE_TOTAL,PROJECTED_REJECTED_SIZE,NOT_EVALUATED_NO_SELECTED_L2_VERIFIER_RECEIPT
H1_LOCAL_APPLE_M4_MAX_MEASURED_SOURCE,v03-fixed-12,fixed-baseline,fixed-baseline,arbitrum-one,evm-b,209928,1389,207871,8349730,13916365,95000,REJECTED_SOURCE_PROVEN_CALLDATA_ALONE_EXCEEDS_SIGNED_TX_LIMIT,32000000,PROJECTED_FEASIBLE_FROM_SOURCE_TOTAL,PROJECTED_REJECTED_SIZE,NOT_EVALUATED_NO_SELECTED_L2_VERIFIER_RECEIPT
H1_LOCAL_APPLE_M4_MAX_MEASURED_SOURCE,v03-fixed-12,fixed-baseline,fixed-baseline,scroll-mainnet,evm-a,209928,1389,207871,8349730,16654596,116736,REJECTED_SOURCE_PROVEN_CALLDATA_ALONE_EXCEEDS_SIGNED_TX_LIMIT,10000000,PROJECTED_INFEASIBLE_FROM_SOURCE_TOTAL,PROJECTED_REJECTED_SIZE,NOT_EVALUATED_NO_SELECTED_L2_VERIFIER_RECEIPT
H1_LOCAL_APPLE_M4_MAX_MEASURED_SOURCE,v03-fixed-12,fixed-baseline,fixed-baseline,scroll-mainnet,evm-b,209928,1389,207871,8349730,13916365,116736,REJECTED_SOURCE_PROVEN_CALLDATA_ALONE_EXCEEDS_SIGNED_TX_LIMIT,10000000,PROJECTED_INFEASIBLE_FROM_SOURCE_TOTAL,PROJECTED_REJECTED_SIZE,NOT_EVALUATED_NO_SELECTED_L2_VERIFIER_RECEIPT
H1_LOCAL_APPLE_M4_MAX_MEASURED_SOURCE,v03-fixed-13,fixed-baseline,fixed-baseline,op-mainnet,evm-a,211336,1406,209262,8405540,16758790,131072,REJECTED_SOURCE_PROVEN_CALLDATA_ALONE_EXCEEDS_SIGNED_TX_LIMIT,16777216,PROJECTED_FEASIBLE_FROM_SOURCE_TOTAL,PROJECTED_REJECTED_SIZE,NOT_EVALUATED_NO_SELECTED_L2_VERIFIER_RECEIPT
H1_LOCAL_APPLE_M4_MAX_MEASURED_SOURCE,v03-fixed-13,fixed-baseline,fixed-baseline,op-mainnet,evm-b,211336,1406,209262,8405540,13958253,131072,REJECTED_SOURCE_PROVEN_CALLDATA_ALONE_EXCEEDS_SIGNED_TX_LIMIT,16777216,PROJECTED_FEASIBLE_FROM_SOURCE_TOTAL,PROJECTED_REJECTED_SIZE,NOT_EVALUATED_NO_SELECTED_L2_VERIFIER_RECEIPT
H1_LOCAL_APPLE_M4_MAX_MEASURED_SOURCE,v03-fixed-13,fixed-baseline,fixed-baseline,arbitrum-one,evm-a,211336,1406,209262,8405540,16758790,95000,REJECTED_SOURCE_PROVEN_CALLDATA_ALONE_EXCEEDS_SIGNED_TX_LIMIT,32000000,PROJECTED_FEASIBLE_FROM_SOURCE_TOTAL,PROJECTED_REJECTED_SIZE,NOT_EVALUATED_NO_SELECTED_L2_VERIFIER_RECEIPT
H1_LOCAL_APPLE_M4_MAX_MEASURED_SOURCE,v03-fixed-13,fixed-baseline,fixed-baseline,arbitrum-one,evm-b,211336,1406,209262,8405540,13958253,95000,REJECTED_SOURCE_PROVEN_CALLDATA_ALONE_EXCEEDS_SIGNED_TX_LIMIT,32000000,PROJECTED_FEASIBLE_FROM_SOURCE_TOTAL,PROJECTED_REJECTED_SIZE,NOT_EVALUATED_NO_SELECTED_L2_VERIFIER_RECEIPT
H1_LOCAL_APPLE_M4_MAX_MEASURED_SOURCE,v03-fixed-13,fixed-baseline,fixed-baseline,scroll-mainnet,evm-a,211336,1406,209262,8405540,16758790,116736,REJECTED_SOURCE_PROVEN_CALLDATA_ALONE_EXCEEDS_SIGNED_TX_LIMIT,10000000,PROJECTED_INFEASIBLE_FROM_SOURCE_TOTAL,PROJECTED_REJECTED_SIZE,NOT_EVALUATED_NO_SELECTED_L2_VERIFIER_RECEIPT
H1_LOCAL_APPLE_M4_MAX_MEASURED_SOURCE,v03-fixed-13,fixed-baseline,fixed-baseline,scroll-mainnet,evm-b,211336,1406,209262,8405540,13958253,116736,REJECTED_SOURCE_PROVEN_CALLDATA_ALONE_EXCEEDS_SIGNED_TX_LIMIT,10000000,PROJECTED_INFEASIBLE_FROM_SOURCE_TOTAL,PROJECTED_REJECTED_SIZE,NOT_EVALUATED_NO_SELECTED_L2_VERIFIER_RECEIPT
H1_LOCAL_APPLE_M4_MAX_MEASURED_SOURCE,v03-fixed-14,fixed-baseline,fixed-baseline,op-mainnet,evm-a,204808,1325,202815,8146850,16663059,131072,REJECTED_SOURCE_PROVEN_CALLDATA_ALONE_EXCEEDS_SIGNED_TX_LIMIT,16777216,PROJECTED_FEASIBLE_FROM_SOURCE_TOTAL,PROJECTED_REJECTED_SIZE,NOT_EVALUATED_NO_SELECTED_L2_VERIFIER_RECEIPT
H1_LOCAL_APPLE_M4_MAX_MEASURED_SOURCE,v03-fixed-14,fixed-baseline,fixed-baseline,op-mainnet,evm-b,204808,1325,202815,8146850,13672838,131072,REJECTED_SOURCE_PROVEN_CALLDATA_ALONE_EXCEEDS_SIGNED_TX_LIMIT,16777216,PROJECTED_FEASIBLE_FROM_SOURCE_TOTAL,PROJECTED_REJECTED_SIZE,NOT_EVALUATED_NO_SELECTED_L2_VERIFIER_RECEIPT
H1_LOCAL_APPLE_M4_MAX_MEASURED_SOURCE,v03-fixed-14,fixed-baseline,fixed-baseline,arbitrum-one,evm-a,204808,1325,202815,8146850,16663059,95000,REJECTED_SOURCE_PROVEN_CALLDATA_ALONE_EXCEEDS_SIGNED_TX_LIMIT,32000000,PROJECTED_FEASIBLE_FROM_SOURCE_TOTAL,PROJECTED_REJECTED_SIZE,NOT_EVALUATED_NO_SELECTED_L2_VERIFIER_RECEIPT
H1_LOCAL_APPLE_M4_MAX_MEASURED_SOURCE,v03-fixed-14,fixed-baseline,fixed-baseline,arbitrum-one,evm-b,204808,1325,202815,8146850,13672838,95000,REJECTED_SOURCE_PROVEN_CALLDATA_ALONE_EXCEEDS_SIGNED_TX_LIMIT,32000000,PROJECTED_FEASIBLE_FROM_SOURCE_TOTAL,PROJECTED_REJECTED_SIZE,NOT_EVALUATED_NO_SELECTED_L2_VERIFIER_RECEIPT
H1_LOCAL_APPLE_M4_MAX_MEASURED_SOURCE,v03-fixed-14,fixed-baseline,fixed-baseline,scroll-mainnet,evm-a,204808,1325,202815,8146850,16663059,116736,REJECTED_SOURCE_PROVEN_CALLDATA_ALONE_EXCEEDS_SIGNED_TX_LIMIT,10000000,PROJECTED_INFEASIBLE_FROM_SOURCE_TOTAL,PROJECTED_REJECTED_SIZE,NOT_EVALUATED_NO_SELECTED_L2_VERIFIER_RECEIPT
H1_LOCAL_APPLE_M4_MAX_MEASURED_SOURCE,v03-fixed-14,fixed-baseline,fixed-baseline,scroll-mainnet,evm-b,204808,1325,202815,8146850,13672838,116736,REJECTED_SOURCE_PROVEN_CALLDATA_ALONE_EXCEEDS_SIGNED_TX_LIMIT,10000000,PROJECTED_INFEASIBLE_FROM_SOURCE_TOTAL,PROJECTED_REJECTED_SIZE,NOT_EVALUATED_NO_SELECTED_L2_VERIFIER_RECEIPT
H1_LOCAL_APPLE_M4_MAX_MEASURED_SOURCE,v03-fixed-15,fixed-baseline,fixed-baseline,op-mainnet,evm-a,208456,1359,206429,8291750,16534207,131072,REJECTED_SOURCE_PROVEN_CALLDATA_ALONE_EXCEEDS_SIGNED_TX_LIMIT,16777216,PROJECTED_FEASIBLE_FROM_SOURCE_TOTAL,PROJECTED_REJECTED_SIZE,NOT_EVALUATED_NO_SELECTED_L2_VERIFIER_RECEIPT
H1_LOCAL_APPLE_M4_MAX_MEASURED_SOURCE,v03-fixed-15,fixed-baseline,fixed-baseline,op-mainnet,evm-b,208456,1359,206429,8291750,14032813,131072,REJECTED_SOURCE_PROVEN_CALLDATA_ALONE_EXCEEDS_SIGNED_TX_LIMIT,16777216,PROJECTED_FEASIBLE_FROM_SOURCE_TOTAL,PROJECTED_REJECTED_SIZE,NOT_EVALUATED_NO_SELECTED_L2_VERIFIER_RECEIPT
H1_LOCAL_APPLE_M4_MAX_MEASURED_SOURCE,v03-fixed-15,fixed-baseline,fixed-baseline,arbitrum-one,evm-a,208456,1359,206429,8291750,16534207,95000,REJECTED_SOURCE_PROVEN_CALLDATA_ALONE_EXCEEDS_SIGNED_TX_LIMIT,32000000,PROJECTED_FEASIBLE_FROM_SOURCE_TOTAL,PROJECTED_REJECTED_SIZE,NOT_EVALUATED_NO_SELECTED_L2_VERIFIER_RECEIPT
H1_LOCAL_APPLE_M4_MAX_MEASURED_SOURCE,v03-fixed-15,fixed-baseline,fixed-baseline,arbitrum-one,evm-b,208456,1359,206429,8291750,14032813,95000,REJECTED_SOURCE_PROVEN_CALLDATA_ALONE_EXCEEDS_SIGNED_TX_LIMIT,32000000,PROJECTED_FEASIBLE_FROM_SOURCE_TOTAL,PROJECTED_REJECTED_SIZE,NOT_EVALUATED_NO_SELECTED_L2_VERIFIER_RECEIPT
H1_LOCAL_APPLE_M4_MAX_MEASURED_SOURCE,v03-fixed-15,fixed-baseline,fixed-baseline,scroll-mainnet,evm-a,208456,1359,206429,8291750,16534207,116736,REJECTED_SOURCE_PROVEN_CALLDATA_ALONE_EXCEEDS_SIGNED_TX_LIMIT,10000000,PROJECTED_INFEASIBLE_FROM_SOURCE_TOTAL,PROJECTED_REJECTED_SIZE,NOT_EVALUATED_NO_SELECTED_L2_VERIFIER_RECEIPT
H1_LOCAL_APPLE_M4_MAX_MEASURED_SOURCE,v03-fixed-15,fixed-baseline,fixed-baseline,scroll-mainnet,evm-b,208456,1359,206429,8291750,14032813,116736,REJECTED_SOURCE_PROVEN_CALLDATA_ALONE_EXCEEDS_SIGNED_TX_LIMIT,10000000,PROJECTED_INFEASIBLE_FROM_SOURCE_TOTAL,PROJECTED_REJECTED_SIZE,NOT_EVALUATED_NO_SELECTED_L2_VERIFIER_RECEIPT
H1_LOCAL_APPLE_M4_MAX_MEASURED_SOURCE,v03-fixed-16,fixed-baseline,fixed-baseline,op-mainnet,evm-a,211656,1354,209634,8419900,16846244,131072,REJECTED_SOURCE_PROVEN_CALLDATA_ALONE_EXCEEDS_SIGNED_TX_LIMIT,16777216,PROJECTED_INFEASIBLE_FROM_SOURCE_TOTAL,PROJECTED_REJECTED_SIZE,NOT_EVALUATED_NO_SELECTED_L2_VERIFIER_RECEIPT
H1_LOCAL_APPLE_M4_MAX_MEASURED_SOURCE,v03-fixed-16,fixed-baseline,fixed-baseline,op-mainnet,evm-b,211656,1354,209634,8419900,14003642,131072,REJECTED_SOURCE_PROVEN_CALLDATA_ALONE_EXCEEDS_SIGNED_TX_LIMIT,16777216,PROJECTED_FEASIBLE_FROM_SOURCE_TOTAL,PROJECTED_REJECTED_SIZE,NOT_EVALUATED_NO_SELECTED_L2_VERIFIER_RECEIPT
H1_LOCAL_APPLE_M4_MAX_MEASURED_SOURCE,v03-fixed-16,fixed-baseline,fixed-baseline,arbitrum-one,evm-a,211656,1354,209634,8419900,16846244,95000,REJECTED_SOURCE_PROVEN_CALLDATA_ALONE_EXCEEDS_SIGNED_TX_LIMIT,32000000,PROJECTED_FEASIBLE_FROM_SOURCE_TOTAL,PROJECTED_REJECTED_SIZE,NOT_EVALUATED_NO_SELECTED_L2_VERIFIER_RECEIPT
H1_LOCAL_APPLE_M4_MAX_MEASURED_SOURCE,v03-fixed-16,fixed-baseline,fixed-baseline,arbitrum-one,evm-b,211656,1354,209634,8419900,14003642,95000,REJECTED_SOURCE_PROVEN_CALLDATA_ALONE_EXCEEDS_SIGNED_TX_LIMIT,32000000,PROJECTED_FEASIBLE_FROM_SOURCE_TOTAL,PROJECTED_REJECTED_SIZE,NOT_EVALUATED_NO_SELECTED_L2_VERIFIER_RECEIPT
H1_LOCAL_APPLE_M4_MAX_MEASURED_SOURCE,v03-fixed-16,fixed-baseline,fixed-baseline,scroll-mainnet,evm-a,211656,1354,209634,8419900,16846244,116736,REJECTED_SOURCE_PROVEN_CALLDATA_ALONE_EXCEEDS_SIGNED_TX_LIMIT,10000000,PROJECTED_INFEASIBLE_FROM_SOURCE_TOTAL,PROJECTED_REJECTED_SIZE,NOT_EVALUATED_NO_SELECTED_L2_VERIFIER_RECEIPT
H1_LOCAL_APPLE_M4_MAX_MEASURED_SOURCE,v03-fixed-16,fixed-baseline,fixed-baseline,scroll-mainnet,evm-b,211656,1354,209634,8419900,14003642,116736,REJECTED_SOURCE_PROVEN_CALLDATA_ALONE_EXCEEDS_SIGNED_TX_LIMIT,10000000,PROJECTED_INFEASIBLE_FROM_SOURCE_TOTAL,PROJECTED_REJECTED_SIZE,NOT_EVALUATED_NO_SELECTED_L2_VERIFIER_RECEIPT
H1_LOCAL_APPLE_M4_MAX_MEASURED_SOURCE,v03-fixed-17,fixed-baseline,fixed-baseline,op-mainnet,evm-a,207752,1345,205739,8264010,16647459,131072,REJECTED_SOURCE_PROVEN_CALLDATA_ALONE_EXCEEDS_SIGNED_TX_LIMIT,16777216,PROJECTED_FEASIBLE_FROM_SOURCE_TOTAL,PROJECTED_REJECTED_SIZE,NOT_EVALUATED_NO_SELECTED_L2_VERIFIER_RECEIPT
H1_LOCAL_APPLE_M4_MAX_MEASURED_SOURCE,v03-fixed-17,fixed-baseline,fixed-baseline,op-mainnet,evm-b,207752,1345,205739,8264010,13875880,131072,REJECTED_SOURCE_PROVEN_CALLDATA_ALONE_EXCEEDS_SIGNED_TX_LIMIT,16777216,PROJECTED_FEASIBLE_FROM_SOURCE_TOTAL,PROJECTED_REJECTED_SIZE,NOT_EVALUATED_NO_SELECTED_L2_VERIFIER_RECEIPT
H1_LOCAL_APPLE_M4_MAX_MEASURED_SOURCE,v03-fixed-17,fixed-baseline,fixed-baseline,arbitrum-one,evm-a,207752,1345,205739,8264010,16647459,95000,REJECTED_SOURCE_PROVEN_CALLDATA_ALONE_EXCEEDS_SIGNED_TX_LIMIT,32000000,PROJECTED_FEASIBLE_FROM_SOURCE_TOTAL,PROJECTED_REJECTED_SIZE,NOT_EVALUATED_NO_SELECTED_L2_VERIFIER_RECEIPT
H1_LOCAL_APPLE_M4_MAX_MEASURED_SOURCE,v03-fixed-17,fixed-baseline,fixed-baseline,arbitrum-one,evm-b,207752,1345,205739,8264010,13875880,95000,REJECTED_SOURCE_PROVEN_CALLDATA_ALONE_EXCEEDS_SIGNED_TX_LIMIT,32000000,PROJECTED_FEASIBLE_FROM_SOURCE_TOTAL,PROJECTED_REJECTED_SIZE,NOT_EVALUATED_NO_SELECTED_L2_VERIFIER_RECEIPT
H1_LOCAL_APPLE_M4_MAX_MEASURED_SOURCE,v03-fixed-17,fixed-baseline,fixed-baseline,scroll-mainnet,evm-a,207752,1345,205739,8264010,16647459,116736,REJECTED_SOURCE_PROVEN_CALLDATA_ALONE_EXCEEDS_SIGNED_TX_LIMIT,10000000,PROJECTED_INFEASIBLE_FROM_SOURCE_TOTAL,PROJECTED_REJECTED_SIZE,NOT_EVALUATED_NO_SELECTED_L2_VERIFIER_RECEIPT
H1_LOCAL_APPLE_M4_MAX_MEASURED_SOURCE,v03-fixed-17,fixed-baseline,fixed-baseline,scroll-mainnet,evm-b,207752,1345,205739,8264010,13875880,116736,REJECTED_SOURCE_PROVEN_CALLDATA_ALONE_EXCEEDS_SIGNED_TX_LIMIT,10000000,PROJECTED_INFEASIBLE_FROM_SOURCE_TOTAL,PROJECTED_REJECTED_SIZE,NOT_EVALUATED_NO_SELECTED_L2_VERIFIER_RECEIPT
H1_LOCAL_APPLE_M4_MAX_MEASURED_SOURCE,v03-fixed-18,fixed-baseline,fixed-baseline,op-mainnet,evm-a,212360,1325,210367,8448930,16953270,131072,REJECTED_SOURCE_PROVEN_CALLDATA_ALONE_EXCEEDS_SIGNED_TX_LIMIT,16777216,PROJECTED_INFEASIBLE_FROM_SOURCE_TOTAL,PROJECTED_REJECTED_SIZE,NOT_EVALUATED_NO_SELECTED_L2_VERIFIER_RECEIPT
H1_LOCAL_APPLE_M4_MAX_MEASURED_SOURCE,v03-fixed-18,fixed-baseline,fixed-baseline,op-mainnet,evm-b,212360,1325,210367,8448930,13831178,131072,REJECTED_SOURCE_PROVEN_CALLDATA_ALONE_EXCEEDS_SIGNED_TX_LIMIT,16777216,PROJECTED_FEASIBLE_FROM_SOURCE_TOTAL,PROJECTED_REJECTED_SIZE,NOT_EVALUATED_NO_SELECTED_L2_VERIFIER_RECEIPT
H1_LOCAL_APPLE_M4_MAX_MEASURED_SOURCE,v03-fixed-18,fixed-baseline,fixed-baseline,arbitrum-one,evm-a,212360,1325,210367,8448930,16953270,95000,REJECTED_SOURCE_PROVEN_CALLDATA_ALONE_EXCEEDS_SIGNED_TX_LIMIT,32000000,PROJECTED_FEASIBLE_FROM_SOURCE_TOTAL,PROJECTED_REJECTED_SIZE,NOT_EVALUATED_NO_SELECTED_L2_VERIFIER_RECEIPT
H1_LOCAL_APPLE_M4_MAX_MEASURED_SOURCE,v03-fixed-18,fixed-baseline,fixed-baseline,arbitrum-one,evm-b,212360,1325,210367,8448930,13831178,95000,REJECTED_SOURCE_PROVEN_CALLDATA_ALONE_EXCEEDS_SIGNED_TX_LIMIT,32000000,PROJECTED_FEASIBLE_FROM_SOURCE_TOTAL,PROJECTED_REJECTED_SIZE,NOT_EVALUATED_NO_SELECTED_L2_VERIFIER_RECEIPT
H1_LOCAL_APPLE_M4_MAX_MEASURED_SOURCE,v03-fixed-18,fixed-baseline,fixed-baseline,scroll-mainnet,evm-a,212360,1325,210367,8448930,16953270,116736,REJECTED_SOURCE_PROVEN_CALLDATA_ALONE_EXCEEDS_SIGNED_TX_LIMIT,10000000,PROJECTED_INFEASIBLE_FROM_SOURCE_TOTAL,PROJECTED_REJECTED_SIZE,NOT_EVALUATED_NO_SELECTED_L2_VERIFIER_RECEIPT
H1_LOCAL_APPLE_M4_MAX_MEASURED_SOURCE,v03-fixed-18,fixed-baseline,fixed-baseline,scroll-mainnet,evm-b,212360,1325,210367,8448930,13831178,116736,REJECTED_SOURCE_PROVEN_CALLDATA_ALONE_EXCEEDS_SIGNED_TX_LIMIT,10000000,PROJECTED_INFEASIBLE_FROM_SOURCE_TOTAL,PROJECTED_REJECTED_SIZE,NOT_EVALUATED_NO_SELECTED_L2_VERIFIER_RECEIPT
H1_LOCAL_APPLE_M4_MAX_MEASURED_SOURCE,v03-fixed-19,fixed-baseline,fixed-baseline,op-mainnet,evm-a,202504,1317,200519,8054930,16179681,131072,REJECTED_SOURCE_PROVEN_CALLDATA_ALONE_EXCEEDS_SIGNED_TX_LIMIT,16777216,PROJECTED_FEASIBLE_FROM_SOURCE_TOTAL,PROJECTED_REJECTED_SIZE,NOT_EVALUATED_NO_SELECTED_L2_VERIFIER_RECEIPT
H1_LOCAL_APPLE_M4_MAX_MEASURED_SOURCE,v03-fixed-19,fixed-baseline,fixed-baseline,op-mainnet,evm-b,202504,1317,200519,8054930,14109710,131072,REJECTED_SOURCE_PROVEN_CALLDATA_ALONE_EXCEEDS_SIGNED_TX_LIMIT,16777216,PROJECTED_FEASIBLE_FROM_SOURCE_TOTAL,PROJECTED_REJECTED_SIZE,NOT_EVALUATED_NO_SELECTED_L2_VERIFIER_RECEIPT
H1_LOCAL_APPLE_M4_MAX_MEASURED_SOURCE,v03-fixed-19,fixed-baseline,fixed-baseline,arbitrum-one,evm-a,202504,1317,200519,8054930,16179681,95000,REJECTED_SOURCE_PROVEN_CALLDATA_ALONE_EXCEEDS_SIGNED_TX_LIMIT,32000000,PROJECTED_FEASIBLE_FROM_SOURCE_TOTAL,PROJECTED_REJECTED_SIZE,NOT_EVALUATED_NO_SELECTED_L2_VERIFIER_RECEIPT
H1_LOCAL_APPLE_M4_MAX_MEASURED_SOURCE,v03-fixed-19,fixed-baseline,fixed-baseline,arbitrum-one,evm-b,202504,1317,200519,8054930,14109710,95000,REJECTED_SOURCE_PROVEN_CALLDATA_ALONE_EXCEEDS_SIGNED_TX_LIMIT,32000000,PROJECTED_FEASIBLE_FROM_SOURCE_TOTAL,PROJECTED_REJECTED_SIZE,NOT_EVALUATED_NO_SELECTED_L2_VERIFIER_RECEIPT
H1_LOCAL_APPLE_M4_MAX_MEASURED_SOURCE,v03-fixed-19,fixed-baseline,fixed-baseline,scroll-mainnet,evm-a,202504,1317,200519,8054930,16179681,116736,REJECTED_SOURCE_PROVEN_CALLDATA_ALONE_EXCEEDS_SIGNED_TX_LIMIT,10000000,PROJECTED_INFEASIBLE_FROM_SOURCE_TOTAL,PROJECTED_REJECTED_SIZE,NOT_EVALUATED_NO_SELECTED_L2_VERIFIER_RECEIPT
H1_LOCAL_APPLE_M4_MAX_MEASURED_SOURCE,v03-fixed-19,fixed-baseline,fixed-baseline,scroll-mainnet,evm-b,202504,1317,200519,8054930,14109710,116736,REJECTED_SOURCE_PROVEN_CALLDATA_ALONE_EXCEEDS_SIGNED_TX_LIMIT,10000000,PROJECTED_INFEASIBLE_FROM_SOURCE_TOTAL,PROJECTED_REJECTED_SIZE,NOT_EVALUATED_NO_SELECTED_L2_VERIFIER_RECEIPT
H1_LOCAL_APPLE_M4_MAX_MEASURED_SOURCE,v03-fixed-20,fixed-baseline,fixed-baseline,op-mainnet,evm-a,201864,1421,199775,8026210,16583099,131072,REJECTED_SOURCE_PROVEN_CALLDATA_ALONE_EXCEEDS_SIGNED_TX_LIMIT,16777216,PROJECTED_FEASIBLE_FROM_SOURCE_TOTAL,PROJECTED_REJECTED_SIZE,NOT_EVALUATED_NO_SELECTED_L2_VERIFIER_RECEIPT
H1_LOCAL_APPLE_M4_MAX_MEASURED_SOURCE,v03-fixed-20,fixed-baseline,fixed-baseline,op-mainnet,evm-b,201864,1421,199775,8026210,13639207,131072,REJECTED_SOURCE_PROVEN_CALLDATA_ALONE_EXCEEDS_SIGNED_TX_LIMIT,16777216,PROJECTED_FEASIBLE_FROM_SOURCE_TOTAL,PROJECTED_REJECTED_SIZE,NOT_EVALUATED_NO_SELECTED_L2_VERIFIER_RECEIPT
H1_LOCAL_APPLE_M4_MAX_MEASURED_SOURCE,v03-fixed-20,fixed-baseline,fixed-baseline,arbitrum-one,evm-a,201864,1421,199775,8026210,16583099,95000,REJECTED_SOURCE_PROVEN_CALLDATA_ALONE_EXCEEDS_SIGNED_TX_LIMIT,32000000,PROJECTED_FEASIBLE_FROM_SOURCE_TOTAL,PROJECTED_REJECTED_SIZE,NOT_EVALUATED_NO_SELECTED_L2_VERIFIER_RECEIPT
H1_LOCAL_APPLE_M4_MAX_MEASURED_SOURCE,v03-fixed-20,fixed-baseline,fixed-baseline,arbitrum-one,evm-b,201864,1421,199775,8026210,13639207,95000,REJECTED_SOURCE_PROVEN_CALLDATA_ALONE_EXCEEDS_SIGNED_TX_LIMIT,32000000,PROJECTED_FEASIBLE_FROM_SOURCE_TOTAL,PROJECTED_REJECTED_SIZE,NOT_EVALUATED_NO_SELECTED_L2_VERIFIER_RECEIPT
H1_LOCAL_APPLE_M4_MAX_MEASURED_SOURCE,v03-fixed-20,fixed-baseline,fixed-baseline,scroll-mainnet,evm-a,201864,1421,199775,8026210,16583099,116736,REJECTED_SOURCE_PROVEN_CALLDATA_ALONE_EXCEEDS_SIGNED_TX_LIMIT,10000000,PROJECTED_INFEASIBLE_FROM_SOURCE_TOTAL,PROJECTED_REJECTED_SIZE,NOT_EVALUATED_NO_SELECTED_L2_VERIFIER_RECEIPT
H1_LOCAL_APPLE_M4_MAX_MEASURED_SOURCE,v03-fixed-20,fixed-baseline,fixed-baseline,scroll-mainnet,evm-b,201864,1421,199775,8026210,13639207,116736,REJECTED_SOURCE_PROVEN_CALLDATA_ALONE_EXCEEDS_SIGNED_TX_LIMIT,10000000,PROJECTED_INFEASIBLE_FROM_SOURCE_TOTAL,PROJECTED_REJECTED_SIZE,NOT_EVALUATED_NO_SELECTED_L2_VERIFIER_RECEIPT
H1_LOCAL_APPLE_M4_MAX_MEASURED_SOURCE,v03-fixed-21,fixed-baseline,fixed-baseline,op-mainnet,evm-a,214408,1393,212347,8528810,16767756,131072,REJECTED_SOURCE_PROVEN_CALLDATA_ALONE_EXCEEDS_SIGNED_TX_LIMIT,16777216,PROJECTED_FEASIBLE_FROM_SOURCE_TOTAL,PROJECTED_REJECTED_SIZE,NOT_EVALUATED_NO_SELECTED_L2_VERIFIER_RECEIPT
H1_LOCAL_APPLE_M4_MAX_MEASURED_SOURCE,v03-fixed-21,fixed-baseline,fixed-baseline,op-mainnet,evm-b,214408,1393,212347,8528810,14014225,131072,REJECTED_SOURCE_PROVEN_CALLDATA_ALONE_EXCEEDS_SIGNED_TX_LIMIT,16777216,PROJECTED_FEASIBLE_FROM_SOURCE_TOTAL,PROJECTED_REJECTED_SIZE,NOT_EVALUATED_NO_SELECTED_L2_VERIFIER_RECEIPT
H1_LOCAL_APPLE_M4_MAX_MEASURED_SOURCE,v03-fixed-21,fixed-baseline,fixed-baseline,arbitrum-one,evm-a,214408,1393,212347,8528810,16767756,95000,REJECTED_SOURCE_PROVEN_CALLDATA_ALONE_EXCEEDS_SIGNED_TX_LIMIT,32000000,PROJECTED_FEASIBLE_FROM_SOURCE_TOTAL,PROJECTED_REJECTED_SIZE,NOT_EVALUATED_NO_SELECTED_L2_VERIFIER_RECEIPT
H1_LOCAL_APPLE_M4_MAX_MEASURED_SOURCE,v03-fixed-21,fixed-baseline,fixed-baseline,arbitrum-one,evm-b,214408,1393,212347,8528810,14014225,95000,REJECTED_SOURCE_PROVEN_CALLDATA_ALONE_EXCEEDS_SIGNED_TX_LIMIT,32000000,PROJECTED_FEASIBLE_FROM_SOURCE_TOTAL,PROJECTED_REJECTED_SIZE,NOT_EVALUATED_NO_SELECTED_L2_VERIFIER_RECEIPT
H1_LOCAL_APPLE_M4_MAX_MEASURED_SOURCE,v03-fixed-21,fixed-baseline,fixed-baseline,scroll-mainnet,evm-a,214408,1393,212347,8528810,16767756,116736,REJECTED_SOURCE_PROVEN_CALLDATA_ALONE_EXCEEDS_SIGNED_TX_LIMIT,10000000,PROJECTED_INFEASIBLE_FROM_SOURCE_TOTAL,PROJECTED_REJECTED_SIZE,NOT_EVALUATED_NO_SELECTED_L2_VERIFIER_RECEIPT
H1_LOCAL_APPLE_M4_MAX_MEASURED_SOURCE,v03-fixed-21,fixed-baseline,fixed-baseline,scroll-mainnet,evm-b,214408,1393,212347,8528810,14014225,116736,REJECTED_SOURCE_PROVEN_CALLDATA_ALONE_EXCEEDS_SIGNED_TX_LIMIT,10000000,PROJECTED_INFEASIBLE_FROM_SOURCE_TOTAL,PROJECTED_REJECTED_SIZE,NOT_EVALUATED_NO_SELECTED_L2_VERIFIER_RECEIPT
H1_LOCAL_APPLE_M4_MAX_MEASURED_SOURCE,v03-fixed-22,fixed-baseline,fixed-baseline,op-mainnet,evm-a,210120,1330,208122,8359180,16718337,131072,REJECTED_SOURCE_PROVEN_CALLDATA_ALONE_EXCEEDS_SIGNED_TX_LIMIT,16777216,PROJECTED_FEASIBLE_FROM_SOURCE_TOTAL,PROJECTED_REJECTED_SIZE,NOT_EVALUATED_NO_SELECTED_L2_VERIFIER_RECEIPT
H1_LOCAL_APPLE_M4_MAX_MEASURED_SOURCE,v03-fixed-22,fixed-baseline,fixed-baseline,op-mainnet,evm-b,210120,1330,208122,8359180,13913793,131072,REJECTED_SOURCE_PROVEN_CALLDATA_ALONE_EXCEEDS_SIGNED_TX_LIMIT,16777216,PROJECTED_FEASIBLE_FROM_SOURCE_TOTAL,PROJECTED_REJECTED_SIZE,NOT_EVALUATED_NO_SELECTED_L2_VERIFIER_RECEIPT
H1_LOCAL_APPLE_M4_MAX_MEASURED_SOURCE,v03-fixed-22,fixed-baseline,fixed-baseline,arbitrum-one,evm-a,210120,1330,208122,8359180,16718337,95000,REJECTED_SOURCE_PROVEN_CALLDATA_ALONE_EXCEEDS_SIGNED_TX_LIMIT,32000000,PROJECTED_FEASIBLE_FROM_SOURCE_TOTAL,PROJECTED_REJECTED_SIZE,NOT_EVALUATED_NO_SELECTED_L2_VERIFIER_RECEIPT
H1_LOCAL_APPLE_M4_MAX_MEASURED_SOURCE,v03-fixed-22,fixed-baseline,fixed-baseline,arbitrum-one,evm-b,210120,1330,208122,8359180,13913793,95000,REJECTED_SOURCE_PROVEN_CALLDATA_ALONE_EXCEEDS_SIGNED_TX_LIMIT,32000000,PROJECTED_FEASIBLE_FROM_SOURCE_TOTAL,PROJECTED_REJECTED_SIZE,NOT_EVALUATED_NO_SELECTED_L2_VERIFIER_RECEIPT
H1_LOCAL_APPLE_M4_MAX_MEASURED_SOURCE,v03-fixed-22,fixed-baseline,fixed-baseline,scroll-mainnet,evm-a,210120,1330,208122,8359180,16718337,116736,REJECTED_SOURCE_PROVEN_CALLDATA_ALONE_EXCEEDS_SIGNED_TX_LIMIT,10000000,PROJECTED_INFEASIBLE_FROM_SOURCE_TOTAL,PROJECTED_REJECTED_SIZE,NOT_EVALUATED_NO_SELECTED_L2_VERIFIER_RECEIPT
H1_LOCAL_APPLE_M4_MAX_MEASURED_SOURCE,v03-fixed-22,fixed-baseline,fixed-baseline,scroll-mainnet,evm-b,210120,1330,208122,8359180,13913793,116736,REJECTED_SOURCE_PROVEN_CALLDATA_ALONE_EXCEEDS_SIGNED_TX_LIMIT,10000000,PROJECTED_INFEASIBLE_FROM_SOURCE_TOTAL,PROJECTED_REJECTED_SIZE,NOT_EVALUATED_NO_SELECTED_L2_VERIFIER_RECEIPT
H1_LOCAL_APPLE_M4_MAX_MEASURED_SOURCE,v03-fixed-23,fixed-baseline,fixed-baseline,op-mainnet,evm-a,207688,1330,205690,8261900,16705499,131072,REJECTED_SOURCE_PROVEN_CALLDATA_ALONE_EXCEEDS_SIGNED_TX_LIMIT,16777216,PROJECTED_FEASIBLE_FROM_SOURCE_TOTAL,PROJECTED_REJECTED_SIZE,NOT_EVALUATED_NO_SELECTED_L2_VERIFIER_RECEIPT
H1_LOCAL_APPLE_M4_MAX_MEASURED_SOURCE,v03-fixed-23,fixed-baseline,fixed-baseline,op-mainnet,evm-b,207688,1330,205690,8261900,13789100,131072,REJECTED_SOURCE_PROVEN_CALLDATA_ALONE_EXCEEDS_SIGNED_TX_LIMIT,16777216,PROJECTED_FEASIBLE_FROM_SOURCE_TOTAL,PROJECTED_REJECTED_SIZE,NOT_EVALUATED_NO_SELECTED_L2_VERIFIER_RECEIPT
H1_LOCAL_APPLE_M4_MAX_MEASURED_SOURCE,v03-fixed-23,fixed-baseline,fixed-baseline,arbitrum-one,evm-a,207688,1330,205690,8261900,16705499,95000,REJECTED_SOURCE_PROVEN_CALLDATA_ALONE_EXCEEDS_SIGNED_TX_LIMIT,32000000,PROJECTED_FEASIBLE_FROM_SOURCE_TOTAL,PROJECTED_REJECTED_SIZE,NOT_EVALUATED_NO_SELECTED_L2_VERIFIER_RECEIPT
H1_LOCAL_APPLE_M4_MAX_MEASURED_SOURCE,v03-fixed-23,fixed-baseline,fixed-baseline,arbitrum-one,evm-b,207688,1330,205690,8261900,13789100,95000,REJECTED_SOURCE_PROVEN_CALLDATA_ALONE_EXCEEDS_SIGNED_TX_LIMIT,32000000,PROJECTED_FEASIBLE_FROM_SOURCE_TOTAL,PROJECTED_REJECTED_SIZE,NOT_EVALUATED_NO_SELECTED_L2_VERIFIER_RECEIPT
H1_LOCAL_APPLE_M4_MAX_MEASURED_SOURCE,v03-fixed-23,fixed-baseline,fixed-baseline,scroll-mainnet,evm-a,207688,1330,205690,8261900,16705499,116736,REJECTED_SOURCE_PROVEN_CALLDATA_ALONE_EXCEEDS_SIGNED_TX_LIMIT,10000000,PROJECTED_INFEASIBLE_FROM_SOURCE_TOTAL,PROJECTED_REJECTED_SIZE,NOT_EVALUATED_NO_SELECTED_L2_VERIFIER_RECEIPT
H1_LOCAL_APPLE_M4_MAX_MEASURED_SOURCE,v03-fixed-23,fixed-baseline,fixed-baseline,scroll-mainnet,evm-b,207688,1330,205690,8261900,13789100,116736,REJECTED_SOURCE_PROVEN_CALLDATA_ALONE_EXCEEDS_SIGNED_TX_LIMIT,10000000,PROJECTED_INFEASIBLE_FROM_SOURCE_TOTAL,PROJECTED_REJECTED_SIZE,NOT_EVALUATED_NO_SELECTED_L2_VERIFIER_RECEIPT
H1_LOCAL_APPLE_M4_MAX_MEASURED_SOURCE,v03-fixed-24,fixed-baseline,fixed-baseline,op-mainnet,evm-a,203592,1338,201586,8097820,16614789,131072,REJECTED_SOURCE_PROVEN_CALLDATA_ALONE_EXCEEDS_SIGNED_TX_LIMIT,16777216,PROJECTED_FEASIBLE_FROM_SOURCE_TOTAL,PROJECTED_REJECTED_SIZE,NOT_EVALUATED_NO_SELECTED_L2_VERIFIER_RECEIPT
H1_LOCAL_APPLE_M4_MAX_MEASURED_SOURCE,v03-fixed-24,fixed-baseline,fixed-baseline,op-mainnet,evm-b,203592,1338,201586,8097820,13756250,131072,REJECTED_SOURCE_PROVEN_CALLDATA_ALONE_EXCEEDS_SIGNED_TX_LIMIT,16777216,PROJECTED_FEASIBLE_FROM_SOURCE_TOTAL,PROJECTED_REJECTED_SIZE,NOT_EVALUATED_NO_SELECTED_L2_VERIFIER_RECEIPT
H1_LOCAL_APPLE_M4_MAX_MEASURED_SOURCE,v03-fixed-24,fixed-baseline,fixed-baseline,arbitrum-one,evm-a,203592,1338,201586,8097820,16614789,95000,REJECTED_SOURCE_PROVEN_CALLDATA_ALONE_EXCEEDS_SIGNED_TX_LIMIT,32000000,PROJECTED_FEASIBLE_FROM_SOURCE_TOTAL,PROJECTED_REJECTED_SIZE,NOT_EVALUATED_NO_SELECTED_L2_VERIFIER_RECEIPT
H1_LOCAL_APPLE_M4_MAX_MEASURED_SOURCE,v03-fixed-24,fixed-baseline,fixed-baseline,arbitrum-one,evm-b,203592,1338,201586,8097820,13756250,95000,REJECTED_SOURCE_PROVEN_CALLDATA_ALONE_EXCEEDS_SIGNED_TX_LIMIT,32000000,PROJECTED_FEASIBLE_FROM_SOURCE_TOTAL,PROJECTED_REJECTED_SIZE,NOT_EVALUATED_NO_SELECTED_L2_VERIFIER_RECEIPT
H1_LOCAL_APPLE_M4_MAX_MEASURED_SOURCE,v03-fixed-24,fixed-baseline,fixed-baseline,scroll-mainnet,evm-a,203592,1338,201586,8097820,16614789,116736,REJECTED_SOURCE_PROVEN_CALLDATA_ALONE_EXCEEDS_SIGNED_TX_LIMIT,10000000,PROJECTED_INFEASIBLE_FROM_SOURCE_TOTAL,PROJECTED_REJECTED_SIZE,NOT_EVALUATED_NO_SELECTED_L2_VERIFIER_RECEIPT
H1_LOCAL_APPLE_M4_MAX_MEASURED_SOURCE,v03-fixed-24,fixed-baseline,fixed-baseline,scroll-mainnet,evm-b,203592,1338,201586,8097820,13756250,116736,REJECTED_SOURCE_PROVEN_CALLDATA_ALONE_EXCEEDS_SIGNED_TX_LIMIT,10000000,PROJECTED_INFEASIBLE_FROM_SOURCE_TOTAL,PROJECTED_REJECTED_SIZE,NOT_EVALUATED_NO_SELECTED_L2_VERIFIER_RECEIPT
H1_LOCAL_APPLE_M4_MAX_MEASURED_SOURCE,v03-fixed-25,fixed-baseline,fixed-baseline,op-mainnet,evm-a,208648,1322,206650,8300220,16649347,131072,REJECTED_SOURCE_PROVEN_CALLDATA_ALONE_EXCEEDS_SIGNED_TX_LIMIT,16777216,PROJECTED_FEASIBLE_FROM_SOURCE_TOTAL,PROJECTED_REJECTED_SIZE,NOT_EVALUATED_NO_SELECTED_L2_VERIFIER_RECEIPT
H1_LOCAL_APPLE_M4_MAX_MEASURED_SOURCE,v03-fixed-25,fixed-baseline,fixed-baseline,op-mainnet,evm-b,208648,1322,206650,8300220,13824249,131072,REJECTED_SOURCE_PROVEN_CALLDATA_ALONE_EXCEEDS_SIGNED_TX_LIMIT,16777216,PROJECTED_FEASIBLE_FROM_SOURCE_TOTAL,PROJECTED_REJECTED_SIZE,NOT_EVALUATED_NO_SELECTED_L2_VERIFIER_RECEIPT
H1_LOCAL_APPLE_M4_MAX_MEASURED_SOURCE,v03-fixed-25,fixed-baseline,fixed-baseline,arbitrum-one,evm-a,208648,1322,206650,8300220,16649347,95000,REJECTED_SOURCE_PROVEN_CALLDATA_ALONE_EXCEEDS_SIGNED_TX_LIMIT,32000000,PROJECTED_FEASIBLE_FROM_SOURCE_TOTAL,PROJECTED_REJECTED_SIZE,NOT_EVALUATED_NO_SELECTED_L2_VERIFIER_RECEIPT
H1_LOCAL_APPLE_M4_MAX_MEASURED_SOURCE,v03-fixed-25,fixed-baseline,fixed-baseline,arbitrum-one,evm-b,208648,1322,206650,8300220,13824249,95000,REJECTED_SOURCE_PROVEN_CALLDATA_ALONE_EXCEEDS_SIGNED_TX_LIMIT,32000000,PROJECTED_FEASIBLE_FROM_SOURCE_TOTAL,PROJECTED_REJECTED_SIZE,NOT_EVALUATED_NO_SELECTED_L2_VERIFIER_RECEIPT
H1_LOCAL_APPLE_M4_MAX_MEASURED_SOURCE,v03-fixed-25,fixed-baseline,fixed-baseline,scroll-mainnet,evm-a,208648,1322,206650,8300220,16649347,116736,REJECTED_SOURCE_PROVEN_CALLDATA_ALONE_EXCEEDS_SIGNED_TX_LIMIT,10000000,PROJECTED_INFEASIBLE_FROM_SOURCE_TOTAL,PROJECTED_REJECTED_SIZE,NOT_EVALUATED_NO_SELECTED_L2_VERIFIER_RECEIPT
H1_LOCAL_APPLE_M4_MAX_MEASURED_SOURCE,v03-fixed-25,fixed-baseline,fixed-baseline,scroll-mainnet,evm-b,208648,1322,206650,8300220,13824249,116736,REJECTED_SOURCE_PROVEN_CALLDATA_ALONE_EXCEEDS_SIGNED_TX_LIMIT,10000000,PROJECTED_INFEASIBLE_FROM_SOURCE_TOTAL,PROJECTED_REJECTED_SIZE,NOT_EVALUATED_NO_SELECTED_L2_VERIFIER_RECEIPT
H1_LOCAL_APPLE_M4_MAX_MEASURED_SOURCE,v03-fixed-26,fixed-baseline,fixed-baseline,op-mainnet,evm-a,211464,1385,209411,8411290,16654087,131072,REJECTED_SOURCE_PROVEN_CALLDATA_ALONE_EXCEEDS_SIGNED_TX_LIMIT,16777216,PROJECTED_FEASIBLE_FROM_SOURCE_TOTAL,PROJECTED_REJECTED_SIZE,NOT_EVALUATED_NO_SELECTED_L2_VERIFIER_RECEIPT
H1_LOCAL_APPLE_M4_MAX_MEASURED_SOURCE,v03-fixed-26,fixed-baseline,fixed-baseline,op-mainnet,evm-b,211464,1385,209411,8411290,14022622,131072,REJECTED_SOURCE_PROVEN_CALLDATA_ALONE_EXCEEDS_SIGNED_TX_LIMIT,16777216,PROJECTED_FEASIBLE_FROM_SOURCE_TOTAL,PROJECTED_REJECTED_SIZE,NOT_EVALUATED_NO_SELECTED_L2_VERIFIER_RECEIPT
H1_LOCAL_APPLE_M4_MAX_MEASURED_SOURCE,v03-fixed-26,fixed-baseline,fixed-baseline,arbitrum-one,evm-a,211464,1385,209411,8411290,16654087,95000,REJECTED_SOURCE_PROVEN_CALLDATA_ALONE_EXCEEDS_SIGNED_TX_LIMIT,32000000,PROJECTED_FEASIBLE_FROM_SOURCE_TOTAL,PROJECTED_REJECTED_SIZE,NOT_EVALUATED_NO_SELECTED_L2_VERIFIER_RECEIPT
H1_LOCAL_APPLE_M4_MAX_MEASURED_SOURCE,v03-fixed-26,fixed-baseline,fixed-baseline,arbitrum-one,evm-b,211464,1385,209411,8411290,14022622,95000,REJECTED_SOURCE_PROVEN_CALLDATA_ALONE_EXCEEDS_SIGNED_TX_LIMIT,32000000,PROJECTED_FEASIBLE_FROM_SOURCE_TOTAL,PROJECTED_REJECTED_SIZE,NOT_EVALUATED_NO_SELECTED_L2_VERIFIER_RECEIPT
H1_LOCAL_APPLE_M4_MAX_MEASURED_SOURCE,v03-fixed-26,fixed-baseline,fixed-baseline,scroll-mainnet,evm-a,211464,1385,209411,8411290,16654087,116736,REJECTED_SOURCE_PROVEN_CALLDATA_ALONE_EXCEEDS_SIGNED_TX_LIMIT,10000000,PROJECTED_INFEASIBLE_FROM_SOURCE_TOTAL,PROJECTED_REJECTED_SIZE,NOT_EVALUATED_NO_SELECTED_L2_VERIFIER_RECEIPT
H1_LOCAL_APPLE_M4_MAX_MEASURED_SOURCE,v03-fixed-26,fixed-baseline,fixed-baseline,scroll-mainnet,evm-b,211464,1385,209411,8411290,14022622,116736,REJECTED_SOURCE_PROVEN_CALLDATA_ALONE_EXCEEDS_SIGNED_TX_LIMIT,10000000,PROJECTED_INFEASIBLE_FROM_SOURCE_TOTAL,PROJECTED_REJECTED_SIZE,NOT_EVALUATED_NO_SELECTED_L2_VERIFIER_RECEIPT
H1_LOCAL_APPLE_M4_MAX_MEASURED_SOURCE,v03-fixed-27,fixed-baseline,fixed-baseline,op-mainnet,evm-a,205192,1376,203148,8160680,16405885,131072,REJECTED_SOURCE_PROVEN_CALLDATA_ALONE_EXCEEDS_SIGNED_TX_LIMIT,16777216,PROJECTED_FEASIBLE_FROM_SOURCE_TOTAL,PROJECTED_REJECTED_SIZE,NOT_EVALUATED_NO_SELECTED_L2_VERIFIER_RECEIPT
H1_LOCAL_APPLE_M4_MAX_MEASURED_SOURCE,v03-fixed-27,fixed-baseline,fixed-baseline,op-mainnet,evm-b,205192,1376,203148,8160680,14006850,131072,REJECTED_SOURCE_PROVEN_CALLDATA_ALONE_EXCEEDS_SIGNED_TX_LIMIT,16777216,PROJECTED_FEASIBLE_FROM_SOURCE_TOTAL,PROJECTED_REJECTED_SIZE,NOT_EVALUATED_NO_SELECTED_L2_VERIFIER_RECEIPT
H1_LOCAL_APPLE_M4_MAX_MEASURED_SOURCE,v03-fixed-27,fixed-baseline,fixed-baseline,arbitrum-one,evm-a,205192,1376,203148,8160680,16405885,95000,REJECTED_SOURCE_PROVEN_CALLDATA_ALONE_EXCEEDS_SIGNED_TX_LIMIT,32000000,PROJECTED_FEASIBLE_FROM_SOURCE_TOTAL,PROJECTED_REJECTED_SIZE,NOT_EVALUATED_NO_SELECTED_L2_VERIFIER_RECEIPT
H1_LOCAL_APPLE_M4_MAX_MEASURED_SOURCE,v03-fixed-27,fixed-baseline,fixed-baseline,arbitrum-one,evm-b,205192,1376,203148,8160680,14006850,95000,REJECTED_SOURCE_PROVEN_CALLDATA_ALONE_EXCEEDS_SIGNED_TX_LIMIT,32000000,PROJECTED_FEASIBLE_FROM_SOURCE_TOTAL,PROJECTED_REJECTED_SIZE,NOT_EVALUATED_NO_SELECTED_L2_VERIFIER_RECEIPT
H1_LOCAL_APPLE_M4_MAX_MEASURED_SOURCE,v03-fixed-27,fixed-baseline,fixed-baseline,scroll-mainnet,evm-a,205192,1376,203148,8160680,16405885,116736,REJECTED_SOURCE_PROVEN_CALLDATA_ALONE_EXCEEDS_SIGNED_TX_LIMIT,10000000,PROJECTED_INFEASIBLE_FROM_SOURCE_TOTAL,PROJECTED_REJECTED_SIZE,NOT_EVALUATED_NO_SELECTED_L2_VERIFIER_RECEIPT
H1_LOCAL_APPLE_M4_MAX_MEASURED_SOURCE,v03-fixed-27,fixed-baseline,fixed-baseline,scroll-mainnet,evm-b,205192,1376,203148,8160680,14006850,116736,REJECTED_SOURCE_PROVEN_CALLDATA_ALONE_EXCEEDS_SIGNED_TX_LIMIT,10000000,PROJECTED_INFEASIBLE_FROM_SOURCE_TOTAL,PROJECTED_REJECTED_SIZE,NOT_EVALUATED_NO_SELECTED_L2_VERIFIER_RECEIPT
H1_LOCAL_APPLE_M4_MAX_MEASURED_SOURCE,v03-fixed-28,fixed-baseline,fixed-baseline,op-mainnet,evm-a,213256,1379,211209,8483150,16946433,131072,REJECTED_SOURCE_PROVEN_CALLDATA_ALONE_EXCEEDS_SIGNED_TX_LIMIT,16777216,PROJECTED_INFEASIBLE_FROM_SOURCE_TOTAL,PROJECTED_REJECTED_SIZE,NOT_EVALUATED_NO_SELECTED_L2_VERIFIER_RECEIPT
H1_LOCAL_APPLE_M4_MAX_MEASURED_SOURCE,v03-fixed-28,fixed-baseline,fixed-baseline,op-mainnet,evm-b,213256,1379,211209,8483150,13970402,131072,REJECTED_SOURCE_PROVEN_CALLDATA_ALONE_EXCEEDS_SIGNED_TX_LIMIT,16777216,PROJECTED_FEASIBLE_FROM_SOURCE_TOTAL,PROJECTED_REJECTED_SIZE,NOT_EVALUATED_NO_SELECTED_L2_VERIFIER_RECEIPT
H1_LOCAL_APPLE_M4_MAX_MEASURED_SOURCE,v03-fixed-28,fixed-baseline,fixed-baseline,arbitrum-one,evm-a,213256,1379,211209,8483150,16946433,95000,REJECTED_SOURCE_PROVEN_CALLDATA_ALONE_EXCEEDS_SIGNED_TX_LIMIT,32000000,PROJECTED_FEASIBLE_FROM_SOURCE_TOTAL,PROJECTED_REJECTED_SIZE,NOT_EVALUATED_NO_SELECTED_L2_VERIFIER_RECEIPT
H1_LOCAL_APPLE_M4_MAX_MEASURED_SOURCE,v03-fixed-28,fixed-baseline,fixed-baseline,arbitrum-one,evm-b,213256,1379,211209,8483150,13970402,95000,REJECTED_SOURCE_PROVEN_CALLDATA_ALONE_EXCEEDS_SIGNED_TX_LIMIT,32000000,PROJECTED_FEASIBLE_FROM_SOURCE_TOTAL,PROJECTED_REJECTED_SIZE,NOT_EVALUATED_NO_SELECTED_L2_VERIFIER_RECEIPT
H1_LOCAL_APPLE_M4_MAX_MEASURED_SOURCE,v03-fixed-28,fixed-baseline,fixed-baseline,scroll-mainnet,evm-a,213256,1379,211209,8483150,16946433,116736,REJECTED_SOURCE_PROVEN_CALLDATA_ALONE_EXCEEDS_SIGNED_TX_LIMIT,10000000,PROJECTED_INFEASIBLE_FROM_SOURCE_TOTAL,PROJECTED_REJECTED_SIZE,NOT_EVALUATED_NO_SELECTED_L2_VERIFIER_RECEIPT
H1_LOCAL_APPLE_M4_MAX_MEASURED_SOURCE,v03-fixed-28,fixed-baseline,fixed-baseline,scroll-mainnet,evm-b,213256,1379,211209,8483150,13970402,116736,REJECTED_SOURCE_PROVEN_CALLDATA_ALONE_EXCEEDS_SIGNED_TX_LIMIT,10000000,PROJECTED_INFEASIBLE_FROM_SOURCE_TOTAL,PROJECTED_REJECTED_SIZE,NOT_EVALUATED_NO_SELECTED_L2_VERIFIER_RECEIPT
H1_LOCAL_APPLE_M4_MAX_MEASURED_SOURCE,v03-fixed-29,fixed-baseline,fixed-baseline,op-mainnet,evm-a,207112,1325,205119,8239010,16656525,131072,REJECTED_SOURCE_PROVEN_CALLDATA_ALONE_EXCEEDS_SIGNED_TX_LIMIT,16777216,PROJECTED_FEASIBLE_FROM_SOURCE_TOTAL,PROJECTED_REJECTED_SIZE,NOT_EVALUATED_NO_SELECTED_L2_VERIFIER_RECEIPT
H1_LOCAL_APPLE_M4_MAX_MEASURED_SOURCE,v03-fixed-29,fixed-baseline,fixed-baseline,op-mainnet,evm-b,207112,1325,205119,8239010,13755702,131072,REJECTED_SOURCE_PROVEN_CALLDATA_ALONE_EXCEEDS_SIGNED_TX_LIMIT,16777216,PROJECTED_FEASIBLE_FROM_SOURCE_TOTAL,PROJECTED_REJECTED_SIZE,NOT_EVALUATED_NO_SELECTED_L2_VERIFIER_RECEIPT
H1_LOCAL_APPLE_M4_MAX_MEASURED_SOURCE,v03-fixed-29,fixed-baseline,fixed-baseline,arbitrum-one,evm-a,207112,1325,205119,8239010,16656525,95000,REJECTED_SOURCE_PROVEN_CALLDATA_ALONE_EXCEEDS_SIGNED_TX_LIMIT,32000000,PROJECTED_FEASIBLE_FROM_SOURCE_TOTAL,PROJECTED_REJECTED_SIZE,NOT_EVALUATED_NO_SELECTED_L2_VERIFIER_RECEIPT
H1_LOCAL_APPLE_M4_MAX_MEASURED_SOURCE,v03-fixed-29,fixed-baseline,fixed-baseline,arbitrum-one,evm-b,207112,1325,205119,8239010,13755702,95000,REJECTED_SOURCE_PROVEN_CALLDATA_ALONE_EXCEEDS_SIGNED_TX_LIMIT,32000000,PROJECTED_FEASIBLE_FROM_SOURCE_TOTAL,PROJECTED_REJECTED_SIZE,NOT_EVALUATED_NO_SELECTED_L2_VERIFIER_RECEIPT
H1_LOCAL_APPLE_M4_MAX_MEASURED_SOURCE,v03-fixed-29,fixed-baseline,fixed-baseline,scroll-mainnet,evm-a,207112,1325,205119,8239010,16656525,116736,REJECTED_SOURCE_PROVEN_CALLDATA_ALONE_EXCEEDS_SIGNED_TX_LIMIT,10000000,PROJECTED_INFEASIBLE_FROM_SOURCE_TOTAL,PROJECTED_REJECTED_SIZE,NOT_EVALUATED_NO_SELECTED_L2_VERIFIER_RECEIPT
H1_LOCAL_APPLE_M4_MAX_MEASURED_SOURCE,v03-fixed-29,fixed-baseline,fixed-baseline,scroll-mainnet,evm-b,207112,1325,205119,8239010,13755702,116736,REJECTED_SOURCE_PROVEN_CALLDATA_ALONE_EXCEEDS_SIGNED_TX_LIMIT,10000000,PROJECTED_INFEASIBLE_FROM_SOURCE_TOTAL,PROJECTED_REJECTED_SIZE,NOT_EVALUATED_NO_SELECTED_L2_VERIFIER_RECEIPT
H1_LOCAL_APPLE_M4_MAX_MEASURED_SOURCE,v03-fixed-30,fixed-baseline,fixed-baseline,op-mainnet,evm-a,207496,1339,205489,8253950,16424004,131072,REJECTED_SOURCE_PROVEN_CALLDATA_ALONE_EXCEEDS_SIGNED_TX_LIMIT,16777216,PROJECTED_FEASIBLE_FROM_SOURCE_TOTAL,PROJECTED_REJECTED_SIZE,NOT_EVALUATED_NO_SELECTED_L2_VERIFIER_RECEIPT
H1_LOCAL_APPLE_M4_MAX_MEASURED_SOURCE,v03-fixed-30,fixed-baseline,fixed-baseline,op-mainnet,evm-b,207496,1339,205489,8253950,14107035,131072,REJECTED_SOURCE_PROVEN_CALLDATA_ALONE_EXCEEDS_SIGNED_TX_LIMIT,16777216,PROJECTED_FEASIBLE_FROM_SOURCE_TOTAL,PROJECTED_REJECTED_SIZE,NOT_EVALUATED_NO_SELECTED_L2_VERIFIER_RECEIPT
H1_LOCAL_APPLE_M4_MAX_MEASURED_SOURCE,v03-fixed-30,fixed-baseline,fixed-baseline,arbitrum-one,evm-a,207496,1339,205489,8253950,16424004,95000,REJECTED_SOURCE_PROVEN_CALLDATA_ALONE_EXCEEDS_SIGNED_TX_LIMIT,32000000,PROJECTED_FEASIBLE_FROM_SOURCE_TOTAL,PROJECTED_REJECTED_SIZE,NOT_EVALUATED_NO_SELECTED_L2_VERIFIER_RECEIPT
H1_LOCAL_APPLE_M4_MAX_MEASURED_SOURCE,v03-fixed-30,fixed-baseline,fixed-baseline,arbitrum-one,evm-b,207496,1339,205489,8253950,14107035,95000,REJECTED_SOURCE_PROVEN_CALLDATA_ALONE_EXCEEDS_SIGNED_TX_LIMIT,32000000,PROJECTED_FEASIBLE_FROM_SOURCE_TOTAL,PROJECTED_REJECTED_SIZE,NOT_EVALUATED_NO_SELECTED_L2_VERIFIER_RECEIPT
H1_LOCAL_APPLE_M4_MAX_MEASURED_SOURCE,v03-fixed-30,fixed-baseline,fixed-baseline,scroll-mainnet,evm-a,207496,1339,205489,8253950,16424004,116736,REJECTED_SOURCE_PROVEN_CALLDATA_ALONE_EXCEEDS_SIGNED_TX_LIMIT,10000000,PROJECTED_INFEASIBLE_FROM_SOURCE_TOTAL,PROJECTED_REJECTED_SIZE,NOT_EVALUATED_NO_SELECTED_L2_VERIFIER_RECEIPT
H1_LOCAL_APPLE_M4_MAX_MEASURED_SOURCE,v03-fixed-30,fixed-baseline,fixed-baseline,scroll-mainnet,evm-b,207496,1339,205489,8253950,14107035,116736,REJECTED_SOURCE_PROVEN_CALLDATA_ALONE_EXCEEDS_SIGNED_TX_LIMIT,10000000,PROJECTED_INFEASIBLE_FROM_SOURCE_TOTAL,PROJECTED_REJECTED_SIZE,NOT_EVALUATED_NO_SELECTED_L2_VERIFIER_RECEIPT
