classification,price_provenance,network,payload_family,payload_kib,scenario_id,l1_base_fee_wei,l1_blob_base_fee_wei,l2_base_fee_wei,op_l1_base_fee_scalar,op_l1_blob_fee_scalar,op_da_footprint_gas_scalar,arbitrum_price_per_unit_wei,scroll_exec_scalar,scroll_blob_scalar,estimator_status,fastlz_size_bytes,op_estimated_size_scaled,op_da_footprint_gas,execution_fee_wei,l1_data_fee_wei,operator_fee_wei,total_fee_wei
PROJECTION,SYNTHETIC_OFFLINE_INPUT_NOT_LIVE,op-mainnet,seeded-incompressible,80,l1-1gwei-blob-1wei,1000000000,1,20000000,1000000,1000000,400,1000000000,1000000000,1000000000,EVALUATED_PINNED_FASTLZ,84572,70701892400,28280400,65771800000000,1131230278470701,0,1197002078470701
PROJECTION,SYNTHETIC_OFFLINE_INPUT_NOT_LIVE,op-mainnet,seeded-incompressible,80,l1-1gwei-blob-10wei,1000000000,10,20000000,1000000,1000000,400,1000000000,1000000000,1000000000,EVALUATED_PINNED_FASTLZ,84572,70701892400,28280400,65771800000000,1131230279107018,0,1197002079107018
PROJECTION,SYNTHETIC_OFFLINE_INPUT_NOT_LIVE,op-mainnet,seeded-incompressible,80,l1-1gwei-blob-100wei,1000000000,100,20000000,1000000,1000000,400,1000000000,1000000000,1000000000,EVALUATED_PINNED_FASTLZ,84572,70701892400,28280400,65771800000000,1131230285470189,0,1197002085470189
PROJECTION,SYNTHETIC_OFFLINE_INPUT_NOT_LIVE,op-mainnet,seeded-incompressible,80,l1-10gwei-blob-1wei,10000000000,1,20000000,1000000,1000000,400,1000000000,1000000000,1000000000,EVALUATED_PINNED_FASTLZ,84572,70701892400,28280400,65771800000000,11312302784070701,0,11378074584070701
PROJECTION,SYNTHETIC_OFFLINE_INPUT_NOT_LIVE,op-mainnet,seeded-incompressible,80,l1-10gwei-blob-10wei,10000000000,10,20000000,1000000,1000000,400,1000000000,1000000000,1000000000,EVALUATED_PINNED_FASTLZ,84572,70701892400,28280400,65771800000000,11312302784707018,0,11378074584707018
PROJECTION,SYNTHETIC_OFFLINE_INPUT_NOT_LIVE,op-mainnet,seeded-incompressible,80,l1-10gwei-blob-100wei,10000000000,100,20000000,1000000,1000000,400,1000000000,1000000000,1000000000,EVALUATED_PINNED_FASTLZ,84572,70701892400,28280400,65771800000000,11312302791070189,0,11378074591070189
PROJECTION,SYNTHETIC_OFFLINE_INPUT_NOT_LIVE,op-mainnet,seeded-incompressible,80,l1-30gwei-blob-1wei,30000000000,1,20000000,1000000,1000000,400,1000000000,1000000000,1000000000,EVALUATED_PINNED_FASTLZ,84572,70701892400,28280400,65771800000000,33936908352070701,0,34002680152070701
PROJECTION,SYNTHETIC_OFFLINE_INPUT_NOT_LIVE,op-mainnet,seeded-incompressible,80,l1-30gwei-blob-10wei,30000000000,10,20000000,1000000,1000000,400,1000000000,1000000000,1000000000,EVALUATED_PINNED_FASTLZ,84572,70701892400,28280400,65771800000000,33936908352707018,0,34002680152707018
PROJECTION,SYNTHETIC_OFFLINE_INPUT_NOT_LIVE,op-mainnet,seeded-incompressible,80,l1-30gwei-blob-100wei,30000000000,100,20000000,1000000,1000000,400,1000000000,1000000000,1000000000,EVALUATED_PINNED_FASTLZ,84572,70701892400,28280400,65771800000000,33936908359070189,0,34002680159070189
PROJECTION,SYNTHETIC_OFFLINE_INPUT_NOT_LIVE,op-mainnet,seeded-incompressible,80,l1-100gwei-blob-1wei,100000000000,1,20000000,1000000,1000000,400,1000000000,1000000000,1000000000,EVALUATED_PINNED_FASTLZ,84572,70701892400,28280400,65771800000000,113123027840070701,0,113188799640070701
PROJECTION,SYNTHETIC_OFFLINE_INPUT_NOT_LIVE,op-mainnet,seeded-incompressible,80,l1-100gwei-blob-10wei,100000000000,10,20000000,1000000,1000000,400,1000000000,1000000000,1000000000,EVALUATED_PINNED_FASTLZ,84572,70701892400,28280400,65771800000000,113123027840707018,0,113188799640707018
PROJECTION,SYNTHETIC_OFFLINE_INPUT_NOT_LIVE,op-mainnet,seeded-incompressible,80,l1-100gwei-blob-100wei,100000000000,100,20000000,1000000,1000000,400,1000000000,1000000000,1000000000,EVALUATED_PINNED_FASTLZ,84572,70701892400,28280400,65771800000000,113123027847070189,0,113188799647070189
PROJECTION,SYNTHETIC_OFFLINE_INPUT_NOT_LIVE,op-mainnet,seeded-incompressible,90,l1-1gwei-blob-1wei,1000000000,1,20000000,1000000,1000000,400,1000000000,1000000000,1000000000,EVALUATED_PINNED_FASTLZ,95127,79531149900,31812400,73929000000000,1272498398479531,0,1346427398479531
PROJECTION,SYNTHETIC_OFFLINE_INPUT_NOT_LIVE,op-mainnet,seeded-incompressible,90,l1-1gwei-blob-10wei,1000000000,10,20000000,1000000,1000000,400,1000000000,1000000000,1000000000,EVALUATED_PINNED_FASTLZ,95127,79531149900,31812400,73929000000000,1272498399195311,0,1346427399195311
PROJECTION,SYNTHETIC_OFFLINE_INPUT_NOT_LIVE,op-mainnet,seeded-incompressible,90,l1-1gwei-blob-100wei,1000000000,100,20000000,1000000,1000000,400,1000000000,1000000000,1000000000,EVALUATED_PINNED_FASTLZ,95127,79531149900,31812400,73929000000000,1272498406353114,0,1346427406353114
PROJECTION,SYNTHETIC_OFFLINE_INPUT_NOT_LIVE,op-mainnet,seeded-incompressible,90,l1-10gwei-blob-1wei,10000000000,1,20000000,1000000,1000000,400,1000000000,1000000000,1000000000,EVALUATED_PINNED_FASTLZ,95127,79531149900,31812400,73929000000000,12724983984079531,0,12798912984079531
PROJECTION,SYNTHETIC_OFFLINE_INPUT_NOT_LIVE,op-mainnet,seeded-incompressible,90,l1-10gwei-blob-10wei,10000000000,10,20000000,1000000,1000000,400,1000000000,1000000000,1000000000,EVALUATED_PINNED_FASTLZ,95127,79531149900,31812400,73929000000000,12724983984795311,0,12798912984795311
PROJECTION,SYNTHETIC_OFFLINE_INPUT_NOT_LIVE,op-mainnet,seeded-incompressible,90,l1-10gwei-blob-100wei,10000000000,100,20000000,1000000,1000000,400,1000000000,1000000000,1000000000,EVALUATED_PINNED_FASTLZ,95127,79531149900,31812400,73929000000000,12724983991953114,0,12798912991953114
PROJECTION,SYNTHETIC_OFFLINE_INPUT_NOT_LIVE,op-mainnet,seeded-incompressible,90,l1-30gwei-blob-1wei,30000000000,1,20000000,1000000,1000000,400,1000000000,1000000000,1000000000,EVALUATED_PINNED_FASTLZ,95127,79531149900,31812400,73929000000000,38174951952079531,0,38248880952079531
PROJECTION,SYNTHETIC_OFFLINE_INPUT_NOT_LIVE,op-mainnet,seeded-incompressible,90,l1-30gwei-blob-10wei,30000000000,10,20000000,1000000,1000000,400,1000000000,1000000000,1000000000,EVALUATED_PINNED_FASTLZ,95127,79531149900,31812400,73929000000000,38174951952795311,0,38248880952795311
PROJECTION,SYNTHETIC_OFFLINE_INPUT_NOT_LIVE,op-mainnet,seeded-incompressible,90,l1-30gwei-blob-100wei,30000000000,100,20000000,1000000,1000000,400,1000000000,1000000000,1000000000,EVALUATED_PINNED_FASTLZ,95127,79531149900,31812400,73929000000000,38174951959953114,0,38248880959953114
PROJECTION,SYNTHETIC_OFFLINE_INPUT_NOT_LIVE,op-mainnet,seeded-incompressible,90,l1-100gwei-blob-1wei,100000000000,1,20000000,1000000,1000000,400,1000000000,1000000000,1000000000,EVALUATED_PINNED_FASTLZ,95127,79531149900,31812400,73929000000000,127249839840079531,0,127323768840079531
PROJECTION,SYNTHETIC_OFFLINE_INPUT_NOT_LIVE,op-mainnet,seeded-incompressible,90,l1-100gwei-blob-10wei,100000000000,10,20000000,1000000,1000000,400,1000000000,1000000000,1000000000,EVALUATED_PINNED_FASTLZ,95127,79531149900,31812400,73929000000000,127249839840795311,0,127323768840795311
PROJECTION,SYNTHETIC_OFFLINE_INPUT_NOT_LIVE,op-mainnet,seeded-incompressible,90,l1-100gwei-blob-100wei,100000000000,100,20000000,1000000,1000000,400,1000000000,1000000000,1000000000,EVALUATED_PINNED_FASTLZ,95127,79531149900,31812400,73929000000000,127249839847953114,0,127323768847953114
PROJECTION,SYNTHETIC_OFFLINE_INPUT_NOT_LIVE,op-mainnet,seeded-incompressible,110,l1-1gwei-blob-1wei,1000000000,1,20000000,1000000,1000000,400,1000000000,1000000000,1000000000,EVALUATED_PINNED_FASTLZ,116249,97199702900,38879600,90286000000000,1555195246497199,0,1645481246497199
PROJECTION,SYNTHETIC_OFFLINE_INPUT_NOT_LIVE,op-mainnet,seeded-incompressible,110,l1-1gwei-blob-10wei,1000000000,10,20000000,1000000,1000000,400,1000000000,1000000000,1000000000,EVALUATED_PINNED_FASTLZ,116249,97199702900,38879600,90286000000000,1555195247371997,0,1645481247371997
PROJECTION,SYNTHETIC_OFFLINE_INPUT_NOT_LIVE,op-mainnet,seeded-incompressible,110,l1-1gwei-blob-100wei,1000000000,100,20000000,1000000,1000000,400,1000000000,1000000000,1000000000,EVALUATED_PINNED_FASTLZ,116249,97199702900,38879600,90286000000000,1555195256119970,0,1645481256119970
PROJECTION,SYNTHETIC_OFFLINE_INPUT_NOT_LIVE,op-mainnet,seeded-incompressible,110,l1-10gwei-blob-1wei,10000000000,1,20000000,1000000,1000000,400,1000000000,1000000000,1000000000,EVALUATED_PINNED_FASTLZ,116249,97199702900,38879600,90286000000000,15551952464097199,0,15642238464097199
PROJECTION,SYNTHETIC_OFFLINE_INPUT_NOT_LIVE,op-mainnet,seeded-incompressible,110,l1-10gwei-blob-10wei,10000000000,10,20000000,1000000,1000000,400,1000000000,1000000000,1000000000,EVALUATED_PINNED_FASTLZ,116249,97199702900,38879600,90286000000000,15551952464971997,0,15642238464971997
PROJECTION,SYNTHETIC_OFFLINE_INPUT_NOT_LIVE,op-mainnet,seeded-incompressible,110,l1-10gwei-blob-100wei,10000000000,100,20000000,1000000,1000000,400,1000000000,1000000000,1000000000,EVALUATED_PINNED_FASTLZ,116249,97199702900,38879600,90286000000000,15551952473719970,0,15642238473719970
PROJECTION,SYNTHETIC_OFFLINE_INPUT_NOT_LIVE,op-mainnet,seeded-incompressible,110,l1-30gwei-blob-1wei,30000000000,1,20000000,1000000,1000000,400,1000000000,1000000000,1000000000,EVALUATED_PINNED_FASTLZ,116249,97199702900,38879600,90286000000000,46655857392097199,0,46746143392097199
PROJECTION,SYNTHETIC_OFFLINE_INPUT_NOT_LIVE,op-mainnet,seeded-incompressible,110,l1-30gwei-blob-10wei,30000000000,10,20000000,1000000,1000000,400,1000000000,1000000000,1000000000,EVALUATED_PINNED_FASTLZ,116249,97199702900,38879600,90286000000000,46655857392971997,0,46746143392971997
PROJECTION,SYNTHETIC_OFFLINE_INPUT_NOT_LIVE,op-mainnet,seeded-incompressible,110,l1-30gwei-blob-100wei,30000000000,100,20000000,1000000,1000000,400,1000000000,1000000000,1000000000,EVALUATED_PINNED_FASTLZ,116249,97199702900,38879600,90286000000000,46655857401719970,0,46746143401719970
PROJECTION,SYNTHETIC_OFFLINE_INPUT_NOT_LIVE,op-mainnet,seeded-incompressible,110,l1-100gwei-blob-1wei,100000000000,1,20000000,1000000,1000000,400,1000000000,1000000000,1000000000,EVALUATED_PINNED_FASTLZ,116249,97199702900,38879600,90286000000000,155519524640097199,0,155609810640097199
PROJECTION,SYNTHETIC_OFFLINE_INPUT_NOT_LIVE,op-mainnet,seeded-incompressible,110,l1-100gwei-blob-10wei,100000000000,10,20000000,1000000,1000000,400,1000000000,1000000000,1000000000,EVALUATED_PINNED_FASTLZ,116249,97199702900,38879600,90286000000000,155519524640971997,0,155609810640971997
PROJECTION,SYNTHETIC_OFFLINE_INPUT_NOT_LIVE,op-mainnet,seeded-incompressible,110,l1-100gwei-blob-100wei,100000000000,100,20000000,1000000,1000000,400,1000000000,1000000000,1000000000,EVALUATED_PINNED_FASTLZ,116249,97199702900,38879600,90286000000000,155519524649719970,0,155609810649719970
PROJECTION,SYNTHETIC_OFFLINE_INPUT_NOT_LIVE,op-mainnet,seeded-incompressible,116,l1-1gwei-blob-1wei,1000000000,1,20000000,1000000,1000000,400,1000000000,1000000000,1000000000,EVALUATED_PINNED_FASTLZ,122580,102495584400,40998000,95179000000000,1639929350502495,0,1735108350502495
PROJECTION,SYNTHETIC_OFFLINE_INPUT_NOT_LIVE,op-mainnet,seeded-incompressible,116,l1-1gwei-blob-10wei,1000000000,10,20000000,1000000,1000000,400,1000000000,1000000000,1000000000,EVALUATED_PINNED_FASTLZ,122580,102495584400,40998000,95179000000000,1639929351424955,0,1735108351424955
PROJECTION,SYNTHETIC_OFFLINE_INPUT_NOT_LIVE,op-mainnet,seeded-incompressible,116,l1-1gwei-blob-100wei,1000000000,100,20000000,1000000,1000000,400,1000000000,1000000000,1000000000,EVALUATED_PINNED_FASTLZ,122580,102495584400,40998000,95179000000000,1639929360649558,0,1735108360649558
PROJECTION,SYNTHETIC_OFFLINE_INPUT_NOT_LIVE,op-mainnet,seeded-incompressible,116,l1-10gwei-blob-1wei,10000000000,1,20000000,1000000,1000000,400,1000000000,1000000000,1000000000,EVALUATED_PINNED_FASTLZ,122580,102495584400,40998000,95179000000000,16399293504102495,0,16494472504102495
PROJECTION,SYNTHETIC_OFFLINE_INPUT_NOT_LIVE,op-mainnet,seeded-incompressible,116,l1-10gwei-blob-10wei,10000000000,10,20000000,1000000,1000000,400,1000000000,1000000000,1000000000,EVALUATED_PINNED_FASTLZ,122580,102495584400,40998000,95179000000000,16399293505024955,0,16494472505024955
PROJECTION,SYNTHETIC_OFFLINE_INPUT_NOT_LIVE,op-mainnet,seeded-incompressible,116,l1-10gwei-blob-100wei,10000000000,100,20000000,1000000,1000000,400,1000000000,1000000000,1000000000,EVALUATED_PINNED_FASTLZ,122580,102495584400,40998000,95179000000000,16399293514249558,0,16494472514249558
PROJECTION,SYNTHETIC_OFFLINE_INPUT_NOT_LIVE,op-mainnet,seeded-incompressible,116,l1-30gwei-blob-1wei,30000000000,1,20000000,1000000,1000000,400,1000000000,1000000000,1000000000,EVALUATED_PINNED_FASTLZ,122580,102495584400,40998000,95179000000000,49197880512102495,0,49293059512102495
PROJECTION,SYNTHETIC_OFFLINE_INPUT_NOT_LIVE,op-mainnet,seeded-incompressible,116,l1-30gwei-blob-10wei,30000000000,10,20000000,1000000,1000000,400,1000000000,1000000000,1000000000,EVALUATED_PINNED_FASTLZ,122580,102495584400,40998000,95179000000000,49197880513024955,0,49293059513024955
PROJECTION,SYNTHETIC_OFFLINE_INPUT_NOT_LIVE,op-mainnet,seeded-incompressible,116,l1-30gwei-blob-100wei,30000000000,100,20000000,1000000,1000000,400,1000000000,1000000000,1000000000,EVALUATED_PINNED_FASTLZ,122580,102495584400,40998000,95179000000000,49197880522249558,0,49293059522249558
PROJECTION,SYNTHETIC_OFFLINE_INPUT_NOT_LIVE,op-mainnet,seeded-incompressible,116,l1-100gwei-blob-1wei,100000000000,1,20000000,1000000,1000000,400,1000000000,1000000000,1000000000,EVALUATED_PINNED_FASTLZ,122580,102495584400,40998000,95179000000000,163992935040102495,0,164088114040102495
PROJECTION,SYNTHETIC_OFFLINE_INPUT_NOT_LIVE,op-mainnet,seeded-incompressible,116,l1-100gwei-blob-10wei,100000000000,10,20000000,1000000,1000000,400,1000000000,1000000000,1000000000,EVALUATED_PINNED_FASTLZ,122580,102495584400,40998000,95179000000000,163992935041024955,0,164088114041024955
PROJECTION,SYNTHETIC_OFFLINE_INPUT_NOT_LIVE,op-mainnet,seeded-incompressible,116,l1-100gwei-blob-100wei,100000000000,100,20000000,1000000,1000000,400,1000000000,1000000000,1000000000,EVALUATED_PINNED_FASTLZ,122580,102495584400,40998000,95179000000000,163992935050249558,0,164088114050249558
PROJECTION,SYNTHETIC_OFFLINE_INPUT_NOT_LIVE,op-mainnet,seeded-incompressible,120,l1-1gwei-blob-1wei,1000000000,1,20000000,1000000,1000000,400,1000000000,1000000000,1000000000,EVALUATED_PINNED_FASTLZ,126803,106028123900,42411200,98448600000000,1696449982506028,0,1794898582506028
PROJECTION,SYNTHETIC_OFFLINE_INPUT_NOT_LIVE,op-mainnet,seeded-incompressible,120,l1-1gwei-blob-10wei,1000000000,10,20000000,1000000,1000000,400,1000000000,1000000000,1000000000,EVALUATED_PINNED_FASTLZ,126803,106028123900,42411200,98448600000000,1696449983460281,0,1794898583460281
PROJECTION,SYNTHETIC_OFFLINE_INPUT_NOT_LIVE,op-mainnet,seeded-incompressible,120,l1-1gwei-blob-100wei,1000000000,100,20000000,1000000,1000000,400,1000000000,1000000000,1000000000,EVALUATED_PINNED_FASTLZ,126803,106028123900,42411200,98448600000000,1696449993002812,0,1794898593002812
PROJECTION,SYNTHETIC_OFFLINE_INPUT_NOT_LIVE,op-mainnet,seeded-incompressible,120,l1-10gwei-blob-1wei,10000000000,1,20000000,1000000,1000000,400,1000000000,1000000000,1000000000,EVALUATED_PINNED_FASTLZ,126803,106028123900,42411200,98448600000000,16964499824106028,0,17062948424106028
PROJECTION,SYNTHETIC_OFFLINE_INPUT_NOT_LIVE,op-mainnet,seeded-incompressible,120,l1-10gwei-blob-10wei,10000000000,10,20000000,1000000,1000000,400,1000000000,1000000000,1000000000,EVALUATED_PINNED_FASTLZ,126803,106028123900,42411200,98448600000000,16964499825060281,0,17062948425060281
PROJECTION,SYNTHETIC_OFFLINE_INPUT_NOT_LIVE,op-mainnet,seeded-incompressible,120,l1-10gwei-blob-100wei,10000000000,100,20000000,1000000,1000000,400,1000000000,1000000000,1000000000,EVALUATED_PINNED_FASTLZ,126803,106028123900,42411200,98448600000000,16964499834602812,0,17062948434602812
PROJECTION,SYNTHETIC_OFFLINE_INPUT_NOT_LIVE,op-mainnet,seeded-incompressible,120,l1-30gwei-blob-1wei,30000000000,1,20000000,1000000,1000000,400,1000000000,1000000000,1000000000,EVALUATED_PINNED_FASTLZ,126803,106028123900,42411200,98448600000000,50893499472106028,0,50991948072106028
PROJECTION,SYNTHETIC_OFFLINE_INPUT_NOT_LIVE,op-mainnet,seeded-incompressible,120,l1-30gwei-blob-10wei,30000000000,10,20000000,1000000,1000000,400,1000000000,1000000000,1000000000,EVALUATED_PINNED_FASTLZ,126803,106028123900,42411200,98448600000000,50893499473060281,0,50991948073060281
PROJECTION,SYNTHETIC_OFFLINE_INPUT_NOT_LIVE,op-mainnet,seeded-incompressible,120,l1-30gwei-blob-100wei,30000000000,100,20000000,1000000,1000000,400,1000000000,1000000000,1000000000,EVALUATED_PINNED_FASTLZ,126803,106028123900,42411200,98448600000000,50893499482602812,0,50991948082602812
PROJECTION,SYNTHETIC_OFFLINE_INPUT_NOT_LIVE,op-mainnet,seeded-incompressible,120,l1-100gwei-blob-1wei,100000000000,1,20000000,1000000,1000000,400,1000000000,1000000000,1000000000,EVALUATED_PINNED_FASTLZ,126803,106028123900,42411200,98448600000000,169644998240106028,0,169743446840106028
PROJECTION,SYNTHETIC_OFFLINE_INPUT_NOT_LIVE,op-mainnet,seeded-incompressible,120,l1-100gwei-blob-10wei,100000000000,10,20000000,1000000,1000000,400,1000000000,1000000000,1000000000,EVALUATED_PINNED_FASTLZ,126803,106028123900,42411200,98448600000000,169644998241060281,0,169743446841060281
PROJECTION,SYNTHETIC_OFFLINE_INPUT_NOT_LIVE,op-mainnet,seeded-incompressible,120,l1-100gwei-blob-100wei,100000000000,100,20000000,1000000,1000000,400,1000000000,1000000000,1000000000,EVALUATED_PINNED_FASTLZ,126803,106028123900,42411200,98448600000000,169644998250602812,0,169743446850602812
PROJECTION,SYNTHETIC_OFFLINE_INPUT_NOT_LIVE,op-mainnet,seeded-incompressible,128,l1-1gwei-blob-1wei,1000000000,1,20000000,1000000,1000000,400,1000000000,1000000000,1000000000,EVALUATED_PINNED_FASTLZ,135251,113094875900,45237600,104995600000000,1809518014513094,0,1914513614513094
PROJECTION,SYNTHETIC_OFFLINE_INPUT_NOT_LIVE,op-mainnet,seeded-incompressible,128,l1-1gwei-blob-10wei,1000000000,10,20000000,1000000,1000000,400,1000000000,1000000000,1000000000,EVALUATED_PINNED_FASTLZ,135251,113094875900,45237600,104995600000000,1809518015530948,0,1914513615530948
PROJECTION,SYNTHETIC_OFFLINE_INPUT_NOT_LIVE,op-mainnet,seeded-incompressible,128,l1-1gwei-blob-100wei,1000000000,100,20000000,1000000,1000000,400,1000000000,1000000000,1000000000,EVALUATED_PINNED_FASTLZ,135251,113094875900,45237600,104995600000000,1809518025709487,0,1914513625709487
PROJECTION,SYNTHETIC_OFFLINE_INPUT_NOT_LIVE,op-mainnet,seeded-incompressible,128,l1-10gwei-blob-1wei,10000000000,1,20000000,1000000,1000000,400,1000000000,1000000000,1000000000,EVALUATED_PINNED_FASTLZ,135251,113094875900,45237600,104995600000000,18095180144113094,0,18200175744113094
PROJECTION,SYNTHETIC_OFFLINE_INPUT_NOT_LIVE,op-mainnet,seeded-incompressible,128,l1-10gwei-blob-10wei,10000000000,10,20000000,1000000,1000000,400,1000000000,1000000000,1000000000,EVALUATED_PINNED_FASTLZ,135251,113094875900,45237600,104995600000000,18095180145130948,0,18200175745130948
PROJECTION,SYNTHETIC_OFFLINE_INPUT_NOT_LIVE,op-mainnet,seeded-incompressible,128,l1-10gwei-blob-100wei,10000000000,100,20000000,1000000,1000000,400,1000000000,1000000000,1000000000,EVALUATED_PINNED_FASTLZ,135251,113094875900,45237600,104995600000000,18095180155309487,0,18200175755309487
PROJECTION,SYNTHETIC_OFFLINE_INPUT_NOT_LIVE,op-mainnet,seeded-incompressible,128,l1-30gwei-blob-1wei,30000000000,1,20000000,1000000,1000000,400,1000000000,1000000000,1000000000,EVALUATED_PINNED_FASTLZ,135251,113094875900,45237600,104995600000000,54285540432113094,0,54390536032113094
PROJECTION,SYNTHETIC_OFFLINE_INPUT_NOT_LIVE,op-mainnet,seeded-incompressible,128,l1-30gwei-blob-10wei,30000000000,10,20000000,1000000,1000000,400,1000000000,1000000000,1000000000,EVALUATED_PINNED_FASTLZ,135251,113094875900,45237600,104995600000000,54285540433130948,0,54390536033130948
PROJECTION,SYNTHETIC_OFFLINE_INPUT_NOT_LIVE,op-mainnet,seeded-incompressible,128,l1-30gwei-blob-100wei,30000000000,100,20000000,1000000,1000000,400,1000000000,1000000000,1000000000,EVALUATED_PINNED_FASTLZ,135251,113094875900,45237600,104995600000000,54285540443309487,0,54390536043309487
PROJECTION,SYNTHETIC_OFFLINE_INPUT_NOT_LIVE,op-mainnet,seeded-incompressible,128,l1-100gwei-blob-1wei,100000000000,1,20000000,1000000,1000000,400,1000000000,1000000000,1000000000,EVALUATED_PINNED_FASTLZ,135251,113094875900,45237600,104995600000000,180951801440113094,0,181056797040113094
PROJECTION,SYNTHETIC_OFFLINE_INPUT_NOT_LIVE,op-mainnet,seeded-incompressible,128,l1-100gwei-blob-10wei,100000000000,10,20000000,1000000,1000000,400,1000000000,1000000000,1000000000,EVALUATED_PINNED_FASTLZ,135251,113094875900,45237600,104995600000000,180951801441130948,0,181056797041130948
PROJECTION,SYNTHETIC_OFFLINE_INPUT_NOT_LIVE,op-mainnet,seeded-incompressible,128,l1-100gwei-blob-100wei,100000000000,100,20000000,1000000,1000000,400,1000000000,1000000000,1000000000,EVALUATED_PINNED_FASTLZ,135251,113094875900,45237600,104995600000000,180951801451309487,0,181056797051309487
PROJECTION,SYNTHETIC_OFFLINE_INPUT_NOT_LIVE,op-mainnet,seeded-incompressible,160,l1-1gwei-blob-1wei,1000000000,1,20000000,1000000,1000000,400,1000000000,1000000000,1000000000,EVALUATED_PINNED_FASTLZ,169040,141359374400,56543600,131142200000000,2261749990541359,0,2392892190541359
PROJECTION,SYNTHETIC_OFFLINE_INPUT_NOT_LIVE,op-mainnet,seeded-incompressible,160,l1-1gwei-blob-10wei,1000000000,10,20000000,1000000,1000000,400,1000000000,1000000000,1000000000,EVALUATED_PINNED_FASTLZ,169040,141359374400,56543600,131142200000000,2261749991813593,0,2392892191813593
PROJECTION,SYNTHETIC_OFFLINE_INPUT_NOT_LIVE,op-mainnet,seeded-incompressible,160,l1-1gwei-blob-100wei,1000000000,100,20000000,1000000,1000000,400,1000000000,1000000000,1000000000,EVALUATED_PINNED_FASTLZ,169040,141359374400,56543600,131142200000000,2261750004535937,0,2392892204535937
PROJECTION,SYNTHETIC_OFFLINE_INPUT_NOT_LIVE,op-mainnet,seeded-incompressible,160,l1-10gwei-blob-1wei,10000000000,1,20000000,1000000,1000000,400,1000000000,1000000000,1000000000,EVALUATED_PINNED_FASTLZ,169040,141359374400,56543600,131142200000000,22617499904141359,0,22748642104141359
PROJECTION,SYNTHETIC_OFFLINE_INPUT_NOT_LIVE,op-mainnet,seeded-incompressible,160,l1-10gwei-blob-10wei,10000000000,10,20000000,1000000,1000000,400,1000000000,1000000000,1000000000,EVALUATED_PINNED_FASTLZ,169040,141359374400,56543600,131142200000000,22617499905413593,0,22748642105413593
PROJECTION,SYNTHETIC_OFFLINE_INPUT_NOT_LIVE,op-mainnet,seeded-incompressible,160,l1-10gwei-blob-100wei,10000000000,100,20000000,1000000,1000000,400,1000000000,1000000000,1000000000,EVALUATED_PINNED_FASTLZ,169040,141359374400,56543600,131142200000000,22617499918135937,0,22748642118135937
PROJECTION,SYNTHETIC_OFFLINE_INPUT_NOT_LIVE,op-mainnet,seeded-incompressible,160,l1-30gwei-blob-1wei,30000000000,1,20000000,1000000,1000000,400,1000000000,1000000000,1000000000,EVALUATED_PINNED_FASTLZ,169040,141359374400,56543600,131142200000000,67852499712141359,0,67983641912141359
PROJECTION,SYNTHETIC_OFFLINE_INPUT_NOT_LIVE,op-mainnet,seeded-incompressible,160,l1-30gwei-blob-10wei,30000000000,10,20000000,1000000,1000000,400,1000000000,1000000000,1000000000,EVALUATED_PINNED_FASTLZ,169040,141359374400,56543600,131142200000000,67852499713413593,0,67983641913413593
PROJECTION,SYNTHETIC_OFFLINE_INPUT_NOT_LIVE,op-mainnet,seeded-incompressible,160,l1-30gwei-blob-100wei,30000000000,100,20000000,1000000,1000000,400,1000000000,1000000000,1000000000,EVALUATED_PINNED_FASTLZ,169040,141359374400,56543600,131142200000000,67852499726135937,0,67983641926135937
PROJECTION,SYNTHETIC_OFFLINE_INPUT_NOT_LIVE,op-mainnet,seeded-incompressible,160,l1-100gwei-blob-1wei,100000000000,1,20000000,1000000,1000000,400,1000000000,1000000000,1000000000,EVALUATED_PINNED_FASTLZ,169040,141359374400,56543600,131142200000000,226174999040141359,0,226306141240141359
PROJECTION,SYNTHETIC_OFFLINE_INPUT_NOT_LIVE,op-mainnet,seeded-incompressible,160,l1-100gwei-blob-10wei,100000000000,10,20000000,1000000,1000000,400,1000000000,1000000000,1000000000,EVALUATED_PINNED_FASTLZ,169040,141359374400,56543600,131142200000000,226174999041413593,0,226306141241413593
PROJECTION,SYNTHETIC_OFFLINE_INPUT_NOT_LIVE,op-mainnet,seeded-incompressible,160,l1-100gwei-blob-100wei,100000000000,100,20000000,1000000,1000000,400,1000000000,1000000000,1000000000,EVALUATED_PINNED_FASTLZ,169040,141359374400,56543600,131142200000000,226174999054135937,0,226306141254135937
PROJECTION,SYNTHETIC_OFFLINE_INPUT_NOT_LIVE,op-mainnet,seeded-incompressible,210,l1-1gwei-blob-1wei,1000000000,1,20000000,1000000,1000000,400,1000000000,1000000000,1000000000,EVALUATED_PINNED_FASTLZ,221824,185513190400,74205200,171933000000000,2968211046585513,0,3140144046585513
PROJECTION,SYNTHETIC_OFFLINE_INPUT_NOT_LIVE,op-mainnet,seeded-incompressible,210,l1-1gwei-blob-10wei,1000000000,10,20000000,1000000,1000000,400,1000000000,1000000000,1000000000,EVALUATED_PINNED_FASTLZ,221824,185513190400,74205200,171933000000000,2968211048255131,0,3140144048255131
PROJECTION,SYNTHETIC_OFFLINE_INPUT_NOT_LIVE,op-mainnet,seeded-incompressible,210,l1-1gwei-blob-100wei,1000000000,100,20000000,1000000,1000000,400,1000000000,1000000000,1000000000,EVALUATED_PINNED_FASTLZ,221824,185513190400,74205200,171933000000000,2968211064951319,0,3140144064951319
PROJECTION,SYNTHETIC_OFFLINE_INPUT_NOT_LIVE,op-mainnet,seeded-incompressible,210,l1-10gwei-blob-1wei,10000000000,1,20000000,1000000,1000000,400,1000000000,1000000000,1000000000,EVALUATED_PINNED_FASTLZ,221824,185513190400,74205200,171933000000000,29682110464185513,0,29854043464185513
PROJECTION,SYNTHETIC_OFFLINE_INPUT_NOT_LIVE,op-mainnet,seeded-incompressible,210,l1-10gwei-blob-10wei,10000000000,10,20000000,1000000,1000000,400,1000000000,1000000000,1000000000,EVALUATED_PINNED_FASTLZ,221824,185513190400,74205200,171933000000000,29682110465855131,0,29854043465855131
PROJECTION,SYNTHETIC_OFFLINE_INPUT_NOT_LIVE,op-mainnet,seeded-incompressible,210,l1-10gwei-blob-100wei,10000000000,100,20000000,1000000,1000000,400,1000000000,1000000000,1000000000,EVALUATED_PINNED_FASTLZ,221824,185513190400,74205200,171933000000000,29682110482551319,0,29854043482551319
PROJECTION,SYNTHETIC_OFFLINE_INPUT_NOT_LIVE,op-mainnet,seeded-incompressible,210,l1-30gwei-blob-1wei,30000000000,1,20000000,1000000,1000000,400,1000000000,1000000000,1000000000,EVALUATED_PINNED_FASTLZ,221824,185513190400,74205200,171933000000000,89046331392185513,0,89218264392185513
PROJECTION,SYNTHETIC_OFFLINE_INPUT_NOT_LIVE,op-mainnet,seeded-incompressible,210,l1-30gwei-blob-10wei,30000000000,10,20000000,1000000,1000000,400,1000000000,1000000000,1000000000,EVALUATED_PINNED_FASTLZ,221824,185513190400,74205200,171933000000000,89046331393855131,0,89218264393855131
PROJECTION,SYNTHETIC_OFFLINE_INPUT_NOT_LIVE,op-mainnet,seeded-incompressible,210,l1-30gwei-blob-100wei,30000000000,100,20000000,1000000,1000000,400,1000000000,1000000000,1000000000,EVALUATED_PINNED_FASTLZ,221824,185513190400,74205200,171933000000000,89046331410551319,0,89218264410551319
PROJECTION,SYNTHETIC_OFFLINE_INPUT_NOT_LIVE,op-mainnet,seeded-incompressible,210,l1-100gwei-blob-1wei,100000000000,1,20000000,1000000,1000000,400,1000000000,1000000000,1000000000,EVALUATED_PINNED_FASTLZ,221824,185513190400,74205200,171933000000000,296821104640185513,0,296993037640185513
PROJECTION,SYNTHETIC_OFFLINE_INPUT_NOT_LIVE,op-mainnet,seeded-incompressible,210,l1-100gwei-blob-10wei,100000000000,10,20000000,1000000,1000000,400,1000000000,1000000000,1000000000,EVALUATED_PINNED_FASTLZ,221824,185513190400,74205200,171933000000000,296821104641855131,0,296993037641855131
PROJECTION,SYNTHETIC_OFFLINE_INPUT_NOT_LIVE,op-mainnet,seeded-incompressible,210,l1-100gwei-blob-100wei,100000000000,100,20000000,1000000,1000000,400,1000000000,1000000000,1000000000,EVALUATED_PINNED_FASTLZ,221824,185513190400,74205200,171933000000000,296821104658551319,0,296993037658551319
PROJECTION,SYNTHETIC_OFFLINE_INPUT_NOT_LIVE,op-mainnet,repeated,80,l1-1gwei-blob-1wei,1000000000,1,20000000,1000000,1000000,400,1000000000,1000000000,1000000000,EVALUATED_PINNED_FASTLZ,456,338858400,135200,65956000000000,5421734400338,0,71377734400338
PROJECTION,SYNTHETIC_OFFLINE_INPUT_NOT_LIVE,op-mainnet,repeated,80,l1-1gwei-blob-10wei,1000000000,10,20000000,1000000,1000000,400,1000000000,1000000000,1000000000,EVALUATED_PINNED_FASTLZ,456,338858400,135200,65956000000000,5421734403388,0,71377734403388
PROJECTION,SYNTHETIC_OFFLINE_INPUT_NOT_LIVE,op-mainnet,repeated,80,l1-1gwei-blob-100wei,1000000000,100,20000000,1000000,1000000,400,1000000000,1000000000,1000000000,EVALUATED_PINNED_FASTLZ,456,338858400,135200,65956000000000,5421734433885,0,71377734433885
PROJECTION,SYNTHETIC_OFFLINE_INPUT_NOT_LIVE,op-mainnet,repeated,80,l1-10gwei-blob-1wei,10000000000,1,20000000,1000000,1000000,400,1000000000,1000000000,1000000000,EVALUATED_PINNED_FASTLZ,456,338858400,135200,65956000000000,54217344000338,0,120173344000338
PROJECTION,SYNTHETIC_OFFLINE_INPUT_NOT_LIVE,op-mainnet,repeated,80,l1-10gwei-blob-10wei,10000000000,10,20000000,1000000,1000000,400,1000000000,1000000000,1000000000,EVALUATED_PINNED_FASTLZ,456,338858400,135200,65956000000000,54217344003388,0,120173344003388
PROJECTION,SYNTHETIC_OFFLINE_INPUT_NOT_LIVE,op-mainnet,repeated,80,l1-10gwei-blob-100wei,10000000000,100,20000000,1000000,1000000,400,1000000000,1000000000,1000000000,EVALUATED_PINNED_FASTLZ,456,338858400,135200,65956000000000,54217344033885,0,120173344033885
PROJECTION,SYNTHETIC_OFFLINE_INPUT_NOT_LIVE,op-mainnet,repeated,80,l1-30gwei-blob-1wei,30000000000,1,20000000,1000000,1000000,400,1000000000,1000000000,1000000000,EVALUATED_PINNED_FASTLZ,456,338858400,135200,65956000000000,162652032000338,0,228608032000338
PROJECTION,SYNTHETIC_OFFLINE_INPUT_NOT_LIVE,op-mainnet,repeated,80,l1-30gwei-blob-10wei,30000000000,10,20000000,1000000,1000000,400,1000000000,1000000000,1000000000,EVALUATED_PINNED_FASTLZ,456,338858400,135200,65956000000000,162652032003388,0,228608032003388
PROJECTION,SYNTHETIC_OFFLINE_INPUT_NOT_LIVE,op-mainnet,repeated,80,l1-30gwei-blob-100wei,30000000000,100,20000000,1000000,1000000,400,1000000000,1000000000,1000000000,EVALUATED_PINNED_FASTLZ,456,338858400,135200,65956000000000,162652032033885,0,228608032033885
PROJECTION,SYNTHETIC_OFFLINE_INPUT_NOT_LIVE,op-mainnet,repeated,80,l1-100gwei-blob-1wei,100000000000,1,20000000,1000000,1000000,400,1000000000,1000000000,1000000000,EVALUATED_PINNED_FASTLZ,456,338858400,135200,65956000000000,542173440000338,0,608129440000338
PROJECTION,SYNTHETIC_OFFLINE_INPUT_NOT_LIVE,op-mainnet,repeated,80,l1-100gwei-blob-10wei,100000000000,10,20000000,1000000,1000000,400,1000000000,1000000000,1000000000,EVALUATED_PINNED_FASTLZ,456,338858400,135200,65956000000000,542173440003388,0,608129440003388
PROJECTION,SYNTHETIC_OFFLINE_INPUT_NOT_LIVE,op-mainnet,repeated,80,l1-100gwei-blob-100wei,100000000000,100,20000000,1000000,1000000,400,1000000000,1000000000,1000000000,EVALUATED_PINNED_FASTLZ,456,338858400,135200,65956000000000,542173440033885,0,608129440033885
PROJECTION,SYNTHETIC_OFFLINE_INPUT_NOT_LIVE,op-mainnet,repeated,90,l1-1gwei-blob-1wei,1000000000,1,20000000,1000000,1000000,400,1000000000,1000000000,1000000000,EVALUATED_PINNED_FASTLZ,496,372318400,148800,74148000000000,5957094400372,0,80105094400372
PROJECTION,SYNTHETIC_OFFLINE_INPUT_NOT_LIVE,op-mainnet,repeated,90,l1-1gwei-blob-10wei,1000000000,10,20000000,1000000,1000000,400,1000000000,1000000000,1000000000,EVALUATED_PINNED_FASTLZ,496,372318400,148800,74148000000000,5957094403723,0,80105094403723
PROJECTION,SYNTHETIC_OFFLINE_INPUT_NOT_LIVE,op-mainnet,repeated,90,l1-1gwei-blob-100wei,1000000000,100,20000000,1000000,1000000,400,1000000000,1000000000,1000000000,EVALUATED_PINNED_FASTLZ,496,372318400,148800,74148000000000,5957094437231,0,80105094437231
PROJECTION,SYNTHETIC_OFFLINE_INPUT_NOT_LIVE,op-mainnet,repeated,90,l1-10gwei-blob-1wei,10000000000,1,20000000,1000000,1000000,400,1000000000,1000000000,1000000000,EVALUATED_PINNED_FASTLZ,496,372318400,148800,74148000000000,59570944000372,0,133718944000372
PROJECTION,SYNTHETIC_OFFLINE_INPUT_NOT_LIVE,op-mainnet,repeated,90,l1-10gwei-blob-10wei,10000000000,10,20000000,1000000,1000000,400,1000000000,1000000000,1000000000,EVALUATED_PINNED_FASTLZ,496,372318400,148800,74148000000000,59570944003723,0,133718944003723
PROJECTION,SYNTHETIC_OFFLINE_INPUT_NOT_LIVE,op-mainnet,repeated,90,l1-10gwei-blob-100wei,10000000000,100,20000000,1000000,1000000,400,1000000000,1000000000,1000000000,EVALUATED_PINNED_FASTLZ,496,372318400,148800,74148000000000,59570944037231,0,133718944037231
PROJECTION,SYNTHETIC_OFFLINE_INPUT_NOT_LIVE,op-mainnet,repeated,90,l1-30gwei-blob-1wei,30000000000,1,20000000,1000000,1000000,400,1000000000,1000000000,1000000000,EVALUATED_PINNED_FASTLZ,496,372318400,148800,74148000000000,178712832000372,0,252860832000372
PROJECTION,SYNTHETIC_OFFLINE_INPUT_NOT_LIVE,op-mainnet,repeated,90,l1-30gwei-blob-10wei,30000000000,10,20000000,1000000,1000000,400,1000000000,1000000000,1000000000,EVALUATED_PINNED_FASTLZ,496,372318400,148800,74148000000000,178712832003723,0,252860832003723
PROJECTION,SYNTHETIC_OFFLINE_INPUT_NOT_LIVE,op-mainnet,repeated,90,l1-30gwei-blob-100wei,30000000000,100,20000000,1000000,1000000,400,1000000000,1000000000,1000000000,EVALUATED_PINNED_FASTLZ,496,372318400,148800,74148000000000,178712832037231,0,252860832037231
PROJECTION,SYNTHETIC_OFFLINE_INPUT_NOT_LIVE,op-mainnet,repeated,90,l1-100gwei-blob-1wei,100000000000,1,20000000,1000000,1000000,400,1000000000,1000000000,1000000000,EVALUATED_PINNED_FASTLZ,496,372318400,148800,74148000000000,595709440000372,0,669857440000372
PROJECTION,SYNTHETIC_OFFLINE_INPUT_NOT_LIVE,op-mainnet,repeated,90,l1-100gwei-blob-10wei,100000000000,10,20000000,1000000,1000000,400,1000000000,1000000000,1000000000,EVALUATED_PINNED_FASTLZ,496,372318400,148800,74148000000000,595709440003723,0,669857440003723
PROJECTION,SYNTHETIC_OFFLINE_INPUT_NOT_LIVE,op-mainnet,repeated,90,l1-100gwei-blob-100wei,100000000000,100,20000000,1000000,1000000,400,1000000000,1000000000,1000000000,EVALUATED_PINNED_FASTLZ,496,372318400,148800,74148000000000,595709440037231,0,669857440037231
PROJECTION,SYNTHETIC_OFFLINE_INPUT_NOT_LIVE,op-mainnet,repeated,110,l1-1gwei-blob-1wei,1000000000,1,20000000,1000000,1000000,400,1000000000,1000000000,1000000000,EVALUATED_PINNED_FASTLZ,576,439238400,175600,90532000000000,7027814400439,0,97559814400439
PROJECTION,SYNTHETIC_OFFLINE_INPUT_NOT_LIVE,op-mainnet,repeated,110,l1-1gwei-blob-10wei,1000000000,10,20000000,1000000,1000000,400,1000000000,1000000000,1000000000,EVALUATED_PINNED_FASTLZ,576,439238400,175600,90532000000000,7027814404392,0,97559814404392
PROJECTION,SYNTHETIC_OFFLINE_INPUT_NOT_LIVE,op-mainnet,repeated,110,l1-1gwei-blob-100wei,1000000000,100,20000000,1000000,1000000,400,1000000000,1000000000,1000000000,EVALUATED_PINNED_FASTLZ,576,439238400,175600,90532000000000,7027814443923,0,97559814443923
PROJECTION,SYNTHETIC_OFFLINE_INPUT_NOT_LIVE,op-mainnet,repeated,110,l1-10gwei-blob-1wei,10000000000,1,20000000,1000000,1000000,400,1000000000,1000000000,1000000000,EVALUATED_PINNED_FASTLZ,576,439238400,175600,90532000000000,70278144000439,0,160810144000439
PROJECTION,SYNTHETIC_OFFLINE_INPUT_NOT_LIVE,op-mainnet,repeated,110,l1-10gwei-blob-10wei,10000000000,10,20000000,1000000,1000000,400,1000000000,1000000000,1000000000,EVALUATED_PINNED_FASTLZ,576,439238400,175600,90532000000000,70278144004392,0,160810144004392
PROJECTION,SYNTHETIC_OFFLINE_INPUT_NOT_LIVE,op-mainnet,repeated,110,l1-10gwei-blob-100wei,10000000000,100,20000000,1000000,1000000,400,1000000000,1000000000,1000000000,EVALUATED_PINNED_FASTLZ,576,439238400,175600,90532000000000,70278144043923,0,160810144043923
PROJECTION,SYNTHETIC_OFFLINE_INPUT_NOT_LIVE,op-mainnet,repeated,110,l1-30gwei-blob-1wei,30000000000,1,20000000,1000000,1000000,400,1000000000,1000000000,1000000000,EVALUATED_PINNED_FASTLZ,576,439238400,175600,90532000000000,210834432000439,0,301366432000439
PROJECTION,SYNTHETIC_OFFLINE_INPUT_NOT_LIVE,op-mainnet,repeated,110,l1-30gwei-blob-10wei,30000000000,10,20000000,1000000,1000000,400,1000000000,1000000000,1000000000,EVALUATED_PINNED_FASTLZ,576,439238400,175600,90532000000000,210834432004392,0,301366432004392
PROJECTION,SYNTHETIC_OFFLINE_INPUT_NOT_LIVE,op-mainnet,repeated,110,l1-30gwei-blob-100wei,30000000000,100,20000000,1000000,1000000,400,1000000000,1000000000,1000000000,EVALUATED_PINNED_FASTLZ,576,439238400,175600,90532000000000,210834432043923,0,301366432043923
PROJECTION,SYNTHETIC_OFFLINE_INPUT_NOT_LIVE,op-mainnet,repeated,110,l1-100gwei-blob-1wei,100000000000,1,20000000,1000000,1000000,400,1000000000,1000000000,1000000000,EVALUATED_PINNED_FASTLZ,576,439238400,175600,90532000000000,702781440000439,0,793313440000439
PROJECTION,SYNTHETIC_OFFLINE_INPUT_NOT_LIVE,op-mainnet,repeated,110,l1-100gwei-blob-10wei,100000000000,10,20000000,1000000,1000000,400,1000000000,1000000000,1000000000,EVALUATED_PINNED_FASTLZ,576,439238400,175600,90532000000000,702781440004392,0,793313440004392
PROJECTION,SYNTHETIC_OFFLINE_INPUT_NOT_LIVE,op-mainnet,repeated,110,l1-100gwei-blob-100wei,100000000000,100,20000000,1000000,1000000,400,1000000000,1000000000,1000000000,EVALUATED_PINNED_FASTLZ,576,439238400,175600,90532000000000,702781440043923,0,793313440043923
PROJECTION,SYNTHETIC_OFFLINE_INPUT_NOT_LIVE,op-mainnet,repeated,116,l1-1gwei-blob-1wei,1000000000,1,20000000,1000000,1000000,400,1000000000,1000000000,1000000000,EVALUATED_PINNED_FASTLZ,600,459314400,183600,95447200000000,7349030400459,0,102796230400459
PROJECTION,SYNTHETIC_OFFLINE_INPUT_NOT_LIVE,op-mainnet,repeated,116,l1-1gwei-blob-10wei,1000000000,10,20000000,1000000,1000000,400,1000000000,1000000000,1000000000,EVALUATED_PINNED_FASTLZ,600,459314400,183600,95447200000000,7349030404593,0,102796230404593
PROJECTION,SYNTHETIC_OFFLINE_INPUT_NOT_LIVE,op-mainnet,repeated,116,l1-1gwei-blob-100wei,1000000000,100,20000000,1000000,1000000,400,1000000000,1000000000,1000000000,EVALUATED_PINNED_FASTLZ,600,459314400,183600,95447200000000,7349030445931,0,102796230445931
PROJECTION,SYNTHETIC_OFFLINE_INPUT_NOT_LIVE,op-mainnet,repeated,116,l1-10gwei-blob-1wei,10000000000,1,20000000,1000000,1000000,400,1000000000,1000000000,1000000000,EVALUATED_PINNED_FASTLZ,600,459314400,183600,95447200000000,73490304000459,0,168937504000459
PROJECTION,SYNTHETIC_OFFLINE_INPUT_NOT_LIVE,op-mainnet,repeated,116,l1-10gwei-blob-10wei,10000000000,10,20000000,1000000,1000000,400,1000000000,1000000000,1000000000,EVALUATED_PINNED_FASTLZ,600,459314400,183600,95447200000000,73490304004593,0,168937504004593
PROJECTION,SYNTHETIC_OFFLINE_INPUT_NOT_LIVE,op-mainnet,repeated,116,l1-10gwei-blob-100wei,10000000000,100,20000000,1000000,1000000,400,1000000000,1000000000,1000000000,EVALUATED_PINNED_FASTLZ,600,459314400,183600,95447200000000,73490304045931,0,168937504045931
PROJECTION,SYNTHETIC_OFFLINE_INPUT_NOT_LIVE,op-mainnet,repeated,116,l1-30gwei-blob-1wei,30000000000,1,20000000,1000000,1000000,400,1000000000,1000000000,1000000000,EVALUATED_PINNED_FASTLZ,600,459314400,183600,95447200000000,220470912000459,0,315918112000459
PROJECTION,SYNTHETIC_OFFLINE_INPUT_NOT_LIVE,op-mainnet,repeated,116,l1-30gwei-blob-10wei,30000000000,10,20000000,1000000,1000000,400,1000000000,1000000000,1000000000,EVALUATED_PINNED_FASTLZ,600,459314400,183600,95447200000000,220470912004593,0,315918112004593
PROJECTION,SYNTHETIC_OFFLINE_INPUT_NOT_LIVE,op-mainnet,repeated,116,l1-30gwei-blob-100wei,30000000000,100,20000000,1000000,1000000,400,1000000000,1000000000,1000000000,EVALUATED_PINNED_FASTLZ,600,459314400,183600,95447200000000,220470912045931,0,315918112045931
PROJECTION,SYNTHETIC_OFFLINE_INPUT_NOT_LIVE,op-mainnet,repeated,116,l1-100gwei-blob-1wei,100000000000,1,20000000,1000000,1000000,400,1000000000,1000000000,1000000000,EVALUATED_PINNED_FASTLZ,600,459314400,183600,95447200000000,734903040000459,0,830350240000459
PROJECTION,SYNTHETIC_OFFLINE_INPUT_NOT_LIVE,op-mainnet,repeated,116,l1-100gwei-blob-10wei,100000000000,10,20000000,1000000,1000000,400,1000000000,1000000000,1000000000,EVALUATED_PINNED_FASTLZ,600,459314400,183600,95447200000000,734903040004593,0,830350240004593
PROJECTION,SYNTHETIC_OFFLINE_INPUT_NOT_LIVE,op-mainnet,repeated,116,l1-100gwei-blob-100wei,100000000000,100,20000000,1000000,1000000,400,1000000000,1000000000,1000000000,EVALUATED_PINNED_FASTLZ,600,459314400,183600,95447200000000,734903040045931,0,830350240045931
PROJECTION,SYNTHETIC_OFFLINE_INPUT_NOT_LIVE,op-mainnet,repeated,120,l1-1gwei-blob-1wei,1000000000,1,20000000,1000000,1000000,400,1000000000,1000000000,1000000000,EVALUATED_PINNED_FASTLZ,616,472698400,188800,98724000000000,7563174400472,0,106287174400472
PROJECTION,SYNTHETIC_OFFLINE_INPUT_NOT_LIVE,op-mainnet,repeated,120,l1-1gwei-blob-10wei,1000000000,10,20000000,1000000,1000000,400,1000000000,1000000000,1000000000,EVALUATED_PINNED_FASTLZ,616,472698400,188800,98724000000000,7563174404726,0,106287174404726
PROJECTION,SYNTHETIC_OFFLINE_INPUT_NOT_LIVE,op-mainnet,repeated,120,l1-1gwei-blob-100wei,1000000000,100,20000000,1000000,1000000,400,1000000000,1000000000,1000000000,EVALUATED_PINNED_FASTLZ,616,472698400,188800,98724000000000,7563174447269,0,106287174447269
PROJECTION,SYNTHETIC_OFFLINE_INPUT_NOT_LIVE,op-mainnet,repeated,120,l1-10gwei-blob-1wei,10000000000,1,20000000,1000000,1000000,400,1000000000,1000000000,1000000000,EVALUATED_PINNED_FASTLZ,616,472698400,188800,98724000000000,75631744000472,0,174355744000472
PROJECTION,SYNTHETIC_OFFLINE_INPUT_NOT_LIVE,op-mainnet,repeated,120,l1-10gwei-blob-10wei,10000000000,10,20000000,1000000,1000000,400,1000000000,1000000000,1000000000,EVALUATED_PINNED_FASTLZ,616,472698400,188800,98724000000000,75631744004726,0,174355744004726
PROJECTION,SYNTHETIC_OFFLINE_INPUT_NOT_LIVE,op-mainnet,repeated,120,l1-10gwei-blob-100wei,10000000000,100,20000000,1000000,1000000,400,1000000000,1000000000,1000000000,EVALUATED_PINNED_FASTLZ,616,472698400,188800,98724000000000,75631744047269,0,174355744047269
PROJECTION,SYNTHETIC_OFFLINE_INPUT_NOT_LIVE,op-mainnet,repeated,120,l1-30gwei-blob-1wei,30000000000,1,20000000,1000000,1000000,400,1000000000,1000000000,1000000000,EVALUATED_PINNED_FASTLZ,616,472698400,188800,98724000000000,226895232000472,0,325619232000472
PROJECTION,SYNTHETIC_OFFLINE_INPUT_NOT_LIVE,op-mainnet,repeated,120,l1-30gwei-blob-10wei,30000000000,10,20000000,1000000,1000000,400,1000000000,1000000000,1000000000,EVALUATED_PINNED_FASTLZ,616,472698400,188800,98724000000000,226895232004726,0,325619232004726
PROJECTION,SYNTHETIC_OFFLINE_INPUT_NOT_LIVE,op-mainnet,repeated,120,l1-30gwei-blob-100wei,30000000000,100,20000000,1000000,1000000,400,1000000000,1000000000,1000000000,EVALUATED_PINNED_FASTLZ,616,472698400,188800,98724000000000,226895232047269,0,325619232047269
PROJECTION,SYNTHETIC_OFFLINE_INPUT_NOT_LIVE,op-mainnet,repeated,120,l1-100gwei-blob-1wei,100000000000,1,20000000,1000000,1000000,400,1000000000,1000000000,1000000000,EVALUATED_PINNED_FASTLZ,616,472698400,188800,98724000000000,756317440000472,0,855041440000472
PROJECTION,SYNTHETIC_OFFLINE_INPUT_NOT_LIVE,op-mainnet,repeated,120,l1-100gwei-blob-10wei,100000000000,10,20000000,1000000,1000000,400,1000000000,1000000000,1000000000,EVALUATED_PINNED_FASTLZ,616,472698400,188800,98724000000000,756317440004726,0,855041440004726
PROJECTION,SYNTHETIC_OFFLINE_INPUT_NOT_LIVE,op-mainnet,repeated,120,l1-100gwei-blob-100wei,100000000000,100,20000000,1000000,1000000,400,1000000000,1000000000,1000000000,EVALUATED_PINNED_FASTLZ,616,472698400,188800,98724000000000,756317440047269,0,855041440047269
PROJECTION,SYNTHETIC_OFFLINE_INPUT_NOT_LIVE,op-mainnet,repeated,128,l1-1gwei-blob-1wei,1000000000,1,20000000,1000000,1000000,400,1000000000,1000000000,1000000000,EVALUATED_PINNED_FASTLZ,648,499466400,199600,105277600000000,7991462400499,0,113269062400499
PROJECTION,SYNTHETIC_OFFLINE_INPUT_NOT_LIVE,op-mainnet,repeated,128,l1-1gwei-blob-10wei,1000000000,10,20000000,1000000,1000000,400,1000000000,1000000000,1000000000,EVALUATED_PINNED_FASTLZ,648,499466400,199600,105277600000000,7991462404994,0,113269062404994
PROJECTION,SYNTHETIC_OFFLINE_INPUT_NOT_LIVE,op-mainnet,repeated,128,l1-1gwei-blob-100wei,1000000000,100,20000000,1000000,1000000,400,1000000000,1000000000,1000000000,EVALUATED_PINNED_FASTLZ,648,499466400,199600,105277600000000,7991462449946,0,113269062449946
PROJECTION,SYNTHETIC_OFFLINE_INPUT_NOT_LIVE,op-mainnet,repeated,128,l1-10gwei-blob-1wei,10000000000,1,20000000,1000000,1000000,400,1000000000,1000000000,1000000000,EVALUATED_PINNED_FASTLZ,648,499466400,199600,105277600000000,79914624000499,0,185192224000499
PROJECTION,SYNTHETIC_OFFLINE_INPUT_NOT_LIVE,op-mainnet,repeated,128,l1-10gwei-blob-10wei,10000000000,10,20000000,1000000,1000000,400,1000000000,1000000000,1000000000,EVALUATED_PINNED_FASTLZ,648,499466400,199600,105277600000000,79914624004994,0,185192224004994
PROJECTION,SYNTHETIC_OFFLINE_INPUT_NOT_LIVE,op-mainnet,repeated,128,l1-10gwei-blob-100wei,10000000000,100,20000000,1000000,1000000,400,1000000000,1000000000,1000000000,EVALUATED_PINNED_FASTLZ,648,499466400,199600,105277600000000,79914624049946,0,185192224049946
PROJECTION,SYNTHETIC_OFFLINE_INPUT_NOT_LIVE,op-mainnet,repeated,128,l1-30gwei-blob-1wei,30000000000,1,20000000,1000000,1000000,400,1000000000,1000000000,1000000000,EVALUATED_PINNED_FASTLZ,648,499466400,199600,105277600000000,239743872000499,0,345021472000499
PROJECTION,SYNTHETIC_OFFLINE_INPUT_NOT_LIVE,op-mainnet,repeated,128,l1-30gwei-blob-10wei,30000000000,10,20000000,1000000,1000000,400,1000000000,1000000000,1000000000,EVALUATED_PINNED_FASTLZ,648,499466400,199600,105277600000000,239743872004994,0,345021472004994
PROJECTION,SYNTHETIC_OFFLINE_INPUT_NOT_LIVE,op-mainnet,repeated,128,l1-30gwei-blob-100wei,30000000000,100,20000000,1000000,1000000,400,1000000000,1000000000,1000000000,EVALUATED_PINNED_FASTLZ,648,499466400,199600,105277600000000,239743872049946,0,345021472049946
PROJECTION,SYNTHETIC_OFFLINE_INPUT_NOT_LIVE,op-mainnet,repeated,128,l1-100gwei-blob-1wei,100000000000,1,20000000,1000000,1000000,400,1000000000,1000000000,1000000000,EVALUATED_PINNED_FASTLZ,648,499466400,199600,105277600000000,799146240000499,0,904423840000499
PROJECTION,SYNTHETIC_OFFLINE_INPUT_NOT_LIVE,op-mainnet,repeated,128,l1-100gwei-blob-10wei,100000000000,10,20000000,1000000,1000000,400,1000000000,1000000000,1000000000,EVALUATED_PINNED_FASTLZ,648,499466400,199600,105277600000000,799146240004994,0,904423840004994
PROJECTION,SYNTHETIC_OFFLINE_INPUT_NOT_LIVE,op-mainnet,repeated,128,l1-100gwei-blob-100wei,100000000000,100,20000000,1000000,1000000,400,1000000000,1000000000,1000000000,EVALUATED_PINNED_FASTLZ,648,499466400,199600,105277600000000,799146240049946,0,904423840049946
PROJECTION,SYNTHETIC_OFFLINE_INPUT_NOT_LIVE,op-mainnet,repeated,160,l1-1gwei-blob-1wei,1000000000,1,20000000,1000000,1000000,400,1000000000,1000000000,1000000000,EVALUATED_PINNED_FASTLZ,777,607374900,242800,131492000000000,9717998400607,0,141209998400607
PROJECTION,SYNTHETIC_OFFLINE_INPUT_NOT_LIVE,op-mainnet,repeated,160,l1-1gwei-blob-10wei,1000000000,10,20000000,1000000,1000000,400,1000000000,1000000000,1000000000,EVALUATED_PINNED_FASTLZ,777,607374900,242800,131492000000000,9717998406073,0,141209998406073
PROJECTION,SYNTHETIC_OFFLINE_INPUT_NOT_LIVE,op-mainnet,repeated,160,l1-1gwei-blob-100wei,1000000000,100,20000000,1000000,1000000,400,1000000000,1000000000,1000000000,EVALUATED_PINNED_FASTLZ,777,607374900,242800,131492000000000,9717998460737,0,141209998460737
PROJECTION,SYNTHETIC_OFFLINE_INPUT_NOT_LIVE,op-mainnet,repeated,160,l1-10gwei-blob-1wei,10000000000,1,20000000,1000000,1000000,400,1000000000,1000000000,1000000000,EVALUATED_PINNED_FASTLZ,777,607374900,242800,131492000000000,97179984000607,0,228671984000607
PROJECTION,SYNTHETIC_OFFLINE_INPUT_NOT_LIVE,op-mainnet,repeated,160,l1-10gwei-blob-10wei,10000000000,10,20000000,1000000,1000000,400,1000000000,1000000000,1000000000,EVALUATED_PINNED_FASTLZ,777,607374900,242800,131492000000000,97179984006073,0,228671984006073
PROJECTION,SYNTHETIC_OFFLINE_INPUT_NOT_LIVE,op-mainnet,repeated,160,l1-10gwei-blob-100wei,10000000000,100,20000000,1000000,1000000,400,1000000000,1000000000,1000000000,EVALUATED_PINNED_FASTLZ,777,607374900,242800,131492000000000,97179984060737,0,228671984060737
PROJECTION,SYNTHETIC_OFFLINE_INPUT_NOT_LIVE,op-mainnet,repeated,160,l1-30gwei-blob-1wei,30000000000,1,20000000,1000000,1000000,400,1000000000,1000000000,1000000000,EVALUATED_PINNED_FASTLZ,777,607374900,242800,131492000000000,291539952000607,0,423031952000607
PROJECTION,SYNTHETIC_OFFLINE_INPUT_NOT_LIVE,op-mainnet,repeated,160,l1-30gwei-blob-10wei,30000000000,10,20000000,1000000,1000000,400,1000000000,1000000000,1000000000,EVALUATED_PINNED_FASTLZ,777,607374900,242800,131492000000000,291539952006073,0,423031952006073
PROJECTION,SYNTHETIC_OFFLINE_INPUT_NOT_LIVE,op-mainnet,repeated,160,l1-30gwei-blob-100wei,30000000000,100,20000000,1000000,1000000,400,1000000000,1000000000,1000000000,EVALUATED_PINNED_FASTLZ,777,607374900,242800,131492000000000,291539952060737,0,423031952060737
PROJECTION,SYNTHETIC_OFFLINE_INPUT_NOT_LIVE,op-mainnet,repeated,160,l1-100gwei-blob-1wei,100000000000,1,20000000,1000000,1000000,400,1000000000,1000000000,1000000000,EVALUATED_PINNED_FASTLZ,777,607374900,242800,131492000000000,971799840000607,0,1103291840000607
PROJECTION,SYNTHETIC_OFFLINE_INPUT_NOT_LIVE,op-mainnet,repeated,160,l1-100gwei-blob-10wei,100000000000,10,20000000,1000000,1000000,400,1000000000,1000000000,1000000000,EVALUATED_PINNED_FASTLZ,777,607374900,242800,131492000000000,971799840006073,0,1103291840006073
PROJECTION,SYNTHETIC_OFFLINE_INPUT_NOT_LIVE,op-mainnet,repeated,160,l1-100gwei-blob-100wei,100000000000,100,20000000,1000000,1000000,400,1000000000,1000000000,1000000000,EVALUATED_PINNED_FASTLZ,777,607374900,242800,131492000000000,971799840060737,0,1103291840060737
PROJECTION,SYNTHETIC_OFFLINE_INPUT_NOT_LIVE,op-mainnet,repeated,210,l1-1gwei-blob-1wei,1000000000,1,20000000,1000000,1000000,400,1000000000,1000000000,1000000000,EVALUATED_PINNED_FASTLZ,978,775511400,310000,172452000000000,12408182400775,0,184860182400775
PROJECTION,SYNTHETIC_OFFLINE_INPUT_NOT_LIVE,op-mainnet,repeated,210,l1-1gwei-blob-10wei,1000000000,10,20000000,1000000,1000000,400,1000000000,1000000000,1000000000,EVALUATED_PINNED_FASTLZ,978,775511400,310000,172452000000000,12408182407755,0,184860182407755
PROJECTION,SYNTHETIC_OFFLINE_INPUT_NOT_LIVE,op-mainnet,repeated,210,l1-1gwei-blob-100wei,1000000000,100,20000000,1000000,1000000,400,1000000000,1000000000,1000000000,EVALUATED_PINNED_FASTLZ,978,775511400,310000,172452000000000,12408182477551,0,184860182477551
PROJECTION,SYNTHETIC_OFFLINE_INPUT_NOT_LIVE,op-mainnet,repeated,210,l1-10gwei-blob-1wei,10000000000,1,20000000,1000000,1000000,400,1000000000,1000000000,1000000000,EVALUATED_PINNED_FASTLZ,978,775511400,310000,172452000000000,124081824000775,0,296533824000775
PROJECTION,SYNTHETIC_OFFLINE_INPUT_NOT_LIVE,op-mainnet,repeated,210,l1-10gwei-blob-10wei,10000000000,10,20000000,1000000,1000000,400,1000000000,1000000000,1000000000,EVALUATED_PINNED_FASTLZ,978,775511400,310000,172452000000000,124081824007755,0,296533824007755
PROJECTION,SYNTHETIC_OFFLINE_INPUT_NOT_LIVE,op-mainnet,repeated,210,l1-10gwei-blob-100wei,10000000000,100,20000000,1000000,1000000,400,1000000000,1000000000,1000000000,EVALUATED_PINNED_FASTLZ,978,775511400,310000,172452000000000,124081824077551,0,296533824077551
PROJECTION,SYNTHETIC_OFFLINE_INPUT_NOT_LIVE,op-mainnet,repeated,210,l1-30gwei-blob-1wei,30000000000,1,20000000,1000000,1000000,400,1000000000,1000000000,1000000000,EVALUATED_PINNED_FASTLZ,978,775511400,310000,172452000000000,372245472000775,0,544697472000775
PROJECTION,SYNTHETIC_OFFLINE_INPUT_NOT_LIVE,op-mainnet,repeated,210,l1-30gwei-blob-10wei,30000000000,10,20000000,1000000,1000000,400,1000000000,1000000000,1000000000,EVALUATED_PINNED_FASTLZ,978,775511400,310000,172452000000000,372245472007755,0,544697472007755
PROJECTION,SYNTHETIC_OFFLINE_INPUT_NOT_LIVE,op-mainnet,repeated,210,l1-30gwei-blob-100wei,30000000000,100,20000000,1000000,1000000,400,1000000000,1000000000,1000000000,EVALUATED_PINNED_FASTLZ,978,775511400,310000,172452000000000,372245472077551,0,544697472077551
PROJECTION,SYNTHETIC_OFFLINE_INPUT_NOT_LIVE,op-mainnet,repeated,210,l1-100gwei-blob-1wei,100000000000,1,20000000,1000000,1000000,400,1000000000,1000000000,1000000000,EVALUATED_PINNED_FASTLZ,978,775511400,310000,172452000000000,1240818240000775,0,1413270240000775
PROJECTION,SYNTHETIC_OFFLINE_INPUT_NOT_LIVE,op-mainnet,repeated,210,l1-100gwei-blob-10wei,100000000000,10,20000000,1000000,1000000,400,1000000000,1000000000,1000000000,EVALUATED_PINNED_FASTLZ,978,775511400,310000,172452000000000,1240818240007755,0,1413270240007755
PROJECTION,SYNTHETIC_OFFLINE_INPUT_NOT_LIVE,op-mainnet,repeated,210,l1-100gwei-blob-100wei,100000000000,100,20000000,1000000,1000000,400,1000000000,1000000000,1000000000,EVALUATED_PINNED_FASTLZ,978,775511400,310000,172452000000000,1240818240077551,0,1413270240077551
PROJECTION,SYNTHETIC_OFFLINE_INPUT_NOT_LIVE,arbitrum-one,seeded-incompressible,80,l1-1gwei-blob-1wei,1000000000,1,20000000,1000000,1000000,400,1000000000,1000000000,1000000000,NOT_EVALUATED_MISSING_PINNED_NITRO_BROTLI_LEVEL_1_EXECUTABLE,,,,65771800000000,,,
PROJECTION,SYNTHETIC_OFFLINE_INPUT_NOT_LIVE,arbitrum-one,seeded-incompressible,80,l1-1gwei-blob-10wei,1000000000,10,20000000,1000000,1000000,400,1000000000,1000000000,1000000000,NOT_EVALUATED_MISSING_PINNED_NITRO_BROTLI_LEVEL_1_EXECUTABLE,,,,65771800000000,,,
PROJECTION,SYNTHETIC_OFFLINE_INPUT_NOT_LIVE,arbitrum-one,seeded-incompressible,80,l1-1gwei-blob-100wei,1000000000,100,20000000,1000000,1000000,400,1000000000,1000000000,1000000000,NOT_EVALUATED_MISSING_PINNED_NITRO_BROTLI_LEVEL_1_EXECUTABLE,,,,65771800000000,,,
PROJECTION,SYNTHETIC_OFFLINE_INPUT_NOT_LIVE,arbitrum-one,seeded-incompressible,80,l1-10gwei-blob-1wei,10000000000,1,20000000,1000000,1000000,400,1000000000,1000000000,1000000000,NOT_EVALUATED_MISSING_PINNED_NITRO_BROTLI_LEVEL_1_EXECUTABLE,,,,65771800000000,,,
PROJECTION,SYNTHETIC_OFFLINE_INPUT_NOT_LIVE,arbitrum-one,seeded-incompressible,80,l1-10gwei-blob-10wei,10000000000,10,20000000,1000000,1000000,400,1000000000,1000000000,1000000000,NOT_EVALUATED_MISSING_PINNED_NITRO_BROTLI_LEVEL_1_EXECUTABLE,,,,65771800000000,,,
PROJECTION,SYNTHETIC_OFFLINE_INPUT_NOT_LIVE,arbitrum-one,seeded-incompressible,80,l1-10gwei-blob-100wei,10000000000,100,20000000,1000000,1000000,400,1000000000,1000000000,1000000000,NOT_EVALUATED_MISSING_PINNED_NITRO_BROTLI_LEVEL_1_EXECUTABLE,,,,65771800000000,,,
PROJECTION,SYNTHETIC_OFFLINE_INPUT_NOT_LIVE,arbitrum-one,seeded-incompressible,80,l1-30gwei-blob-1wei,30000000000,1,20000000,1000000,1000000,400,1000000000,1000000000,1000000000,NOT_EVALUATED_MISSING_PINNED_NITRO_BROTLI_LEVEL_1_EXECUTABLE,,,,65771800000000,,,
PROJECTION,SYNTHETIC_OFFLINE_INPUT_NOT_LIVE,arbitrum-one,seeded-incompressible,80,l1-30gwei-blob-10wei,30000000000,10,20000000,1000000,1000000,400,1000000000,1000000000,1000000000,NOT_EVALUATED_MISSING_PINNED_NITRO_BROTLI_LEVEL_1_EXECUTABLE,,,,65771800000000,,,
PROJECTION,SYNTHETIC_OFFLINE_INPUT_NOT_LIVE,arbitrum-one,seeded-incompressible,80,l1-30gwei-blob-100wei,30000000000,100,20000000,1000000,1000000,400,1000000000,1000000000,1000000000,NOT_EVALUATED_MISSING_PINNED_NITRO_BROTLI_LEVEL_1_EXECUTABLE,,,,65771800000000,,,
PROJECTION,SYNTHETIC_OFFLINE_INPUT_NOT_LIVE,arbitrum-one,seeded-incompressible,80,l1-100gwei-blob-1wei,100000000000,1,20000000,1000000,1000000,400,1000000000,1000000000,1000000000,NOT_EVALUATED_MISSING_PINNED_NITRO_BROTLI_LEVEL_1_EXECUTABLE,,,,65771800000000,,,
PROJECTION,SYNTHETIC_OFFLINE_INPUT_NOT_LIVE,arbitrum-one,seeded-incompressible,80,l1-100gwei-blob-10wei,100000000000,10,20000000,1000000,1000000,400,1000000000,1000000000,1000000000,NOT_EVALUATED_MISSING_PINNED_NITRO_BROTLI_LEVEL_1_EXECUTABLE,,,,65771800000000,,,
PROJECTION,SYNTHETIC_OFFLINE_INPUT_NOT_LIVE,arbitrum-one,seeded-incompressible,80,l1-100gwei-blob-100wei,100000000000,100,20000000,1000000,1000000,400,1000000000,1000000000,1000000000,NOT_EVALUATED_MISSING_PINNED_NITRO_BROTLI_LEVEL_1_EXECUTABLE,,,,65771800000000,,,
PROJECTION,SYNTHETIC_OFFLINE_INPUT_NOT_LIVE,arbitrum-one,seeded-incompressible,90,l1-1gwei-blob-1wei,1000000000,1,20000000,1000000,1000000,400,1000000000,1000000000,1000000000,NOT_EVALUATED_MISSING_PINNED_NITRO_BROTLI_LEVEL_1_EXECUTABLE,,,,73929000000000,,,
PROJECTION,SYNTHETIC_OFFLINE_INPUT_NOT_LIVE,arbitrum-one,seeded-incompressible,90,l1-1gwei-blob-10wei,1000000000,10,20000000,1000000,1000000,400,1000000000,1000000000,1000000000,NOT_EVALUATED_MISSING_PINNED_NITRO_BROTLI_LEVEL_1_EXECUTABLE,,,,73929000000000,,,
PROJECTION,SYNTHETIC_OFFLINE_INPUT_NOT_LIVE,arbitrum-one,seeded-incompressible,90,l1-1gwei-blob-100wei,1000000000,100,20000000,1000000,1000000,400,1000000000,1000000000,1000000000,NOT_EVALUATED_MISSING_PINNED_NITRO_BROTLI_LEVEL_1_EXECUTABLE,,,,73929000000000,,,
PROJECTION,SYNTHETIC_OFFLINE_INPUT_NOT_LIVE,arbitrum-one,seeded-incompressible,90,l1-10gwei-blob-1wei,10000000000,1,20000000,1000000,1000000,400,1000000000,1000000000,1000000000,NOT_EVALUATED_MISSING_PINNED_NITRO_BROTLI_LEVEL_1_EXECUTABLE,,,,73929000000000,,,
PROJECTION,SYNTHETIC_OFFLINE_INPUT_NOT_LIVE,arbitrum-one,seeded-incompressible,90,l1-10gwei-blob-10wei,10000000000,10,20000000,1000000,1000000,400,1000000000,1000000000,1000000000,NOT_EVALUATED_MISSING_PINNED_NITRO_BROTLI_LEVEL_1_EXECUTABLE,,,,73929000000000,,,
PROJECTION,SYNTHETIC_OFFLINE_INPUT_NOT_LIVE,arbitrum-one,seeded-incompressible,90,l1-10gwei-blob-100wei,10000000000,100,20000000,1000000,1000000,400,1000000000,1000000000,1000000000,NOT_EVALUATED_MISSING_PINNED_NITRO_BROTLI_LEVEL_1_EXECUTABLE,,,,73929000000000,,,
PROJECTION,SYNTHETIC_OFFLINE_INPUT_NOT_LIVE,arbitrum-one,seeded-incompressible,90,l1-30gwei-blob-1wei,30000000000,1,20000000,1000000,1000000,400,1000000000,1000000000,1000000000,NOT_EVALUATED_MISSING_PINNED_NITRO_BROTLI_LEVEL_1_EXECUTABLE,,,,73929000000000,,,
PROJECTION,SYNTHETIC_OFFLINE_INPUT_NOT_LIVE,arbitrum-one,seeded-incompressible,90,l1-30gwei-blob-10wei,30000000000,10,20000000,1000000,1000000,400,1000000000,1000000000,1000000000,NOT_EVALUATED_MISSING_PINNED_NITRO_BROTLI_LEVEL_1_EXECUTABLE,,,,73929000000000,,,
PROJECTION,SYNTHETIC_OFFLINE_INPUT_NOT_LIVE,arbitrum-one,seeded-incompressible,90,l1-30gwei-blob-100wei,30000000000,100,20000000,1000000,1000000,400,1000000000,1000000000,1000000000,NOT_EVALUATED_MISSING_PINNED_NITRO_BROTLI_LEVEL_1_EXECUTABLE,,,,73929000000000,,,
PROJECTION,SYNTHETIC_OFFLINE_INPUT_NOT_LIVE,arbitrum-one,seeded-incompressible,90,l1-100gwei-blob-1wei,100000000000,1,20000000,1000000,1000000,400,1000000000,1000000000,1000000000,NOT_EVALUATED_MISSING_PINNED_NITRO_BROTLI_LEVEL_1_EXECUTABLE,,,,73929000000000,,,
PROJECTION,SYNTHETIC_OFFLINE_INPUT_NOT_LIVE,arbitrum-one,seeded-incompressible,90,l1-100gwei-blob-10wei,100000000000,10,20000000,1000000,1000000,400,1000000000,1000000000,1000000000,NOT_EVALUATED_MISSING_PINNED_NITRO_BROTLI_LEVEL_1_EXECUTABLE,,,,73929000000000,,,
PROJECTION,SYNTHETIC_OFFLINE_INPUT_NOT_LIVE,arbitrum-one,seeded-incompressible,90,l1-100gwei-blob-100wei,100000000000,100,20000000,1000000,1000000,400,1000000000,1000000000,1000000000,NOT_EVALUATED_MISSING_PINNED_NITRO_BROTLI_LEVEL_1_EXECUTABLE,,,,73929000000000,,,
PROJECTION,SYNTHETIC_OFFLINE_INPUT_NOT_LIVE,arbitrum-one,seeded-incompressible,110,l1-1gwei-blob-1wei,1000000000,1,20000000,1000000,1000000,400,1000000000,1000000000,1000000000,NOT_EVALUATED_MISSING_PINNED_NITRO_BROTLI_LEVEL_1_EXECUTABLE,,,,90286000000000,,,
PROJECTION,SYNTHETIC_OFFLINE_INPUT_NOT_LIVE,arbitrum-one,seeded-incompressible,110,l1-1gwei-blob-10wei,1000000000,10,20000000,1000000,1000000,400,1000000000,1000000000,1000000000,NOT_EVALUATED_MISSING_PINNED_NITRO_BROTLI_LEVEL_1_EXECUTABLE,,,,90286000000000,,,
PROJECTION,SYNTHETIC_OFFLINE_INPUT_NOT_LIVE,arbitrum-one,seeded-incompressible,110,l1-1gwei-blob-100wei,1000000000,100,20000000,1000000,1000000,400,1000000000,1000000000,1000000000,NOT_EVALUATED_MISSING_PINNED_NITRO_BROTLI_LEVEL_1_EXECUTABLE,,,,90286000000000,,,
PROJECTION,SYNTHETIC_OFFLINE_INPUT_NOT_LIVE,arbitrum-one,seeded-incompressible,110,l1-10gwei-blob-1wei,10000000000,1,20000000,1000000,1000000,400,1000000000,1000000000,1000000000,NOT_EVALUATED_MISSING_PINNED_NITRO_BROTLI_LEVEL_1_EXECUTABLE,,,,90286000000000,,,
PROJECTION,SYNTHETIC_OFFLINE_INPUT_NOT_LIVE,arbitrum-one,seeded-incompressible,110,l1-10gwei-blob-10wei,10000000000,10,20000000,1000000,1000000,400,1000000000,1000000000,1000000000,NOT_EVALUATED_MISSING_PINNED_NITRO_BROTLI_LEVEL_1_EXECUTABLE,,,,90286000000000,,,
PROJECTION,SYNTHETIC_OFFLINE_INPUT_NOT_LIVE,arbitrum-one,seeded-incompressible,110,l1-10gwei-blob-100wei,10000000000,100,20000000,1000000,1000000,400,1000000000,1000000000,1000000000,NOT_EVALUATED_MISSING_PINNED_NITRO_BROTLI_LEVEL_1_EXECUTABLE,,,,90286000000000,,,
PROJECTION,SYNTHETIC_OFFLINE_INPUT_NOT_LIVE,arbitrum-one,seeded-incompressible,110,l1-30gwei-blob-1wei,30000000000,1,20000000,1000000,1000000,400,1000000000,1000000000,1000000000,NOT_EVALUATED_MISSING_PINNED_NITRO_BROTLI_LEVEL_1_EXECUTABLE,,,,90286000000000,,,
PROJECTION,SYNTHETIC_OFFLINE_INPUT_NOT_LIVE,arbitrum-one,seeded-incompressible,110,l1-30gwei-blob-10wei,30000000000,10,20000000,1000000,1000000,400,1000000000,1000000000,1000000000,NOT_EVALUATED_MISSING_PINNED_NITRO_BROTLI_LEVEL_1_EXECUTABLE,,,,90286000000000,,,
PROJECTION,SYNTHETIC_OFFLINE_INPUT_NOT_LIVE,arbitrum-one,seeded-incompressible,110,l1-30gwei-blob-100wei,30000000000,100,20000000,1000000,1000000,400,1000000000,1000000000,1000000000,NOT_EVALUATED_MISSING_PINNED_NITRO_BROTLI_LEVEL_1_EXECUTABLE,,,,90286000000000,,,
PROJECTION,SYNTHETIC_OFFLINE_INPUT_NOT_LIVE,arbitrum-one,seeded-incompressible,110,l1-100gwei-blob-1wei,100000000000,1,20000000,1000000,1000000,400,1000000000,1000000000,1000000000,NOT_EVALUATED_MISSING_PINNED_NITRO_BROTLI_LEVEL_1_EXECUTABLE,,,,90286000000000,,,
PROJECTION,SYNTHETIC_OFFLINE_INPUT_NOT_LIVE,arbitrum-one,seeded-incompressible,110,l1-100gwei-blob-10wei,100000000000,10,20000000,1000000,1000000,400,1000000000,1000000000,1000000000,NOT_EVALUATED_MISSING_PINNED_NITRO_BROTLI_LEVEL_1_EXECUTABLE,,,,90286000000000,,,
PROJECTION,SYNTHETIC_OFFLINE_INPUT_NOT_LIVE,arbitrum-one,seeded-incompressible,110,l1-100gwei-blob-100wei,100000000000,100,20000000,1000000,1000000,400,1000000000,1000000000,1000000000,NOT_EVALUATED_MISSING_PINNED_NITRO_BROTLI_LEVEL_1_EXECUTABLE,,,,90286000000000,,,
PROJECTION,SYNTHETIC_OFFLINE_INPUT_NOT_LIVE,arbitrum-one,seeded-incompressible,116,l1-1gwei-blob-1wei,1000000000,1,20000000,1000000,1000000,400,1000000000,1000000000,1000000000,NOT_EVALUATED_MISSING_PINNED_NITRO_BROTLI_LEVEL_1_EXECUTABLE,,,,95179000000000,,,
PROJECTION,SYNTHETIC_OFFLINE_INPUT_NOT_LIVE,arbitrum-one,seeded-incompressible,116,l1-1gwei-blob-10wei,1000000000,10,20000000,1000000,1000000,400,1000000000,1000000000,1000000000,NOT_EVALUATED_MISSING_PINNED_NITRO_BROTLI_LEVEL_1_EXECUTABLE,,,,95179000000000,,,
PROJECTION,SYNTHETIC_OFFLINE_INPUT_NOT_LIVE,arbitrum-one,seeded-incompressible,116,l1-1gwei-blob-100wei,1000000000,100,20000000,1000000,1000000,400,1000000000,1000000000,1000000000,NOT_EVALUATED_MISSING_PINNED_NITRO_BROTLI_LEVEL_1_EXECUTABLE,,,,95179000000000,,,
PROJECTION,SYNTHETIC_OFFLINE_INPUT_NOT_LIVE,arbitrum-one,seeded-incompressible,116,l1-10gwei-blob-1wei,10000000000,1,20000000,1000000,1000000,400,1000000000,1000000000,1000000000,NOT_EVALUATED_MISSING_PINNED_NITRO_BROTLI_LEVEL_1_EXECUTABLE,,,,95179000000000,,,
PROJECTION,SYNTHETIC_OFFLINE_INPUT_NOT_LIVE,arbitrum-one,seeded-incompressible,116,l1-10gwei-blob-10wei,10000000000,10,20000000,1000000,1000000,400,1000000000,1000000000,1000000000,NOT_EVALUATED_MISSING_PINNED_NITRO_BROTLI_LEVEL_1_EXECUTABLE,,,,95179000000000,,,
PROJECTION,SYNTHETIC_OFFLINE_INPUT_NOT_LIVE,arbitrum-one,seeded-incompressible,116,l1-10gwei-blob-100wei,10000000000,100,20000000,1000000,1000000,400,1000000000,1000000000,1000000000,NOT_EVALUATED_MISSING_PINNED_NITRO_BROTLI_LEVEL_1_EXECUTABLE,,,,95179000000000,,,
PROJECTION,SYNTHETIC_OFFLINE_INPUT_NOT_LIVE,arbitrum-one,seeded-incompressible,116,l1-30gwei-blob-1wei,30000000000,1,20000000,1000000,1000000,400,1000000000,1000000000,1000000000,NOT_EVALUATED_MISSING_PINNED_NITRO_BROTLI_LEVEL_1_EXECUTABLE,,,,95179000000000,,,
PROJECTION,SYNTHETIC_OFFLINE_INPUT_NOT_LIVE,arbitrum-one,seeded-incompressible,116,l1-30gwei-blob-10wei,30000000000,10,20000000,1000000,1000000,400,1000000000,1000000000,1000000000,NOT_EVALUATED_MISSING_PINNED_NITRO_BROTLI_LEVEL_1_EXECUTABLE,,,,95179000000000,,,
PROJECTION,SYNTHETIC_OFFLINE_INPUT_NOT_LIVE,arbitrum-one,seeded-incompressible,116,l1-30gwei-blob-100wei,30000000000,100,20000000,1000000,1000000,400,1000000000,1000000000,1000000000,NOT_EVALUATED_MISSING_PINNED_NITRO_BROTLI_LEVEL_1_EXECUTABLE,,,,95179000000000,,,
PROJECTION,SYNTHETIC_OFFLINE_INPUT_NOT_LIVE,arbitrum-one,seeded-incompressible,116,l1-100gwei-blob-1wei,100000000000,1,20000000,1000000,1000000,400,1000000000,1000000000,1000000000,NOT_EVALUATED_MISSING_PINNED_NITRO_BROTLI_LEVEL_1_EXECUTABLE,,,,95179000000000,,,
PROJECTION,SYNTHETIC_OFFLINE_INPUT_NOT_LIVE,arbitrum-one,seeded-incompressible,116,l1-100gwei-blob-10wei,100000000000,10,20000000,1000000,1000000,400,1000000000,1000000000,1000000000,NOT_EVALUATED_MISSING_PINNED_NITRO_BROTLI_LEVEL_1_EXECUTABLE,,,,95179000000000,,,
PROJECTION,SYNTHETIC_OFFLINE_INPUT_NOT_LIVE,arbitrum-one,seeded-incompressible,116,l1-100gwei-blob-100wei,100000000000,100,20000000,1000000,1000000,400,1000000000,1000000000,1000000000,NOT_EVALUATED_MISSING_PINNED_NITRO_BROTLI_LEVEL_1_EXECUTABLE,,,,95179000000000,,,
PROJECTION,SYNTHETIC_OFFLINE_INPUT_NOT_LIVE,arbitrum-one,seeded-incompressible,120,l1-1gwei-blob-1wei,1000000000,1,20000000,1000000,1000000,400,1000000000,1000000000,1000000000,NOT_EVALUATED_MISSING_PINNED_NITRO_BROTLI_LEVEL_1_EXECUTABLE,,,,98448600000000,,,
PROJECTION,SYNTHETIC_OFFLINE_INPUT_NOT_LIVE,arbitrum-one,seeded-incompressible,120,l1-1gwei-blob-10wei,1000000000,10,20000000,1000000,1000000,400,1000000000,1000000000,1000000000,NOT_EVALUATED_MISSING_PINNED_NITRO_BROTLI_LEVEL_1_EXECUTABLE,,,,98448600000000,,,
PROJECTION,SYNTHETIC_OFFLINE_INPUT_NOT_LIVE,arbitrum-one,seeded-incompressible,120,l1-1gwei-blob-100wei,1000000000,100,20000000,1000000,1000000,400,1000000000,1000000000,1000000000,NOT_EVALUATED_MISSING_PINNED_NITRO_BROTLI_LEVEL_1_EXECUTABLE,,,,98448600000000,,,
PROJECTION,SYNTHETIC_OFFLINE_INPUT_NOT_LIVE,arbitrum-one,seeded-incompressible,120,l1-10gwei-blob-1wei,10000000000,1,20000000,1000000,1000000,400,1000000000,1000000000,1000000000,NOT_EVALUATED_MISSING_PINNED_NITRO_BROTLI_LEVEL_1_EXECUTABLE,,,,98448600000000,,,
PROJECTION,SYNTHETIC_OFFLINE_INPUT_NOT_LIVE,arbitrum-one,seeded-incompressible,120,l1-10gwei-blob-10wei,10000000000,10,20000000,1000000,1000000,400,1000000000,1000000000,1000000000,NOT_EVALUATED_MISSING_PINNED_NITRO_BROTLI_LEVEL_1_EXECUTABLE,,,,98448600000000,,,
PROJECTION,SYNTHETIC_OFFLINE_INPUT_NOT_LIVE,arbitrum-one,seeded-incompressible,120,l1-10gwei-blob-100wei,10000000000,100,20000000,1000000,1000000,400,1000000000,1000000000,1000000000,NOT_EVALUATED_MISSING_PINNED_NITRO_BROTLI_LEVEL_1_EXECUTABLE,,,,98448600000000,,,
PROJECTION,SYNTHETIC_OFFLINE_INPUT_NOT_LIVE,arbitrum-one,seeded-incompressible,120,l1-30gwei-blob-1wei,30000000000,1,20000000,1000000,1000000,400,1000000000,1000000000,1000000000,NOT_EVALUATED_MISSING_PINNED_NITRO_BROTLI_LEVEL_1_EXECUTABLE,,,,98448600000000,,,
PROJECTION,SYNTHETIC_OFFLINE_INPUT_NOT_LIVE,arbitrum-one,seeded-incompressible,120,l1-30gwei-blob-10wei,30000000000,10,20000000,1000000,1000000,400,1000000000,1000000000,1000000000,NOT_EVALUATED_MISSING_PINNED_NITRO_BROTLI_LEVEL_1_EXECUTABLE,,,,98448600000000,,,
PROJECTION,SYNTHETIC_OFFLINE_INPUT_NOT_LIVE,arbitrum-one,seeded-incompressible,120,l1-30gwei-blob-100wei,30000000000,100,20000000,1000000,1000000,400,1000000000,1000000000,1000000000,NOT_EVALUATED_MISSING_PINNED_NITRO_BROTLI_LEVEL_1_EXECUTABLE,,,,98448600000000,,,
PROJECTION,SYNTHETIC_OFFLINE_INPUT_NOT_LIVE,arbitrum-one,seeded-incompressible,120,l1-100gwei-blob-1wei,100000000000,1,20000000,1000000,1000000,400,1000000000,1000000000,1000000000,NOT_EVALUATED_MISSING_PINNED_NITRO_BROTLI_LEVEL_1_EXECUTABLE,,,,98448600000000,,,
PROJECTION,SYNTHETIC_OFFLINE_INPUT_NOT_LIVE,arbitrum-one,seeded-incompressible,120,l1-100gwei-blob-10wei,100000000000,10,20000000,1000000,1000000,400,1000000000,1000000000,1000000000,NOT_EVALUATED_MISSING_PINNED_NITRO_BROTLI_LEVEL_1_EXECUTABLE,,,,98448600000000,,,
PROJECTION,SYNTHETIC_OFFLINE_INPUT_NOT_LIVE,arbitrum-one,seeded-incompressible,120,l1-100gwei-blob-100wei,100000000000,100,20000000,1000000,1000000,400,1000000000,1000000000,1000000000,NOT_EVALUATED_MISSING_PINNED_NITRO_BROTLI_LEVEL_1_EXECUTABLE,,,,98448600000000,,,
PROJECTION,SYNTHETIC_OFFLINE_INPUT_NOT_LIVE,arbitrum-one,seeded-incompressible,128,l1-1gwei-blob-1wei,1000000000,1,20000000,1000000,1000000,400,1000000000,1000000000,1000000000,NOT_EVALUATED_MISSING_PINNED_NITRO_BROTLI_LEVEL_1_EXECUTABLE,,,,104995600000000,,,
PROJECTION,SYNTHETIC_OFFLINE_INPUT_NOT_LIVE,arbitrum-one,seeded-incompressible,128,l1-1gwei-blob-10wei,1000000000,10,20000000,1000000,1000000,400,1000000000,1000000000,1000000000,NOT_EVALUATED_MISSING_PINNED_NITRO_BROTLI_LEVEL_1_EXECUTABLE,,,,104995600000000,,,
PROJECTION,SYNTHETIC_OFFLINE_INPUT_NOT_LIVE,arbitrum-one,seeded-incompressible,128,l1-1gwei-blob-100wei,1000000000,100,20000000,1000000,1000000,400,1000000000,1000000000,1000000000,NOT_EVALUATED_MISSING_PINNED_NITRO_BROTLI_LEVEL_1_EXECUTABLE,,,,104995600000000,,,
PROJECTION,SYNTHETIC_OFFLINE_INPUT_NOT_LIVE,arbitrum-one,seeded-incompressible,128,l1-10gwei-blob-1wei,10000000000,1,20000000,1000000,1000000,400,1000000000,1000000000,1000000000,NOT_EVALUATED_MISSING_PINNED_NITRO_BROTLI_LEVEL_1_EXECUTABLE,,,,104995600000000,,,
PROJECTION,SYNTHETIC_OFFLINE_INPUT_NOT_LIVE,arbitrum-one,seeded-incompressible,128,l1-10gwei-blob-10wei,10000000000,10,20000000,1000000,1000000,400,1000000000,1000000000,1000000000,NOT_EVALUATED_MISSING_PINNED_NITRO_BROTLI_LEVEL_1_EXECUTABLE,,,,104995600000000,,,
PROJECTION,SYNTHETIC_OFFLINE_INPUT_NOT_LIVE,arbitrum-one,seeded-incompressible,128,l1-10gwei-blob-100wei,10000000000,100,20000000,1000000,1000000,400,1000000000,1000000000,1000000000,NOT_EVALUATED_MISSING_PINNED_NITRO_BROTLI_LEVEL_1_EXECUTABLE,,,,104995600000000,,,
PROJECTION,SYNTHETIC_OFFLINE_INPUT_NOT_LIVE,arbitrum-one,seeded-incompressible,128,l1-30gwei-blob-1wei,30000000000,1,20000000,1000000,1000000,400,1000000000,1000000000,1000000000,NOT_EVALUATED_MISSING_PINNED_NITRO_BROTLI_LEVEL_1_EXECUTABLE,,,,104995600000000,,,
PROJECTION,SYNTHETIC_OFFLINE_INPUT_NOT_LIVE,arbitrum-one,seeded-incompressible,128,l1-30gwei-blob-10wei,30000000000,10,20000000,1000000,1000000,400,1000000000,1000000000,1000000000,NOT_EVALUATED_MISSING_PINNED_NITRO_BROTLI_LEVEL_1_EXECUTABLE,,,,104995600000000,,,
PROJECTION,SYNTHETIC_OFFLINE_INPUT_NOT_LIVE,arbitrum-one,seeded-incompressible,128,l1-30gwei-blob-100wei,30000000000,100,20000000,1000000,1000000,400,1000000000,1000000000,1000000000,NOT_EVALUATED_MISSING_PINNED_NITRO_BROTLI_LEVEL_1_EXECUTABLE,,,,104995600000000,,,
PROJECTION,SYNTHETIC_OFFLINE_INPUT_NOT_LIVE,arbitrum-one,seeded-incompressible,128,l1-100gwei-blob-1wei,100000000000,1,20000000,1000000,1000000,400,1000000000,1000000000,1000000000,NOT_EVALUATED_MISSING_PINNED_NITRO_BROTLI_LEVEL_1_EXECUTABLE,,,,104995600000000,,,
PROJECTION,SYNTHETIC_OFFLINE_INPUT_NOT_LIVE,arbitrum-one,seeded-incompressible,128,l1-100gwei-blob-10wei,100000000000,10,20000000,1000000,1000000,400,1000000000,1000000000,1000000000,NOT_EVALUATED_MISSING_PINNED_NITRO_BROTLI_LEVEL_1_EXECUTABLE,,,,104995600000000,,,
PROJECTION,SYNTHETIC_OFFLINE_INPUT_NOT_LIVE,arbitrum-one,seeded-incompressible,128,l1-100gwei-blob-100wei,100000000000,100,20000000,1000000,1000000,400,1000000000,1000000000,1000000000,NOT_EVALUATED_MISSING_PINNED_NITRO_BROTLI_LEVEL_1_EXECUTABLE,,,,104995600000000,,,
PROJECTION,SYNTHETIC_OFFLINE_INPUT_NOT_LIVE,arbitrum-one,seeded-incompressible,160,l1-1gwei-blob-1wei,1000000000,1,20000000,1000000,1000000,400,1000000000,1000000000,1000000000,NOT_EVALUATED_MISSING_PINNED_NITRO_BROTLI_LEVEL_1_EXECUTABLE,,,,131142200000000,,,
PROJECTION,SYNTHETIC_OFFLINE_INPUT_NOT_LIVE,arbitrum-one,seeded-incompressible,160,l1-1gwei-blob-10wei,1000000000,10,20000000,1000000,1000000,400,1000000000,1000000000,1000000000,NOT_EVALUATED_MISSING_PINNED_NITRO_BROTLI_LEVEL_1_EXECUTABLE,,,,131142200000000,,,
PROJECTION,SYNTHETIC_OFFLINE_INPUT_NOT_LIVE,arbitrum-one,seeded-incompressible,160,l1-1gwei-blob-100wei,1000000000,100,20000000,1000000,1000000,400,1000000000,1000000000,1000000000,NOT_EVALUATED_MISSING_PINNED_NITRO_BROTLI_LEVEL_1_EXECUTABLE,,,,131142200000000,,,
PROJECTION,SYNTHETIC_OFFLINE_INPUT_NOT_LIVE,arbitrum-one,seeded-incompressible,160,l1-10gwei-blob-1wei,10000000000,1,20000000,1000000,1000000,400,1000000000,1000000000,1000000000,NOT_EVALUATED_MISSING_PINNED_NITRO_BROTLI_LEVEL_1_EXECUTABLE,,,,131142200000000,,,
PROJECTION,SYNTHETIC_OFFLINE_INPUT_NOT_LIVE,arbitrum-one,seeded-incompressible,160,l1-10gwei-blob-10wei,10000000000,10,20000000,1000000,1000000,400,1000000000,1000000000,1000000000,NOT_EVALUATED_MISSING_PINNED_NITRO_BROTLI_LEVEL_1_EXECUTABLE,,,,131142200000000,,,
PROJECTION,SYNTHETIC_OFFLINE_INPUT_NOT_LIVE,arbitrum-one,seeded-incompressible,160,l1-10gwei-blob-100wei,10000000000,100,20000000,1000000,1000000,400,1000000000,1000000000,1000000000,NOT_EVALUATED_MISSING_PINNED_NITRO_BROTLI_LEVEL_1_EXECUTABLE,,,,131142200000000,,,
PROJECTION,SYNTHETIC_OFFLINE_INPUT_NOT_LIVE,arbitrum-one,seeded-incompressible,160,l1-30gwei-blob-1wei,30000000000,1,20000000,1000000,1000000,400,1000000000,1000000000,1000000000,NOT_EVALUATED_MISSING_PINNED_NITRO_BROTLI_LEVEL_1_EXECUTABLE,,,,131142200000000,,,
PROJECTION,SYNTHETIC_OFFLINE_INPUT_NOT_LIVE,arbitrum-one,seeded-incompressible,160,l1-30gwei-blob-10wei,30000000000,10,20000000,1000000,1000000,400,1000000000,1000000000,1000000000,NOT_EVALUATED_MISSING_PINNED_NITRO_BROTLI_LEVEL_1_EXECUTABLE,,,,131142200000000,,,
PROJECTION,SYNTHETIC_OFFLINE_INPUT_NOT_LIVE,arbitrum-one,seeded-incompressible,160,l1-30gwei-blob-100wei,30000000000,100,20000000,1000000,1000000,400,1000000000,1000000000,1000000000,NOT_EVALUATED_MISSING_PINNED_NITRO_BROTLI_LEVEL_1_EXECUTABLE,,,,131142200000000,,,
PROJECTION,SYNTHETIC_OFFLINE_INPUT_NOT_LIVE,arbitrum-one,seeded-incompressible,160,l1-100gwei-blob-1wei,100000000000,1,20000000,1000000,1000000,400,1000000000,1000000000,1000000000,NOT_EVALUATED_MISSING_PINNED_NITRO_BROTLI_LEVEL_1_EXECUTABLE,,,,131142200000000,,,
PROJECTION,SYNTHETIC_OFFLINE_INPUT_NOT_LIVE,arbitrum-one,seeded-incompressible,160,l1-100gwei-blob-10wei,100000000000,10,20000000,1000000,1000000,400,1000000000,1000000000,1000000000,NOT_EVALUATED_MISSING_PINNED_NITRO_BROTLI_LEVEL_1_EXECUTABLE,,,,131142200000000,,,
PROJECTION,SYNTHETIC_OFFLINE_INPUT_NOT_LIVE,arbitrum-one,seeded-incompressible,160,l1-100gwei-blob-100wei,100000000000,100,20000000,1000000,1000000,400,1000000000,1000000000,1000000000,NOT_EVALUATED_MISSING_PINNED_NITRO_BROTLI_LEVEL_1_EXECUTABLE,,,,131142200000000,,,
PROJECTION,SYNTHETIC_OFFLINE_INPUT_NOT_LIVE,arbitrum-one,seeded-incompressible,210,l1-1gwei-blob-1wei,1000000000,1,20000000,1000000,1000000,400,1000000000,1000000000,1000000000,NOT_EVALUATED_MISSING_PINNED_NITRO_BROTLI_LEVEL_1_EXECUTABLE,,,,171933000000000,,,
PROJECTION,SYNTHETIC_OFFLINE_INPUT_NOT_LIVE,arbitrum-one,seeded-incompressible,210,l1-1gwei-blob-10wei,1000000000,10,20000000,1000000,1000000,400,1000000000,1000000000,1000000000,NOT_EVALUATED_MISSING_PINNED_NITRO_BROTLI_LEVEL_1_EXECUTABLE,,,,171933000000000,,,
PROJECTION,SYNTHETIC_OFFLINE_INPUT_NOT_LIVE,arbitrum-one,seeded-incompressible,210,l1-1gwei-blob-100wei,1000000000,100,20000000,1000000,1000000,400,1000000000,1000000000,1000000000,NOT_EVALUATED_MISSING_PINNED_NITRO_BROTLI_LEVEL_1_EXECUTABLE,,,,171933000000000,,,
PROJECTION,SYNTHETIC_OFFLINE_INPUT_NOT_LIVE,arbitrum-one,seeded-incompressible,210,l1-10gwei-blob-1wei,10000000000,1,20000000,1000000,1000000,400,1000000000,1000000000,1000000000,NOT_EVALUATED_MISSING_PINNED_NITRO_BROTLI_LEVEL_1_EXECUTABLE,,,,171933000000000,,,
PROJECTION,SYNTHETIC_OFFLINE_INPUT_NOT_LIVE,arbitrum-one,seeded-incompressible,210,l1-10gwei-blob-10wei,10000000000,10,20000000,1000000,1000000,400,1000000000,1000000000,1000000000,NOT_EVALUATED_MISSING_PINNED_NITRO_BROTLI_LEVEL_1_EXECUTABLE,,,,171933000000000,,,
PROJECTION,SYNTHETIC_OFFLINE_INPUT_NOT_LIVE,arbitrum-one,seeded-incompressible,210,l1-10gwei-blob-100wei,10000000000,100,20000000,1000000,1000000,400,1000000000,1000000000,1000000000,NOT_EVALUATED_MISSING_PINNED_NITRO_BROTLI_LEVEL_1_EXECUTABLE,,,,171933000000000,,,
PROJECTION,SYNTHETIC_OFFLINE_INPUT_NOT_LIVE,arbitrum-one,seeded-incompressible,210,l1-30gwei-blob-1wei,30000000000,1,20000000,1000000,1000000,400,1000000000,1000000000,1000000000,NOT_EVALUATED_MISSING_PINNED_NITRO_BROTLI_LEVEL_1_EXECUTABLE,,,,171933000000000,,,
PROJECTION,SYNTHETIC_OFFLINE_INPUT_NOT_LIVE,arbitrum-one,seeded-incompressible,210,l1-30gwei-blob-10wei,30000000000,10,20000000,1000000,1000000,400,1000000000,1000000000,1000000000,NOT_EVALUATED_MISSING_PINNED_NITRO_BROTLI_LEVEL_1_EXECUTABLE,,,,171933000000000,,,
PROJECTION,SYNTHETIC_OFFLINE_INPUT_NOT_LIVE,arbitrum-one,seeded-incompressible,210,l1-30gwei-blob-100wei,30000000000,100,20000000,1000000,1000000,400,1000000000,1000000000,1000000000,NOT_EVALUATED_MISSING_PINNED_NITRO_BROTLI_LEVEL_1_EXECUTABLE,,,,171933000000000,,,
PROJECTION,SYNTHETIC_OFFLINE_INPUT_NOT_LIVE,arbitrum-one,seeded-incompressible,210,l1-100gwei-blob-1wei,100000000000,1,20000000,1000000,1000000,400,1000000000,1000000000,1000000000,NOT_EVALUATED_MISSING_PINNED_NITRO_BROTLI_LEVEL_1_EXECUTABLE,,,,171933000000000,,,
PROJECTION,SYNTHETIC_OFFLINE_INPUT_NOT_LIVE,arbitrum-one,seeded-incompressible,210,l1-100gwei-blob-10wei,100000000000,10,20000000,1000000,1000000,400,1000000000,1000000000,1000000000,NOT_EVALUATED_MISSING_PINNED_NITRO_BROTLI_LEVEL_1_EXECUTABLE,,,,171933000000000,,,
PROJECTION,SYNTHETIC_OFFLINE_INPUT_NOT_LIVE,arbitrum-one,seeded-incompressible,210,l1-100gwei-blob-100wei,100000000000,100,20000000,1000000,1000000,400,1000000000,1000000000,1000000000,NOT_EVALUATED_MISSING_PINNED_NITRO_BROTLI_LEVEL_1_EXECUTABLE,,,,171933000000000,,,
PROJECTION,SYNTHETIC_OFFLINE_INPUT_NOT_LIVE,arbitrum-one,repeated,80,l1-1gwei-blob-1wei,1000000000,1,20000000,1000000,1000000,400,1000000000,1000000000,1000000000,NOT_EVALUATED_MISSING_PINNED_NITRO_BROTLI_LEVEL_1_EXECUTABLE,,,,65956000000000,,,
PROJECTION,SYNTHETIC_OFFLINE_INPUT_NOT_LIVE,arbitrum-one,repeated,80,l1-1gwei-blob-10wei,1000000000,10,20000000,1000000,1000000,400,1000000000,1000000000,1000000000,NOT_EVALUATED_MISSING_PINNED_NITRO_BROTLI_LEVEL_1_EXECUTABLE,,,,65956000000000,,,
PROJECTION,SYNTHETIC_OFFLINE_INPUT_NOT_LIVE,arbitrum-one,repeated,80,l1-1gwei-blob-100wei,1000000000,100,20000000,1000000,1000000,400,1000000000,1000000000,1000000000,NOT_EVALUATED_MISSING_PINNED_NITRO_BROTLI_LEVEL_1_EXECUTABLE,,,,65956000000000,,,
PROJECTION,SYNTHETIC_OFFLINE_INPUT_NOT_LIVE,arbitrum-one,repeated,80,l1-10gwei-blob-1wei,10000000000,1,20000000,1000000,1000000,400,1000000000,1000000000,1000000000,NOT_EVALUATED_MISSING_PINNED_NITRO_BROTLI_LEVEL_1_EXECUTABLE,,,,65956000000000,,,
PROJECTION,SYNTHETIC_OFFLINE_INPUT_NOT_LIVE,arbitrum-one,repeated,80,l1-10gwei-blob-10wei,10000000000,10,20000000,1000000,1000000,400,1000000000,1000000000,1000000000,NOT_EVALUATED_MISSING_PINNED_NITRO_BROTLI_LEVEL_1_EXECUTABLE,,,,65956000000000,,,
PROJECTION,SYNTHETIC_OFFLINE_INPUT_NOT_LIVE,arbitrum-one,repeated,80,l1-10gwei-blob-100wei,10000000000,100,20000000,1000000,1000000,400,1000000000,1000000000,1000000000,NOT_EVALUATED_MISSING_PINNED_NITRO_BROTLI_LEVEL_1_EXECUTABLE,,,,65956000000000,,,
PROJECTION,SYNTHETIC_OFFLINE_INPUT_NOT_LIVE,arbitrum-one,repeated,80,l1-30gwei-blob-1wei,30000000000,1,20000000,1000000,1000000,400,1000000000,1000000000,1000000000,NOT_EVALUATED_MISSING_PINNED_NITRO_BROTLI_LEVEL_1_EXECUTABLE,,,,65956000000000,,,
PROJECTION,SYNTHETIC_OFFLINE_INPUT_NOT_LIVE,arbitrum-one,repeated,80,l1-30gwei-blob-10wei,30000000000,10,20000000,1000000,1000000,400,1000000000,1000000000,1000000000,NOT_EVALUATED_MISSING_PINNED_NITRO_BROTLI_LEVEL_1_EXECUTABLE,,,,65956000000000,,,
PROJECTION,SYNTHETIC_OFFLINE_INPUT_NOT_LIVE,arbitrum-one,repeated,80,l1-30gwei-blob-100wei,30000000000,100,20000000,1000000,1000000,400,1000000000,1000000000,1000000000,NOT_EVALUATED_MISSING_PINNED_NITRO_BROTLI_LEVEL_1_EXECUTABLE,,,,65956000000000,,,
PROJECTION,SYNTHETIC_OFFLINE_INPUT_NOT_LIVE,arbitrum-one,repeated,80,l1-100gwei-blob-1wei,100000000000,1,20000000,1000000,1000000,400,1000000000,1000000000,1000000000,NOT_EVALUATED_MISSING_PINNED_NITRO_BROTLI_LEVEL_1_EXECUTABLE,,,,65956000000000,,,
PROJECTION,SYNTHETIC_OFFLINE_INPUT_NOT_LIVE,arbitrum-one,repeated,80,l1-100gwei-blob-10wei,100000000000,10,20000000,1000000,1000000,400,1000000000,1000000000,1000000000,NOT_EVALUATED_MISSING_PINNED_NITRO_BROTLI_LEVEL_1_EXECUTABLE,,,,65956000000000,,,
PROJECTION,SYNTHETIC_OFFLINE_INPUT_NOT_LIVE,arbitrum-one,repeated,80,l1-100gwei-blob-100wei,100000000000,100,20000000,1000000,1000000,400,1000000000,1000000000,1000000000,NOT_EVALUATED_MISSING_PINNED_NITRO_BROTLI_LEVEL_1_EXECUTABLE,,,,65956000000000,,,
PROJECTION,SYNTHETIC_OFFLINE_INPUT_NOT_LIVE,arbitrum-one,repeated,90,l1-1gwei-blob-1wei,1000000000,1,20000000,1000000,1000000,400,1000000000,1000000000,1000000000,NOT_EVALUATED_MISSING_PINNED_NITRO_BROTLI_LEVEL_1_EXECUTABLE,,,,74148000000000,,,
PROJECTION,SYNTHETIC_OFFLINE_INPUT_NOT_LIVE,arbitrum-one,repeated,90,l1-1gwei-blob-10wei,1000000000,10,20000000,1000000,1000000,400,1000000000,1000000000,1000000000,NOT_EVALUATED_MISSING_PINNED_NITRO_BROTLI_LEVEL_1_EXECUTABLE,,,,74148000000000,,,
PROJECTION,SYNTHETIC_OFFLINE_INPUT_NOT_LIVE,arbitrum-one,repeated,90,l1-1gwei-blob-100wei,1000000000,100,20000000,1000000,1000000,400,1000000000,1000000000,1000000000,NOT_EVALUATED_MISSING_PINNED_NITRO_BROTLI_LEVEL_1_EXECUTABLE,,,,74148000000000,,,
PROJECTION,SYNTHETIC_OFFLINE_INPUT_NOT_LIVE,arbitrum-one,repeated,90,l1-10gwei-blob-1wei,10000000000,1,20000000,1000000,1000000,400,1000000000,1000000000,1000000000,NOT_EVALUATED_MISSING_PINNED_NITRO_BROTLI_LEVEL_1_EXECUTABLE,,,,74148000000000,,,
PROJECTION,SYNTHETIC_OFFLINE_INPUT_NOT_LIVE,arbitrum-one,repeated,90,l1-10gwei-blob-10wei,10000000000,10,20000000,1000000,1000000,400,1000000000,1000000000,1000000000,NOT_EVALUATED_MISSING_PINNED_NITRO_BROTLI_LEVEL_1_EXECUTABLE,,,,74148000000000,,,
PROJECTION,SYNTHETIC_OFFLINE_INPUT_NOT_LIVE,arbitrum-one,repeated,90,l1-10gwei-blob-100wei,10000000000,100,20000000,1000000,1000000,400,1000000000,1000000000,1000000000,NOT_EVALUATED_MISSING_PINNED_NITRO_BROTLI_LEVEL_1_EXECUTABLE,,,,74148000000000,,,
PROJECTION,SYNTHETIC_OFFLINE_INPUT_NOT_LIVE,arbitrum-one,repeated,90,l1-30gwei-blob-1wei,30000000000,1,20000000,1000000,1000000,400,1000000000,1000000000,1000000000,NOT_EVALUATED_MISSING_PINNED_NITRO_BROTLI_LEVEL_1_EXECUTABLE,,,,74148000000000,,,
PROJECTION,SYNTHETIC_OFFLINE_INPUT_NOT_LIVE,arbitrum-one,repeated,90,l1-30gwei-blob-10wei,30000000000,10,20000000,1000000,1000000,400,1000000000,1000000000,1000000000,NOT_EVALUATED_MISSING_PINNED_NITRO_BROTLI_LEVEL_1_EXECUTABLE,,,,74148000000000,,,
PROJECTION,SYNTHETIC_OFFLINE_INPUT_NOT_LIVE,arbitrum-one,repeated,90,l1-30gwei-blob-100wei,30000000000,100,20000000,1000000,1000000,400,1000000000,1000000000,1000000000,NOT_EVALUATED_MISSING_PINNED_NITRO_BROTLI_LEVEL_1_EXECUTABLE,,,,74148000000000,,,
PROJECTION,SYNTHETIC_OFFLINE_INPUT_NOT_LIVE,arbitrum-one,repeated,90,l1-100gwei-blob-1wei,100000000000,1,20000000,1000000,1000000,400,1000000000,1000000000,1000000000,NOT_EVALUATED_MISSING_PINNED_NITRO_BROTLI_LEVEL_1_EXECUTABLE,,,,74148000000000,,,
PROJECTION,SYNTHETIC_OFFLINE_INPUT_NOT_LIVE,arbitrum-one,repeated,90,l1-100gwei-blob-10wei,100000000000,10,20000000,1000000,1000000,400,1000000000,1000000000,1000000000,NOT_EVALUATED_MISSING_PINNED_NITRO_BROTLI_LEVEL_1_EXECUTABLE,,,,74148000000000,,,
PROJECTION,SYNTHETIC_OFFLINE_INPUT_NOT_LIVE,arbitrum-one,repeated,90,l1-100gwei-blob-100wei,100000000000,100,20000000,1000000,1000000,400,1000000000,1000000000,1000000000,NOT_EVALUATED_MISSING_PINNED_NITRO_BROTLI_LEVEL_1_EXECUTABLE,,,,74148000000000,,,
PROJECTION,SYNTHETIC_OFFLINE_INPUT_NOT_LIVE,arbitrum-one,repeated,110,l1-1gwei-blob-1wei,1000000000,1,20000000,1000000,1000000,400,1000000000,1000000000,1000000000,NOT_EVALUATED_MISSING_PINNED_NITRO_BROTLI_LEVEL_1_EXECUTABLE,,,,90532000000000,,,
PROJECTION,SYNTHETIC_OFFLINE_INPUT_NOT_LIVE,arbitrum-one,repeated,110,l1-1gwei-blob-10wei,1000000000,10,20000000,1000000,1000000,400,1000000000,1000000000,1000000000,NOT_EVALUATED_MISSING_PINNED_NITRO_BROTLI_LEVEL_1_EXECUTABLE,,,,90532000000000,,,
PROJECTION,SYNTHETIC_OFFLINE_INPUT_NOT_LIVE,arbitrum-one,repeated,110,l1-1gwei-blob-100wei,1000000000,100,20000000,1000000,1000000,400,1000000000,1000000000,1000000000,NOT_EVALUATED_MISSING_PINNED_NITRO_BROTLI_LEVEL_1_EXECUTABLE,,,,90532000000000,,,
PROJECTION,SYNTHETIC_OFFLINE_INPUT_NOT_LIVE,arbitrum-one,repeated,110,l1-10gwei-blob-1wei,10000000000,1,20000000,1000000,1000000,400,1000000000,1000000000,1000000000,NOT_EVALUATED_MISSING_PINNED_NITRO_BROTLI_LEVEL_1_EXECUTABLE,,,,90532000000000,,,
PROJECTION,SYNTHETIC_OFFLINE_INPUT_NOT_LIVE,arbitrum-one,repeated,110,l1-10gwei-blob-10wei,10000000000,10,20000000,1000000,1000000,400,1000000000,1000000000,1000000000,NOT_EVALUATED_MISSING_PINNED_NITRO_BROTLI_LEVEL_1_EXECUTABLE,,,,90532000000000,,,
PROJECTION,SYNTHETIC_OFFLINE_INPUT_NOT_LIVE,arbitrum-one,repeated,110,l1-10gwei-blob-100wei,10000000000,100,20000000,1000000,1000000,400,1000000000,1000000000,1000000000,NOT_EVALUATED_MISSING_PINNED_NITRO_BROTLI_LEVEL_1_EXECUTABLE,,,,90532000000000,,,
PROJECTION,SYNTHETIC_OFFLINE_INPUT_NOT_LIVE,arbitrum-one,repeated,110,l1-30gwei-blob-1wei,30000000000,1,20000000,1000000,1000000,400,1000000000,1000000000,1000000000,NOT_EVALUATED_MISSING_PINNED_NITRO_BROTLI_LEVEL_1_EXECUTABLE,,,,90532000000000,,,
PROJECTION,SYNTHETIC_OFFLINE_INPUT_NOT_LIVE,arbitrum-one,repeated,110,l1-30gwei-blob-10wei,30000000000,10,20000000,1000000,1000000,400,1000000000,1000000000,1000000000,NOT_EVALUATED_MISSING_PINNED_NITRO_BROTLI_LEVEL_1_EXECUTABLE,,,,90532000000000,,,
PROJECTION,SYNTHETIC_OFFLINE_INPUT_NOT_LIVE,arbitrum-one,repeated,110,l1-30gwei-blob-100wei,30000000000,100,20000000,1000000,1000000,400,1000000000,1000000000,1000000000,NOT_EVALUATED_MISSING_PINNED_NITRO_BROTLI_LEVEL_1_EXECUTABLE,,,,90532000000000,,,
PROJECTION,SYNTHETIC_OFFLINE_INPUT_NOT_LIVE,arbitrum-one,repeated,110,l1-100gwei-blob-1wei,100000000000,1,20000000,1000000,1000000,400,1000000000,1000000000,1000000000,NOT_EVALUATED_MISSING_PINNED_NITRO_BROTLI_LEVEL_1_EXECUTABLE,,,,90532000000000,,,
PROJECTION,SYNTHETIC_OFFLINE_INPUT_NOT_LIVE,arbitrum-one,repeated,110,l1-100gwei-blob-10wei,100000000000,10,20000000,1000000,1000000,400,1000000000,1000000000,1000000000,NOT_EVALUATED_MISSING_PINNED_NITRO_BROTLI_LEVEL_1_EXECUTABLE,,,,90532000000000,,,
PROJECTION,SYNTHETIC_OFFLINE_INPUT_NOT_LIVE,arbitrum-one,repeated,110,l1-100gwei-blob-100wei,100000000000,100,20000000,1000000,1000000,400,1000000000,1000000000,1000000000,NOT_EVALUATED_MISSING_PINNED_NITRO_BROTLI_LEVEL_1_EXECUTABLE,,,,90532000000000,,,
PROJECTION,SYNTHETIC_OFFLINE_INPUT_NOT_LIVE,arbitrum-one,repeated,116,l1-1gwei-blob-1wei,1000000000,1,20000000,1000000,1000000,400,1000000000,1000000000,1000000000,NOT_EVALUATED_MISSING_PINNED_NITRO_BROTLI_LEVEL_1_EXECUTABLE,,,,95447200000000,,,
PROJECTION,SYNTHETIC_OFFLINE_INPUT_NOT_LIVE,arbitrum-one,repeated,116,l1-1gwei-blob-10wei,1000000000,10,20000000,1000000,1000000,400,1000000000,1000000000,1000000000,NOT_EVALUATED_MISSING_PINNED_NITRO_BROTLI_LEVEL_1_EXECUTABLE,,,,95447200000000,,,
PROJECTION,SYNTHETIC_OFFLINE_INPUT_NOT_LIVE,arbitrum-one,repeated,116,l1-1gwei-blob-100wei,1000000000,100,20000000,1000000,1000000,400,1000000000,1000000000,1000000000,NOT_EVALUATED_MISSING_PINNED_NITRO_BROTLI_LEVEL_1_EXECUTABLE,,,,95447200000000,,,
PROJECTION,SYNTHETIC_OFFLINE_INPUT_NOT_LIVE,arbitrum-one,repeated,116,l1-10gwei-blob-1wei,10000000000,1,20000000,1000000,1000000,400,1000000000,1000000000,1000000000,NOT_EVALUATED_MISSING_PINNED_NITRO_BROTLI_LEVEL_1_EXECUTABLE,,,,95447200000000,,,
PROJECTION,SYNTHETIC_OFFLINE_INPUT_NOT_LIVE,arbitrum-one,repeated,116,l1-10gwei-blob-10wei,10000000000,10,20000000,1000000,1000000,400,1000000000,1000000000,1000000000,NOT_EVALUATED_MISSING_PINNED_NITRO_BROTLI_LEVEL_1_EXECUTABLE,,,,95447200000000,,,
PROJECTION,SYNTHETIC_OFFLINE_INPUT_NOT_LIVE,arbitrum-one,repeated,116,l1-10gwei-blob-100wei,10000000000,100,20000000,1000000,1000000,400,1000000000,1000000000,1000000000,NOT_EVALUATED_MISSING_PINNED_NITRO_BROTLI_LEVEL_1_EXECUTABLE,,,,95447200000000,,,
PROJECTION,SYNTHETIC_OFFLINE_INPUT_NOT_LIVE,arbitrum-one,repeated,116,l1-30gwei-blob-1wei,30000000000,1,20000000,1000000,1000000,400,1000000000,1000000000,1000000000,NOT_EVALUATED_MISSING_PINNED_NITRO_BROTLI_LEVEL_1_EXECUTABLE,,,,95447200000000,,,
PROJECTION,SYNTHETIC_OFFLINE_INPUT_NOT_LIVE,arbitrum-one,repeated,116,l1-30gwei-blob-10wei,30000000000,10,20000000,1000000,1000000,400,1000000000,1000000000,1000000000,NOT_EVALUATED_MISSING_PINNED_NITRO_BROTLI_LEVEL_1_EXECUTABLE,,,,95447200000000,,,
PROJECTION,SYNTHETIC_OFFLINE_INPUT_NOT_LIVE,arbitrum-one,repeated,116,l1-30gwei-blob-100wei,30000000000,100,20000000,1000000,1000000,400,1000000000,1000000000,1000000000,NOT_EVALUATED_MISSING_PINNED_NITRO_BROTLI_LEVEL_1_EXECUTABLE,,,,95447200000000,,,
PROJECTION,SYNTHETIC_OFFLINE_INPUT_NOT_LIVE,arbitrum-one,repeated,116,l1-100gwei-blob-1wei,100000000000,1,20000000,1000000,1000000,400,1000000000,1000000000,1000000000,NOT_EVALUATED_MISSING_PINNED_NITRO_BROTLI_LEVEL_1_EXECUTABLE,,,,95447200000000,,,
PROJECTION,SYNTHETIC_OFFLINE_INPUT_NOT_LIVE,arbitrum-one,repeated,116,l1-100gwei-blob-10wei,100000000000,10,20000000,1000000,1000000,400,1000000000,1000000000,1000000000,NOT_EVALUATED_MISSING_PINNED_NITRO_BROTLI_LEVEL_1_EXECUTABLE,,,,95447200000000,,,
PROJECTION,SYNTHETIC_OFFLINE_INPUT_NOT_LIVE,arbitrum-one,repeated,116,l1-100gwei-blob-100wei,100000000000,100,20000000,1000000,1000000,400,1000000000,1000000000,1000000000,NOT_EVALUATED_MISSING_PINNED_NITRO_BROTLI_LEVEL_1_EXECUTABLE,,,,95447200000000,,,
PROJECTION,SYNTHETIC_OFFLINE_INPUT_NOT_LIVE,arbitrum-one,repeated,120,l1-1gwei-blob-1wei,1000000000,1,20000000,1000000,1000000,400,1000000000,1000000000,1000000000,NOT_EVALUATED_MISSING_PINNED_NITRO_BROTLI_LEVEL_1_EXECUTABLE,,,,98724000000000,,,
PROJECTION,SYNTHETIC_OFFLINE_INPUT_NOT_LIVE,arbitrum-one,repeated,120,l1-1gwei-blob-10wei,1000000000,10,20000000,1000000,1000000,400,1000000000,1000000000,1000000000,NOT_EVALUATED_MISSING_PINNED_NITRO_BROTLI_LEVEL_1_EXECUTABLE,,,,98724000000000,,,
PROJECTION,SYNTHETIC_OFFLINE_INPUT_NOT_LIVE,arbitrum-one,repeated,120,l1-1gwei-blob-100wei,1000000000,100,20000000,1000000,1000000,400,1000000000,1000000000,1000000000,NOT_EVALUATED_MISSING_PINNED_NITRO_BROTLI_LEVEL_1_EXECUTABLE,,,,98724000000000,,,
PROJECTION,SYNTHETIC_OFFLINE_INPUT_NOT_LIVE,arbitrum-one,repeated,120,l1-10gwei-blob-1wei,10000000000,1,20000000,1000000,1000000,400,1000000000,1000000000,1000000000,NOT_EVALUATED_MISSING_PINNED_NITRO_BROTLI_LEVEL_1_EXECUTABLE,,,,98724000000000,,,
PROJECTION,SYNTHETIC_OFFLINE_INPUT_NOT_LIVE,arbitrum-one,repeated,120,l1-10gwei-blob-10wei,10000000000,10,20000000,1000000,1000000,400,1000000000,1000000000,1000000000,NOT_EVALUATED_MISSING_PINNED_NITRO_BROTLI_LEVEL_1_EXECUTABLE,,,,98724000000000,,,
PROJECTION,SYNTHETIC_OFFLINE_INPUT_NOT_LIVE,arbitrum-one,repeated,120,l1-10gwei-blob-100wei,10000000000,100,20000000,1000000,1000000,400,1000000000,1000000000,1000000000,NOT_EVALUATED_MISSING_PINNED_NITRO_BROTLI_LEVEL_1_EXECUTABLE,,,,98724000000000,,,
PROJECTION,SYNTHETIC_OFFLINE_INPUT_NOT_LIVE,arbitrum-one,repeated,120,l1-30gwei-blob-1wei,30000000000,1,20000000,1000000,1000000,400,1000000000,1000000000,1000000000,NOT_EVALUATED_MISSING_PINNED_NITRO_BROTLI_LEVEL_1_EXECUTABLE,,,,98724000000000,,,
PROJECTION,SYNTHETIC_OFFLINE_INPUT_NOT_LIVE,arbitrum-one,repeated,120,l1-30gwei-blob-10wei,30000000000,10,20000000,1000000,1000000,400,1000000000,1000000000,1000000000,NOT_EVALUATED_MISSING_PINNED_NITRO_BROTLI_LEVEL_1_EXECUTABLE,,,,98724000000000,,,
PROJECTION,SYNTHETIC_OFFLINE_INPUT_NOT_LIVE,arbitrum-one,repeated,120,l1-30gwei-blob-100wei,30000000000,100,20000000,1000000,1000000,400,1000000000,1000000000,1000000000,NOT_EVALUATED_MISSING_PINNED_NITRO_BROTLI_LEVEL_1_EXECUTABLE,,,,98724000000000,,,
PROJECTION,SYNTHETIC_OFFLINE_INPUT_NOT_LIVE,arbitrum-one,repeated,120,l1-100gwei-blob-1wei,100000000000,1,20000000,1000000,1000000,400,1000000000,1000000000,1000000000,NOT_EVALUATED_MISSING_PINNED_NITRO_BROTLI_LEVEL_1_EXECUTABLE,,,,98724000000000,,,
PROJECTION,SYNTHETIC_OFFLINE_INPUT_NOT_LIVE,arbitrum-one,repeated,120,l1-100gwei-blob-10wei,100000000000,10,20000000,1000000,1000000,400,1000000000,1000000000,1000000000,NOT_EVALUATED_MISSING_PINNED_NITRO_BROTLI_LEVEL_1_EXECUTABLE,,,,98724000000000,,,
PROJECTION,SYNTHETIC_OFFLINE_INPUT_NOT_LIVE,arbitrum-one,repeated,120,l1-100gwei-blob-100wei,100000000000,100,20000000,1000000,1000000,400,1000000000,1000000000,1000000000,NOT_EVALUATED_MISSING_PINNED_NITRO_BROTLI_LEVEL_1_EXECUTABLE,,,,98724000000000,,,
PROJECTION,SYNTHETIC_OFFLINE_INPUT_NOT_LIVE,arbitrum-one,repeated,128,l1-1gwei-blob-1wei,1000000000,1,20000000,1000000,1000000,400,1000000000,1000000000,1000000000,NOT_EVALUATED_MISSING_PINNED_NITRO_BROTLI_LEVEL_1_EXECUTABLE,,,,105277600000000,,,
PROJECTION,SYNTHETIC_OFFLINE_INPUT_NOT_LIVE,arbitrum-one,repeated,128,l1-1gwei-blob-10wei,1000000000,10,20000000,1000000,1000000,400,1000000000,1000000000,1000000000,NOT_EVALUATED_MISSING_PINNED_NITRO_BROTLI_LEVEL_1_EXECUTABLE,,,,105277600000000,,,
PROJECTION,SYNTHETIC_OFFLINE_INPUT_NOT_LIVE,arbitrum-one,repeated,128,l1-1gwei-blob-100wei,1000000000,100,20000000,1000000,1000000,400,1000000000,1000000000,1000000000,NOT_EVALUATED_MISSING_PINNED_NITRO_BROTLI_LEVEL_1_EXECUTABLE,,,,105277600000000,,,
PROJECTION,SYNTHETIC_OFFLINE_INPUT_NOT_LIVE,arbitrum-one,repeated,128,l1-10gwei-blob-1wei,10000000000,1,20000000,1000000,1000000,400,1000000000,1000000000,1000000000,NOT_EVALUATED_MISSING_PINNED_NITRO_BROTLI_LEVEL_1_EXECUTABLE,,,,105277600000000,,,
PROJECTION,SYNTHETIC_OFFLINE_INPUT_NOT_LIVE,arbitrum-one,repeated,128,l1-10gwei-blob-10wei,10000000000,10,20000000,1000000,1000000,400,1000000000,1000000000,1000000000,NOT_EVALUATED_MISSING_PINNED_NITRO_BROTLI_LEVEL_1_EXECUTABLE,,,,105277600000000,,,
PROJECTION,SYNTHETIC_OFFLINE_INPUT_NOT_LIVE,arbitrum-one,repeated,128,l1-10gwei-blob-100wei,10000000000,100,20000000,1000000,1000000,400,1000000000,1000000000,1000000000,NOT_EVALUATED_MISSING_PINNED_NITRO_BROTLI_LEVEL_1_EXECUTABLE,,,,105277600000000,,,
PROJECTION,SYNTHETIC_OFFLINE_INPUT_NOT_LIVE,arbitrum-one,repeated,128,l1-30gwei-blob-1wei,30000000000,1,20000000,1000000,1000000,400,1000000000,1000000000,1000000000,NOT_EVALUATED_MISSING_PINNED_NITRO_BROTLI_LEVEL_1_EXECUTABLE,,,,105277600000000,,,
PROJECTION,SYNTHETIC_OFFLINE_INPUT_NOT_LIVE,arbitrum-one,repeated,128,l1-30gwei-blob-10wei,30000000000,10,20000000,1000000,1000000,400,1000000000,1000000000,1000000000,NOT_EVALUATED_MISSING_PINNED_NITRO_BROTLI_LEVEL_1_EXECUTABLE,,,,105277600000000,,,
PROJECTION,SYNTHETIC_OFFLINE_INPUT_NOT_LIVE,arbitrum-one,repeated,128,l1-30gwei-blob-100wei,30000000000,100,20000000,1000000,1000000,400,1000000000,1000000000,1000000000,NOT_EVALUATED_MISSING_PINNED_NITRO_BROTLI_LEVEL_1_EXECUTABLE,,,,105277600000000,,,
PROJECTION,SYNTHETIC_OFFLINE_INPUT_NOT_LIVE,arbitrum-one,repeated,128,l1-100gwei-blob-1wei,100000000000,1,20000000,1000000,1000000,400,1000000000,1000000000,1000000000,NOT_EVALUATED_MISSING_PINNED_NITRO_BROTLI_LEVEL_1_EXECUTABLE,,,,105277600000000,,,
PROJECTION,SYNTHETIC_OFFLINE_INPUT_NOT_LIVE,arbitrum-one,repeated,128,l1-100gwei-blob-10wei,100000000000,10,20000000,1000000,1000000,400,1000000000,1000000000,1000000000,NOT_EVALUATED_MISSING_PINNED_NITRO_BROTLI_LEVEL_1_EXECUTABLE,,,,105277600000000,,,
PROJECTION,SYNTHETIC_OFFLINE_INPUT_NOT_LIVE,arbitrum-one,repeated,128,l1-100gwei-blob-100wei,100000000000,100,20000000,1000000,1000000,400,1000000000,1000000000,1000000000,NOT_EVALUATED_MISSING_PINNED_NITRO_BROTLI_LEVEL_1_EXECUTABLE,,,,105277600000000,,,
PROJECTION,SYNTHETIC_OFFLINE_INPUT_NOT_LIVE,arbitrum-one,repeated,160,l1-1gwei-blob-1wei,1000000000,1,20000000,1000000,1000000,400,1000000000,1000000000,1000000000,NOT_EVALUATED_MISSING_PINNED_NITRO_BROTLI_LEVEL_1_EXECUTABLE,,,,131492000000000,,,
PROJECTION,SYNTHETIC_OFFLINE_INPUT_NOT_LIVE,arbitrum-one,repeated,160,l1-1gwei-blob-10wei,1000000000,10,20000000,1000000,1000000,400,1000000000,1000000000,1000000000,NOT_EVALUATED_MISSING_PINNED_NITRO_BROTLI_LEVEL_1_EXECUTABLE,,,,131492000000000,,,
PROJECTION,SYNTHETIC_OFFLINE_INPUT_NOT_LIVE,arbitrum-one,repeated,160,l1-1gwei-blob-100wei,1000000000,100,20000000,1000000,1000000,400,1000000000,1000000000,1000000000,NOT_EVALUATED_MISSING_PINNED_NITRO_BROTLI_LEVEL_1_EXECUTABLE,,,,131492000000000,,,
PROJECTION,SYNTHETIC_OFFLINE_INPUT_NOT_LIVE,arbitrum-one,repeated,160,l1-10gwei-blob-1wei,10000000000,1,20000000,1000000,1000000,400,1000000000,1000000000,1000000000,NOT_EVALUATED_MISSING_PINNED_NITRO_BROTLI_LEVEL_1_EXECUTABLE,,,,131492000000000,,,
PROJECTION,SYNTHETIC_OFFLINE_INPUT_NOT_LIVE,arbitrum-one,repeated,160,l1-10gwei-blob-10wei,10000000000,10,20000000,1000000,1000000,400,1000000000,1000000000,1000000000,NOT_EVALUATED_MISSING_PINNED_NITRO_BROTLI_LEVEL_1_EXECUTABLE,,,,131492000000000,,,
PROJECTION,SYNTHETIC_OFFLINE_INPUT_NOT_LIVE,arbitrum-one,repeated,160,l1-10gwei-blob-100wei,10000000000,100,20000000,1000000,1000000,400,1000000000,1000000000,1000000000,NOT_EVALUATED_MISSING_PINNED_NITRO_BROTLI_LEVEL_1_EXECUTABLE,,,,131492000000000,,,
PROJECTION,SYNTHETIC_OFFLINE_INPUT_NOT_LIVE,arbitrum-one,repeated,160,l1-30gwei-blob-1wei,30000000000,1,20000000,1000000,1000000,400,1000000000,1000000000,1000000000,NOT_EVALUATED_MISSING_PINNED_NITRO_BROTLI_LEVEL_1_EXECUTABLE,,,,131492000000000,,,
PROJECTION,SYNTHETIC_OFFLINE_INPUT_NOT_LIVE,arbitrum-one,repeated,160,l1-30gwei-blob-10wei,30000000000,10,20000000,1000000,1000000,400,1000000000,1000000000,1000000000,NOT_EVALUATED_MISSING_PINNED_NITRO_BROTLI_LEVEL_1_EXECUTABLE,,,,131492000000000,,,
PROJECTION,SYNTHETIC_OFFLINE_INPUT_NOT_LIVE,arbitrum-one,repeated,160,l1-30gwei-blob-100wei,30000000000,100,20000000,1000000,1000000,400,1000000000,1000000000,1000000000,NOT_EVALUATED_MISSING_PINNED_NITRO_BROTLI_LEVEL_1_EXECUTABLE,,,,131492000000000,,,
PROJECTION,SYNTHETIC_OFFLINE_INPUT_NOT_LIVE,arbitrum-one,repeated,160,l1-100gwei-blob-1wei,100000000000,1,20000000,1000000,1000000,400,1000000000,1000000000,1000000000,NOT_EVALUATED_MISSING_PINNED_NITRO_BROTLI_LEVEL_1_EXECUTABLE,,,,131492000000000,,,
PROJECTION,SYNTHETIC_OFFLINE_INPUT_NOT_LIVE,arbitrum-one,repeated,160,l1-100gwei-blob-10wei,100000000000,10,20000000,1000000,1000000,400,1000000000,1000000000,1000000000,NOT_EVALUATED_MISSING_PINNED_NITRO_BROTLI_LEVEL_1_EXECUTABLE,,,,131492000000000,,,
PROJECTION,SYNTHETIC_OFFLINE_INPUT_NOT_LIVE,arbitrum-one,repeated,160,l1-100gwei-blob-100wei,100000000000,100,20000000,1000000,1000000,400,1000000000,1000000000,1000000000,NOT_EVALUATED_MISSING_PINNED_NITRO_BROTLI_LEVEL_1_EXECUTABLE,,,,131492000000000,,,
PROJECTION,SYNTHETIC_OFFLINE_INPUT_NOT_LIVE,arbitrum-one,repeated,210,l1-1gwei-blob-1wei,1000000000,1,20000000,1000000,1000000,400,1000000000,1000000000,1000000000,NOT_EVALUATED_MISSING_PINNED_NITRO_BROTLI_LEVEL_1_EXECUTABLE,,,,172452000000000,,,
PROJECTION,SYNTHETIC_OFFLINE_INPUT_NOT_LIVE,arbitrum-one,repeated,210,l1-1gwei-blob-10wei,1000000000,10,20000000,1000000,1000000,400,1000000000,1000000000,1000000000,NOT_EVALUATED_MISSING_PINNED_NITRO_BROTLI_LEVEL_1_EXECUTABLE,,,,172452000000000,,,
PROJECTION,SYNTHETIC_OFFLINE_INPUT_NOT_LIVE,arbitrum-one,repeated,210,l1-1gwei-blob-100wei,1000000000,100,20000000,1000000,1000000,400,1000000000,1000000000,1000000000,NOT_EVALUATED_MISSING_PINNED_NITRO_BROTLI_LEVEL_1_EXECUTABLE,,,,172452000000000,,,
PROJECTION,SYNTHETIC_OFFLINE_INPUT_NOT_LIVE,arbitrum-one,repeated,210,l1-10gwei-blob-1wei,10000000000,1,20000000,1000000,1000000,400,1000000000,1000000000,1000000000,NOT_EVALUATED_MISSING_PINNED_NITRO_BROTLI_LEVEL_1_EXECUTABLE,,,,172452000000000,,,
PROJECTION,SYNTHETIC_OFFLINE_INPUT_NOT_LIVE,arbitrum-one,repeated,210,l1-10gwei-blob-10wei,10000000000,10,20000000,1000000,1000000,400,1000000000,1000000000,1000000000,NOT_EVALUATED_MISSING_PINNED_NITRO_BROTLI_LEVEL_1_EXECUTABLE,,,,172452000000000,,,
PROJECTION,SYNTHETIC_OFFLINE_INPUT_NOT_LIVE,arbitrum-one,repeated,210,l1-10gwei-blob-100wei,10000000000,100,20000000,1000000,1000000,400,1000000000,1000000000,1000000000,NOT_EVALUATED_MISSING_PINNED_NITRO_BROTLI_LEVEL_1_EXECUTABLE,,,,172452000000000,,,
PROJECTION,SYNTHETIC_OFFLINE_INPUT_NOT_LIVE,arbitrum-one,repeated,210,l1-30gwei-blob-1wei,30000000000,1,20000000,1000000,1000000,400,1000000000,1000000000,1000000000,NOT_EVALUATED_MISSING_PINNED_NITRO_BROTLI_LEVEL_1_EXECUTABLE,,,,172452000000000,,,
PROJECTION,SYNTHETIC_OFFLINE_INPUT_NOT_LIVE,arbitrum-one,repeated,210,l1-30gwei-blob-10wei,30000000000,10,20000000,1000000,1000000,400,1000000000,1000000000,1000000000,NOT_EVALUATED_MISSING_PINNED_NITRO_BROTLI_LEVEL_1_EXECUTABLE,,,,172452000000000,,,
PROJECTION,SYNTHETIC_OFFLINE_INPUT_NOT_LIVE,arbitrum-one,repeated,210,l1-30gwei-blob-100wei,30000000000,100,20000000,1000000,1000000,400,1000000000,1000000000,1000000000,NOT_EVALUATED_MISSING_PINNED_NITRO_BROTLI_LEVEL_1_EXECUTABLE,,,,172452000000000,,,
PROJECTION,SYNTHETIC_OFFLINE_INPUT_NOT_LIVE,arbitrum-one,repeated,210,l1-100gwei-blob-1wei,100000000000,1,20000000,1000000,1000000,400,1000000000,1000000000,1000000000,NOT_EVALUATED_MISSING_PINNED_NITRO_BROTLI_LEVEL_1_EXECUTABLE,,,,172452000000000,,,
PROJECTION,SYNTHETIC_OFFLINE_INPUT_NOT_LIVE,arbitrum-one,repeated,210,l1-100gwei-blob-10wei,100000000000,10,20000000,1000000,1000000,400,1000000000,1000000000,1000000000,NOT_EVALUATED_MISSING_PINNED_NITRO_BROTLI_LEVEL_1_EXECUTABLE,,,,172452000000000,,,
PROJECTION,SYNTHETIC_OFFLINE_INPUT_NOT_LIVE,arbitrum-one,repeated,210,l1-100gwei-blob-100wei,100000000000,100,20000000,1000000,1000000,400,1000000000,1000000000,1000000000,NOT_EVALUATED_MISSING_PINNED_NITRO_BROTLI_LEVEL_1_EXECUTABLE,,,,172452000000000,,,
PROJECTION,SYNTHETIC_OFFLINE_INPUT_NOT_LIVE,scroll-mainnet,seeded-incompressible,80,l1-1gwei-blob-1wei,1000000000,1,20000000,1000000,1000000,400,1000000000,1000000000,1000000000,NOT_EVALUATED_MISSING_PINNED_SCROLL_DA_CODEC_V8_ZSTD_EXECUTABLE,,,,65771800000000,,,
PROJECTION,SYNTHETIC_OFFLINE_INPUT_NOT_LIVE,scroll-mainnet,seeded-incompressible,80,l1-1gwei-blob-10wei,1000000000,10,20000000,1000000,1000000,400,1000000000,1000000000,1000000000,NOT_EVALUATED_MISSING_PINNED_SCROLL_DA_CODEC_V8_ZSTD_EXECUTABLE,,,,65771800000000,,,
PROJECTION,SYNTHETIC_OFFLINE_INPUT_NOT_LIVE,scroll-mainnet,seeded-incompressible,80,l1-1gwei-blob-100wei,1000000000,100,20000000,1000000,1000000,400,1000000000,1000000000,1000000000,NOT_EVALUATED_MISSING_PINNED_SCROLL_DA_CODEC_V8_ZSTD_EXECUTABLE,,,,65771800000000,,,
PROJECTION,SYNTHETIC_OFFLINE_INPUT_NOT_LIVE,scroll-mainnet,seeded-incompressible,80,l1-10gwei-blob-1wei,10000000000,1,20000000,1000000,1000000,400,1000000000,1000000000,1000000000,NOT_EVALUATED_MISSING_PINNED_SCROLL_DA_CODEC_V8_ZSTD_EXECUTABLE,,,,65771800000000,,,
PROJECTION,SYNTHETIC_OFFLINE_INPUT_NOT_LIVE,scroll-mainnet,seeded-incompressible,80,l1-10gwei-blob-10wei,10000000000,10,20000000,1000000,1000000,400,1000000000,1000000000,1000000000,NOT_EVALUATED_MISSING_PINNED_SCROLL_DA_CODEC_V8_ZSTD_EXECUTABLE,,,,65771800000000,,,
PROJECTION,SYNTHETIC_OFFLINE_INPUT_NOT_LIVE,scroll-mainnet,seeded-incompressible,80,l1-10gwei-blob-100wei,10000000000,100,20000000,1000000,1000000,400,1000000000,1000000000,1000000000,NOT_EVALUATED_MISSING_PINNED_SCROLL_DA_CODEC_V8_ZSTD_EXECUTABLE,,,,65771800000000,,,
PROJECTION,SYNTHETIC_OFFLINE_INPUT_NOT_LIVE,scroll-mainnet,seeded-incompressible,80,l1-30gwei-blob-1wei,30000000000,1,20000000,1000000,1000000,400,1000000000,1000000000,1000000000,NOT_EVALUATED_MISSING_PINNED_SCROLL_DA_CODEC_V8_ZSTD_EXECUTABLE,,,,65771800000000,,,
PROJECTION,SYNTHETIC_OFFLINE_INPUT_NOT_LIVE,scroll-mainnet,seeded-incompressible,80,l1-30gwei-blob-10wei,30000000000,10,20000000,1000000,1000000,400,1000000000,1000000000,1000000000,NOT_EVALUATED_MISSING_PINNED_SCROLL_DA_CODEC_V8_ZSTD_EXECUTABLE,,,,65771800000000,,,
PROJECTION,SYNTHETIC_OFFLINE_INPUT_NOT_LIVE,scroll-mainnet,seeded-incompressible,80,l1-30gwei-blob-100wei,30000000000,100,20000000,1000000,1000000,400,1000000000,1000000000,1000000000,NOT_EVALUATED_MISSING_PINNED_SCROLL_DA_CODEC_V8_ZSTD_EXECUTABLE,,,,65771800000000,,,
PROJECTION,SYNTHETIC_OFFLINE_INPUT_NOT_LIVE,scroll-mainnet,seeded-incompressible,80,l1-100gwei-blob-1wei,100000000000,1,20000000,1000000,1000000,400,1000000000,1000000000,1000000000,NOT_EVALUATED_MISSING_PINNED_SCROLL_DA_CODEC_V8_ZSTD_EXECUTABLE,,,,65771800000000,,,
PROJECTION,SYNTHETIC_OFFLINE_INPUT_NOT_LIVE,scroll-mainnet,seeded-incompressible,80,l1-100gwei-blob-10wei,100000000000,10,20000000,1000000,1000000,400,1000000000,1000000000,1000000000,NOT_EVALUATED_MISSING_PINNED_SCROLL_DA_CODEC_V8_ZSTD_EXECUTABLE,,,,65771800000000,,,
PROJECTION,SYNTHETIC_OFFLINE_INPUT_NOT_LIVE,scroll-mainnet,seeded-incompressible,80,l1-100gwei-blob-100wei,100000000000,100,20000000,1000000,1000000,400,1000000000,1000000000,1000000000,NOT_EVALUATED_MISSING_PINNED_SCROLL_DA_CODEC_V8_ZSTD_EXECUTABLE,,,,65771800000000,,,
PROJECTION,SYNTHETIC_OFFLINE_INPUT_NOT_LIVE,scroll-mainnet,seeded-incompressible,90,l1-1gwei-blob-1wei,1000000000,1,20000000,1000000,1000000,400,1000000000,1000000000,1000000000,NOT_EVALUATED_MISSING_PINNED_SCROLL_DA_CODEC_V8_ZSTD_EXECUTABLE,,,,73929000000000,,,
PROJECTION,SYNTHETIC_OFFLINE_INPUT_NOT_LIVE,scroll-mainnet,seeded-incompressible,90,l1-1gwei-blob-10wei,1000000000,10,20000000,1000000,1000000,400,1000000000,1000000000,1000000000,NOT_EVALUATED_MISSING_PINNED_SCROLL_DA_CODEC_V8_ZSTD_EXECUTABLE,,,,73929000000000,,,
PROJECTION,SYNTHETIC_OFFLINE_INPUT_NOT_LIVE,scroll-mainnet,seeded-incompressible,90,l1-1gwei-blob-100wei,1000000000,100,20000000,1000000,1000000,400,1000000000,1000000000,1000000000,NOT_EVALUATED_MISSING_PINNED_SCROLL_DA_CODEC_V8_ZSTD_EXECUTABLE,,,,73929000000000,,,
PROJECTION,SYNTHETIC_OFFLINE_INPUT_NOT_LIVE,scroll-mainnet,seeded-incompressible,90,l1-10gwei-blob-1wei,10000000000,1,20000000,1000000,1000000,400,1000000000,1000000000,1000000000,NOT_EVALUATED_MISSING_PINNED_SCROLL_DA_CODEC_V8_ZSTD_EXECUTABLE,,,,73929000000000,,,
PROJECTION,SYNTHETIC_OFFLINE_INPUT_NOT_LIVE,scroll-mainnet,seeded-incompressible,90,l1-10gwei-blob-10wei,10000000000,10,20000000,1000000,1000000,400,1000000000,1000000000,1000000000,NOT_EVALUATED_MISSING_PINNED_SCROLL_DA_CODEC_V8_ZSTD_EXECUTABLE,,,,73929000000000,,,
PROJECTION,SYNTHETIC_OFFLINE_INPUT_NOT_LIVE,scroll-mainnet,seeded-incompressible,90,l1-10gwei-blob-100wei,10000000000,100,20000000,1000000,1000000,400,1000000000,1000000000,1000000000,NOT_EVALUATED_MISSING_PINNED_SCROLL_DA_CODEC_V8_ZSTD_EXECUTABLE,,,,73929000000000,,,
PROJECTION,SYNTHETIC_OFFLINE_INPUT_NOT_LIVE,scroll-mainnet,seeded-incompressible,90,l1-30gwei-blob-1wei,30000000000,1,20000000,1000000,1000000,400,1000000000,1000000000,1000000000,NOT_EVALUATED_MISSING_PINNED_SCROLL_DA_CODEC_V8_ZSTD_EXECUTABLE,,,,73929000000000,,,
PROJECTION,SYNTHETIC_OFFLINE_INPUT_NOT_LIVE,scroll-mainnet,seeded-incompressible,90,l1-30gwei-blob-10wei,30000000000,10,20000000,1000000,1000000,400,1000000000,1000000000,1000000000,NOT_EVALUATED_MISSING_PINNED_SCROLL_DA_CODEC_V8_ZSTD_EXECUTABLE,,,,73929000000000,,,
PROJECTION,SYNTHETIC_OFFLINE_INPUT_NOT_LIVE,scroll-mainnet,seeded-incompressible,90,l1-30gwei-blob-100wei,30000000000,100,20000000,1000000,1000000,400,1000000000,1000000000,1000000000,NOT_EVALUATED_MISSING_PINNED_SCROLL_DA_CODEC_V8_ZSTD_EXECUTABLE,,,,73929000000000,,,
PROJECTION,SYNTHETIC_OFFLINE_INPUT_NOT_LIVE,scroll-mainnet,seeded-incompressible,90,l1-100gwei-blob-1wei,100000000000,1,20000000,1000000,1000000,400,1000000000,1000000000,1000000000,NOT_EVALUATED_MISSING_PINNED_SCROLL_DA_CODEC_V8_ZSTD_EXECUTABLE,,,,73929000000000,,,
PROJECTION,SYNTHETIC_OFFLINE_INPUT_NOT_LIVE,scroll-mainnet,seeded-incompressible,90,l1-100gwei-blob-10wei,100000000000,10,20000000,1000000,1000000,400,1000000000,1000000000,1000000000,NOT_EVALUATED_MISSING_PINNED_SCROLL_DA_CODEC_V8_ZSTD_EXECUTABLE,,,,73929000000000,,,
PROJECTION,SYNTHETIC_OFFLINE_INPUT_NOT_LIVE,scroll-mainnet,seeded-incompressible,90,l1-100gwei-blob-100wei,100000000000,100,20000000,1000000,1000000,400,1000000000,1000000000,1000000000,NOT_EVALUATED_MISSING_PINNED_SCROLL_DA_CODEC_V8_ZSTD_EXECUTABLE,,,,73929000000000,,,
PROJECTION,SYNTHETIC_OFFLINE_INPUT_NOT_LIVE,scroll-mainnet,seeded-incompressible,110,l1-1gwei-blob-1wei,1000000000,1,20000000,1000000,1000000,400,1000000000,1000000000,1000000000,NOT_EVALUATED_MISSING_PINNED_SCROLL_DA_CODEC_V8_ZSTD_EXECUTABLE,,,,90286000000000,,,
PROJECTION,SYNTHETIC_OFFLINE_INPUT_NOT_LIVE,scroll-mainnet,seeded-incompressible,110,l1-1gwei-blob-10wei,1000000000,10,20000000,1000000,1000000,400,1000000000,1000000000,1000000000,NOT_EVALUATED_MISSING_PINNED_SCROLL_DA_CODEC_V8_ZSTD_EXECUTABLE,,,,90286000000000,,,
PROJECTION,SYNTHETIC_OFFLINE_INPUT_NOT_LIVE,scroll-mainnet,seeded-incompressible,110,l1-1gwei-blob-100wei,1000000000,100,20000000,1000000,1000000,400,1000000000,1000000000,1000000000,NOT_EVALUATED_MISSING_PINNED_SCROLL_DA_CODEC_V8_ZSTD_EXECUTABLE,,,,90286000000000,,,
PROJECTION,SYNTHETIC_OFFLINE_INPUT_NOT_LIVE,scroll-mainnet,seeded-incompressible,110,l1-10gwei-blob-1wei,10000000000,1,20000000,1000000,1000000,400,1000000000,1000000000,1000000000,NOT_EVALUATED_MISSING_PINNED_SCROLL_DA_CODEC_V8_ZSTD_EXECUTABLE,,,,90286000000000,,,
PROJECTION,SYNTHETIC_OFFLINE_INPUT_NOT_LIVE,scroll-mainnet,seeded-incompressible,110,l1-10gwei-blob-10wei,10000000000,10,20000000,1000000,1000000,400,1000000000,1000000000,1000000000,NOT_EVALUATED_MISSING_PINNED_SCROLL_DA_CODEC_V8_ZSTD_EXECUTABLE,,,,90286000000000,,,
PROJECTION,SYNTHETIC_OFFLINE_INPUT_NOT_LIVE,scroll-mainnet,seeded-incompressible,110,l1-10gwei-blob-100wei,10000000000,100,20000000,1000000,1000000,400,1000000000,1000000000,1000000000,NOT_EVALUATED_MISSING_PINNED_SCROLL_DA_CODEC_V8_ZSTD_EXECUTABLE,,,,90286000000000,,,
PROJECTION,SYNTHETIC_OFFLINE_INPUT_NOT_LIVE,scroll-mainnet,seeded-incompressible,110,l1-30gwei-blob-1wei,30000000000,1,20000000,1000000,1000000,400,1000000000,1000000000,1000000000,NOT_EVALUATED_MISSING_PINNED_SCROLL_DA_CODEC_V8_ZSTD_EXECUTABLE,,,,90286000000000,,,
PROJECTION,SYNTHETIC_OFFLINE_INPUT_NOT_LIVE,scroll-mainnet,seeded-incompressible,110,l1-30gwei-blob-10wei,30000000000,10,20000000,1000000,1000000,400,1000000000,1000000000,1000000000,NOT_EVALUATED_MISSING_PINNED_SCROLL_DA_CODEC_V8_ZSTD_EXECUTABLE,,,,90286000000000,,,
PROJECTION,SYNTHETIC_OFFLINE_INPUT_NOT_LIVE,scroll-mainnet,seeded-incompressible,110,l1-30gwei-blob-100wei,30000000000,100,20000000,1000000,1000000,400,1000000000,1000000000,1000000000,NOT_EVALUATED_MISSING_PINNED_SCROLL_DA_CODEC_V8_ZSTD_EXECUTABLE,,,,90286000000000,,,
PROJECTION,SYNTHETIC_OFFLINE_INPUT_NOT_LIVE,scroll-mainnet,seeded-incompressible,110,l1-100gwei-blob-1wei,100000000000,1,20000000,1000000,1000000,400,1000000000,1000000000,1000000000,NOT_EVALUATED_MISSING_PINNED_SCROLL_DA_CODEC_V8_ZSTD_EXECUTABLE,,,,90286000000000,,,
PROJECTION,SYNTHETIC_OFFLINE_INPUT_NOT_LIVE,scroll-mainnet,seeded-incompressible,110,l1-100gwei-blob-10wei,100000000000,10,20000000,1000000,1000000,400,1000000000,1000000000,1000000000,NOT_EVALUATED_MISSING_PINNED_SCROLL_DA_CODEC_V8_ZSTD_EXECUTABLE,,,,90286000000000,,,
PROJECTION,SYNTHETIC_OFFLINE_INPUT_NOT_LIVE,scroll-mainnet,seeded-incompressible,110,l1-100gwei-blob-100wei,100000000000,100,20000000,1000000,1000000,400,1000000000,1000000000,1000000000,NOT_EVALUATED_MISSING_PINNED_SCROLL_DA_CODEC_V8_ZSTD_EXECUTABLE,,,,90286000000000,,,
PROJECTION,SYNTHETIC_OFFLINE_INPUT_NOT_LIVE,scroll-mainnet,seeded-incompressible,116,l1-1gwei-blob-1wei,1000000000,1,20000000,1000000,1000000,400,1000000000,1000000000,1000000000,NOT_EVALUATED_MISSING_PINNED_SCROLL_DA_CODEC_V8_ZSTD_EXECUTABLE,,,,95179000000000,,,
PROJECTION,SYNTHETIC_OFFLINE_INPUT_NOT_LIVE,scroll-mainnet,seeded-incompressible,116,l1-1gwei-blob-10wei,1000000000,10,20000000,1000000,1000000,400,1000000000,1000000000,1000000000,NOT_EVALUATED_MISSING_PINNED_SCROLL_DA_CODEC_V8_ZSTD_EXECUTABLE,,,,95179000000000,,,
PROJECTION,SYNTHETIC_OFFLINE_INPUT_NOT_LIVE,scroll-mainnet,seeded-incompressible,116,l1-1gwei-blob-100wei,1000000000,100,20000000,1000000,1000000,400,1000000000,1000000000,1000000000,NOT_EVALUATED_MISSING_PINNED_SCROLL_DA_CODEC_V8_ZSTD_EXECUTABLE,,,,95179000000000,,,
PROJECTION,SYNTHETIC_OFFLINE_INPUT_NOT_LIVE,scroll-mainnet,seeded-incompressible,116,l1-10gwei-blob-1wei,10000000000,1,20000000,1000000,1000000,400,1000000000,1000000000,1000000000,NOT_EVALUATED_MISSING_PINNED_SCROLL_DA_CODEC_V8_ZSTD_EXECUTABLE,,,,95179000000000,,,
PROJECTION,SYNTHETIC_OFFLINE_INPUT_NOT_LIVE,scroll-mainnet,seeded-incompressible,116,l1-10gwei-blob-10wei,10000000000,10,20000000,1000000,1000000,400,1000000000,1000000000,1000000000,NOT_EVALUATED_MISSING_PINNED_SCROLL_DA_CODEC_V8_ZSTD_EXECUTABLE,,,,95179000000000,,,
PROJECTION,SYNTHETIC_OFFLINE_INPUT_NOT_LIVE,scroll-mainnet,seeded-incompressible,116,l1-10gwei-blob-100wei,10000000000,100,20000000,1000000,1000000,400,1000000000,1000000000,1000000000,NOT_EVALUATED_MISSING_PINNED_SCROLL_DA_CODEC_V8_ZSTD_EXECUTABLE,,,,95179000000000,,,
PROJECTION,SYNTHETIC_OFFLINE_INPUT_NOT_LIVE,scroll-mainnet,seeded-incompressible,116,l1-30gwei-blob-1wei,30000000000,1,20000000,1000000,1000000,400,1000000000,1000000000,1000000000,NOT_EVALUATED_MISSING_PINNED_SCROLL_DA_CODEC_V8_ZSTD_EXECUTABLE,,,,95179000000000,,,
PROJECTION,SYNTHETIC_OFFLINE_INPUT_NOT_LIVE,scroll-mainnet,seeded-incompressible,116,l1-30gwei-blob-10wei,30000000000,10,20000000,1000000,1000000,400,1000000000,1000000000,1000000000,NOT_EVALUATED_MISSING_PINNED_SCROLL_DA_CODEC_V8_ZSTD_EXECUTABLE,,,,95179000000000,,,
PROJECTION,SYNTHETIC_OFFLINE_INPUT_NOT_LIVE,scroll-mainnet,seeded-incompressible,116,l1-30gwei-blob-100wei,30000000000,100,20000000,1000000,1000000,400,1000000000,1000000000,1000000000,NOT_EVALUATED_MISSING_PINNED_SCROLL_DA_CODEC_V8_ZSTD_EXECUTABLE,,,,95179000000000,,,
PROJECTION,SYNTHETIC_OFFLINE_INPUT_NOT_LIVE,scroll-mainnet,seeded-incompressible,116,l1-100gwei-blob-1wei,100000000000,1,20000000,1000000,1000000,400,1000000000,1000000000,1000000000,NOT_EVALUATED_MISSING_PINNED_SCROLL_DA_CODEC_V8_ZSTD_EXECUTABLE,,,,95179000000000,,,
PROJECTION,SYNTHETIC_OFFLINE_INPUT_NOT_LIVE,scroll-mainnet,seeded-incompressible,116,l1-100gwei-blob-10wei,100000000000,10,20000000,1000000,1000000,400,1000000000,1000000000,1000000000,NOT_EVALUATED_MISSING_PINNED_SCROLL_DA_CODEC_V8_ZSTD_EXECUTABLE,,,,95179000000000,,,
PROJECTION,SYNTHETIC_OFFLINE_INPUT_NOT_LIVE,scroll-mainnet,seeded-incompressible,116,l1-100gwei-blob-100wei,100000000000,100,20000000,1000000,1000000,400,1000000000,1000000000,1000000000,NOT_EVALUATED_MISSING_PINNED_SCROLL_DA_CODEC_V8_ZSTD_EXECUTABLE,,,,95179000000000,,,
PROJECTION,SYNTHETIC_OFFLINE_INPUT_NOT_LIVE,scroll-mainnet,seeded-incompressible,120,l1-1gwei-blob-1wei,1000000000,1,20000000,1000000,1000000,400,1000000000,1000000000,1000000000,NOT_EVALUATED_MISSING_PINNED_SCROLL_DA_CODEC_V8_ZSTD_EXECUTABLE,,,,98448600000000,,,
PROJECTION,SYNTHETIC_OFFLINE_INPUT_NOT_LIVE,scroll-mainnet,seeded-incompressible,120,l1-1gwei-blob-10wei,1000000000,10,20000000,1000000,1000000,400,1000000000,1000000000,1000000000,NOT_EVALUATED_MISSING_PINNED_SCROLL_DA_CODEC_V8_ZSTD_EXECUTABLE,,,,98448600000000,,,
PROJECTION,SYNTHETIC_OFFLINE_INPUT_NOT_LIVE,scroll-mainnet,seeded-incompressible,120,l1-1gwei-blob-100wei,1000000000,100,20000000,1000000,1000000,400,1000000000,1000000000,1000000000,NOT_EVALUATED_MISSING_PINNED_SCROLL_DA_CODEC_V8_ZSTD_EXECUTABLE,,,,98448600000000,,,
PROJECTION,SYNTHETIC_OFFLINE_INPUT_NOT_LIVE,scroll-mainnet,seeded-incompressible,120,l1-10gwei-blob-1wei,10000000000,1,20000000,1000000,1000000,400,1000000000,1000000000,1000000000,NOT_EVALUATED_MISSING_PINNED_SCROLL_DA_CODEC_V8_ZSTD_EXECUTABLE,,,,98448600000000,,,
PROJECTION,SYNTHETIC_OFFLINE_INPUT_NOT_LIVE,scroll-mainnet,seeded-incompressible,120,l1-10gwei-blob-10wei,10000000000,10,20000000,1000000,1000000,400,1000000000,1000000000,1000000000,NOT_EVALUATED_MISSING_PINNED_SCROLL_DA_CODEC_V8_ZSTD_EXECUTABLE,,,,98448600000000,,,
PROJECTION,SYNTHETIC_OFFLINE_INPUT_NOT_LIVE,scroll-mainnet,seeded-incompressible,120,l1-10gwei-blob-100wei,10000000000,100,20000000,1000000,1000000,400,1000000000,1000000000,1000000000,NOT_EVALUATED_MISSING_PINNED_SCROLL_DA_CODEC_V8_ZSTD_EXECUTABLE,,,,98448600000000,,,
PROJECTION,SYNTHETIC_OFFLINE_INPUT_NOT_LIVE,scroll-mainnet,seeded-incompressible,120,l1-30gwei-blob-1wei,30000000000,1,20000000,1000000,1000000,400,1000000000,1000000000,1000000000,NOT_EVALUATED_MISSING_PINNED_SCROLL_DA_CODEC_V8_ZSTD_EXECUTABLE,,,,98448600000000,,,
PROJECTION,SYNTHETIC_OFFLINE_INPUT_NOT_LIVE,scroll-mainnet,seeded-incompressible,120,l1-30gwei-blob-10wei,30000000000,10,20000000,1000000,1000000,400,1000000000,1000000000,1000000000,NOT_EVALUATED_MISSING_PINNED_SCROLL_DA_CODEC_V8_ZSTD_EXECUTABLE,,,,98448600000000,,,
PROJECTION,SYNTHETIC_OFFLINE_INPUT_NOT_LIVE,scroll-mainnet,seeded-incompressible,120,l1-30gwei-blob-100wei,30000000000,100,20000000,1000000,1000000,400,1000000000,1000000000,1000000000,NOT_EVALUATED_MISSING_PINNED_SCROLL_DA_CODEC_V8_ZSTD_EXECUTABLE,,,,98448600000000,,,
PROJECTION,SYNTHETIC_OFFLINE_INPUT_NOT_LIVE,scroll-mainnet,seeded-incompressible,120,l1-100gwei-blob-1wei,100000000000,1,20000000,1000000,1000000,400,1000000000,1000000000,1000000000,NOT_EVALUATED_MISSING_PINNED_SCROLL_DA_CODEC_V8_ZSTD_EXECUTABLE,,,,98448600000000,,,
PROJECTION,SYNTHETIC_OFFLINE_INPUT_NOT_LIVE,scroll-mainnet,seeded-incompressible,120,l1-100gwei-blob-10wei,100000000000,10,20000000,1000000,1000000,400,1000000000,1000000000,1000000000,NOT_EVALUATED_MISSING_PINNED_SCROLL_DA_CODEC_V8_ZSTD_EXECUTABLE,,,,98448600000000,,,
PROJECTION,SYNTHETIC_OFFLINE_INPUT_NOT_LIVE,scroll-mainnet,seeded-incompressible,120,l1-100gwei-blob-100wei,100000000000,100,20000000,1000000,1000000,400,1000000000,1000000000,1000000000,NOT_EVALUATED_MISSING_PINNED_SCROLL_DA_CODEC_V8_ZSTD_EXECUTABLE,,,,98448600000000,,,
PROJECTION,SYNTHETIC_OFFLINE_INPUT_NOT_LIVE,scroll-mainnet,seeded-incompressible,128,l1-1gwei-blob-1wei,1000000000,1,20000000,1000000,1000000,400,1000000000,1000000000,1000000000,NOT_EVALUATED_MISSING_PINNED_SCROLL_DA_CODEC_V8_ZSTD_EXECUTABLE,,,,104995600000000,,,
PROJECTION,SYNTHETIC_OFFLINE_INPUT_NOT_LIVE,scroll-mainnet,seeded-incompressible,128,l1-1gwei-blob-10wei,1000000000,10,20000000,1000000,1000000,400,1000000000,1000000000,1000000000,NOT_EVALUATED_MISSING_PINNED_SCROLL_DA_CODEC_V8_ZSTD_EXECUTABLE,,,,104995600000000,,,
PROJECTION,SYNTHETIC_OFFLINE_INPUT_NOT_LIVE,scroll-mainnet,seeded-incompressible,128,l1-1gwei-blob-100wei,1000000000,100,20000000,1000000,1000000,400,1000000000,1000000000,1000000000,NOT_EVALUATED_MISSING_PINNED_SCROLL_DA_CODEC_V8_ZSTD_EXECUTABLE,,,,104995600000000,,,
PROJECTION,SYNTHETIC_OFFLINE_INPUT_NOT_LIVE,scroll-mainnet,seeded-incompressible,128,l1-10gwei-blob-1wei,10000000000,1,20000000,1000000,1000000,400,1000000000,1000000000,1000000000,NOT_EVALUATED_MISSING_PINNED_SCROLL_DA_CODEC_V8_ZSTD_EXECUTABLE,,,,104995600000000,,,
PROJECTION,SYNTHETIC_OFFLINE_INPUT_NOT_LIVE,scroll-mainnet,seeded-incompressible,128,l1-10gwei-blob-10wei,10000000000,10,20000000,1000000,1000000,400,1000000000,1000000000,1000000000,NOT_EVALUATED_MISSING_PINNED_SCROLL_DA_CODEC_V8_ZSTD_EXECUTABLE,,,,104995600000000,,,
PROJECTION,SYNTHETIC_OFFLINE_INPUT_NOT_LIVE,scroll-mainnet,seeded-incompressible,128,l1-10gwei-blob-100wei,10000000000,100,20000000,1000000,1000000,400,1000000000,1000000000,1000000000,NOT_EVALUATED_MISSING_PINNED_SCROLL_DA_CODEC_V8_ZSTD_EXECUTABLE,,,,104995600000000,,,
PROJECTION,SYNTHETIC_OFFLINE_INPUT_NOT_LIVE,scroll-mainnet,seeded-incompressible,128,l1-30gwei-blob-1wei,30000000000,1,20000000,1000000,1000000,400,1000000000,1000000000,1000000000,NOT_EVALUATED_MISSING_PINNED_SCROLL_DA_CODEC_V8_ZSTD_EXECUTABLE,,,,104995600000000,,,
PROJECTION,SYNTHETIC_OFFLINE_INPUT_NOT_LIVE,scroll-mainnet,seeded-incompressible,128,l1-30gwei-blob-10wei,30000000000,10,20000000,1000000,1000000,400,1000000000,1000000000,1000000000,NOT_EVALUATED_MISSING_PINNED_SCROLL_DA_CODEC_V8_ZSTD_EXECUTABLE,,,,104995600000000,,,
PROJECTION,SYNTHETIC_OFFLINE_INPUT_NOT_LIVE,scroll-mainnet,seeded-incompressible,128,l1-30gwei-blob-100wei,30000000000,100,20000000,1000000,1000000,400,1000000000,1000000000,1000000000,NOT_EVALUATED_MISSING_PINNED_SCROLL_DA_CODEC_V8_ZSTD_EXECUTABLE,,,,104995600000000,,,
PROJECTION,SYNTHETIC_OFFLINE_INPUT_NOT_LIVE,scroll-mainnet,seeded-incompressible,128,l1-100gwei-blob-1wei,100000000000,1,20000000,1000000,1000000,400,1000000000,1000000000,1000000000,NOT_EVALUATED_MISSING_PINNED_SCROLL_DA_CODEC_V8_ZSTD_EXECUTABLE,,,,104995600000000,,,
PROJECTION,SYNTHETIC_OFFLINE_INPUT_NOT_LIVE,scroll-mainnet,seeded-incompressible,128,l1-100gwei-blob-10wei,100000000000,10,20000000,1000000,1000000,400,1000000000,1000000000,1000000000,NOT_EVALUATED_MISSING_PINNED_SCROLL_DA_CODEC_V8_ZSTD_EXECUTABLE,,,,104995600000000,,,
PROJECTION,SYNTHETIC_OFFLINE_INPUT_NOT_LIVE,scroll-mainnet,seeded-incompressible,128,l1-100gwei-blob-100wei,100000000000,100,20000000,1000000,1000000,400,1000000000,1000000000,1000000000,NOT_EVALUATED_MISSING_PINNED_SCROLL_DA_CODEC_V8_ZSTD_EXECUTABLE,,,,104995600000000,,,
PROJECTION,SYNTHETIC_OFFLINE_INPUT_NOT_LIVE,scroll-mainnet,seeded-incompressible,160,l1-1gwei-blob-1wei,1000000000,1,20000000,1000000,1000000,400,1000000000,1000000000,1000000000,NOT_EVALUATED_MISSING_PINNED_SCROLL_DA_CODEC_V8_ZSTD_EXECUTABLE,,,,131142200000000,,,
PROJECTION,SYNTHETIC_OFFLINE_INPUT_NOT_LIVE,scroll-mainnet,seeded-incompressible,160,l1-1gwei-blob-10wei,1000000000,10,20000000,1000000,1000000,400,1000000000,1000000000,1000000000,NOT_EVALUATED_MISSING_PINNED_SCROLL_DA_CODEC_V8_ZSTD_EXECUTABLE,,,,131142200000000,,,
PROJECTION,SYNTHETIC_OFFLINE_INPUT_NOT_LIVE,scroll-mainnet,seeded-incompressible,160,l1-1gwei-blob-100wei,1000000000,100,20000000,1000000,1000000,400,1000000000,1000000000,1000000000,NOT_EVALUATED_MISSING_PINNED_SCROLL_DA_CODEC_V8_ZSTD_EXECUTABLE,,,,131142200000000,,,
PROJECTION,SYNTHETIC_OFFLINE_INPUT_NOT_LIVE,scroll-mainnet,seeded-incompressible,160,l1-10gwei-blob-1wei,10000000000,1,20000000,1000000,1000000,400,1000000000,1000000000,1000000000,NOT_EVALUATED_MISSING_PINNED_SCROLL_DA_CODEC_V8_ZSTD_EXECUTABLE,,,,131142200000000,,,
PROJECTION,SYNTHETIC_OFFLINE_INPUT_NOT_LIVE,scroll-mainnet,seeded-incompressible,160,l1-10gwei-blob-10wei,10000000000,10,20000000,1000000,1000000,400,1000000000,1000000000,1000000000,NOT_EVALUATED_MISSING_PINNED_SCROLL_DA_CODEC_V8_ZSTD_EXECUTABLE,,,,131142200000000,,,
PROJECTION,SYNTHETIC_OFFLINE_INPUT_NOT_LIVE,scroll-mainnet,seeded-incompressible,160,l1-10gwei-blob-100wei,10000000000,100,20000000,1000000,1000000,400,1000000000,1000000000,1000000000,NOT_EVALUATED_MISSING_PINNED_SCROLL_DA_CODEC_V8_ZSTD_EXECUTABLE,,,,131142200000000,,,
PROJECTION,SYNTHETIC_OFFLINE_INPUT_NOT_LIVE,scroll-mainnet,seeded-incompressible,160,l1-30gwei-blob-1wei,30000000000,1,20000000,1000000,1000000,400,1000000000,1000000000,1000000000,NOT_EVALUATED_MISSING_PINNED_SCROLL_DA_CODEC_V8_ZSTD_EXECUTABLE,,,,131142200000000,,,
PROJECTION,SYNTHETIC_OFFLINE_INPUT_NOT_LIVE,scroll-mainnet,seeded-incompressible,160,l1-30gwei-blob-10wei,30000000000,10,20000000,1000000,1000000,400,1000000000,1000000000,1000000000,NOT_EVALUATED_MISSING_PINNED_SCROLL_DA_CODEC_V8_ZSTD_EXECUTABLE,,,,131142200000000,,,
PROJECTION,SYNTHETIC_OFFLINE_INPUT_NOT_LIVE,scroll-mainnet,seeded-incompressible,160,l1-30gwei-blob-100wei,30000000000,100,20000000,1000000,1000000,400,1000000000,1000000000,1000000000,NOT_EVALUATED_MISSING_PINNED_SCROLL_DA_CODEC_V8_ZSTD_EXECUTABLE,,,,131142200000000,,,
PROJECTION,SYNTHETIC_OFFLINE_INPUT_NOT_LIVE,scroll-mainnet,seeded-incompressible,160,l1-100gwei-blob-1wei,100000000000,1,20000000,1000000,1000000,400,1000000000,1000000000,1000000000,NOT_EVALUATED_MISSING_PINNED_SCROLL_DA_CODEC_V8_ZSTD_EXECUTABLE,,,,131142200000000,,,
PROJECTION,SYNTHETIC_OFFLINE_INPUT_NOT_LIVE,scroll-mainnet,seeded-incompressible,160,l1-100gwei-blob-10wei,100000000000,10,20000000,1000000,1000000,400,1000000000,1000000000,1000000000,NOT_EVALUATED_MISSING_PINNED_SCROLL_DA_CODEC_V8_ZSTD_EXECUTABLE,,,,131142200000000,,,
PROJECTION,SYNTHETIC_OFFLINE_INPUT_NOT_LIVE,scroll-mainnet,seeded-incompressible,160,l1-100gwei-blob-100wei,100000000000,100,20000000,1000000,1000000,400,1000000000,1000000000,1000000000,NOT_EVALUATED_MISSING_PINNED_SCROLL_DA_CODEC_V8_ZSTD_EXECUTABLE,,,,131142200000000,,,
PROJECTION,SYNTHETIC_OFFLINE_INPUT_NOT_LIVE,scroll-mainnet,seeded-incompressible,210,l1-1gwei-blob-1wei,1000000000,1,20000000,1000000,1000000,400,1000000000,1000000000,1000000000,NOT_EVALUATED_MISSING_PINNED_SCROLL_DA_CODEC_V8_ZSTD_EXECUTABLE,,,,171933000000000,,,
PROJECTION,SYNTHETIC_OFFLINE_INPUT_NOT_LIVE,scroll-mainnet,seeded-incompressible,210,l1-1gwei-blob-10wei,1000000000,10,20000000,1000000,1000000,400,1000000000,1000000000,1000000000,NOT_EVALUATED_MISSING_PINNED_SCROLL_DA_CODEC_V8_ZSTD_EXECUTABLE,,,,171933000000000,,,
PROJECTION,SYNTHETIC_OFFLINE_INPUT_NOT_LIVE,scroll-mainnet,seeded-incompressible,210,l1-1gwei-blob-100wei,1000000000,100,20000000,1000000,1000000,400,1000000000,1000000000,1000000000,NOT_EVALUATED_MISSING_PINNED_SCROLL_DA_CODEC_V8_ZSTD_EXECUTABLE,,,,171933000000000,,,
PROJECTION,SYNTHETIC_OFFLINE_INPUT_NOT_LIVE,scroll-mainnet,seeded-incompressible,210,l1-10gwei-blob-1wei,10000000000,1,20000000,1000000,1000000,400,1000000000,1000000000,1000000000,NOT_EVALUATED_MISSING_PINNED_SCROLL_DA_CODEC_V8_ZSTD_EXECUTABLE,,,,171933000000000,,,
PROJECTION,SYNTHETIC_OFFLINE_INPUT_NOT_LIVE,scroll-mainnet,seeded-incompressible,210,l1-10gwei-blob-10wei,10000000000,10,20000000,1000000,1000000,400,1000000000,1000000000,1000000000,NOT_EVALUATED_MISSING_PINNED_SCROLL_DA_CODEC_V8_ZSTD_EXECUTABLE,,,,171933000000000,,,
PROJECTION,SYNTHETIC_OFFLINE_INPUT_NOT_LIVE,scroll-mainnet,seeded-incompressible,210,l1-10gwei-blob-100wei,10000000000,100,20000000,1000000,1000000,400,1000000000,1000000000,1000000000,NOT_EVALUATED_MISSING_PINNED_SCROLL_DA_CODEC_V8_ZSTD_EXECUTABLE,,,,171933000000000,,,
PROJECTION,SYNTHETIC_OFFLINE_INPUT_NOT_LIVE,scroll-mainnet,seeded-incompressible,210,l1-30gwei-blob-1wei,30000000000,1,20000000,1000000,1000000,400,1000000000,1000000000,1000000000,NOT_EVALUATED_MISSING_PINNED_SCROLL_DA_CODEC_V8_ZSTD_EXECUTABLE,,,,171933000000000,,,
PROJECTION,SYNTHETIC_OFFLINE_INPUT_NOT_LIVE,scroll-mainnet,seeded-incompressible,210,l1-30gwei-blob-10wei,30000000000,10,20000000,1000000,1000000,400,1000000000,1000000000,1000000000,NOT_EVALUATED_MISSING_PINNED_SCROLL_DA_CODEC_V8_ZSTD_EXECUTABLE,,,,171933000000000,,,
PROJECTION,SYNTHETIC_OFFLINE_INPUT_NOT_LIVE,scroll-mainnet,seeded-incompressible,210,l1-30gwei-blob-100wei,30000000000,100,20000000,1000000,1000000,400,1000000000,1000000000,1000000000,NOT_EVALUATED_MISSING_PINNED_SCROLL_DA_CODEC_V8_ZSTD_EXECUTABLE,,,,171933000000000,,,
PROJECTION,SYNTHETIC_OFFLINE_INPUT_NOT_LIVE,scroll-mainnet,seeded-incompressible,210,l1-100gwei-blob-1wei,100000000000,1,20000000,1000000,1000000,400,1000000000,1000000000,1000000000,NOT_EVALUATED_MISSING_PINNED_SCROLL_DA_CODEC_V8_ZSTD_EXECUTABLE,,,,171933000000000,,,
PROJECTION,SYNTHETIC_OFFLINE_INPUT_NOT_LIVE,scroll-mainnet,seeded-incompressible,210,l1-100gwei-blob-10wei,100000000000,10,20000000,1000000,1000000,400,1000000000,1000000000,1000000000,NOT_EVALUATED_MISSING_PINNED_SCROLL_DA_CODEC_V8_ZSTD_EXECUTABLE,,,,171933000000000,,,
PROJECTION,SYNTHETIC_OFFLINE_INPUT_NOT_LIVE,scroll-mainnet,seeded-incompressible,210,l1-100gwei-blob-100wei,100000000000,100,20000000,1000000,1000000,400,1000000000,1000000000,1000000000,NOT_EVALUATED_MISSING_PINNED_SCROLL_DA_CODEC_V8_ZSTD_EXECUTABLE,,,,171933000000000,,,
PROJECTION,SYNTHETIC_OFFLINE_INPUT_NOT_LIVE,scroll-mainnet,repeated,80,l1-1gwei-blob-1wei,1000000000,1,20000000,1000000,1000000,400,1000000000,1000000000,1000000000,NOT_EVALUATED_MISSING_PINNED_SCROLL_DA_CODEC_V8_ZSTD_EXECUTABLE,,,,65956000000000,,,
PROJECTION,SYNTHETIC_OFFLINE_INPUT_NOT_LIVE,scroll-mainnet,repeated,80,l1-1gwei-blob-10wei,1000000000,10,20000000,1000000,1000000,400,1000000000,1000000000,1000000000,NOT_EVALUATED_MISSING_PINNED_SCROLL_DA_CODEC_V8_ZSTD_EXECUTABLE,,,,65956000000000,,,
PROJECTION,SYNTHETIC_OFFLINE_INPUT_NOT_LIVE,scroll-mainnet,repeated,80,l1-1gwei-blob-100wei,1000000000,100,20000000,1000000,1000000,400,1000000000,1000000000,1000000000,NOT_EVALUATED_MISSING_PINNED_SCROLL_DA_CODEC_V8_ZSTD_EXECUTABLE,,,,65956000000000,,,
PROJECTION,SYNTHETIC_OFFLINE_INPUT_NOT_LIVE,scroll-mainnet,repeated,80,l1-10gwei-blob-1wei,10000000000,1,20000000,1000000,1000000,400,1000000000,1000000000,1000000000,NOT_EVALUATED_MISSING_PINNED_SCROLL_DA_CODEC_V8_ZSTD_EXECUTABLE,,,,65956000000000,,,
PROJECTION,SYNTHETIC_OFFLINE_INPUT_NOT_LIVE,scroll-mainnet,repeated,80,l1-10gwei-blob-10wei,10000000000,10,20000000,1000000,1000000,400,1000000000,1000000000,1000000000,NOT_EVALUATED_MISSING_PINNED_SCROLL_DA_CODEC_V8_ZSTD_EXECUTABLE,,,,65956000000000,,,
PROJECTION,SYNTHETIC_OFFLINE_INPUT_NOT_LIVE,scroll-mainnet,repeated,80,l1-10gwei-blob-100wei,10000000000,100,20000000,1000000,1000000,400,1000000000,1000000000,1000000000,NOT_EVALUATED_MISSING_PINNED_SCROLL_DA_CODEC_V8_ZSTD_EXECUTABLE,,,,65956000000000,,,
PROJECTION,SYNTHETIC_OFFLINE_INPUT_NOT_LIVE,scroll-mainnet,repeated,80,l1-30gwei-blob-1wei,30000000000,1,20000000,1000000,1000000,400,1000000000,1000000000,1000000000,NOT_EVALUATED_MISSING_PINNED_SCROLL_DA_CODEC_V8_ZSTD_EXECUTABLE,,,,65956000000000,,,
PROJECTION,SYNTHETIC_OFFLINE_INPUT_NOT_LIVE,scroll-mainnet,repeated,80,l1-30gwei-blob-10wei,30000000000,10,20000000,1000000,1000000,400,1000000000,1000000000,1000000000,NOT_EVALUATED_MISSING_PINNED_SCROLL_DA_CODEC_V8_ZSTD_EXECUTABLE,,,,65956000000000,,,
PROJECTION,SYNTHETIC_OFFLINE_INPUT_NOT_LIVE,scroll-mainnet,repeated,80,l1-30gwei-blob-100wei,30000000000,100,20000000,1000000,1000000,400,1000000000,1000000000,1000000000,NOT_EVALUATED_MISSING_PINNED_SCROLL_DA_CODEC_V8_ZSTD_EXECUTABLE,,,,65956000000000,,,
PROJECTION,SYNTHETIC_OFFLINE_INPUT_NOT_LIVE,scroll-mainnet,repeated,80,l1-100gwei-blob-1wei,100000000000,1,20000000,1000000,1000000,400,1000000000,1000000000,1000000000,NOT_EVALUATED_MISSING_PINNED_SCROLL_DA_CODEC_V8_ZSTD_EXECUTABLE,,,,65956000000000,,,
PROJECTION,SYNTHETIC_OFFLINE_INPUT_NOT_LIVE,scroll-mainnet,repeated,80,l1-100gwei-blob-10wei,100000000000,10,20000000,1000000,1000000,400,1000000000,1000000000,1000000000,NOT_EVALUATED_MISSING_PINNED_SCROLL_DA_CODEC_V8_ZSTD_EXECUTABLE,,,,65956000000000,,,
PROJECTION,SYNTHETIC_OFFLINE_INPUT_NOT_LIVE,scroll-mainnet,repeated,80,l1-100gwei-blob-100wei,100000000000,100,20000000,1000000,1000000,400,1000000000,1000000000,1000000000,NOT_EVALUATED_MISSING_PINNED_SCROLL_DA_CODEC_V8_ZSTD_EXECUTABLE,,,,65956000000000,,,
PROJECTION,SYNTHETIC_OFFLINE_INPUT_NOT_LIVE,scroll-mainnet,repeated,90,l1-1gwei-blob-1wei,1000000000,1,20000000,1000000,1000000,400,1000000000,1000000000,1000000000,NOT_EVALUATED_MISSING_PINNED_SCROLL_DA_CODEC_V8_ZSTD_EXECUTABLE,,,,74148000000000,,,
PROJECTION,SYNTHETIC_OFFLINE_INPUT_NOT_LIVE,scroll-mainnet,repeated,90,l1-1gwei-blob-10wei,1000000000,10,20000000,1000000,1000000,400,1000000000,1000000000,1000000000,NOT_EVALUATED_MISSING_PINNED_SCROLL_DA_CODEC_V8_ZSTD_EXECUTABLE,,,,74148000000000,,,
PROJECTION,SYNTHETIC_OFFLINE_INPUT_NOT_LIVE,scroll-mainnet,repeated,90,l1-1gwei-blob-100wei,1000000000,100,20000000,1000000,1000000,400,1000000000,1000000000,1000000000,NOT_EVALUATED_MISSING_PINNED_SCROLL_DA_CODEC_V8_ZSTD_EXECUTABLE,,,,74148000000000,,,
PROJECTION,SYNTHETIC_OFFLINE_INPUT_NOT_LIVE,scroll-mainnet,repeated,90,l1-10gwei-blob-1wei,10000000000,1,20000000,1000000,1000000,400,1000000000,1000000000,1000000000,NOT_EVALUATED_MISSING_PINNED_SCROLL_DA_CODEC_V8_ZSTD_EXECUTABLE,,,,74148000000000,,,
PROJECTION,SYNTHETIC_OFFLINE_INPUT_NOT_LIVE,scroll-mainnet,repeated,90,l1-10gwei-blob-10wei,10000000000,10,20000000,1000000,1000000,400,1000000000,1000000000,1000000000,NOT_EVALUATED_MISSING_PINNED_SCROLL_DA_CODEC_V8_ZSTD_EXECUTABLE,,,,74148000000000,,,
PROJECTION,SYNTHETIC_OFFLINE_INPUT_NOT_LIVE,scroll-mainnet,repeated,90,l1-10gwei-blob-100wei,10000000000,100,20000000,1000000,1000000,400,1000000000,1000000000,1000000000,NOT_EVALUATED_MISSING_PINNED_SCROLL_DA_CODEC_V8_ZSTD_EXECUTABLE,,,,74148000000000,,,
PROJECTION,SYNTHETIC_OFFLINE_INPUT_NOT_LIVE,scroll-mainnet,repeated,90,l1-30gwei-blob-1wei,30000000000,1,20000000,1000000,1000000,400,1000000000,1000000000,1000000000,NOT_EVALUATED_MISSING_PINNED_SCROLL_DA_CODEC_V8_ZSTD_EXECUTABLE,,,,74148000000000,,,
PROJECTION,SYNTHETIC_OFFLINE_INPUT_NOT_LIVE,scroll-mainnet,repeated,90,l1-30gwei-blob-10wei,30000000000,10,20000000,1000000,1000000,400,1000000000,1000000000,1000000000,NOT_EVALUATED_MISSING_PINNED_SCROLL_DA_CODEC_V8_ZSTD_EXECUTABLE,,,,74148000000000,,,
PROJECTION,SYNTHETIC_OFFLINE_INPUT_NOT_LIVE,scroll-mainnet,repeated,90,l1-30gwei-blob-100wei,30000000000,100,20000000,1000000,1000000,400,1000000000,1000000000,1000000000,NOT_EVALUATED_MISSING_PINNED_SCROLL_DA_CODEC_V8_ZSTD_EXECUTABLE,,,,74148000000000,,,
PROJECTION,SYNTHETIC_OFFLINE_INPUT_NOT_LIVE,scroll-mainnet,repeated,90,l1-100gwei-blob-1wei,100000000000,1,20000000,1000000,1000000,400,1000000000,1000000000,1000000000,NOT_EVALUATED_MISSING_PINNED_SCROLL_DA_CODEC_V8_ZSTD_EXECUTABLE,,,,74148000000000,,,
PROJECTION,SYNTHETIC_OFFLINE_INPUT_NOT_LIVE,scroll-mainnet,repeated,90,l1-100gwei-blob-10wei,100000000000,10,20000000,1000000,1000000,400,1000000000,1000000000,1000000000,NOT_EVALUATED_MISSING_PINNED_SCROLL_DA_CODEC_V8_ZSTD_EXECUTABLE,,,,74148000000000,,,
PROJECTION,SYNTHETIC_OFFLINE_INPUT_NOT_LIVE,scroll-mainnet,repeated,90,l1-100gwei-blob-100wei,100000000000,100,20000000,1000000,1000000,400,1000000000,1000000000,1000000000,NOT_EVALUATED_MISSING_PINNED_SCROLL_DA_CODEC_V8_ZSTD_EXECUTABLE,,,,74148000000000,,,
PROJECTION,SYNTHETIC_OFFLINE_INPUT_NOT_LIVE,scroll-mainnet,repeated,110,l1-1gwei-blob-1wei,1000000000,1,20000000,1000000,1000000,400,1000000000,1000000000,1000000000,NOT_EVALUATED_MISSING_PINNED_SCROLL_DA_CODEC_V8_ZSTD_EXECUTABLE,,,,90532000000000,,,
PROJECTION,SYNTHETIC_OFFLINE_INPUT_NOT_LIVE,scroll-mainnet,repeated,110,l1-1gwei-blob-10wei,1000000000,10,20000000,1000000,1000000,400,1000000000,1000000000,1000000000,NOT_EVALUATED_MISSING_PINNED_SCROLL_DA_CODEC_V8_ZSTD_EXECUTABLE,,,,90532000000000,,,
PROJECTION,SYNTHETIC_OFFLINE_INPUT_NOT_LIVE,scroll-mainnet,repeated,110,l1-1gwei-blob-100wei,1000000000,100,20000000,1000000,1000000,400,1000000000,1000000000,1000000000,NOT_EVALUATED_MISSING_PINNED_SCROLL_DA_CODEC_V8_ZSTD_EXECUTABLE,,,,90532000000000,,,
PROJECTION,SYNTHETIC_OFFLINE_INPUT_NOT_LIVE,scroll-mainnet,repeated,110,l1-10gwei-blob-1wei,10000000000,1,20000000,1000000,1000000,400,1000000000,1000000000,1000000000,NOT_EVALUATED_MISSING_PINNED_SCROLL_DA_CODEC_V8_ZSTD_EXECUTABLE,,,,90532000000000,,,
PROJECTION,SYNTHETIC_OFFLINE_INPUT_NOT_LIVE,scroll-mainnet,repeated,110,l1-10gwei-blob-10wei,10000000000,10,20000000,1000000,1000000,400,1000000000,1000000000,1000000000,NOT_EVALUATED_MISSING_PINNED_SCROLL_DA_CODEC_V8_ZSTD_EXECUTABLE,,,,90532000000000,,,
PROJECTION,SYNTHETIC_OFFLINE_INPUT_NOT_LIVE,scroll-mainnet,repeated,110,l1-10gwei-blob-100wei,10000000000,100,20000000,1000000,1000000,400,1000000000,1000000000,1000000000,NOT_EVALUATED_MISSING_PINNED_SCROLL_DA_CODEC_V8_ZSTD_EXECUTABLE,,,,90532000000000,,,
PROJECTION,SYNTHETIC_OFFLINE_INPUT_NOT_LIVE,scroll-mainnet,repeated,110,l1-30gwei-blob-1wei,30000000000,1,20000000,1000000,1000000,400,1000000000,1000000000,1000000000,NOT_EVALUATED_MISSING_PINNED_SCROLL_DA_CODEC_V8_ZSTD_EXECUTABLE,,,,90532000000000,,,
PROJECTION,SYNTHETIC_OFFLINE_INPUT_NOT_LIVE,scroll-mainnet,repeated,110,l1-30gwei-blob-10wei,30000000000,10,20000000,1000000,1000000,400,1000000000,1000000000,1000000000,NOT_EVALUATED_MISSING_PINNED_SCROLL_DA_CODEC_V8_ZSTD_EXECUTABLE,,,,90532000000000,,,
PROJECTION,SYNTHETIC_OFFLINE_INPUT_NOT_LIVE,scroll-mainnet,repeated,110,l1-30gwei-blob-100wei,30000000000,100,20000000,1000000,1000000,400,1000000000,1000000000,1000000000,NOT_EVALUATED_MISSING_PINNED_SCROLL_DA_CODEC_V8_ZSTD_EXECUTABLE,,,,90532000000000,,,
PROJECTION,SYNTHETIC_OFFLINE_INPUT_NOT_LIVE,scroll-mainnet,repeated,110,l1-100gwei-blob-1wei,100000000000,1,20000000,1000000,1000000,400,1000000000,1000000000,1000000000,NOT_EVALUATED_MISSING_PINNED_SCROLL_DA_CODEC_V8_ZSTD_EXECUTABLE,,,,90532000000000,,,
PROJECTION,SYNTHETIC_OFFLINE_INPUT_NOT_LIVE,scroll-mainnet,repeated,110,l1-100gwei-blob-10wei,100000000000,10,20000000,1000000,1000000,400,1000000000,1000000000,1000000000,NOT_EVALUATED_MISSING_PINNED_SCROLL_DA_CODEC_V8_ZSTD_EXECUTABLE,,,,90532000000000,,,
PROJECTION,SYNTHETIC_OFFLINE_INPUT_NOT_LIVE,scroll-mainnet,repeated,110,l1-100gwei-blob-100wei,100000000000,100,20000000,1000000,1000000,400,1000000000,1000000000,1000000000,NOT_EVALUATED_MISSING_PINNED_SCROLL_DA_CODEC_V8_ZSTD_EXECUTABLE,,,,90532000000000,,,
PROJECTION,SYNTHETIC_OFFLINE_INPUT_NOT_LIVE,scroll-mainnet,repeated,116,l1-1gwei-blob-1wei,1000000000,1,20000000,1000000,1000000,400,1000000000,1000000000,1000000000,NOT_EVALUATED_MISSING_PINNED_SCROLL_DA_CODEC_V8_ZSTD_EXECUTABLE,,,,95447200000000,,,
PROJECTION,SYNTHETIC_OFFLINE_INPUT_NOT_LIVE,scroll-mainnet,repeated,116,l1-1gwei-blob-10wei,1000000000,10,20000000,1000000,1000000,400,1000000000,1000000000,1000000000,NOT_EVALUATED_MISSING_PINNED_SCROLL_DA_CODEC_V8_ZSTD_EXECUTABLE,,,,95447200000000,,,
PROJECTION,SYNTHETIC_OFFLINE_INPUT_NOT_LIVE,scroll-mainnet,repeated,116,l1-1gwei-blob-100wei,1000000000,100,20000000,1000000,1000000,400,1000000000,1000000000,1000000000,NOT_EVALUATED_MISSING_PINNED_SCROLL_DA_CODEC_V8_ZSTD_EXECUTABLE,,,,95447200000000,,,
PROJECTION,SYNTHETIC_OFFLINE_INPUT_NOT_LIVE,scroll-mainnet,repeated,116,l1-10gwei-blob-1wei,10000000000,1,20000000,1000000,1000000,400,1000000000,1000000000,1000000000,NOT_EVALUATED_MISSING_PINNED_SCROLL_DA_CODEC_V8_ZSTD_EXECUTABLE,,,,95447200000000,,,
PROJECTION,SYNTHETIC_OFFLINE_INPUT_NOT_LIVE,scroll-mainnet,repeated,116,l1-10gwei-blob-10wei,10000000000,10,20000000,1000000,1000000,400,1000000000,1000000000,1000000000,NOT_EVALUATED_MISSING_PINNED_SCROLL_DA_CODEC_V8_ZSTD_EXECUTABLE,,,,95447200000000,,,
PROJECTION,SYNTHETIC_OFFLINE_INPUT_NOT_LIVE,scroll-mainnet,repeated,116,l1-10gwei-blob-100wei,10000000000,100,20000000,1000000,1000000,400,1000000000,1000000000,1000000000,NOT_EVALUATED_MISSING_PINNED_SCROLL_DA_CODEC_V8_ZSTD_EXECUTABLE,,,,95447200000000,,,
PROJECTION,SYNTHETIC_OFFLINE_INPUT_NOT_LIVE,scroll-mainnet,repeated,116,l1-30gwei-blob-1wei,30000000000,1,20000000,1000000,1000000,400,1000000000,1000000000,1000000000,NOT_EVALUATED_MISSING_PINNED_SCROLL_DA_CODEC_V8_ZSTD_EXECUTABLE,,,,95447200000000,,,
PROJECTION,SYNTHETIC_OFFLINE_INPUT_NOT_LIVE,scroll-mainnet,repeated,116,l1-30gwei-blob-10wei,30000000000,10,20000000,1000000,1000000,400,1000000000,1000000000,1000000000,NOT_EVALUATED_MISSING_PINNED_SCROLL_DA_CODEC_V8_ZSTD_EXECUTABLE,,,,95447200000000,,,
PROJECTION,SYNTHETIC_OFFLINE_INPUT_NOT_LIVE,scroll-mainnet,repeated,116,l1-30gwei-blob-100wei,30000000000,100,20000000,1000000,1000000,400,1000000000,1000000000,1000000000,NOT_EVALUATED_MISSING_PINNED_SCROLL_DA_CODEC_V8_ZSTD_EXECUTABLE,,,,95447200000000,,,
PROJECTION,SYNTHETIC_OFFLINE_INPUT_NOT_LIVE,scroll-mainnet,repeated,116,l1-100gwei-blob-1wei,100000000000,1,20000000,1000000,1000000,400,1000000000,1000000000,1000000000,NOT_EVALUATED_MISSING_PINNED_SCROLL_DA_CODEC_V8_ZSTD_EXECUTABLE,,,,95447200000000,,,
PROJECTION,SYNTHETIC_OFFLINE_INPUT_NOT_LIVE,scroll-mainnet,repeated,116,l1-100gwei-blob-10wei,100000000000,10,20000000,1000000,1000000,400,1000000000,1000000000,1000000000,NOT_EVALUATED_MISSING_PINNED_SCROLL_DA_CODEC_V8_ZSTD_EXECUTABLE,,,,95447200000000,,,
PROJECTION,SYNTHETIC_OFFLINE_INPUT_NOT_LIVE,scroll-mainnet,repeated,116,l1-100gwei-blob-100wei,100000000000,100,20000000,1000000,1000000,400,1000000000,1000000000,1000000000,NOT_EVALUATED_MISSING_PINNED_SCROLL_DA_CODEC_V8_ZSTD_EXECUTABLE,,,,95447200000000,,,
PROJECTION,SYNTHETIC_OFFLINE_INPUT_NOT_LIVE,scroll-mainnet,repeated,120,l1-1gwei-blob-1wei,1000000000,1,20000000,1000000,1000000,400,1000000000,1000000000,1000000000,NOT_EVALUATED_MISSING_PINNED_SCROLL_DA_CODEC_V8_ZSTD_EXECUTABLE,,,,98724000000000,,,
PROJECTION,SYNTHETIC_OFFLINE_INPUT_NOT_LIVE,scroll-mainnet,repeated,120,l1-1gwei-blob-10wei,1000000000,10,20000000,1000000,1000000,400,1000000000,1000000000,1000000000,NOT_EVALUATED_MISSING_PINNED_SCROLL_DA_CODEC_V8_ZSTD_EXECUTABLE,,,,98724000000000,,,
PROJECTION,SYNTHETIC_OFFLINE_INPUT_NOT_LIVE,scroll-mainnet,repeated,120,l1-1gwei-blob-100wei,1000000000,100,20000000,1000000,1000000,400,1000000000,1000000000,1000000000,NOT_EVALUATED_MISSING_PINNED_SCROLL_DA_CODEC_V8_ZSTD_EXECUTABLE,,,,98724000000000,,,
PROJECTION,SYNTHETIC_OFFLINE_INPUT_NOT_LIVE,scroll-mainnet,repeated,120,l1-10gwei-blob-1wei,10000000000,1,20000000,1000000,1000000,400,1000000000,1000000000,1000000000,NOT_EVALUATED_MISSING_PINNED_SCROLL_DA_CODEC_V8_ZSTD_EXECUTABLE,,,,98724000000000,,,
PROJECTION,SYNTHETIC_OFFLINE_INPUT_NOT_LIVE,scroll-mainnet,repeated,120,l1-10gwei-blob-10wei,10000000000,10,20000000,1000000,1000000,400,1000000000,1000000000,1000000000,NOT_EVALUATED_MISSING_PINNED_SCROLL_DA_CODEC_V8_ZSTD_EXECUTABLE,,,,98724000000000,,,
PROJECTION,SYNTHETIC_OFFLINE_INPUT_NOT_LIVE,scroll-mainnet,repeated,120,l1-10gwei-blob-100wei,10000000000,100,20000000,1000000,1000000,400,1000000000,1000000000,1000000000,NOT_EVALUATED_MISSING_PINNED_SCROLL_DA_CODEC_V8_ZSTD_EXECUTABLE,,,,98724000000000,,,
PROJECTION,SYNTHETIC_OFFLINE_INPUT_NOT_LIVE,scroll-mainnet,repeated,120,l1-30gwei-blob-1wei,30000000000,1,20000000,1000000,1000000,400,1000000000,1000000000,1000000000,NOT_EVALUATED_MISSING_PINNED_SCROLL_DA_CODEC_V8_ZSTD_EXECUTABLE,,,,98724000000000,,,
PROJECTION,SYNTHETIC_OFFLINE_INPUT_NOT_LIVE,scroll-mainnet,repeated,120,l1-30gwei-blob-10wei,30000000000,10,20000000,1000000,1000000,400,1000000000,1000000000,1000000000,NOT_EVALUATED_MISSING_PINNED_SCROLL_DA_CODEC_V8_ZSTD_EXECUTABLE,,,,98724000000000,,,
PROJECTION,SYNTHETIC_OFFLINE_INPUT_NOT_LIVE,scroll-mainnet,repeated,120,l1-30gwei-blob-100wei,30000000000,100,20000000,1000000,1000000,400,1000000000,1000000000,1000000000,NOT_EVALUATED_MISSING_PINNED_SCROLL_DA_CODEC_V8_ZSTD_EXECUTABLE,,,,98724000000000,,,
PROJECTION,SYNTHETIC_OFFLINE_INPUT_NOT_LIVE,scroll-mainnet,repeated,120,l1-100gwei-blob-1wei,100000000000,1,20000000,1000000,1000000,400,1000000000,1000000000,1000000000,NOT_EVALUATED_MISSING_PINNED_SCROLL_DA_CODEC_V8_ZSTD_EXECUTABLE,,,,98724000000000,,,
PROJECTION,SYNTHETIC_OFFLINE_INPUT_NOT_LIVE,scroll-mainnet,repeated,120,l1-100gwei-blob-10wei,100000000000,10,20000000,1000000,1000000,400,1000000000,1000000000,1000000000,NOT_EVALUATED_MISSING_PINNED_SCROLL_DA_CODEC_V8_ZSTD_EXECUTABLE,,,,98724000000000,,,
PROJECTION,SYNTHETIC_OFFLINE_INPUT_NOT_LIVE,scroll-mainnet,repeated,120,l1-100gwei-blob-100wei,100000000000,100,20000000,1000000,1000000,400,1000000000,1000000000,1000000000,NOT_EVALUATED_MISSING_PINNED_SCROLL_DA_CODEC_V8_ZSTD_EXECUTABLE,,,,98724000000000,,,
PROJECTION,SYNTHETIC_OFFLINE_INPUT_NOT_LIVE,scroll-mainnet,repeated,128,l1-1gwei-blob-1wei,1000000000,1,20000000,1000000,1000000,400,1000000000,1000000000,1000000000,NOT_EVALUATED_MISSING_PINNED_SCROLL_DA_CODEC_V8_ZSTD_EXECUTABLE,,,,105277600000000,,,
PROJECTION,SYNTHETIC_OFFLINE_INPUT_NOT_LIVE,scroll-mainnet,repeated,128,l1-1gwei-blob-10wei,1000000000,10,20000000,1000000,1000000,400,1000000000,1000000000,1000000000,NOT_EVALUATED_MISSING_PINNED_SCROLL_DA_CODEC_V8_ZSTD_EXECUTABLE,,,,105277600000000,,,
PROJECTION,SYNTHETIC_OFFLINE_INPUT_NOT_LIVE,scroll-mainnet,repeated,128,l1-1gwei-blob-100wei,1000000000,100,20000000,1000000,1000000,400,1000000000,1000000000,1000000000,NOT_EVALUATED_MISSING_PINNED_SCROLL_DA_CODEC_V8_ZSTD_EXECUTABLE,,,,105277600000000,,,
PROJECTION,SYNTHETIC_OFFLINE_INPUT_NOT_LIVE,scroll-mainnet,repeated,128,l1-10gwei-blob-1wei,10000000000,1,20000000,1000000,1000000,400,1000000000,1000000000,1000000000,NOT_EVALUATED_MISSING_PINNED_SCROLL_DA_CODEC_V8_ZSTD_EXECUTABLE,,,,105277600000000,,,
PROJECTION,SYNTHETIC_OFFLINE_INPUT_NOT_LIVE,scroll-mainnet,repeated,128,l1-10gwei-blob-10wei,10000000000,10,20000000,1000000,1000000,400,1000000000,1000000000,1000000000,NOT_EVALUATED_MISSING_PINNED_SCROLL_DA_CODEC_V8_ZSTD_EXECUTABLE,,,,105277600000000,,,
PROJECTION,SYNTHETIC_OFFLINE_INPUT_NOT_LIVE,scroll-mainnet,repeated,128,l1-10gwei-blob-100wei,10000000000,100,20000000,1000000,1000000,400,1000000000,1000000000,1000000000,NOT_EVALUATED_MISSING_PINNED_SCROLL_DA_CODEC_V8_ZSTD_EXECUTABLE,,,,105277600000000,,,
PROJECTION,SYNTHETIC_OFFLINE_INPUT_NOT_LIVE,scroll-mainnet,repeated,128,l1-30gwei-blob-1wei,30000000000,1,20000000,1000000,1000000,400,1000000000,1000000000,1000000000,NOT_EVALUATED_MISSING_PINNED_SCROLL_DA_CODEC_V8_ZSTD_EXECUTABLE,,,,105277600000000,,,
PROJECTION,SYNTHETIC_OFFLINE_INPUT_NOT_LIVE,scroll-mainnet,repeated,128,l1-30gwei-blob-10wei,30000000000,10,20000000,1000000,1000000,400,1000000000,1000000000,1000000000,NOT_EVALUATED_MISSING_PINNED_SCROLL_DA_CODEC_V8_ZSTD_EXECUTABLE,,,,105277600000000,,,
PROJECTION,SYNTHETIC_OFFLINE_INPUT_NOT_LIVE,scroll-mainnet,repeated,128,l1-30gwei-blob-100wei,30000000000,100,20000000,1000000,1000000,400,1000000000,1000000000,1000000000,NOT_EVALUATED_MISSING_PINNED_SCROLL_DA_CODEC_V8_ZSTD_EXECUTABLE,,,,105277600000000,,,
PROJECTION,SYNTHETIC_OFFLINE_INPUT_NOT_LIVE,scroll-mainnet,repeated,128,l1-100gwei-blob-1wei,100000000000,1,20000000,1000000,1000000,400,1000000000,1000000000,1000000000,NOT_EVALUATED_MISSING_PINNED_SCROLL_DA_CODEC_V8_ZSTD_EXECUTABLE,,,,105277600000000,,,
PROJECTION,SYNTHETIC_OFFLINE_INPUT_NOT_LIVE,scroll-mainnet,repeated,128,l1-100gwei-blob-10wei,100000000000,10,20000000,1000000,1000000,400,1000000000,1000000000,1000000000,NOT_EVALUATED_MISSING_PINNED_SCROLL_DA_CODEC_V8_ZSTD_EXECUTABLE,,,,105277600000000,,,
PROJECTION,SYNTHETIC_OFFLINE_INPUT_NOT_LIVE,scroll-mainnet,repeated,128,l1-100gwei-blob-100wei,100000000000,100,20000000,1000000,1000000,400,1000000000,1000000000,1000000000,NOT_EVALUATED_MISSING_PINNED_SCROLL_DA_CODEC_V8_ZSTD_EXECUTABLE,,,,105277600000000,,,
PROJECTION,SYNTHETIC_OFFLINE_INPUT_NOT_LIVE,scroll-mainnet,repeated,160,l1-1gwei-blob-1wei,1000000000,1,20000000,1000000,1000000,400,1000000000,1000000000,1000000000,NOT_EVALUATED_MISSING_PINNED_SCROLL_DA_CODEC_V8_ZSTD_EXECUTABLE,,,,131492000000000,,,
PROJECTION,SYNTHETIC_OFFLINE_INPUT_NOT_LIVE,scroll-mainnet,repeated,160,l1-1gwei-blob-10wei,1000000000,10,20000000,1000000,1000000,400,1000000000,1000000000,1000000000,NOT_EVALUATED_MISSING_PINNED_SCROLL_DA_CODEC_V8_ZSTD_EXECUTABLE,,,,131492000000000,,,
PROJECTION,SYNTHETIC_OFFLINE_INPUT_NOT_LIVE,scroll-mainnet,repeated,160,l1-1gwei-blob-100wei,1000000000,100,20000000,1000000,1000000,400,1000000000,1000000000,1000000000,NOT_EVALUATED_MISSING_PINNED_SCROLL_DA_CODEC_V8_ZSTD_EXECUTABLE,,,,131492000000000,,,
PROJECTION,SYNTHETIC_OFFLINE_INPUT_NOT_LIVE,scroll-mainnet,repeated,160,l1-10gwei-blob-1wei,10000000000,1,20000000,1000000,1000000,400,1000000000,1000000000,1000000000,NOT_EVALUATED_MISSING_PINNED_SCROLL_DA_CODEC_V8_ZSTD_EXECUTABLE,,,,131492000000000,,,
PROJECTION,SYNTHETIC_OFFLINE_INPUT_NOT_LIVE,scroll-mainnet,repeated,160,l1-10gwei-blob-10wei,10000000000,10,20000000,1000000,1000000,400,1000000000,1000000000,1000000000,NOT_EVALUATED_MISSING_PINNED_SCROLL_DA_CODEC_V8_ZSTD_EXECUTABLE,,,,131492000000000,,,
PROJECTION,SYNTHETIC_OFFLINE_INPUT_NOT_LIVE,scroll-mainnet,repeated,160,l1-10gwei-blob-100wei,10000000000,100,20000000,1000000,1000000,400,1000000000,1000000000,1000000000,NOT_EVALUATED_MISSING_PINNED_SCROLL_DA_CODEC_V8_ZSTD_EXECUTABLE,,,,131492000000000,,,
PROJECTION,SYNTHETIC_OFFLINE_INPUT_NOT_LIVE,scroll-mainnet,repeated,160,l1-30gwei-blob-1wei,30000000000,1,20000000,1000000,1000000,400,1000000000,1000000000,1000000000,NOT_EVALUATED_MISSING_PINNED_SCROLL_DA_CODEC_V8_ZSTD_EXECUTABLE,,,,131492000000000,,,
PROJECTION,SYNTHETIC_OFFLINE_INPUT_NOT_LIVE,scroll-mainnet,repeated,160,l1-30gwei-blob-10wei,30000000000,10,20000000,1000000,1000000,400,1000000000,1000000000,1000000000,NOT_EVALUATED_MISSING_PINNED_SCROLL_DA_CODEC_V8_ZSTD_EXECUTABLE,,,,131492000000000,,,
PROJECTION,SYNTHETIC_OFFLINE_INPUT_NOT_LIVE,scroll-mainnet,repeated,160,l1-30gwei-blob-100wei,30000000000,100,20000000,1000000,1000000,400,1000000000,1000000000,1000000000,NOT_EVALUATED_MISSING_PINNED_SCROLL_DA_CODEC_V8_ZSTD_EXECUTABLE,,,,131492000000000,,,
PROJECTION,SYNTHETIC_OFFLINE_INPUT_NOT_LIVE,scroll-mainnet,repeated,160,l1-100gwei-blob-1wei,100000000000,1,20000000,1000000,1000000,400,1000000000,1000000000,1000000000,NOT_EVALUATED_MISSING_PINNED_SCROLL_DA_CODEC_V8_ZSTD_EXECUTABLE,,,,131492000000000,,,
PROJECTION,SYNTHETIC_OFFLINE_INPUT_NOT_LIVE,scroll-mainnet,repeated,160,l1-100gwei-blob-10wei,100000000000,10,20000000,1000000,1000000,400,1000000000,1000000000,1000000000,NOT_EVALUATED_MISSING_PINNED_SCROLL_DA_CODEC_V8_ZSTD_EXECUTABLE,,,,131492000000000,,,
PROJECTION,SYNTHETIC_OFFLINE_INPUT_NOT_LIVE,scroll-mainnet,repeated,160,l1-100gwei-blob-100wei,100000000000,100,20000000,1000000,1000000,400,1000000000,1000000000,1000000000,NOT_EVALUATED_MISSING_PINNED_SCROLL_DA_CODEC_V8_ZSTD_EXECUTABLE,,,,131492000000000,,,
PROJECTION,SYNTHETIC_OFFLINE_INPUT_NOT_LIVE,scroll-mainnet,repeated,210,l1-1gwei-blob-1wei,1000000000,1,20000000,1000000,1000000,400,1000000000,1000000000,1000000000,NOT_EVALUATED_MISSING_PINNED_SCROLL_DA_CODEC_V8_ZSTD_EXECUTABLE,,,,172452000000000,,,
PROJECTION,SYNTHETIC_OFFLINE_INPUT_NOT_LIVE,scroll-mainnet,repeated,210,l1-1gwei-blob-10wei,1000000000,10,20000000,1000000,1000000,400,1000000000,1000000000,1000000000,NOT_EVALUATED_MISSING_PINNED_SCROLL_DA_CODEC_V8_ZSTD_EXECUTABLE,,,,172452000000000,,,
PROJECTION,SYNTHETIC_OFFLINE_INPUT_NOT_LIVE,scroll-mainnet,repeated,210,l1-1gwei-blob-100wei,1000000000,100,20000000,1000000,1000000,400,1000000000,1000000000,1000000000,NOT_EVALUATED_MISSING_PINNED_SCROLL_DA_CODEC_V8_ZSTD_EXECUTABLE,,,,172452000000000,,,
PROJECTION,SYNTHETIC_OFFLINE_INPUT_NOT_LIVE,scroll-mainnet,repeated,210,l1-10gwei-blob-1wei,10000000000,1,20000000,1000000,1000000,400,1000000000,1000000000,1000000000,NOT_EVALUATED_MISSING_PINNED_SCROLL_DA_CODEC_V8_ZSTD_EXECUTABLE,,,,172452000000000,,,
PROJECTION,SYNTHETIC_OFFLINE_INPUT_NOT_LIVE,scroll-mainnet,repeated,210,l1-10gwei-blob-10wei,10000000000,10,20000000,1000000,1000000,400,1000000000,1000000000,1000000000,NOT_EVALUATED_MISSING_PINNED_SCROLL_DA_CODEC_V8_ZSTD_EXECUTABLE,,,,172452000000000,,,
PROJECTION,SYNTHETIC_OFFLINE_INPUT_NOT_LIVE,scroll-mainnet,repeated,210,l1-10gwei-blob-100wei,10000000000,100,20000000,1000000,1000000,400,1000000000,1000000000,1000000000,NOT_EVALUATED_MISSING_PINNED_SCROLL_DA_CODEC_V8_ZSTD_EXECUTABLE,,,,172452000000000,,,
PROJECTION,SYNTHETIC_OFFLINE_INPUT_NOT_LIVE,scroll-mainnet,repeated,210,l1-30gwei-blob-1wei,30000000000,1,20000000,1000000,1000000,400,1000000000,1000000000,1000000000,NOT_EVALUATED_MISSING_PINNED_SCROLL_DA_CODEC_V8_ZSTD_EXECUTABLE,,,,172452000000000,,,
PROJECTION,SYNTHETIC_OFFLINE_INPUT_NOT_LIVE,scroll-mainnet,repeated,210,l1-30gwei-blob-10wei,30000000000,10,20000000,1000000,1000000,400,1000000000,1000000000,1000000000,NOT_EVALUATED_MISSING_PINNED_SCROLL_DA_CODEC_V8_ZSTD_EXECUTABLE,,,,172452000000000,,,
PROJECTION,SYNTHETIC_OFFLINE_INPUT_NOT_LIVE,scroll-mainnet,repeated,210,l1-30gwei-blob-100wei,30000000000,100,20000000,1000000,1000000,400,1000000000,1000000000,1000000000,NOT_EVALUATED_MISSING_PINNED_SCROLL_DA_CODEC_V8_ZSTD_EXECUTABLE,,,,172452000000000,,,
PROJECTION,SYNTHETIC_OFFLINE_INPUT_NOT_LIVE,scroll-mainnet,repeated,210,l1-100gwei-blob-1wei,100000000000,1,20000000,1000000,1000000,400,1000000000,1000000000,1000000000,NOT_EVALUATED_MISSING_PINNED_SCROLL_DA_CODEC_V8_ZSTD_EXECUTABLE,,,,172452000000000,,,
PROJECTION,SYNTHETIC_OFFLINE_INPUT_NOT_LIVE,scroll-mainnet,repeated,210,l1-100gwei-blob-10wei,100000000000,10,20000000,1000000,1000000,400,1000000000,1000000000,1000000000,NOT_EVALUATED_MISSING_PINNED_SCROLL_DA_CODEC_V8_ZSTD_EXECUTABLE,,,,172452000000000,,,
PROJECTION,SYNTHETIC_OFFLINE_INPUT_NOT_LIVE,scroll-mainnet,repeated,210,l1-100gwei-blob-100wei,100000000000,100,20000000,1000000,1000000,400,1000000000,1000000000,1000000000,NOT_EVALUATED_MISSING_PINNED_SCROLL_DA_CODEC_V8_ZSTD_EXECUTABLE,,,,172452000000000,,,
